﻿Electoral District Number/Numéro de circonscription,Electoral District Name_English/Nom de circonscription_Anglais,Electoral District Name_French/Nom de circonscription_Français,Polling Station Number/Numéro du bureau de scrutin,Polling Station Name/Nom du bureau de scrutin,Void Poll Indicator/Indicateur de bureau supprimé,No Poll Held Indicator/Indicateur de bureau sans scrutin,Merge With/Fusionné avec,Rejected Ballots for Polling Station/Bulletins rejetés du bureau,Electors for Polling Station/Électeurs du bureau,Candidate’s Family Name/Nom de famille du candidat,Candidate’s Middle Name/Second prénom du candidat,Candidate’s First Name/Prénom du candidat,Political Affiliation Name_English/Appartenance politique_Anglais,Political Affiliation Name_French/Appartenance politique_Français,Incumbent Indicator/Indicateur_Candidat sortant,Elected Candidate Indicator/Indicateur du candidat élu,Candidate Poll Votes Count/Votes du candidat pour le bureau
13003,"Fredericton","Fredericton"," 1","Maugerville",N,N,"",1,277,"Ashfield","","Keith","Conservative","Conservateur",Y,N,54
13003,"Fredericton","Fredericton"," 1","Maugerville",N,N,"",1,277,"Babineau","","Mary Lou","Green Party","Parti Vert",N,N,27
13003,"Fredericton","Fredericton"," 1","Maugerville",N,N,"",1,277,"DeCourcey","","Matt","Liberal","Libéral",N,Y,61
13003,"Fredericton","Fredericton"," 1","Maugerville",N,N,"",1,277,"Scott-Levesque","","Sharon","NDP-New Democratic Party","NPD-Nouveau Parti démocratique",N,N,9
13003,"Fredericton","Fredericton"," 2","Burpees Corner",N,N,"",2,292,"Ashfield","","Keith","Conservative","Conservateur",Y,N,46
13003,"Fredericton","Fredericton"," 2","Burpees Corner",N,N,"",2,292,"Babineau","","Mary Lou","Green Party","Parti Vert",N,N,27
13003,"Fredericton","Fredericton"," 2","Burpees Corner",N,N,"",2,292,"DeCourcey","","Matt","Liberal","Libéral",N,Y,74
13003,"Fredericton","Fredericton"," 2","Burpees Corner",N,N,"",2,292,"Scott-Levesque","","Sharon","NDP-New Democratic Party","NPD-Nouveau Parti démocratique",N,N,18
13003,"Fredericton","Fredericton"," 3","Burpees Corner",N,N,"",0,259,"Ashfield","","Keith","Conservative","Conservateur",Y,N,43
13003,"Fredericton","Fredericton"," 3","Burpees Corner",N,N,"",0,259,"Babineau","","Mary Lou","Green Party","Parti Vert",N,N,22
13003,"Fredericton","Fredericton"," 3","Burpees Corner",N,N,"",0,259,"DeCourcey","","Matt","Liberal","Libéral",N,Y,73
13003,"Fredericton","Fredericton"," 3","Burpees Corner",N,N,"",0,259,"Scott-Levesque","","Sharon","NDP-New Democratic Party","NPD-Nouveau Parti démocratique",N,N,20
13003,"Fredericton","Fredericton"," 4","Sheffield",N,N,"",2,342,"Ashfield","","Keith","Conservative","Conservateur",Y,N,119
13003,"Fredericton","Fredericton"," 4","Sheffield",N,N,"",2,342,"Babineau","","Mary Lou","Green Party","Parti Vert",N,N,13
13003,"Fredericton","Fredericton"," 4","Sheffield",N,N,"",2,342,"DeCourcey","","Matt","Liberal","Libéral",N,Y,79
13003,"Fredericton","Fredericton"," 4","Sheffield",N,N,"",2,342,"Scott-Levesque","","Sharon","NDP-New Democratic Party","NPD-Nouveau Parti démocratique",N,N,19
13003,"Fredericton","Fredericton"," 5","Sheffield",N,N,"",0,288,"Ashfield","","Keith","Conservative","Conservateur",Y,N,77
13003,"Fredericton","Fredericton"," 5","Sheffield",N,N,"",0,288,"Babineau","","Mary Lou","Green Party","Parti Vert",N,N,14
13003,"Fredericton","Fredericton"," 5","Sheffield",N,N,"",0,288,"DeCourcey","","Matt","Liberal","Libéral",N,Y,85
13003,"Fredericton","Fredericton"," 5","Sheffield",N,N,"",0,288,"Scott-Levesque","","Sharon","NDP-New Democratic Party","NPD-Nouveau Parti démocratique",N,N,14
13003,"Fredericton","Fredericton"," 6","Douglas Harbour",N,N,"",1,410,"Ashfield","","Keith","Conservative","Conservateur",Y,N,103
13003,"Fredericton","Fredericton"," 6","Douglas Harbour",N,N,"",1,410,"Babineau","","Mary Lou","Green Party","Parti Vert",N,N,28
13003,"Fredericton","Fredericton"," 6","Douglas Harbour",N,N,"",1,410,"DeCourcey","","Matt","Liberal","Libéral",N,Y,153
13003,"Fredericton","Fredericton"," 6","Douglas Harbour",N,N,"",1,410,"Scott-Levesque","","Sharon","NDP-New Democratic Party","NPD-Nouveau Parti démocratique",N,N,17
13003,"Fredericton","Fredericton"," 7","Sheffield",N,N,"",1,384,"Ashfield","","Keith","Conservative","Conservateur",Y,N,73
13003,"Fredericton","Fredericton"," 7","Sheffield",N,N,"",1,384,"Babineau","","Mary Lou","Green Party","Parti Vert",N,N,35
13003,"Fredericton","Fredericton"," 7","Sheffield",N,N,"",1,384,"DeCourcey","","Matt","Liberal","Libéral",N,Y,113
13003,"Fredericton","Fredericton"," 7","Sheffield",N,N,"",1,384,"Scott-Levesque","","Sharon","NDP-New Democratic Party","NPD-Nouveau Parti démocratique",N,N,18
13003,"Fredericton","Fredericton"," 8","Maugerville",N,N,"",1,419,"Ashfield","","Keith","Conservative","Conservateur",Y,N,109
13003,"Fredericton","Fredericton"," 8","Maugerville",N,N,"",1,419,"Babineau","","Mary Lou","Green Party","Parti Vert",N,N,24
13003,"Fredericton","Fredericton"," 8","Maugerville",N,N,"",1,419,"DeCourcey","","Matt","Liberal","Libéral",N,Y,86
13003,"Fredericton","Fredericton"," 8","Maugerville",N,N,"",1,419,"Scott-Levesque","","Sharon","NDP-New Democratic Party","NPD-Nouveau Parti démocratique",N,N,20
13003,"Fredericton","Fredericton"," 9","St. Marys",N,N,"",3,478,"Ashfield","","Keith","Conservative","Conservateur",Y,N,85
13003,"Fredericton","Fredericton"," 9","St. Marys",N,N,"",3,478,"Babineau","","Mary Lou","Green Party","Parti Vert",N,N,25
13003,"Fredericton","Fredericton"," 9","St. Marys",N,N,"",3,478,"DeCourcey","","Matt","Liberal","Libéral",N,Y,132
13003,"Fredericton","Fredericton"," 9","St. Marys",N,N,"",3,478,"Scott-Levesque","","Sharon","NDP-New Democratic Party","NPD-Nouveau Parti démocratique",N,N,18
13003,"Fredericton","Fredericton"," 10","Fredericton",N,N,"",2,317,"Ashfield","","Keith","Conservative","Conservateur",Y,N,52
13003,"Fredericton","Fredericton"," 10","Fredericton",N,N,"",2,317,"Babineau","","Mary Lou","Green Party","Parti Vert",N,N,31
13003,"Fredericton","Fredericton"," 10","Fredericton",N,N,"",2,317,"DeCourcey","","Matt","Liberal","Libéral",N,Y,107
13003,"Fredericton","Fredericton"," 10","Fredericton",N,N,"",2,317,"Scott-Levesque","","Sharon","NDP-New Democratic Party","NPD-Nouveau Parti démocratique",N,N,17
13003,"Fredericton","Fredericton"," 11","Fredericton",N,N,"",3,305,"Ashfield","","Keith","Conservative","Conservateur",Y,N,55
13003,"Fredericton","Fredericton"," 11","Fredericton",N,N,"",3,305,"Babineau","","Mary Lou","Green Party","Parti Vert",N,N,21
13003,"Fredericton","Fredericton"," 11","Fredericton",N,N,"",3,305,"DeCourcey","","Matt","Liberal","Libéral",N,Y,76
13003,"Fredericton","Fredericton"," 11","Fredericton",N,N,"",3,305,"Scott-Levesque","","Sharon","NDP-New Democratic Party","NPD-Nouveau Parti démocratique",N,N,20
13003,"Fredericton","Fredericton"," 12","Fredericton",N,N,"",1,409,"Ashfield","","Keith","Conservative","Conservateur",Y,N,55
13003,"Fredericton","Fredericton"," 12","Fredericton",N,N,"",1,409,"Babineau","","Mary Lou","Green Party","Parti Vert",N,N,24
13003,"Fredericton","Fredericton"," 12","Fredericton",N,N,"",1,409,"DeCourcey","","Matt","Liberal","Libéral",N,Y,83
13003,"Fredericton","Fredericton"," 12","Fredericton",N,N,"",1,409,"Scott-Levesque","","Sharon","NDP-New Democratic Party","NPD-Nouveau Parti démocratique",N,N,20
13003,"Fredericton","Fredericton"," 13","Fredericton",N,N,"",0,449,"Ashfield","","Keith","Conservative","Conservateur",Y,N,79
13003,"Fredericton","Fredericton"," 13","Fredericton",N,N,"",0,449,"Babineau","","Mary Lou","Green Party","Parti Vert",N,N,42
13003,"Fredericton","Fredericton"," 13","Fredericton",N,N,"",0,449,"DeCourcey","","Matt","Liberal","Libéral",N,Y,91
13003,"Fredericton","Fredericton"," 13","Fredericton",N,N,"",0,449,"Scott-Levesque","","Sharon","NDP-New Democratic Party","NPD-Nouveau Parti démocratique",N,N,35
13003,"Fredericton","Fredericton"," 14","Fredericton",N,N,"",1,447,"Ashfield","","Keith","Conservative","Conservateur",Y,N,55
13003,"Fredericton","Fredericton"," 14","Fredericton",N,N,"",1,447,"Babineau","","Mary Lou","Green Party","Parti Vert",N,N,39
13003,"Fredericton","Fredericton"," 14","Fredericton",N,N,"",1,447,"DeCourcey","","Matt","Liberal","Libéral",N,Y,94
13003,"Fredericton","Fredericton"," 14","Fredericton",N,N,"",1,447,"Scott-Levesque","","Sharon","NDP-New Democratic Party","NPD-Nouveau Parti démocratique",N,N,21
13003,"Fredericton","Fredericton"," 15","Maugerville",N,N,"",1,434,"Ashfield","","Keith","Conservative","Conservateur",Y,N,88
13003,"Fredericton","Fredericton"," 15","Maugerville",N,N,"",1,434,"Babineau","","Mary Lou","Green Party","Parti Vert",N,N,37
13003,"Fredericton","Fredericton"," 15","Maugerville",N,N,"",1,434,"DeCourcey","","Matt","Liberal","Libéral",N,Y,113
13003,"Fredericton","Fredericton"," 15","Maugerville",N,N,"",1,434,"Scott-Levesque","","Sharon","NDP-New Democratic Party","NPD-Nouveau Parti démocratique",N,N,31
13003,"Fredericton","Fredericton"," 16","Fredericton",N,N,"",3,459,"Ashfield","","Keith","Conservative","Conservateur",Y,N,67
13003,"Fredericton","Fredericton"," 16","Fredericton",N,N,"",3,459,"Babineau","","Mary Lou","Green Party","Parti Vert",N,N,35
13003,"Fredericton","Fredericton"," 16","Fredericton",N,N,"",3,459,"DeCourcey","","Matt","Liberal","Libéral",N,Y,98
13003,"Fredericton","Fredericton"," 16","Fredericton",N,N,"",3,459,"Scott-Levesque","","Sharon","NDP-New Democratic Party","NPD-Nouveau Parti démocratique",N,N,34
13003,"Fredericton","Fredericton"," 17","Fredericton",N,N,"",0,401,"Ashfield","","Keith","Conservative","Conservateur",Y,N,66
13003,"Fredericton","Fredericton"," 17","Fredericton",N,N,"",0,401,"Babineau","","Mary Lou","Green Party","Parti Vert",N,N,22
13003,"Fredericton","Fredericton"," 17","Fredericton",N,N,"",0,401,"DeCourcey","","Matt","Liberal","Libéral",N,Y,99
13003,"Fredericton","Fredericton"," 17","Fredericton",N,N,"",0,401,"Scott-Levesque","","Sharon","NDP-New Democratic Party","NPD-Nouveau Parti démocratique",N,N,28
13003,"Fredericton","Fredericton"," 18","Fredericton",N,N,"",3,380,"Ashfield","","Keith","Conservative","Conservateur",Y,N,69
13003,"Fredericton","Fredericton"," 18","Fredericton",N,N,"",3,380,"Babineau","","Mary Lou","Green Party","Parti Vert",N,N,16
13003,"Fredericton","Fredericton"," 18","Fredericton",N,N,"",3,380,"DeCourcey","","Matt","Liberal","Libéral",N,Y,84
13003,"Fredericton","Fredericton"," 18","Fredericton",N,N,"",3,380,"Scott-Levesque","","Sharon","NDP-New Democratic Party","NPD-Nouveau Parti démocratique",N,N,29
13003,"Fredericton","Fredericton"," 19","Fredericton",N,N,"",0,418,"Ashfield","","Keith","Conservative","Conservateur",Y,N,101
13003,"Fredericton","Fredericton"," 19","Fredericton",N,N,"",0,418,"Babineau","","Mary Lou","Green Party","Parti Vert",N,N,31
13003,"Fredericton","Fredericton"," 19","Fredericton",N,N,"",0,418,"DeCourcey","","Matt","Liberal","Libéral",N,Y,95
13003,"Fredericton","Fredericton"," 19","Fredericton",N,N,"",0,418,"Scott-Levesque","","Sharon","NDP-New Democratic Party","NPD-Nouveau Parti démocratique",N,N,18
13003,"Fredericton","Fredericton"," 20","Fredericton",N,N,"",1,401,"Ashfield","","Keith","Conservative","Conservateur",Y,N,34
13003,"Fredericton","Fredericton"," 20","Fredericton",N,N,"",1,401,"Babineau","","Mary Lou","Green Party","Parti Vert",N,N,41
13003,"Fredericton","Fredericton"," 20","Fredericton",N,N,"",1,401,"DeCourcey","","Matt","Liberal","Libéral",N,Y,116
13003,"Fredericton","Fredericton"," 20","Fredericton",N,N,"",1,401,"Scott-Levesque","","Sharon","NDP-New Democratic Party","NPD-Nouveau Parti démocratique",N,N,27
13003,"Fredericton","Fredericton"," 21","Fredericton",N,N,"",0,470,"Ashfield","","Keith","Conservative","Conservateur",Y,N,81
13003,"Fredericton","Fredericton"," 21","Fredericton",N,N,"",0,470,"Babineau","","Mary Lou","Green Party","Parti Vert",N,N,41
13003,"Fredericton","Fredericton"," 21","Fredericton",N,N,"",0,470,"DeCourcey","","Matt","Liberal","Libéral",N,Y,138
13003,"Fredericton","Fredericton"," 21","Fredericton",N,N,"",0,470,"Scott-Levesque","","Sharon","NDP-New Democratic Party","NPD-Nouveau Parti démocratique",N,N,32
13003,"Fredericton","Fredericton"," 22","Fredericton",N,N,"",0,463,"Ashfield","","Keith","Conservative","Conservateur",Y,N,73
13003,"Fredericton","Fredericton"," 22","Fredericton",N,N,"",0,463,"Babineau","","Mary Lou","Green Party","Parti Vert",N,N,24
13003,"Fredericton","Fredericton"," 22","Fredericton",N,N,"",0,463,"DeCourcey","","Matt","Liberal","Libéral",N,Y,96
13003,"Fredericton","Fredericton"," 22","Fredericton",N,N,"",0,463,"Scott-Levesque","","Sharon","NDP-New Democratic Party","NPD-Nouveau Parti démocratique",N,N,25
13003,"Fredericton","Fredericton"," 23","Fredericton",N,N,"",0,435,"Ashfield","","Keith","Conservative","Conservateur",Y,N,67
13003,"Fredericton","Fredericton"," 23","Fredericton",N,N,"",0,435,"Babineau","","Mary Lou","Green Party","Parti Vert",N,N,31
13003,"Fredericton","Fredericton"," 23","Fredericton",N,N,"",0,435,"DeCourcey","","Matt","Liberal","Libéral",N,Y,111
13003,"Fredericton","Fredericton"," 23","Fredericton",N,N,"",0,435,"Scott-Levesque","","Sharon","NDP-New Democratic Party","NPD-Nouveau Parti démocratique",N,N,30
13003,"Fredericton","Fredericton"," 24","Fredericton",N,N,"",2,414,"Ashfield","","Keith","Conservative","Conservateur",Y,N,50
13003,"Fredericton","Fredericton"," 24","Fredericton",N,N,"",2,414,"Babineau","","Mary Lou","Green Party","Parti Vert",N,N,38
13003,"Fredericton","Fredericton"," 24","Fredericton",N,N,"",2,414,"DeCourcey","","Matt","Liberal","Libéral",N,Y,94
13003,"Fredericton","Fredericton"," 24","Fredericton",N,N,"",2,414,"Scott-Levesque","","Sharon","NDP-New Democratic Party","NPD-Nouveau Parti démocratique",N,N,18
13003,"Fredericton","Fredericton"," 25","Devon 30",N,N,"",0,453,"Ashfield","","Keith","Conservative","Conservateur",Y,N,16
13003,"Fredericton","Fredericton"," 25","Devon 30",N,N,"",0,453,"Babineau","","Mary Lou","Green Party","Parti Vert",N,N,25
13003,"Fredericton","Fredericton"," 25","Devon 30",N,N,"",0,453,"DeCourcey","","Matt","Liberal","Libéral",N,Y,119
13003,"Fredericton","Fredericton"," 25","Devon 30",N,N,"",0,453,"Scott-Levesque","","Sharon","NDP-New Democratic Party","NPD-Nouveau Parti démocratique",N,N,23
13003,"Fredericton","Fredericton"," 26","Fredericton",N,N,"",0,413,"Ashfield","","Keith","Conservative","Conservateur",Y,N,11
13003,"Fredericton","Fredericton"," 26","Fredericton",N,N,"",0,413,"Babineau","","Mary Lou","Green Party","Parti Vert",N,N,37
13003,"Fredericton","Fredericton"," 26","Fredericton",N,N,"",0,413,"DeCourcey","","Matt","Liberal","Libéral",N,Y,120
13003,"Fredericton","Fredericton"," 26","Fredericton",N,N,"",0,413,"Scott-Levesque","","Sharon","NDP-New Democratic Party","NPD-Nouveau Parti démocratique",N,N,15
13003,"Fredericton","Fredericton"," 27","Fredericton",N,N,"",0,379,"Ashfield","","Keith","Conservative","Conservateur",Y,N,44
13003,"Fredericton","Fredericton"," 27","Fredericton",N,N,"",0,379,"Babineau","","Mary Lou","Green Party","Parti Vert",N,N,38
13003,"Fredericton","Fredericton"," 27","Fredericton",N,N,"",0,379,"DeCourcey","","Matt","Liberal","Libéral",N,Y,85
13003,"Fredericton","Fredericton"," 27","Fredericton",N,N,"",0,379,"Scott-Levesque","","Sharon","NDP-New Democratic Party","NPD-Nouveau Parti démocratique",N,N,22
13003,"Fredericton","Fredericton"," 28","Fredericton",N,N,"",1,424,"Ashfield","","Keith","Conservative","Conservateur",Y,N,42
13003,"Fredericton","Fredericton"," 28","Fredericton",N,N,"",1,424,"Babineau","","Mary Lou","Green Party","Parti Vert",N,N,25
13003,"Fredericton","Fredericton"," 28","Fredericton",N,N,"",1,424,"DeCourcey","","Matt","Liberal","Libéral",N,Y,97
13003,"Fredericton","Fredericton"," 28","Fredericton",N,N,"",1,424,"Scott-Levesque","","Sharon","NDP-New Democratic Party","NPD-Nouveau Parti démocratique",N,N,23
13003,"Fredericton","Fredericton"," 29","Fredericton",N,N,"",1,405,"Ashfield","","Keith","Conservative","Conservateur",Y,N,63
13003,"Fredericton","Fredericton"," 29","Fredericton",N,N,"",1,405,"Babineau","","Mary Lou","Green Party","Parti Vert",N,N,24
13003,"Fredericton","Fredericton"," 29","Fredericton",N,N,"",1,405,"DeCourcey","","Matt","Liberal","Libéral",N,Y,113
13003,"Fredericton","Fredericton"," 29","Fredericton",N,N,"",1,405,"Scott-Levesque","","Sharon","NDP-New Democratic Party","NPD-Nouveau Parti démocratique",N,N,15
13003,"Fredericton","Fredericton"," 30","Fredericton",N,N,"",2,447,"Ashfield","","Keith","Conservative","Conservateur",Y,N,28
13003,"Fredericton","Fredericton"," 30","Fredericton",N,N,"",2,447,"Babineau","","Mary Lou","Green Party","Parti Vert",N,N,23
13003,"Fredericton","Fredericton"," 30","Fredericton",N,N,"",2,447,"DeCourcey","","Matt","Liberal","Libéral",N,Y,75
13003,"Fredericton","Fredericton"," 30","Fredericton",N,N,"",2,447,"Scott-Levesque","","Sharon","NDP-New Democratic Party","NPD-Nouveau Parti démocratique",N,N,19
13003,"Fredericton","Fredericton"," 31","Fredericton",N,N,"",0,390,"Ashfield","","Keith","Conservative","Conservateur",Y,N,58
13003,"Fredericton","Fredericton"," 31","Fredericton",N,N,"",0,390,"Babineau","","Mary Lou","Green Party","Parti Vert",N,N,25
13003,"Fredericton","Fredericton"," 31","Fredericton",N,N,"",0,390,"DeCourcey","","Matt","Liberal","Libéral",N,Y,102
13003,"Fredericton","Fredericton"," 31","Fredericton",N,N,"",0,390,"Scott-Levesque","","Sharon","NDP-New Democratic Party","NPD-Nouveau Parti démocratique",N,N,20
13003,"Fredericton","Fredericton"," 32","Fredericton",N,N,"",1,389,"Ashfield","","Keith","Conservative","Conservateur",Y,N,46
13003,"Fredericton","Fredericton"," 32","Fredericton",N,N,"",1,389,"Babineau","","Mary Lou","Green Party","Parti Vert",N,N,42
13003,"Fredericton","Fredericton"," 32","Fredericton",N,N,"",1,389,"DeCourcey","","Matt","Liberal","Libéral",N,Y,116
13003,"Fredericton","Fredericton"," 32","Fredericton",N,N,"",1,389,"Scott-Levesque","","Sharon","NDP-New Democratic Party","NPD-Nouveau Parti démocratique",N,N,28
13003,"Fredericton","Fredericton"," 33","Fredericton",N,N,"",0,405,"Ashfield","","Keith","Conservative","Conservateur",Y,N,43
13003,"Fredericton","Fredericton"," 33","Fredericton",N,N,"",0,405,"Babineau","","Mary Lou","Green Party","Parti Vert",N,N,27
13003,"Fredericton","Fredericton"," 33","Fredericton",N,N,"",0,405,"DeCourcey","","Matt","Liberal","Libéral",N,Y,100
13003,"Fredericton","Fredericton"," 33","Fredericton",N,N,"",0,405,"Scott-Levesque","","Sharon","NDP-New Democratic Party","NPD-Nouveau Parti démocratique",N,N,21
13003,"Fredericton","Fredericton"," 34","Fredericton",N,N,"",1,377,"Ashfield","","Keith","Conservative","Conservateur",Y,N,57
13003,"Fredericton","Fredericton"," 34","Fredericton",N,N,"",1,377,"Babineau","","Mary Lou","Green Party","Parti Vert",N,N,32
13003,"Fredericton","Fredericton"," 34","Fredericton",N,N,"",1,377,"DeCourcey","","Matt","Liberal","Libéral",N,Y,116
13003,"Fredericton","Fredericton"," 34","Fredericton",N,N,"",1,377,"Scott-Levesque","","Sharon","NDP-New Democratic Party","NPD-Nouveau Parti démocratique",N,N,10
13003,"Fredericton","Fredericton"," 35","Fredericton",N,N,"",0,387,"Ashfield","","Keith","Conservative","Conservateur",Y,N,61
13003,"Fredericton","Fredericton"," 35","Fredericton",N,N,"",0,387,"Babineau","","Mary Lou","Green Party","Parti Vert",N,N,29
13003,"Fredericton","Fredericton"," 35","Fredericton",N,N,"",0,387,"DeCourcey","","Matt","Liberal","Libéral",N,Y,93
13003,"Fredericton","Fredericton"," 35","Fredericton",N,N,"",0,387,"Scott-Levesque","","Sharon","NDP-New Democratic Party","NPD-Nouveau Parti démocratique",N,N,18
13003,"Fredericton","Fredericton"," 36","Fredericton",N,N,"",0,363,"Ashfield","","Keith","Conservative","Conservateur",Y,N,56
13003,"Fredericton","Fredericton"," 36","Fredericton",N,N,"",0,363,"Babineau","","Mary Lou","Green Party","Parti Vert",N,N,15
13003,"Fredericton","Fredericton"," 36","Fredericton",N,N,"",0,363,"DeCourcey","","Matt","Liberal","Libéral",N,Y,95
13003,"Fredericton","Fredericton"," 36","Fredericton",N,N,"",0,363,"Scott-Levesque","","Sharon","NDP-New Democratic Party","NPD-Nouveau Parti démocratique",N,N,13
13003,"Fredericton","Fredericton"," 37","Fredericton",N,N,"",0,393,"Ashfield","","Keith","Conservative","Conservateur",Y,N,55
13003,"Fredericton","Fredericton"," 37","Fredericton",N,N,"",0,393,"Babineau","","Mary Lou","Green Party","Parti Vert",N,N,26
13003,"Fredericton","Fredericton"," 37","Fredericton",N,N,"",0,393,"DeCourcey","","Matt","Liberal","Libéral",N,Y,115
13003,"Fredericton","Fredericton"," 37","Fredericton",N,N,"",0,393,"Scott-Levesque","","Sharon","NDP-New Democratic Party","NPD-Nouveau Parti démocratique",N,N,16
13003,"Fredericton","Fredericton"," 38","Fredericton",N,N,"",0,401,"Ashfield","","Keith","Conservative","Conservateur",Y,N,46
13003,"Fredericton","Fredericton"," 38","Fredericton",N,N,"",0,401,"Babineau","","Mary Lou","Green Party","Parti Vert",N,N,29
13003,"Fredericton","Fredericton"," 38","Fredericton",N,N,"",0,401,"DeCourcey","","Matt","Liberal","Libéral",N,Y,99
13003,"Fredericton","Fredericton"," 38","Fredericton",N,N,"",0,401,"Scott-Levesque","","Sharon","NDP-New Democratic Party","NPD-Nouveau Parti démocratique",N,N,30
13003,"Fredericton","Fredericton"," 39","Fredericton",N,N,"",1,352,"Ashfield","","Keith","Conservative","Conservateur",Y,N,63
13003,"Fredericton","Fredericton"," 39","Fredericton",N,N,"",1,352,"Babineau","","Mary Lou","Green Party","Parti Vert",N,N,15
13003,"Fredericton","Fredericton"," 39","Fredericton",N,N,"",1,352,"DeCourcey","","Matt","Liberal","Libéral",N,Y,108
13003,"Fredericton","Fredericton"," 39","Fredericton",N,N,"",1,352,"Scott-Levesque","","Sharon","NDP-New Democratic Party","NPD-Nouveau Parti démocratique",N,N,15
13003,"Fredericton","Fredericton"," 40","Fredericton",N,N,"",0,438,"Ashfield","","Keith","Conservative","Conservateur",Y,N,70
13003,"Fredericton","Fredericton"," 40","Fredericton",N,N,"",0,438,"Babineau","","Mary Lou","Green Party","Parti Vert",N,N,36
13003,"Fredericton","Fredericton"," 40","Fredericton",N,N,"",0,438,"DeCourcey","","Matt","Liberal","Libéral",N,Y,116
13003,"Fredericton","Fredericton"," 40","Fredericton",N,N,"",0,438,"Scott-Levesque","","Sharon","NDP-New Democratic Party","NPD-Nouveau Parti démocratique",N,N,20
13003,"Fredericton","Fredericton"," 41","Fredericton",N,N,"",1,427,"Ashfield","","Keith","Conservative","Conservateur",Y,N,40
13003,"Fredericton","Fredericton"," 41","Fredericton",N,N,"",1,427,"Babineau","","Mary Lou","Green Party","Parti Vert",N,N,27
13003,"Fredericton","Fredericton"," 41","Fredericton",N,N,"",1,427,"DeCourcey","","Matt","Liberal","Libéral",N,Y,93
13003,"Fredericton","Fredericton"," 41","Fredericton",N,N,"",1,427,"Scott-Levesque","","Sharon","NDP-New Democratic Party","NPD-Nouveau Parti démocratique",N,N,25
13003,"Fredericton","Fredericton"," 42","Fredericton",N,N,"",2,441,"Ashfield","","Keith","Conservative","Conservateur",Y,N,71
13003,"Fredericton","Fredericton"," 42","Fredericton",N,N,"",2,441,"Babineau","","Mary Lou","Green Party","Parti Vert",N,N,19
13003,"Fredericton","Fredericton"," 42","Fredericton",N,N,"",2,441,"DeCourcey","","Matt","Liberal","Libéral",N,Y,53
13003,"Fredericton","Fredericton"," 42","Fredericton",N,N,"",2,441,"Scott-Levesque","","Sharon","NDP-New Democratic Party","NPD-Nouveau Parti démocratique",N,N,11
13003,"Fredericton","Fredericton"," 43","Fredericton",N,N,"",0,557,"Ashfield","","Keith","Conservative","Conservateur",Y,N,59
13003,"Fredericton","Fredericton"," 43","Fredericton",N,N,"",0,557,"Babineau","","Mary Lou","Green Party","Parti Vert",N,N,29
13003,"Fredericton","Fredericton"," 43","Fredericton",N,N,"",0,557,"DeCourcey","","Matt","Liberal","Libéral",N,Y,139
13003,"Fredericton","Fredericton"," 43","Fredericton",N,N,"",0,557,"Scott-Levesque","","Sharon","NDP-New Democratic Party","NPD-Nouveau Parti démocratique",N,N,16
13003,"Fredericton","Fredericton"," 44","Fredericton",N,N,"",0,425,"Ashfield","","Keith","Conservative","Conservateur",Y,N,37
13003,"Fredericton","Fredericton"," 44","Fredericton",N,N,"",0,425,"Babineau","","Mary Lou","Green Party","Parti Vert",N,N,28
13003,"Fredericton","Fredericton"," 44","Fredericton",N,N,"",0,425,"DeCourcey","","Matt","Liberal","Libéral",N,Y,104
13003,"Fredericton","Fredericton"," 44","Fredericton",N,N,"",0,425,"Scott-Levesque","","Sharon","NDP-New Democratic Party","NPD-Nouveau Parti démocratique",N,N,23
13003,"Fredericton","Fredericton"," 45","Fredericton",N,N,"",2,297,"Ashfield","","Keith","Conservative","Conservateur",Y,N,41
13003,"Fredericton","Fredericton"," 45","Fredericton",N,N,"",2,297,"Babineau","","Mary Lou","Green Party","Parti Vert",N,N,17
13003,"Fredericton","Fredericton"," 45","Fredericton",N,N,"",2,297,"DeCourcey","","Matt","Liberal","Libéral",N,Y,82
13003,"Fredericton","Fredericton"," 45","Fredericton",N,N,"",2,297,"Scott-Levesque","","Sharon","NDP-New Democratic Party","NPD-Nouveau Parti démocratique",N,N,15
13003,"Fredericton","Fredericton"," 46","Fredericton",N,N,"",0,405,"Ashfield","","Keith","Conservative","Conservateur",Y,N,64
13003,"Fredericton","Fredericton"," 46","Fredericton",N,N,"",0,405,"Babineau","","Mary Lou","Green Party","Parti Vert",N,N,23
13003,"Fredericton","Fredericton"," 46","Fredericton",N,N,"",0,405,"DeCourcey","","Matt","Liberal","Libéral",N,Y,100
13003,"Fredericton","Fredericton"," 46","Fredericton",N,N,"",0,405,"Scott-Levesque","","Sharon","NDP-New Democratic Party","NPD-Nouveau Parti démocratique",N,N,30
13003,"Fredericton","Fredericton"," 47","Fredericton",N,N,"",0,441,"Ashfield","","Keith","Conservative","Conservateur",Y,N,49
13003,"Fredericton","Fredericton"," 47","Fredericton",N,N,"",0,441,"Babineau","","Mary Lou","Green Party","Parti Vert",N,N,30
13003,"Fredericton","Fredericton"," 47","Fredericton",N,N,"",0,441,"DeCourcey","","Matt","Liberal","Libéral",N,Y,127
13003,"Fredericton","Fredericton"," 47","Fredericton",N,N,"",0,441,"Scott-Levesque","","Sharon","NDP-New Democratic Party","NPD-Nouveau Parti démocratique",N,N,20
13003,"Fredericton","Fredericton"," 48","Fredericton",N,N,"",1,498,"Ashfield","","Keith","Conservative","Conservateur",Y,N,81
13003,"Fredericton","Fredericton"," 48","Fredericton",N,N,"",1,498,"Babineau","","Mary Lou","Green Party","Parti Vert",N,N,20
13003,"Fredericton","Fredericton"," 48","Fredericton",N,N,"",1,498,"DeCourcey","","Matt","Liberal","Libéral",N,Y,112
13003,"Fredericton","Fredericton"," 48","Fredericton",N,N,"",1,498,"Scott-Levesque","","Sharon","NDP-New Democratic Party","NPD-Nouveau Parti démocratique",N,N,15
13003,"Fredericton","Fredericton"," 49","Fredericton",N,N,"",0,413,"Ashfield","","Keith","Conservative","Conservateur",Y,N,65
13003,"Fredericton","Fredericton"," 49","Fredericton",N,N,"",0,413,"Babineau","","Mary Lou","Green Party","Parti Vert",N,N,21
13003,"Fredericton","Fredericton"," 49","Fredericton",N,N,"",0,413,"DeCourcey","","Matt","Liberal","Libéral",N,Y,84
13003,"Fredericton","Fredericton"," 49","Fredericton",N,N,"",0,413,"Scott-Levesque","","Sharon","NDP-New Democratic Party","NPD-Nouveau Parti démocratique",N,N,23
13003,"Fredericton","Fredericton"," 50A","Fredericton",N,N,"",1,443,"Ashfield","","Keith","Conservative","Conservateur",Y,N,84
13003,"Fredericton","Fredericton"," 50A","Fredericton",N,N,"",1,443,"Babineau","","Mary Lou","Green Party","Parti Vert",N,N,26
13003,"Fredericton","Fredericton"," 50A","Fredericton",N,N,"",1,443,"DeCourcey","","Matt","Liberal","Libéral",N,Y,128
13003,"Fredericton","Fredericton"," 50A","Fredericton",N,N,"",1,443,"Scott-Levesque","","Sharon","NDP-New Democratic Party","NPD-Nouveau Parti démocratique",N,N,30
13003,"Fredericton","Fredericton"," 50B","Mobile poll/Bureau itinérant",N,N,"502A",0,49,"Ashfield","","Keith","Conservative","Conservateur",Y,N,0
13003,"Fredericton","Fredericton"," 50B","Mobile poll/Bureau itinérant",N,N,"502A",0,49,"Babineau","","Mary Lou","Green Party","Parti Vert",N,N,0
13003,"Fredericton","Fredericton"," 50B","Mobile poll/Bureau itinérant",N,N,"502A",0,49,"DeCourcey","","Matt","Liberal","Libéral",N,Y,0
13003,"Fredericton","Fredericton"," 50B","Mobile poll/Bureau itinérant",N,N,"502A",0,49,"Scott-Levesque","","Sharon","NDP-New Democratic Party","NPD-Nouveau Parti démocratique",N,N,0
13003,"Fredericton","Fredericton"," 51","Fredericton",N,N,"",0,308,"Ashfield","","Keith","Conservative","Conservateur",Y,N,46
13003,"Fredericton","Fredericton"," 51","Fredericton",N,N,"",0,308,"Babineau","","Mary Lou","Green Party","Parti Vert",N,N,21
13003,"Fredericton","Fredericton"," 51","Fredericton",N,N,"",0,308,"DeCourcey","","Matt","Liberal","Libéral",N,Y,79
13003,"Fredericton","Fredericton"," 51","Fredericton",N,N,"",0,308,"Scott-Levesque","","Sharon","NDP-New Democratic Party","NPD-Nouveau Parti démocratique",N,N,16
13003,"Fredericton","Fredericton"," 52","Fredericton",N,N,"",0,330,"Ashfield","","Keith","Conservative","Conservateur",Y,N,50
13003,"Fredericton","Fredericton"," 52","Fredericton",N,N,"",0,330,"Babineau","","Mary Lou","Green Party","Parti Vert",N,N,21
13003,"Fredericton","Fredericton"," 52","Fredericton",N,N,"",0,330,"DeCourcey","","Matt","Liberal","Libéral",N,Y,92
13003,"Fredericton","Fredericton"," 52","Fredericton",N,N,"",0,330,"Scott-Levesque","","Sharon","NDP-New Democratic Party","NPD-Nouveau Parti démocratique",N,N,11
13003,"Fredericton","Fredericton"," 53","Fredericton",N,N,"",0,419,"Ashfield","","Keith","Conservative","Conservateur",Y,N,80
13003,"Fredericton","Fredericton"," 53","Fredericton",N,N,"",0,419,"Babineau","","Mary Lou","Green Party","Parti Vert",N,N,43
13003,"Fredericton","Fredericton"," 53","Fredericton",N,N,"",0,419,"DeCourcey","","Matt","Liberal","Libéral",N,Y,112
13003,"Fredericton","Fredericton"," 53","Fredericton",N,N,"",0,419,"Scott-Levesque","","Sharon","NDP-New Democratic Party","NPD-Nouveau Parti démocratique",N,N,17
13003,"Fredericton","Fredericton"," 54","Fredericton",N,N,"",0,426,"Ashfield","","Keith","Conservative","Conservateur",Y,N,60
13003,"Fredericton","Fredericton"," 54","Fredericton",N,N,"",0,426,"Babineau","","Mary Lou","Green Party","Parti Vert",N,N,26
13003,"Fredericton","Fredericton"," 54","Fredericton",N,N,"",0,426,"DeCourcey","","Matt","Liberal","Libéral",N,Y,116
13003,"Fredericton","Fredericton"," 54","Fredericton",N,N,"",0,426,"Scott-Levesque","","Sharon","NDP-New Democratic Party","NPD-Nouveau Parti démocratique",N,N,24
13003,"Fredericton","Fredericton"," 55","Fredericton",N,N,"",1,439,"Ashfield","","Keith","Conservative","Conservateur",Y,N,60
13003,"Fredericton","Fredericton"," 55","Fredericton",N,N,"",1,439,"Babineau","","Mary Lou","Green Party","Parti Vert",N,N,21
13003,"Fredericton","Fredericton"," 55","Fredericton",N,N,"",1,439,"DeCourcey","","Matt","Liberal","Libéral",N,Y,107
13003,"Fredericton","Fredericton"," 55","Fredericton",N,N,"",1,439,"Scott-Levesque","","Sharon","NDP-New Democratic Party","NPD-Nouveau Parti démocratique",N,N,19
13003,"Fredericton","Fredericton"," 56","Fredericton",N,N,"",1,422,"Ashfield","","Keith","Conservative","Conservateur",Y,N,74
13003,"Fredericton","Fredericton"," 56","Fredericton",N,N,"",1,422,"Babineau","","Mary Lou","Green Party","Parti Vert",N,N,21
13003,"Fredericton","Fredericton"," 56","Fredericton",N,N,"",1,422,"DeCourcey","","Matt","Liberal","Libéral",N,Y,116
13003,"Fredericton","Fredericton"," 56","Fredericton",N,N,"",1,422,"Scott-Levesque","","Sharon","NDP-New Democratic Party","NPD-Nouveau Parti démocratique",N,N,14
13003,"Fredericton","Fredericton"," 57","Fredericton",N,N,"",2,459,"Ashfield","","Keith","Conservative","Conservateur",Y,N,35
13003,"Fredericton","Fredericton"," 57","Fredericton",N,N,"",2,459,"Babineau","","Mary Lou","Green Party","Parti Vert",N,N,55
13003,"Fredericton","Fredericton"," 57","Fredericton",N,N,"",2,459,"DeCourcey","","Matt","Liberal","Libéral",N,Y,118
13003,"Fredericton","Fredericton"," 57","Fredericton",N,N,"",2,459,"Scott-Levesque","","Sharon","NDP-New Democratic Party","NPD-Nouveau Parti démocratique",N,N,25
13003,"Fredericton","Fredericton"," 58","Fredericton",N,N,"",0,454,"Ashfield","","Keith","Conservative","Conservateur",Y,N,31
13003,"Fredericton","Fredericton"," 58","Fredericton",N,N,"",0,454,"Babineau","","Mary Lou","Green Party","Parti Vert",N,N,54
13003,"Fredericton","Fredericton"," 58","Fredericton",N,N,"",0,454,"DeCourcey","","Matt","Liberal","Libéral",N,Y,127
13003,"Fredericton","Fredericton"," 58","Fredericton",N,N,"",0,454,"Scott-Levesque","","Sharon","NDP-New Democratic Party","NPD-Nouveau Parti démocratique",N,N,20
13003,"Fredericton","Fredericton"," 59","Fredericton",N,N,"",1,412,"Ashfield","","Keith","Conservative","Conservateur",Y,N,62
13003,"Fredericton","Fredericton"," 59","Fredericton",N,N,"",1,412,"Babineau","","Mary Lou","Green Party","Parti Vert",N,N,30
13003,"Fredericton","Fredericton"," 59","Fredericton",N,N,"",1,412,"DeCourcey","","Matt","Liberal","Libéral",N,Y,100
13003,"Fredericton","Fredericton"," 59","Fredericton",N,N,"",1,412,"Scott-Levesque","","Sharon","NDP-New Democratic Party","NPD-Nouveau Parti démocratique",N,N,19
13003,"Fredericton","Fredericton"," 60","Fredericton",N,N,"",1,415,"Ashfield","","Keith","Conservative","Conservateur",Y,N,29
13003,"Fredericton","Fredericton"," 60","Fredericton",N,N,"",1,415,"Babineau","","Mary Lou","Green Party","Parti Vert",N,N,48
13003,"Fredericton","Fredericton"," 60","Fredericton",N,N,"",1,415,"DeCourcey","","Matt","Liberal","Libéral",N,Y,100
13003,"Fredericton","Fredericton"," 60","Fredericton",N,N,"",1,415,"Scott-Levesque","","Sharon","NDP-New Democratic Party","NPD-Nouveau Parti démocratique",N,N,16
13003,"Fredericton","Fredericton"," 61","Fredericton",N,N,"",1,345,"Ashfield","","Keith","Conservative","Conservateur",Y,N,13
13003,"Fredericton","Fredericton"," 61","Fredericton",N,N,"",1,345,"Babineau","","Mary Lou","Green Party","Parti Vert",N,N,27
13003,"Fredericton","Fredericton"," 61","Fredericton",N,N,"",1,345,"DeCourcey","","Matt","Liberal","Libéral",N,Y,56
13003,"Fredericton","Fredericton"," 61","Fredericton",N,N,"",1,345,"Scott-Levesque","","Sharon","NDP-New Democratic Party","NPD-Nouveau Parti démocratique",N,N,15
13003,"Fredericton","Fredericton"," 62","Fredericton",N,N,"",2,517,"Ashfield","","Keith","Conservative","Conservateur",Y,N,34
13003,"Fredericton","Fredericton"," 62","Fredericton",N,N,"",2,517,"Babineau","","Mary Lou","Green Party","Parti Vert",N,N,32
13003,"Fredericton","Fredericton"," 62","Fredericton",N,N,"",2,517,"DeCourcey","","Matt","Liberal","Libéral",N,Y,136
13003,"Fredericton","Fredericton"," 62","Fredericton",N,N,"",2,517,"Scott-Levesque","","Sharon","NDP-New Democratic Party","NPD-Nouveau Parti démocratique",N,N,41
13003,"Fredericton","Fredericton"," 63","Fredericton",N,N,"",2,431,"Ashfield","","Keith","Conservative","Conservateur",Y,N,21
13003,"Fredericton","Fredericton"," 63","Fredericton",N,N,"",2,431,"Babineau","","Mary Lou","Green Party","Parti Vert",N,N,39
13003,"Fredericton","Fredericton"," 63","Fredericton",N,N,"",2,431,"DeCourcey","","Matt","Liberal","Libéral",N,Y,131
13003,"Fredericton","Fredericton"," 63","Fredericton",N,N,"",2,431,"Scott-Levesque","","Sharon","NDP-New Democratic Party","NPD-Nouveau Parti démocratique",N,N,24
13003,"Fredericton","Fredericton"," 64","Fredericton",N,N,"",1,487,"Ashfield","","Keith","Conservative","Conservateur",Y,N,27
13003,"Fredericton","Fredericton"," 64","Fredericton",N,N,"",1,487,"Babineau","","Mary Lou","Green Party","Parti Vert",N,N,37
13003,"Fredericton","Fredericton"," 64","Fredericton",N,N,"",1,487,"DeCourcey","","Matt","Liberal","Libéral",N,Y,141
13003,"Fredericton","Fredericton"," 64","Fredericton",N,N,"",1,487,"Scott-Levesque","","Sharon","NDP-New Democratic Party","NPD-Nouveau Parti démocratique",N,N,42
13003,"Fredericton","Fredericton"," 65","Fredericton",N,N,"",1,367,"Ashfield","","Keith","Conservative","Conservateur",Y,N,45
13003,"Fredericton","Fredericton"," 65","Fredericton",N,N,"",1,367,"Babineau","","Mary Lou","Green Party","Parti Vert",N,N,24
13003,"Fredericton","Fredericton"," 65","Fredericton",N,N,"",1,367,"DeCourcey","","Matt","Liberal","Libéral",N,Y,97
13003,"Fredericton","Fredericton"," 65","Fredericton",N,N,"",1,367,"Scott-Levesque","","Sharon","NDP-New Democratic Party","NPD-Nouveau Parti démocratique",N,N,13
13003,"Fredericton","Fredericton"," 66","Fredericton",N,N,"",0,399,"Ashfield","","Keith","Conservative","Conservateur",Y,N,13
13003,"Fredericton","Fredericton"," 66","Fredericton",N,N,"",0,399,"Babineau","","Mary Lou","Green Party","Parti Vert",N,N,46
13003,"Fredericton","Fredericton"," 66","Fredericton",N,N,"",0,399,"DeCourcey","","Matt","Liberal","Libéral",N,Y,92
13003,"Fredericton","Fredericton"," 66","Fredericton",N,N,"",0,399,"Scott-Levesque","","Sharon","NDP-New Democratic Party","NPD-Nouveau Parti démocratique",N,N,16
13003,"Fredericton","Fredericton"," 67","Fredericton",N,N,"",0,391,"Ashfield","","Keith","Conservative","Conservateur",Y,N,19
13003,"Fredericton","Fredericton"," 67","Fredericton",N,N,"",0,391,"Babineau","","Mary Lou","Green Party","Parti Vert",N,N,52
13003,"Fredericton","Fredericton"," 67","Fredericton",N,N,"",0,391,"DeCourcey","","Matt","Liberal","Libéral",N,Y,78
13003,"Fredericton","Fredericton"," 67","Fredericton",N,N,"",0,391,"Scott-Levesque","","Sharon","NDP-New Democratic Party","NPD-Nouveau Parti démocratique",N,N,22
13003,"Fredericton","Fredericton"," 68","Fredericton",N,N,"",1,450,"Ashfield","","Keith","Conservative","Conservateur",Y,N,21
13003,"Fredericton","Fredericton"," 68","Fredericton",N,N,"",1,450,"Babineau","","Mary Lou","Green Party","Parti Vert",N,N,42
13003,"Fredericton","Fredericton"," 68","Fredericton",N,N,"",1,450,"DeCourcey","","Matt","Liberal","Libéral",N,Y,92
13003,"Fredericton","Fredericton"," 68","Fredericton",N,N,"",1,450,"Scott-Levesque","","Sharon","NDP-New Democratic Party","NPD-Nouveau Parti démocratique",N,N,21
13003,"Fredericton","Fredericton"," 69","Fredericton",N,N,"",0,386,"Ashfield","","Keith","Conservative","Conservateur",Y,N,10
13003,"Fredericton","Fredericton"," 69","Fredericton",N,N,"",0,386,"Babineau","","Mary Lou","Green Party","Parti Vert",N,N,42
13003,"Fredericton","Fredericton"," 69","Fredericton",N,N,"",0,386,"DeCourcey","","Matt","Liberal","Libéral",N,Y,95
13003,"Fredericton","Fredericton"," 69","Fredericton",N,N,"",0,386,"Scott-Levesque","","Sharon","NDP-New Democratic Party","NPD-Nouveau Parti démocratique",N,N,17
13003,"Fredericton","Fredericton"," 70","Fredericton",N,N,"",0,431,"Ashfield","","Keith","Conservative","Conservateur",Y,N,22
13003,"Fredericton","Fredericton"," 70","Fredericton",N,N,"",0,431,"Babineau","","Mary Lou","Green Party","Parti Vert",N,N,64
13003,"Fredericton","Fredericton"," 70","Fredericton",N,N,"",0,431,"DeCourcey","","Matt","Liberal","Libéral",N,Y,122
13003,"Fredericton","Fredericton"," 70","Fredericton",N,N,"",0,431,"Scott-Levesque","","Sharon","NDP-New Democratic Party","NPD-Nouveau Parti démocratique",N,N,32
13003,"Fredericton","Fredericton"," 71","Fredericton",N,N,"",0,394,"Ashfield","","Keith","Conservative","Conservateur",Y,N,21
13003,"Fredericton","Fredericton"," 71","Fredericton",N,N,"",0,394,"Babineau","","Mary Lou","Green Party","Parti Vert",N,N,47
13003,"Fredericton","Fredericton"," 71","Fredericton",N,N,"",0,394,"DeCourcey","","Matt","Liberal","Libéral",N,Y,109
13003,"Fredericton","Fredericton"," 71","Fredericton",N,N,"",0,394,"Scott-Levesque","","Sharon","NDP-New Democratic Party","NPD-Nouveau Parti démocratique",N,N,18
13003,"Fredericton","Fredericton"," 72","Fredericton",N,N,"",2,411,"Ashfield","","Keith","Conservative","Conservateur",Y,N,48
13003,"Fredericton","Fredericton"," 72","Fredericton",N,N,"",2,411,"Babineau","","Mary Lou","Green Party","Parti Vert",N,N,40
13003,"Fredericton","Fredericton"," 72","Fredericton",N,N,"",2,411,"DeCourcey","","Matt","Liberal","Libéral",N,Y,138
13003,"Fredericton","Fredericton"," 72","Fredericton",N,N,"",2,411,"Scott-Levesque","","Sharon","NDP-New Democratic Party","NPD-Nouveau Parti démocratique",N,N,14
13003,"Fredericton","Fredericton"," 73","Fredericton",N,N,"",1,445,"Ashfield","","Keith","Conservative","Conservateur",Y,N,45
13003,"Fredericton","Fredericton"," 73","Fredericton",N,N,"",1,445,"Babineau","","Mary Lou","Green Party","Parti Vert",N,N,24
13003,"Fredericton","Fredericton"," 73","Fredericton",N,N,"",1,445,"DeCourcey","","Matt","Liberal","Libéral",N,Y,120
13003,"Fredericton","Fredericton"," 73","Fredericton",N,N,"",1,445,"Scott-Levesque","","Sharon","NDP-New Democratic Party","NPD-Nouveau Parti démocratique",N,N,14
13003,"Fredericton","Fredericton"," 74","Fredericton",N,N,"",1,437,"Ashfield","","Keith","Conservative","Conservateur",Y,N,29
13003,"Fredericton","Fredericton"," 74","Fredericton",N,N,"",1,437,"Babineau","","Mary Lou","Green Party","Parti Vert",N,N,50
13003,"Fredericton","Fredericton"," 74","Fredericton",N,N,"",1,437,"DeCourcey","","Matt","Liberal","Libéral",N,Y,108
13003,"Fredericton","Fredericton"," 74","Fredericton",N,N,"",1,437,"Scott-Levesque","","Sharon","NDP-New Democratic Party","NPD-Nouveau Parti démocratique",N,N,25
13003,"Fredericton","Fredericton"," 75","Fredericton",N,N,"",0,429,"Ashfield","","Keith","Conservative","Conservateur",Y,N,36
13003,"Fredericton","Fredericton"," 75","Fredericton",N,N,"",0,429,"Babineau","","Mary Lou","Green Party","Parti Vert",N,N,30
13003,"Fredericton","Fredericton"," 75","Fredericton",N,N,"",0,429,"DeCourcey","","Matt","Liberal","Libéral",N,Y,118
13003,"Fredericton","Fredericton"," 75","Fredericton",N,N,"",0,429,"Scott-Levesque","","Sharon","NDP-New Democratic Party","NPD-Nouveau Parti démocratique",N,N,21
13003,"Fredericton","Fredericton"," 76","Fredericton",N,N,"",0,517,"Ashfield","","Keith","Conservative","Conservateur",Y,N,24
13003,"Fredericton","Fredericton"," 76","Fredericton",N,N,"",0,517,"Babineau","","Mary Lou","Green Party","Parti Vert",N,N,38
13003,"Fredericton","Fredericton"," 76","Fredericton",N,N,"",0,517,"DeCourcey","","Matt","Liberal","Libéral",N,Y,117
13003,"Fredericton","Fredericton"," 76","Fredericton",N,N,"",0,517,"Scott-Levesque","","Sharon","NDP-New Democratic Party","NPD-Nouveau Parti démocratique",N,N,22
13003,"Fredericton","Fredericton"," 77","Fredericton",N,N,"",0,418,"Ashfield","","Keith","Conservative","Conservateur",Y,N,24
13003,"Fredericton","Fredericton"," 77","Fredericton",N,N,"",0,418,"Babineau","","Mary Lou","Green Party","Parti Vert",N,N,34
13003,"Fredericton","Fredericton"," 77","Fredericton",N,N,"",0,418,"DeCourcey","","Matt","Liberal","Libéral",N,Y,117
13003,"Fredericton","Fredericton"," 77","Fredericton",N,N,"",0,418,"Scott-Levesque","","Sharon","NDP-New Democratic Party","NPD-Nouveau Parti démocratique",N,N,11
13003,"Fredericton","Fredericton"," 78","Fredericton",N,N,"",0,418,"Ashfield","","Keith","Conservative","Conservateur",Y,N,34
13003,"Fredericton","Fredericton"," 78","Fredericton",N,N,"",0,418,"Babineau","","Mary Lou","Green Party","Parti Vert",N,N,47
13003,"Fredericton","Fredericton"," 78","Fredericton",N,N,"",0,418,"DeCourcey","","Matt","Liberal","Libéral",N,Y,114
13003,"Fredericton","Fredericton"," 78","Fredericton",N,N,"",0,418,"Scott-Levesque","","Sharon","NDP-New Democratic Party","NPD-Nouveau Parti démocratique",N,N,21
13003,"Fredericton","Fredericton"," 79","Fredericton",N,N,"",0,408,"Ashfield","","Keith","Conservative","Conservateur",Y,N,43
13003,"Fredericton","Fredericton"," 79","Fredericton",N,N,"",0,408,"Babineau","","Mary Lou","Green Party","Parti Vert",N,N,46
13003,"Fredericton","Fredericton"," 79","Fredericton",N,N,"",0,408,"DeCourcey","","Matt","Liberal","Libéral",N,Y,89
13003,"Fredericton","Fredericton"," 79","Fredericton",N,N,"",0,408,"Scott-Levesque","","Sharon","NDP-New Democratic Party","NPD-Nouveau Parti démocratique",N,N,5
13003,"Fredericton","Fredericton"," 80","Fredericton",N,N,"",0,423,"Ashfield","","Keith","Conservative","Conservateur",Y,N,61
13003,"Fredericton","Fredericton"," 80","Fredericton",N,N,"",0,423,"Babineau","","Mary Lou","Green Party","Parti Vert",N,N,42
13003,"Fredericton","Fredericton"," 80","Fredericton",N,N,"",0,423,"DeCourcey","","Matt","Liberal","Libéral",N,Y,126
13003,"Fredericton","Fredericton"," 80","Fredericton",N,N,"",0,423,"Scott-Levesque","","Sharon","NDP-New Democratic Party","NPD-Nouveau Parti démocratique",N,N,16
13003,"Fredericton","Fredericton"," 81","Fredericton",N,N,"",0,412,"Ashfield","","Keith","Conservative","Conservateur",Y,N,40
13003,"Fredericton","Fredericton"," 81","Fredericton",N,N,"",0,412,"Babineau","","Mary Lou","Green Party","Parti Vert",N,N,20
13003,"Fredericton","Fredericton"," 81","Fredericton",N,N,"",0,412,"DeCourcey","","Matt","Liberal","Libéral",N,Y,92
13003,"Fredericton","Fredericton"," 81","Fredericton",N,N,"",0,412,"Scott-Levesque","","Sharon","NDP-New Democratic Party","NPD-Nouveau Parti démocratique",N,N,21
13003,"Fredericton","Fredericton"," 82A","Fredericton",N,N,"",1,383,"Ashfield","","Keith","Conservative","Conservateur",Y,N,20
13003,"Fredericton","Fredericton"," 82A","Fredericton",N,N,"",1,383,"Babineau","","Mary Lou","Green Party","Parti Vert",N,N,36
13003,"Fredericton","Fredericton"," 82A","Fredericton",N,N,"",1,383,"DeCourcey","","Matt","Liberal","Libéral",N,Y,77
13003,"Fredericton","Fredericton"," 82A","Fredericton",N,N,"",1,383,"Scott-Levesque","","Sharon","NDP-New Democratic Party","NPD-Nouveau Parti démocratique",N,N,34
13003,"Fredericton","Fredericton"," 82B","Mobile poll/Bureau itinérant",N,N,"500A",0,48,"Ashfield","","Keith","Conservative","Conservateur",Y,N,0
13003,"Fredericton","Fredericton"," 82B","Mobile poll/Bureau itinérant",N,N,"500A",0,48,"Babineau","","Mary Lou","Green Party","Parti Vert",N,N,0
13003,"Fredericton","Fredericton"," 82B","Mobile poll/Bureau itinérant",N,N,"500A",0,48,"DeCourcey","","Matt","Liberal","Libéral",N,Y,0
13003,"Fredericton","Fredericton"," 82B","Mobile poll/Bureau itinérant",N,N,"500A",0,48,"Scott-Levesque","","Sharon","NDP-New Democratic Party","NPD-Nouveau Parti démocratique",N,N,0
13003,"Fredericton","Fredericton"," 83","Fredericton",N,N,"",1,364,"Ashfield","","Keith","Conservative","Conservateur",Y,N,26
13003,"Fredericton","Fredericton"," 83","Fredericton",N,N,"",1,364,"Babineau","","Mary Lou","Green Party","Parti Vert",N,N,19
13003,"Fredericton","Fredericton"," 83","Fredericton",N,N,"",1,364,"DeCourcey","","Matt","Liberal","Libéral",N,Y,80
13003,"Fredericton","Fredericton"," 83","Fredericton",N,N,"",1,364,"Scott-Levesque","","Sharon","NDP-New Democratic Party","NPD-Nouveau Parti démocratique",N,N,31
13003,"Fredericton","Fredericton"," 84A","Fredericton",N,N,"",1,405,"Ashfield","","Keith","Conservative","Conservateur",Y,N,41
13003,"Fredericton","Fredericton"," 84A","Fredericton",N,N,"",1,405,"Babineau","","Mary Lou","Green Party","Parti Vert",N,N,12
13003,"Fredericton","Fredericton"," 84A","Fredericton",N,N,"",1,405,"DeCourcey","","Matt","Liberal","Libéral",N,Y,77
13003,"Fredericton","Fredericton"," 84A","Fredericton",N,N,"",1,405,"Scott-Levesque","","Sharon","NDP-New Democratic Party","NPD-Nouveau Parti démocratique",N,N,10
13003,"Fredericton","Fredericton"," 84B","Mobile poll/Bureau itinérant",N,N,"501A",0,108,"Ashfield","","Keith","Conservative","Conservateur",Y,N,0
13003,"Fredericton","Fredericton"," 84B","Mobile poll/Bureau itinérant",N,N,"501A",0,108,"Babineau","","Mary Lou","Green Party","Parti Vert",N,N,0
13003,"Fredericton","Fredericton"," 84B","Mobile poll/Bureau itinérant",N,N,"501A",0,108,"DeCourcey","","Matt","Liberal","Libéral",N,Y,0
13003,"Fredericton","Fredericton"," 84B","Mobile poll/Bureau itinérant",N,N,"501A",0,108,"Scott-Levesque","","Sharon","NDP-New Democratic Party","NPD-Nouveau Parti démocratique",N,N,0
13003,"Fredericton","Fredericton"," 85","Fredericton",N,N,"",0,396,"Ashfield","","Keith","Conservative","Conservateur",Y,N,84
13003,"Fredericton","Fredericton"," 85","Fredericton",N,N,"",0,396,"Babineau","","Mary Lou","Green Party","Parti Vert",N,N,38
13003,"Fredericton","Fredericton"," 85","Fredericton",N,N,"",0,396,"DeCourcey","","Matt","Liberal","Libéral",N,Y,163
13003,"Fredericton","Fredericton"," 85","Fredericton",N,N,"",0,396,"Scott-Levesque","","Sharon","NDP-New Democratic Party","NPD-Nouveau Parti démocratique",N,N,22
13003,"Fredericton","Fredericton"," 86","Parc Greenwood Park",N,N,"",0,403,"Ashfield","","Keith","Conservative","Conservateur",Y,N,36
13003,"Fredericton","Fredericton"," 86","Parc Greenwood Park",N,N,"",0,403,"Babineau","","Mary Lou","Green Party","Parti Vert",N,N,24
13003,"Fredericton","Fredericton"," 86","Parc Greenwood Park",N,N,"",0,403,"DeCourcey","","Matt","Liberal","Libéral",N,Y,102
13003,"Fredericton","Fredericton"," 86","Parc Greenwood Park",N,N,"",0,403,"Scott-Levesque","","Sharon","NDP-New Democratic Party","NPD-Nouveau Parti démocratique",N,N,19
13003,"Fredericton","Fredericton"," 87","Fredericton",N,N,"",0,599,"Ashfield","","Keith","Conservative","Conservateur",Y,N,74
13003,"Fredericton","Fredericton"," 87","Fredericton",N,N,"",0,599,"Babineau","","Mary Lou","Green Party","Parti Vert",N,N,28
13003,"Fredericton","Fredericton"," 87","Fredericton",N,N,"",0,599,"DeCourcey","","Matt","Liberal","Libéral",N,Y,145
13003,"Fredericton","Fredericton"," 87","Fredericton",N,N,"",0,599,"Scott-Levesque","","Sharon","NDP-New Democratic Party","NPD-Nouveau Parti démocratique",N,N,38
13003,"Fredericton","Fredericton"," 88","Fredericton",N,N,"",1,381,"Ashfield","","Keith","Conservative","Conservateur",Y,N,44
13003,"Fredericton","Fredericton"," 88","Fredericton",N,N,"",1,381,"Babineau","","Mary Lou","Green Party","Parti Vert",N,N,11
13003,"Fredericton","Fredericton"," 88","Fredericton",N,N,"",1,381,"DeCourcey","","Matt","Liberal","Libéral",N,Y,83
13003,"Fredericton","Fredericton"," 88","Fredericton",N,N,"",1,381,"Scott-Levesque","","Sharon","NDP-New Democratic Party","NPD-Nouveau Parti démocratique",N,N,9
13003,"Fredericton","Fredericton"," 89","Fredericton",N,N,"",0,381,"Ashfield","","Keith","Conservative","Conservateur",Y,N,43
13003,"Fredericton","Fredericton"," 89","Fredericton",N,N,"",0,381,"Babineau","","Mary Lou","Green Party","Parti Vert",N,N,24
13003,"Fredericton","Fredericton"," 89","Fredericton",N,N,"",0,381,"DeCourcey","","Matt","Liberal","Libéral",N,Y,116
13003,"Fredericton","Fredericton"," 89","Fredericton",N,N,"",0,381,"Scott-Levesque","","Sharon","NDP-New Democratic Party","NPD-Nouveau Parti démocratique",N,N,19
13003,"Fredericton","Fredericton"," 90","Fredericton",N,N,"",1,364,"Ashfield","","Keith","Conservative","Conservateur",Y,N,40
13003,"Fredericton","Fredericton"," 90","Fredericton",N,N,"",1,364,"Babineau","","Mary Lou","Green Party","Parti Vert",N,N,28
13003,"Fredericton","Fredericton"," 90","Fredericton",N,N,"",1,364,"DeCourcey","","Matt","Liberal","Libéral",N,Y,89
13003,"Fredericton","Fredericton"," 90","Fredericton",N,N,"",1,364,"Scott-Levesque","","Sharon","NDP-New Democratic Party","NPD-Nouveau Parti démocratique",N,N,16
13003,"Fredericton","Fredericton"," 91","Fredericton",N,N,"",0,430,"Ashfield","","Keith","Conservative","Conservateur",Y,N,56
13003,"Fredericton","Fredericton"," 91","Fredericton",N,N,"",0,430,"Babineau","","Mary Lou","Green Party","Parti Vert",N,N,19
13003,"Fredericton","Fredericton"," 91","Fredericton",N,N,"",0,430,"DeCourcey","","Matt","Liberal","Libéral",N,Y,114
13003,"Fredericton","Fredericton"," 91","Fredericton",N,N,"",0,430,"Scott-Levesque","","Sharon","NDP-New Democratic Party","NPD-Nouveau Parti démocratique",N,N,21
13003,"Fredericton","Fredericton"," 92","Fredericton",N,N,"",3,430,"Ashfield","","Keith","Conservative","Conservateur",Y,N,74
13003,"Fredericton","Fredericton"," 92","Fredericton",N,N,"",3,430,"Babineau","","Mary Lou","Green Party","Parti Vert",N,N,30
13003,"Fredericton","Fredericton"," 92","Fredericton",N,N,"",3,430,"DeCourcey","","Matt","Liberal","Libéral",N,Y,90
13003,"Fredericton","Fredericton"," 92","Fredericton",N,N,"",3,430,"Scott-Levesque","","Sharon","NDP-New Democratic Party","NPD-Nouveau Parti démocratique",N,N,34
13003,"Fredericton","Fredericton"," 93","Fredericton",N,N,"",1,471,"Ashfield","","Keith","Conservative","Conservateur",Y,N,76
13003,"Fredericton","Fredericton"," 93","Fredericton",N,N,"",1,471,"Babineau","","Mary Lou","Green Party","Parti Vert",N,N,24
13003,"Fredericton","Fredericton"," 93","Fredericton",N,N,"",1,471,"DeCourcey","","Matt","Liberal","Libéral",N,Y,128
13003,"Fredericton","Fredericton"," 93","Fredericton",N,N,"",1,471,"Scott-Levesque","","Sharon","NDP-New Democratic Party","NPD-Nouveau Parti démocratique",N,N,27
13003,"Fredericton","Fredericton"," 94","Fredericton",N,N,"",0,458,"Ashfield","","Keith","Conservative","Conservateur",Y,N,86
13003,"Fredericton","Fredericton"," 94","Fredericton",N,N,"",0,458,"Babineau","","Mary Lou","Green Party","Parti Vert",N,N,27
13003,"Fredericton","Fredericton"," 94","Fredericton",N,N,"",0,458,"DeCourcey","","Matt","Liberal","Libéral",N,Y,136
13003,"Fredericton","Fredericton"," 94","Fredericton",N,N,"",0,458,"Scott-Levesque","","Sharon","NDP-New Democratic Party","NPD-Nouveau Parti démocratique",N,N,15
13003,"Fredericton","Fredericton"," 95","Fredericton",N,N,"",1,382,"Ashfield","","Keith","Conservative","Conservateur",Y,N,46
13003,"Fredericton","Fredericton"," 95","Fredericton",N,N,"",1,382,"Babineau","","Mary Lou","Green Party","Parti Vert",N,N,19
13003,"Fredericton","Fredericton"," 95","Fredericton",N,N,"",1,382,"DeCourcey","","Matt","Liberal","Libéral",N,Y,90
13003,"Fredericton","Fredericton"," 95","Fredericton",N,N,"",1,382,"Scott-Levesque","","Sharon","NDP-New Democratic Party","NPD-Nouveau Parti démocratique",N,N,13
13003,"Fredericton","Fredericton"," 96","Fredericton",N,N,"",0,334,"Ashfield","","Keith","Conservative","Conservateur",Y,N,38
13003,"Fredericton","Fredericton"," 96","Fredericton",N,N,"",0,334,"Babineau","","Mary Lou","Green Party","Parti Vert",N,N,27
13003,"Fredericton","Fredericton"," 96","Fredericton",N,N,"",0,334,"DeCourcey","","Matt","Liberal","Libéral",N,Y,78
13003,"Fredericton","Fredericton"," 96","Fredericton",N,N,"",0,334,"Scott-Levesque","","Sharon","NDP-New Democratic Party","NPD-Nouveau Parti démocratique",N,N,18
13003,"Fredericton","Fredericton"," 97","Fredericton",N,N,"",2,458,"Ashfield","","Keith","Conservative","Conservateur",Y,N,27
13003,"Fredericton","Fredericton"," 97","Fredericton",N,N,"",2,458,"Babineau","","Mary Lou","Green Party","Parti Vert",N,N,39
13003,"Fredericton","Fredericton"," 97","Fredericton",N,N,"",2,458,"DeCourcey","","Matt","Liberal","Libéral",N,Y,116
13003,"Fredericton","Fredericton"," 97","Fredericton",N,N,"",2,458,"Scott-Levesque","","Sharon","NDP-New Democratic Party","NPD-Nouveau Parti démocratique",N,N,22
13003,"Fredericton","Fredericton"," 98","Fredericton",N,N,"",0,449,"Ashfield","","Keith","Conservative","Conservateur",Y,N,62
13003,"Fredericton","Fredericton"," 98","Fredericton",N,N,"",0,449,"Babineau","","Mary Lou","Green Party","Parti Vert",N,N,45
13003,"Fredericton","Fredericton"," 98","Fredericton",N,N,"",0,449,"DeCourcey","","Matt","Liberal","Libéral",N,Y,108
13003,"Fredericton","Fredericton"," 98","Fredericton",N,N,"",0,449,"Scott-Levesque","","Sharon","NDP-New Democratic Party","NPD-Nouveau Parti démocratique",N,N,15
13003,"Fredericton","Fredericton"," 99","Fredericton",N,N,"",0,433,"Ashfield","","Keith","Conservative","Conservateur",Y,N,37
13003,"Fredericton","Fredericton"," 99","Fredericton",N,N,"",0,433,"Babineau","","Mary Lou","Green Party","Parti Vert",N,N,45
13003,"Fredericton","Fredericton"," 99","Fredericton",N,N,"",0,433,"DeCourcey","","Matt","Liberal","Libéral",N,Y,99
13003,"Fredericton","Fredericton"," 99","Fredericton",N,N,"",0,433,"Scott-Levesque","","Sharon","NDP-New Democratic Party","NPD-Nouveau Parti démocratique",N,N,14
13003,"Fredericton","Fredericton"," 100","Fredericton",N,N,"",1,376,"Ashfield","","Keith","Conservative","Conservateur",Y,N,40
13003,"Fredericton","Fredericton"," 100","Fredericton",N,N,"",1,376,"Babineau","","Mary Lou","Green Party","Parti Vert",N,N,28
13003,"Fredericton","Fredericton"," 100","Fredericton",N,N,"",1,376,"DeCourcey","","Matt","Liberal","Libéral",N,Y,97
13003,"Fredericton","Fredericton"," 100","Fredericton",N,N,"",1,376,"Scott-Levesque","","Sharon","NDP-New Democratic Party","NPD-Nouveau Parti démocratique",N,N,19
13003,"Fredericton","Fredericton"," 101","Fredericton",N,N,"",1,423,"Ashfield","","Keith","Conservative","Conservateur",Y,N,57
13003,"Fredericton","Fredericton"," 101","Fredericton",N,N,"",1,423,"Babineau","","Mary Lou","Green Party","Parti Vert",N,N,15
13003,"Fredericton","Fredericton"," 101","Fredericton",N,N,"",1,423,"DeCourcey","","Matt","Liberal","Libéral",N,Y,103
13003,"Fredericton","Fredericton"," 101","Fredericton",N,N,"",1,423,"Scott-Levesque","","Sharon","NDP-New Democratic Party","NPD-Nouveau Parti démocratique",N,N,27
13003,"Fredericton","Fredericton"," 102","Fredericton",N,N,"",2,410,"Ashfield","","Keith","Conservative","Conservateur",Y,N,32
13003,"Fredericton","Fredericton"," 102","Fredericton",N,N,"",2,410,"Babineau","","Mary Lou","Green Party","Parti Vert",N,N,24
13003,"Fredericton","Fredericton"," 102","Fredericton",N,N,"",2,410,"DeCourcey","","Matt","Liberal","Libéral",N,Y,92
13003,"Fredericton","Fredericton"," 102","Fredericton",N,N,"",2,410,"Scott-Levesque","","Sharon","NDP-New Democratic Party","NPD-Nouveau Parti démocratique",N,N,17
13003,"Fredericton","Fredericton"," 103","Fredericton",N,N,"",2,410,"Ashfield","","Keith","Conservative","Conservateur",Y,N,21
13003,"Fredericton","Fredericton"," 103","Fredericton",N,N,"",2,410,"Babineau","","Mary Lou","Green Party","Parti Vert",N,N,23
13003,"Fredericton","Fredericton"," 103","Fredericton",N,N,"",2,410,"DeCourcey","","Matt","Liberal","Libéral",N,Y,111
13003,"Fredericton","Fredericton"," 103","Fredericton",N,N,"",2,410,"Scott-Levesque","","Sharon","NDP-New Democratic Party","NPD-Nouveau Parti démocratique",N,N,28
13003,"Fredericton","Fredericton"," 104","Fredericton",N,N,"",0,481,"Ashfield","","Keith","Conservative","Conservateur",Y,N,47
13003,"Fredericton","Fredericton"," 104","Fredericton",N,N,"",0,481,"Babineau","","Mary Lou","Green Party","Parti Vert",N,N,24
13003,"Fredericton","Fredericton"," 104","Fredericton",N,N,"",0,481,"DeCourcey","","Matt","Liberal","Libéral",N,Y,100
13003,"Fredericton","Fredericton"," 104","Fredericton",N,N,"",0,481,"Scott-Levesque","","Sharon","NDP-New Democratic Party","NPD-Nouveau Parti démocratique",N,N,25
13003,"Fredericton","Fredericton"," 105","Fredericton",N,N,"",0,389,"Ashfield","","Keith","Conservative","Conservateur",Y,N,31
13003,"Fredericton","Fredericton"," 105","Fredericton",N,N,"",0,389,"Babineau","","Mary Lou","Green Party","Parti Vert",N,N,27
13003,"Fredericton","Fredericton"," 105","Fredericton",N,N,"",0,389,"DeCourcey","","Matt","Liberal","Libéral",N,Y,117
13003,"Fredericton","Fredericton"," 105","Fredericton",N,N,"",0,389,"Scott-Levesque","","Sharon","NDP-New Democratic Party","NPD-Nouveau Parti démocratique",N,N,26
13003,"Fredericton","Fredericton"," 106","Fredericton",N,N,"",0,412,"Ashfield","","Keith","Conservative","Conservateur",Y,N,30
13003,"Fredericton","Fredericton"," 106","Fredericton",N,N,"",0,412,"Babineau","","Mary Lou","Green Party","Parti Vert",N,N,36
13003,"Fredericton","Fredericton"," 106","Fredericton",N,N,"",0,412,"DeCourcey","","Matt","Liberal","Libéral",N,Y,106
13003,"Fredericton","Fredericton"," 106","Fredericton",N,N,"",0,412,"Scott-Levesque","","Sharon","NDP-New Democratic Party","NPD-Nouveau Parti démocratique",N,N,25
13003,"Fredericton","Fredericton"," 107","Fredericton",N,N,"",0,431,"Ashfield","","Keith","Conservative","Conservateur",Y,N,59
13003,"Fredericton","Fredericton"," 107","Fredericton",N,N,"",0,431,"Babineau","","Mary Lou","Green Party","Parti Vert",N,N,39
13003,"Fredericton","Fredericton"," 107","Fredericton",N,N,"",0,431,"DeCourcey","","Matt","Liberal","Libéral",N,Y,131
13003,"Fredericton","Fredericton"," 107","Fredericton",N,N,"",0,431,"Scott-Levesque","","Sharon","NDP-New Democratic Party","NPD-Nouveau Parti démocratique",N,N,13
13003,"Fredericton","Fredericton"," 108","Fredericton",N,N,"",0,458,"Ashfield","","Keith","Conservative","Conservateur",Y,N,53
13003,"Fredericton","Fredericton"," 108","Fredericton",N,N,"",0,458,"Babineau","","Mary Lou","Green Party","Parti Vert",N,N,27
13003,"Fredericton","Fredericton"," 108","Fredericton",N,N,"",0,458,"DeCourcey","","Matt","Liberal","Libéral",N,Y,134
13003,"Fredericton","Fredericton"," 108","Fredericton",N,N,"",0,458,"Scott-Levesque","","Sharon","NDP-New Democratic Party","NPD-Nouveau Parti démocratique",N,N,27
13003,"Fredericton","Fredericton"," 109","Fredericton",N,N,"",1,446,"Ashfield","","Keith","Conservative","Conservateur",Y,N,55
13003,"Fredericton","Fredericton"," 109","Fredericton",N,N,"",1,446,"Babineau","","Mary Lou","Green Party","Parti Vert",N,N,35
13003,"Fredericton","Fredericton"," 109","Fredericton",N,N,"",1,446,"DeCourcey","","Matt","Liberal","Libéral",N,Y,127
13003,"Fredericton","Fredericton"," 109","Fredericton",N,N,"",1,446,"Scott-Levesque","","Sharon","NDP-New Democratic Party","NPD-Nouveau Parti démocratique",N,N,28
13003,"Fredericton","Fredericton"," 110","Fredericton",N,N,"",2,448,"Ashfield","","Keith","Conservative","Conservateur",Y,N,48
13003,"Fredericton","Fredericton"," 110","Fredericton",N,N,"",2,448,"Babineau","","Mary Lou","Green Party","Parti Vert",N,N,28
13003,"Fredericton","Fredericton"," 110","Fredericton",N,N,"",2,448,"DeCourcey","","Matt","Liberal","Libéral",N,Y,139
13003,"Fredericton","Fredericton"," 110","Fredericton",N,N,"",2,448,"Scott-Levesque","","Sharon","NDP-New Democratic Party","NPD-Nouveau Parti démocratique",N,N,20
13003,"Fredericton","Fredericton"," 111","Fredericton",N,N,"",0,429,"Ashfield","","Keith","Conservative","Conservateur",Y,N,51
13003,"Fredericton","Fredericton"," 111","Fredericton",N,N,"",0,429,"Babineau","","Mary Lou","Green Party","Parti Vert",N,N,23
13003,"Fredericton","Fredericton"," 111","Fredericton",N,N,"",0,429,"DeCourcey","","Matt","Liberal","Libéral",N,Y,120
13003,"Fredericton","Fredericton"," 111","Fredericton",N,N,"",0,429,"Scott-Levesque","","Sharon","NDP-New Democratic Party","NPD-Nouveau Parti démocratique",N,N,32
13003,"Fredericton","Fredericton"," 112","Fredericton",N,N,"",1,370,"Ashfield","","Keith","Conservative","Conservateur",Y,N,55
13003,"Fredericton","Fredericton"," 112","Fredericton",N,N,"",1,370,"Babineau","","Mary Lou","Green Party","Parti Vert",N,N,19
13003,"Fredericton","Fredericton"," 112","Fredericton",N,N,"",1,370,"DeCourcey","","Matt","Liberal","Libéral",N,Y,88
13003,"Fredericton","Fredericton"," 112","Fredericton",N,N,"",1,370,"Scott-Levesque","","Sharon","NDP-New Democratic Party","NPD-Nouveau Parti démocratique",N,N,33
13003,"Fredericton","Fredericton"," 113","Lincoln",N,N,"",0,313,"Ashfield","","Keith","Conservative","Conservateur",Y,N,56
13003,"Fredericton","Fredericton"," 113","Lincoln",N,N,"",0,313,"Babineau","","Mary Lou","Green Party","Parti Vert",N,N,9
13003,"Fredericton","Fredericton"," 113","Lincoln",N,N,"",0,313,"DeCourcey","","Matt","Liberal","Libéral",N,Y,84
13003,"Fredericton","Fredericton"," 113","Lincoln",N,N,"",0,313,"Scott-Levesque","","Sharon","NDP-New Democratic Party","NPD-Nouveau Parti démocratique",N,N,17
13003,"Fredericton","Fredericton"," 114","Lincoln",N,N,"",0,364,"Ashfield","","Keith","Conservative","Conservateur",Y,N,53
13003,"Fredericton","Fredericton"," 114","Lincoln",N,N,"",0,364,"Babineau","","Mary Lou","Green Party","Parti Vert",N,N,29
13003,"Fredericton","Fredericton"," 114","Lincoln",N,N,"",0,364,"DeCourcey","","Matt","Liberal","Libéral",N,Y,104
13003,"Fredericton","Fredericton"," 114","Lincoln",N,N,"",0,364,"Scott-Levesque","","Sharon","NDP-New Democratic Party","NPD-Nouveau Parti démocratique",N,N,18
13003,"Fredericton","Fredericton"," 115","Lincoln",N,N,"",1,340,"Ashfield","","Keith","Conservative","Conservateur",Y,N,54
13003,"Fredericton","Fredericton"," 115","Lincoln",N,N,"",1,340,"Babineau","","Mary Lou","Green Party","Parti Vert",N,N,21
13003,"Fredericton","Fredericton"," 115","Lincoln",N,N,"",1,340,"DeCourcey","","Matt","Liberal","Libéral",N,Y,81
13003,"Fredericton","Fredericton"," 115","Lincoln",N,N,"",1,340,"Scott-Levesque","","Sharon","NDP-New Democratic Party","NPD-Nouveau Parti démocratique",N,N,29
13003,"Fredericton","Fredericton"," 116","Lincoln",N,N,"",0,288,"Ashfield","","Keith","Conservative","Conservateur",Y,N,49
13003,"Fredericton","Fredericton"," 116","Lincoln",N,N,"",0,288,"Babineau","","Mary Lou","Green Party","Parti Vert",N,N,16
13003,"Fredericton","Fredericton"," 116","Lincoln",N,N,"",0,288,"DeCourcey","","Matt","Liberal","Libéral",N,Y,71
13003,"Fredericton","Fredericton"," 116","Lincoln",N,N,"",0,288,"Scott-Levesque","","Sharon","NDP-New Democratic Party","NPD-Nouveau Parti démocratique",N,N,18
13003,"Fredericton","Fredericton"," 117","Lincoln",N,N,"",1,357,"Ashfield","","Keith","Conservative","Conservateur",Y,N,65
13003,"Fredericton","Fredericton"," 117","Lincoln",N,N,"",1,357,"Babineau","","Mary Lou","Green Party","Parti Vert",N,N,29
13003,"Fredericton","Fredericton"," 117","Lincoln",N,N,"",1,357,"DeCourcey","","Matt","Liberal","Libéral",N,Y,95
13003,"Fredericton","Fredericton"," 117","Lincoln",N,N,"",1,357,"Scott-Levesque","","Sharon","NDP-New Democratic Party","NPD-Nouveau Parti démocratique",N,N,14
13003,"Fredericton","Fredericton"," 118","Lincoln",N,N,"",1,346,"Ashfield","","Keith","Conservative","Conservateur",Y,N,83
13003,"Fredericton","Fredericton"," 118","Lincoln",N,N,"",1,346,"Babineau","","Mary Lou","Green Party","Parti Vert",N,N,20
13003,"Fredericton","Fredericton"," 118","Lincoln",N,N,"",1,346,"DeCourcey","","Matt","Liberal","Libéral",N,Y,77
13003,"Fredericton","Fredericton"," 118","Lincoln",N,N,"",1,346,"Scott-Levesque","","Sharon","NDP-New Democratic Party","NPD-Nouveau Parti démocratique",N,N,14
13003,"Fredericton","Fredericton"," 119","Lincoln",N,N,"",1,449,"Ashfield","","Keith","Conservative","Conservateur",Y,N,96
13003,"Fredericton","Fredericton"," 119","Lincoln",N,N,"",1,449,"Babineau","","Mary Lou","Green Party","Parti Vert",N,N,21
13003,"Fredericton","Fredericton"," 119","Lincoln",N,N,"",1,449,"DeCourcey","","Matt","Liberal","Libéral",N,Y,115
13003,"Fredericton","Fredericton"," 119","Lincoln",N,N,"",1,449,"Scott-Levesque","","Sharon","NDP-New Democratic Party","NPD-Nouveau Parti démocratique",N,N,25
13003,"Fredericton","Fredericton"," 120","Oromocto",N,N,"",1,394,"Ashfield","","Keith","Conservative","Conservateur",Y,N,34
13003,"Fredericton","Fredericton"," 120","Oromocto",N,N,"",1,394,"Babineau","","Mary Lou","Green Party","Parti Vert",N,N,15
13003,"Fredericton","Fredericton"," 120","Oromocto",N,N,"",1,394,"DeCourcey","","Matt","Liberal","Libéral",N,Y,90
13003,"Fredericton","Fredericton"," 120","Oromocto",N,N,"",1,394,"Scott-Levesque","","Sharon","NDP-New Democratic Party","NPD-Nouveau Parti démocratique",N,N,11
13003,"Fredericton","Fredericton"," 121","Oromocto",N,N,"",0,403,"Ashfield","","Keith","Conservative","Conservateur",Y,N,39
13003,"Fredericton","Fredericton"," 121","Oromocto",N,N,"",0,403,"Babineau","","Mary Lou","Green Party","Parti Vert",N,N,11
13003,"Fredericton","Fredericton"," 121","Oromocto",N,N,"",0,403,"DeCourcey","","Matt","Liberal","Libéral",N,Y,96
13003,"Fredericton","Fredericton"," 121","Oromocto",N,N,"",0,403,"Scott-Levesque","","Sharon","NDP-New Democratic Party","NPD-Nouveau Parti démocratique",N,N,7
13003,"Fredericton","Fredericton"," 122","Oromocto",N,N,"",0,493,"Ashfield","","Keith","Conservative","Conservateur",Y,N,58
13003,"Fredericton","Fredericton"," 122","Oromocto",N,N,"",0,493,"Babineau","","Mary Lou","Green Party","Parti Vert",N,N,19
13003,"Fredericton","Fredericton"," 122","Oromocto",N,N,"",0,493,"DeCourcey","","Matt","Liberal","Libéral",N,Y,79
13003,"Fredericton","Fredericton"," 122","Oromocto",N,N,"",0,493,"Scott-Levesque","","Sharon","NDP-New Democratic Party","NPD-Nouveau Parti démocratique",N,N,14
13003,"Fredericton","Fredericton"," 123","Burpees Corner",N,N,"",0,297,"Ashfield","","Keith","Conservative","Conservateur",Y,N,64
13003,"Fredericton","Fredericton"," 123","Burpees Corner",N,N,"",0,297,"Babineau","","Mary Lou","Green Party","Parti Vert",N,N,19
13003,"Fredericton","Fredericton"," 123","Burpees Corner",N,N,"",0,297,"DeCourcey","","Matt","Liberal","Libéral",N,Y,80
13003,"Fredericton","Fredericton"," 123","Burpees Corner",N,N,"",0,297,"Scott-Levesque","","Sharon","NDP-New Democratic Party","NPD-Nouveau Parti démocratique",N,N,16
13003,"Fredericton","Fredericton"," 124","Lower Burton",N,N,"",0,272,"Ashfield","","Keith","Conservative","Conservateur",Y,N,54
13003,"Fredericton","Fredericton"," 124","Lower Burton",N,N,"",0,272,"Babineau","","Mary Lou","Green Party","Parti Vert",N,N,24
13003,"Fredericton","Fredericton"," 124","Lower Burton",N,N,"",0,272,"DeCourcey","","Matt","Liberal","Libéral",N,Y,79
13003,"Fredericton","Fredericton"," 124","Lower Burton",N,N,"",0,272,"Scott-Levesque","","Sharon","NDP-New Democratic Party","NPD-Nouveau Parti démocratique",N,N,11
13003,"Fredericton","Fredericton"," 125","Burpees Corner",N,N,"",2,457,"Ashfield","","Keith","Conservative","Conservateur",Y,N,96
13003,"Fredericton","Fredericton"," 125","Burpees Corner",N,N,"",2,457,"Babineau","","Mary Lou","Green Party","Parti Vert",N,N,33
13003,"Fredericton","Fredericton"," 125","Burpees Corner",N,N,"",2,457,"DeCourcey","","Matt","Liberal","Libéral",N,Y,143
13003,"Fredericton","Fredericton"," 125","Burpees Corner",N,N,"",2,457,"Scott-Levesque","","Sharon","NDP-New Democratic Party","NPD-Nouveau Parti démocratique",N,N,23
13003,"Fredericton","Fredericton"," 126","Burton",N,N,"",2,368,"Ashfield","","Keith","Conservative","Conservateur",Y,N,93
13003,"Fredericton","Fredericton"," 126","Burton",N,N,"",2,368,"Babineau","","Mary Lou","Green Party","Parti Vert",N,N,30
13003,"Fredericton","Fredericton"," 126","Burton",N,N,"",2,368,"DeCourcey","","Matt","Liberal","Libéral",N,Y,92
13003,"Fredericton","Fredericton"," 126","Burton",N,N,"",2,368,"Scott-Levesque","","Sharon","NDP-New Democratic Party","NPD-Nouveau Parti démocratique",N,N,15
13003,"Fredericton","Fredericton"," 127","Burton",N,N,"",0,317,"Ashfield","","Keith","Conservative","Conservateur",Y,N,50
13003,"Fredericton","Fredericton"," 127","Burton",N,N,"",0,317,"Babineau","","Mary Lou","Green Party","Parti Vert",N,N,17
13003,"Fredericton","Fredericton"," 127","Burton",N,N,"",0,317,"DeCourcey","","Matt","Liberal","Libéral",N,Y,82
13003,"Fredericton","Fredericton"," 127","Burton",N,N,"",0,317,"Scott-Levesque","","Sharon","NDP-New Democratic Party","NPD-Nouveau Parti démocratique",N,N,18
13003,"Fredericton","Fredericton"," 128","Geary",N,N,"",1,314,"Ashfield","","Keith","Conservative","Conservateur",Y,N,57
13003,"Fredericton","Fredericton"," 128","Geary",N,N,"",1,314,"Babineau","","Mary Lou","Green Party","Parti Vert",N,N,12
13003,"Fredericton","Fredericton"," 128","Geary",N,N,"",1,314,"DeCourcey","","Matt","Liberal","Libéral",N,Y,89
13003,"Fredericton","Fredericton"," 128","Geary",N,N,"",1,314,"Scott-Levesque","","Sharon","NDP-New Democratic Party","NPD-Nouveau Parti démocratique",N,N,9
13003,"Fredericton","Fredericton"," 129","Geary",N,N,"",0,309,"Ashfield","","Keith","Conservative","Conservateur",Y,N,73
13003,"Fredericton","Fredericton"," 129","Geary",N,N,"",0,309,"Babineau","","Mary Lou","Green Party","Parti Vert",N,N,9
13003,"Fredericton","Fredericton"," 129","Geary",N,N,"",0,309,"DeCourcey","","Matt","Liberal","Libéral",N,Y,60
13003,"Fredericton","Fredericton"," 129","Geary",N,N,"",0,309,"Scott-Levesque","","Sharon","NDP-New Democratic Party","NPD-Nouveau Parti démocratique",N,N,16
13003,"Fredericton","Fredericton"," 130","Waterville",N,N,"",2,320,"Ashfield","","Keith","Conservative","Conservateur",Y,N,53
13003,"Fredericton","Fredericton"," 130","Waterville",N,N,"",2,320,"Babineau","","Mary Lou","Green Party","Parti Vert",N,N,15
13003,"Fredericton","Fredericton"," 130","Waterville",N,N,"",2,320,"DeCourcey","","Matt","Liberal","Libéral",N,Y,65
13003,"Fredericton","Fredericton"," 130","Waterville",N,N,"",2,320,"Scott-Levesque","","Sharon","NDP-New Democratic Party","NPD-Nouveau Parti démocratique",N,N,15
13003,"Fredericton","Fredericton"," 131","French Lake",N,N,"",2,415,"Ashfield","","Keith","Conservative","Conservateur",Y,N,104
13003,"Fredericton","Fredericton"," 131","French Lake",N,N,"",2,415,"Babineau","","Mary Lou","Green Party","Parti Vert",N,N,20
13003,"Fredericton","Fredericton"," 131","French Lake",N,N,"",2,415,"DeCourcey","","Matt","Liberal","Libéral",N,Y,102
13003,"Fredericton","Fredericton"," 131","French Lake",N,N,"",2,415,"Scott-Levesque","","Sharon","NDP-New Democratic Party","NPD-Nouveau Parti démocratique",N,N,18
13003,"Fredericton","Fredericton"," 132","Geary",N,N,"",4,298,"Ashfield","","Keith","Conservative","Conservateur",Y,N,65
13003,"Fredericton","Fredericton"," 132","Geary",N,N,"",4,298,"Babineau","","Mary Lou","Green Party","Parti Vert",N,N,17
13003,"Fredericton","Fredericton"," 132","Geary",N,N,"",4,298,"DeCourcey","","Matt","Liberal","Libéral",N,Y,85
13003,"Fredericton","Fredericton"," 132","Geary",N,N,"",4,298,"Scott-Levesque","","Sharon","NDP-New Democratic Party","NPD-Nouveau Parti démocratique",N,N,11
13003,"Fredericton","Fredericton"," 133","Geary",N,N,"",1,367,"Ashfield","","Keith","Conservative","Conservateur",Y,N,81
13003,"Fredericton","Fredericton"," 133","Geary",N,N,"",1,367,"Babineau","","Mary Lou","Green Party","Parti Vert",N,N,23
13003,"Fredericton","Fredericton"," 133","Geary",N,N,"",1,367,"DeCourcey","","Matt","Liberal","Libéral",N,Y,100
13003,"Fredericton","Fredericton"," 133","Geary",N,N,"",1,367,"Scott-Levesque","","Sharon","NDP-New Democratic Party","NPD-Nouveau Parti démocratique",N,N,15
13003,"Fredericton","Fredericton"," 134","Oromocto",N,N,"",0,313,"Ashfield","","Keith","Conservative","Conservateur",Y,N,45
13003,"Fredericton","Fredericton"," 134","Oromocto",N,N,"",0,313,"Babineau","","Mary Lou","Green Party","Parti Vert",N,N,10
13003,"Fredericton","Fredericton"," 134","Oromocto",N,N,"",0,313,"DeCourcey","","Matt","Liberal","Libéral",N,Y,68
13003,"Fredericton","Fredericton"," 134","Oromocto",N,N,"",0,313,"Scott-Levesque","","Sharon","NDP-New Democratic Party","NPD-Nouveau Parti démocratique",N,N,13
13003,"Fredericton","Fredericton"," 135","Oromocto",N,N,"",0,369,"Ashfield","","Keith","Conservative","Conservateur",Y,N,65
13003,"Fredericton","Fredericton"," 135","Oromocto",N,N,"",0,369,"Babineau","","Mary Lou","Green Party","Parti Vert",N,N,11
13003,"Fredericton","Fredericton"," 135","Oromocto",N,N,"",0,369,"DeCourcey","","Matt","Liberal","Libéral",N,Y,62
13003,"Fredericton","Fredericton"," 135","Oromocto",N,N,"",0,369,"Scott-Levesque","","Sharon","NDP-New Democratic Party","NPD-Nouveau Parti démocratique",N,N,5
13003,"Fredericton","Fredericton"," 136","Oromocto",N,N,"",1,469,"Ashfield","","Keith","Conservative","Conservateur",Y,N,73
13003,"Fredericton","Fredericton"," 136","Oromocto",N,N,"",1,469,"Babineau","","Mary Lou","Green Party","Parti Vert",N,N,17
13003,"Fredericton","Fredericton"," 136","Oromocto",N,N,"",1,469,"DeCourcey","","Matt","Liberal","Libéral",N,Y,98
13003,"Fredericton","Fredericton"," 136","Oromocto",N,N,"",1,469,"Scott-Levesque","","Sharon","NDP-New Democratic Party","NPD-Nouveau Parti démocratique",N,N,16
13003,"Fredericton","Fredericton"," 137","Oromocto",N,N,"",2,622,"Ashfield","","Keith","Conservative","Conservateur",Y,N,119
13003,"Fredericton","Fredericton"," 137","Oromocto",N,N,"",2,622,"Babineau","","Mary Lou","Green Party","Parti Vert",N,N,18
13003,"Fredericton","Fredericton"," 137","Oromocto",N,N,"",2,622,"DeCourcey","","Matt","Liberal","Libéral",N,Y,149
13003,"Fredericton","Fredericton"," 137","Oromocto",N,N,"",2,622,"Scott-Levesque","","Sharon","NDP-New Democratic Party","NPD-Nouveau Parti démocratique",N,N,34
13003,"Fredericton","Fredericton"," 138","Oromocto",N,N,"",0,509,"Ashfield","","Keith","Conservative","Conservateur",Y,N,81
13003,"Fredericton","Fredericton"," 138","Oromocto",N,N,"",0,509,"Babineau","","Mary Lou","Green Party","Parti Vert",N,N,17
13003,"Fredericton","Fredericton"," 138","Oromocto",N,N,"",0,509,"DeCourcey","","Matt","Liberal","Libéral",N,Y,104
13003,"Fredericton","Fredericton"," 138","Oromocto",N,N,"",0,509,"Scott-Levesque","","Sharon","NDP-New Democratic Party","NPD-Nouveau Parti démocratique",N,N,28
13003,"Fredericton","Fredericton"," 139","Oromocto",N,N,"",2,490,"Ashfield","","Keith","Conservative","Conservateur",Y,N,62
13003,"Fredericton","Fredericton"," 139","Oromocto",N,N,"",2,490,"Babineau","","Mary Lou","Green Party","Parti Vert",N,N,12
13003,"Fredericton","Fredericton"," 139","Oromocto",N,N,"",2,490,"DeCourcey","","Matt","Liberal","Libéral",N,Y,125
13003,"Fredericton","Fredericton"," 139","Oromocto",N,N,"",2,490,"Scott-Levesque","","Sharon","NDP-New Democratic Party","NPD-Nouveau Parti démocratique",N,N,17
13003,"Fredericton","Fredericton"," 140","Oromocto",N,N,"",1,395,"Ashfield","","Keith","Conservative","Conservateur",Y,N,64
13003,"Fredericton","Fredericton"," 140","Oromocto",N,N,"",1,395,"Babineau","","Mary Lou","Green Party","Parti Vert",N,N,17
13003,"Fredericton","Fredericton"," 140","Oromocto",N,N,"",1,395,"DeCourcey","","Matt","Liberal","Libéral",N,Y,69
13003,"Fredericton","Fredericton"," 140","Oromocto",N,N,"",1,395,"Scott-Levesque","","Sharon","NDP-New Democratic Party","NPD-Nouveau Parti démocratique",N,N,13
13003,"Fredericton","Fredericton"," 141","Oromocto",N,N,"",0,346,"Ashfield","","Keith","Conservative","Conservateur",Y,N,46
13003,"Fredericton","Fredericton"," 141","Oromocto",N,N,"",0,346,"Babineau","","Mary Lou","Green Party","Parti Vert",N,N,12
13003,"Fredericton","Fredericton"," 141","Oromocto",N,N,"",0,346,"DeCourcey","","Matt","Liberal","Libéral",N,Y,71
13003,"Fredericton","Fredericton"," 141","Oromocto",N,N,"",0,346,"Scott-Levesque","","Sharon","NDP-New Democratic Party","NPD-Nouveau Parti démocratique",N,N,14
13003,"Fredericton","Fredericton"," 142","Oromocto",N,N,"",2,375,"Ashfield","","Keith","Conservative","Conservateur",Y,N,41
13003,"Fredericton","Fredericton"," 142","Oromocto",N,N,"",2,375,"Babineau","","Mary Lou","Green Party","Parti Vert",N,N,10
13003,"Fredericton","Fredericton"," 142","Oromocto",N,N,"",2,375,"DeCourcey","","Matt","Liberal","Libéral",N,Y,97
13003,"Fredericton","Fredericton"," 142","Oromocto",N,N,"",2,375,"Scott-Levesque","","Sharon","NDP-New Democratic Party","NPD-Nouveau Parti démocratique",N,N,21
13003,"Fredericton","Fredericton"," 143","Oromocto",N,N,"",1,283,"Ashfield","","Keith","Conservative","Conservateur",Y,N,38
13003,"Fredericton","Fredericton"," 143","Oromocto",N,N,"",1,283,"Babineau","","Mary Lou","Green Party","Parti Vert",N,N,7
13003,"Fredericton","Fredericton"," 143","Oromocto",N,N,"",1,283,"DeCourcey","","Matt","Liberal","Libéral",N,Y,46
13003,"Fredericton","Fredericton"," 143","Oromocto",N,N,"",1,283,"Scott-Levesque","","Sharon","NDP-New Democratic Party","NPD-Nouveau Parti démocratique",N,N,9
13003,"Fredericton","Fredericton"," 144","New Maryland",N,N,"",0,274,"Ashfield","","Keith","Conservative","Conservateur",Y,N,42
13003,"Fredericton","Fredericton"," 144","New Maryland",N,N,"",0,274,"Babineau","","Mary Lou","Green Party","Parti Vert",N,N,14
13003,"Fredericton","Fredericton"," 144","New Maryland",N,N,"",0,274,"DeCourcey","","Matt","Liberal","Libéral",N,Y,74
13003,"Fredericton","Fredericton"," 144","New Maryland",N,N,"",0,274,"Scott-Levesque","","Sharon","NDP-New Democratic Party","NPD-Nouveau Parti démocratique",N,N,10
13003,"Fredericton","Fredericton"," 145","New Maryland",N,N,"",0,273,"Ashfield","","Keith","Conservative","Conservateur",Y,N,37
13003,"Fredericton","Fredericton"," 145","New Maryland",N,N,"",0,273,"Babineau","","Mary Lou","Green Party","Parti Vert",N,N,10
13003,"Fredericton","Fredericton"," 145","New Maryland",N,N,"",0,273,"DeCourcey","","Matt","Liberal","Libéral",N,Y,73
13003,"Fredericton","Fredericton"," 145","New Maryland",N,N,"",0,273,"Scott-Levesque","","Sharon","NDP-New Democratic Party","NPD-Nouveau Parti démocratique",N,N,12
13003,"Fredericton","Fredericton"," 146","New Maryland",N,N,"",0,306,"Ashfield","","Keith","Conservative","Conservateur",Y,N,50
13003,"Fredericton","Fredericton"," 146","New Maryland",N,N,"",0,306,"Babineau","","Mary Lou","Green Party","Parti Vert",N,N,13
13003,"Fredericton","Fredericton"," 146","New Maryland",N,N,"",0,306,"DeCourcey","","Matt","Liberal","Libéral",N,Y,69
13003,"Fredericton","Fredericton"," 146","New Maryland",N,N,"",0,306,"Scott-Levesque","","Sharon","NDP-New Democratic Party","NPD-Nouveau Parti démocratique",N,N,16
13003,"Fredericton","Fredericton"," 147","New Maryland",N,N,"",0,293,"Ashfield","","Keith","Conservative","Conservateur",Y,N,49
13003,"Fredericton","Fredericton"," 147","New Maryland",N,N,"",0,293,"Babineau","","Mary Lou","Green Party","Parti Vert",N,N,20
13003,"Fredericton","Fredericton"," 147","New Maryland",N,N,"",0,293,"DeCourcey","","Matt","Liberal","Libéral",N,Y,87
13003,"Fredericton","Fredericton"," 147","New Maryland",N,N,"",0,293,"Scott-Levesque","","Sharon","NDP-New Democratic Party","NPD-Nouveau Parti démocratique",N,N,13
13003,"Fredericton","Fredericton"," 148","New Maryland",N,N,"",0,397,"Ashfield","","Keith","Conservative","Conservateur",Y,N,67
13003,"Fredericton","Fredericton"," 148","New Maryland",N,N,"",0,397,"Babineau","","Mary Lou","Green Party","Parti Vert",N,N,18
13003,"Fredericton","Fredericton"," 148","New Maryland",N,N,"",0,397,"DeCourcey","","Matt","Liberal","Libéral",N,Y,128
13003,"Fredericton","Fredericton"," 148","New Maryland",N,N,"",0,397,"Scott-Levesque","","Sharon","NDP-New Democratic Party","NPD-Nouveau Parti démocratique",N,N,23
13003,"Fredericton","Fredericton"," 149","New Maryland",N,N,"",0,366,"Ashfield","","Keith","Conservative","Conservateur",Y,N,49
13003,"Fredericton","Fredericton"," 149","New Maryland",N,N,"",0,366,"Babineau","","Mary Lou","Green Party","Parti Vert",N,N,24
13003,"Fredericton","Fredericton"," 149","New Maryland",N,N,"",0,366,"DeCourcey","","Matt","Liberal","Libéral",N,Y,103
13003,"Fredericton","Fredericton"," 149","New Maryland",N,N,"",0,366,"Scott-Levesque","","Sharon","NDP-New Democratic Party","NPD-Nouveau Parti démocratique",N,N,13
13003,"Fredericton","Fredericton"," 150","New Maryland",N,N,"",1,419,"Ashfield","","Keith","Conservative","Conservateur",Y,N,75
13003,"Fredericton","Fredericton"," 150","New Maryland",N,N,"",1,419,"Babineau","","Mary Lou","Green Party","Parti Vert",N,N,31
13003,"Fredericton","Fredericton"," 150","New Maryland",N,N,"",1,419,"DeCourcey","","Matt","Liberal","Libéral",N,Y,84
13003,"Fredericton","Fredericton"," 150","New Maryland",N,N,"",1,419,"Scott-Levesque","","Sharon","NDP-New Democratic Party","NPD-Nouveau Parti démocratique",N,N,12
13003,"Fredericton","Fredericton"," 151","New Maryland",N,N,"",1,398,"Ashfield","","Keith","Conservative","Conservateur",Y,N,71
13003,"Fredericton","Fredericton"," 151","New Maryland",N,N,"",1,398,"Babineau","","Mary Lou","Green Party","Parti Vert",N,N,32
13003,"Fredericton","Fredericton"," 151","New Maryland",N,N,"",1,398,"DeCourcey","","Matt","Liberal","Libéral",N,Y,95
13003,"Fredericton","Fredericton"," 151","New Maryland",N,N,"",1,398,"Scott-Levesque","","Sharon","NDP-New Democratic Party","NPD-Nouveau Parti démocratique",N,N,13
13003,"Fredericton","Fredericton"," 152","New Maryland",N,N,"",1,444,"Ashfield","","Keith","Conservative","Conservateur",Y,N,62
13003,"Fredericton","Fredericton"," 152","New Maryland",N,N,"",1,444,"Babineau","","Mary Lou","Green Party","Parti Vert",N,N,33
13003,"Fredericton","Fredericton"," 152","New Maryland",N,N,"",1,444,"DeCourcey","","Matt","Liberal","Libéral",N,Y,114
13003,"Fredericton","Fredericton"," 152","New Maryland",N,N,"",1,444,"Scott-Levesque","","Sharon","NDP-New Democratic Party","NPD-Nouveau Parti démocratique",N,N,19
13003,"Fredericton","Fredericton"," 500A","Mobile poll/Bureau itinérant",N,N,"",1,67,"Ashfield","","Keith","Conservative","Conservateur",Y,N,63
13003,"Fredericton","Fredericton"," 500A","Mobile poll/Bureau itinérant",N,N,"",1,67,"Babineau","","Mary Lou","Green Party","Parti Vert",N,N,4
13003,"Fredericton","Fredericton"," 500A","Mobile poll/Bureau itinérant",N,N,"",1,67,"DeCourcey","","Matt","Liberal","Libéral",N,Y,31
13003,"Fredericton","Fredericton"," 500A","Mobile poll/Bureau itinérant",N,N,"",1,67,"Scott-Levesque","","Sharon","NDP-New Democratic Party","NPD-Nouveau Parti démocratique",N,N,8
13003,"Fredericton","Fredericton"," 500B","Mobile poll/Bureau itinérant",N,N,"500A",0,20,"Ashfield","","Keith","Conservative","Conservateur",Y,N,0
13003,"Fredericton","Fredericton"," 500B","Mobile poll/Bureau itinérant",N,N,"500A",0,20,"Babineau","","Mary Lou","Green Party","Parti Vert",N,N,0
13003,"Fredericton","Fredericton"," 500B","Mobile poll/Bureau itinérant",N,N,"500A",0,20,"DeCourcey","","Matt","Liberal","Libéral",N,Y,0
13003,"Fredericton","Fredericton"," 500B","Mobile poll/Bureau itinérant",N,N,"500A",0,20,"Scott-Levesque","","Sharon","NDP-New Democratic Party","NPD-Nouveau Parti démocratique",N,N,0
13003,"Fredericton","Fredericton"," 500C","Fredericton",N,N,"44",0,20,"Ashfield","","Keith","Conservative","Conservateur",Y,N,0
13003,"Fredericton","Fredericton"," 500C","Fredericton",N,N,"44",0,20,"Babineau","","Mary Lou","Green Party","Parti Vert",N,N,0
13003,"Fredericton","Fredericton"," 500C","Fredericton",N,N,"44",0,20,"DeCourcey","","Matt","Liberal","Libéral",N,Y,0
13003,"Fredericton","Fredericton"," 500C","Fredericton",N,N,"44",0,20,"Scott-Levesque","","Sharon","NDP-New Democratic Party","NPD-Nouveau Parti démocratique",N,N,0
13003,"Fredericton","Fredericton"," 500D","Fredericton",N,N,"85",0,105,"Ashfield","","Keith","Conservative","Conservateur",Y,N,0
13003,"Fredericton","Fredericton"," 500D","Fredericton",N,N,"85",0,105,"Babineau","","Mary Lou","Green Party","Parti Vert",N,N,0
13003,"Fredericton","Fredericton"," 500D","Fredericton",N,N,"85",0,105,"DeCourcey","","Matt","Liberal","Libéral",N,Y,0
13003,"Fredericton","Fredericton"," 500D","Fredericton",N,N,"85",0,105,"Scott-Levesque","","Sharon","NDP-New Democratic Party","NPD-Nouveau Parti démocratique",N,N,0
13003,"Fredericton","Fredericton"," 500E","Fredericton",N,N,"13",0,22,"Ashfield","","Keith","Conservative","Conservateur",Y,N,0
13003,"Fredericton","Fredericton"," 500E","Fredericton",N,N,"13",0,22,"Babineau","","Mary Lou","Green Party","Parti Vert",N,N,0
13003,"Fredericton","Fredericton"," 500E","Fredericton",N,N,"13",0,22,"DeCourcey","","Matt","Liberal","Libéral",N,Y,0
13003,"Fredericton","Fredericton"," 500E","Fredericton",N,N,"13",0,22,"Scott-Levesque","","Sharon","NDP-New Democratic Party","NPD-Nouveau Parti démocratique",N,N,0
13003,"Fredericton","Fredericton"," 500F","Lower Burton",N,N,"124",0,4,"Ashfield","","Keith","Conservative","Conservateur",Y,N,0
13003,"Fredericton","Fredericton"," 500F","Lower Burton",N,N,"124",0,4,"Babineau","","Mary Lou","Green Party","Parti Vert",N,N,0
13003,"Fredericton","Fredericton"," 500F","Lower Burton",N,N,"124",0,4,"DeCourcey","","Matt","Liberal","Libéral",N,Y,0
13003,"Fredericton","Fredericton"," 500F","Lower Burton",N,N,"124",0,4,"Scott-Levesque","","Sharon","NDP-New Democratic Party","NPD-Nouveau Parti démocratique",N,N,0
13003,"Fredericton","Fredericton"," 501A","Mobile poll/Bureau itinérant",N,N,"",2,31,"Ashfield","","Keith","Conservative","Conservateur",Y,N,48
13003,"Fredericton","Fredericton"," 501A","Mobile poll/Bureau itinérant",N,N,"",2,31,"Babineau","","Mary Lou","Green Party","Parti Vert",N,N,14
13003,"Fredericton","Fredericton"," 501A","Mobile poll/Bureau itinérant",N,N,"",2,31,"DeCourcey","","Matt","Liberal","Libéral",N,Y,46
13003,"Fredericton","Fredericton"," 501A","Mobile poll/Bureau itinérant",N,N,"",2,31,"Scott-Levesque","","Sharon","NDP-New Democratic Party","NPD-Nouveau Parti démocratique",N,N,11
13003,"Fredericton","Fredericton"," 501B","Mobile poll/Bureau itinérant",N,N,"503A",0,37,"Ashfield","","Keith","Conservative","Conservateur",Y,N,0
13003,"Fredericton","Fredericton"," 501B","Mobile poll/Bureau itinérant",N,N,"503A",0,37,"Babineau","","Mary Lou","Green Party","Parti Vert",N,N,0
13003,"Fredericton","Fredericton"," 501B","Mobile poll/Bureau itinérant",N,N,"503A",0,37,"DeCourcey","","Matt","Liberal","Libéral",N,Y,0
13003,"Fredericton","Fredericton"," 501B","Mobile poll/Bureau itinérant",N,N,"503A",0,37,"Scott-Levesque","","Sharon","NDP-New Democratic Party","NPD-Nouveau Parti démocratique",N,N,0
13003,"Fredericton","Fredericton"," 501C","Mobile poll/Bureau itinérant",N,N,"502A",0,150,"Ashfield","","Keith","Conservative","Conservateur",Y,N,0
13003,"Fredericton","Fredericton"," 501C","Mobile poll/Bureau itinérant",N,N,"502A",0,150,"Babineau","","Mary Lou","Green Party","Parti Vert",N,N,0
13003,"Fredericton","Fredericton"," 501C","Mobile poll/Bureau itinérant",N,N,"502A",0,150,"DeCourcey","","Matt","Liberal","Libéral",N,Y,0
13003,"Fredericton","Fredericton"," 501C","Mobile poll/Bureau itinérant",N,N,"502A",0,150,"Scott-Levesque","","Sharon","NDP-New Democratic Party","NPD-Nouveau Parti démocratique",N,N,0
13003,"Fredericton","Fredericton"," 502A","Mobile poll/Bureau itinérant",N,N,"",1,23,"Ashfield","","Keith","Conservative","Conservateur",Y,N,54
13003,"Fredericton","Fredericton"," 502A","Mobile poll/Bureau itinérant",N,N,"",1,23,"Babineau","","Mary Lou","Green Party","Parti Vert",N,N,7
13003,"Fredericton","Fredericton"," 502A","Mobile poll/Bureau itinérant",N,N,"",1,23,"DeCourcey","","Matt","Liberal","Libéral",N,Y,48
13003,"Fredericton","Fredericton"," 502A","Mobile poll/Bureau itinérant",N,N,"",1,23,"Scott-Levesque","","Sharon","NDP-New Democratic Party","NPD-Nouveau Parti démocratique",N,N,13
13003,"Fredericton","Fredericton"," 502B","Fredericton",N,N,"57",0,87,"Ashfield","","Keith","Conservative","Conservateur",Y,N,0
13003,"Fredericton","Fredericton"," 502B","Fredericton",N,N,"57",0,87,"Babineau","","Mary Lou","Green Party","Parti Vert",N,N,0
13003,"Fredericton","Fredericton"," 502B","Fredericton",N,N,"57",0,87,"DeCourcey","","Matt","Liberal","Libéral",N,Y,0
13003,"Fredericton","Fredericton"," 502B","Fredericton",N,N,"57",0,87,"Scott-Levesque","","Sharon","NDP-New Democratic Party","NPD-Nouveau Parti démocratique",N,N,0
13003,"Fredericton","Fredericton"," 503A","Mobile poll/Bureau itinérant",N,N,"",2,90,"Ashfield","","Keith","Conservative","Conservateur",Y,N,37
13003,"Fredericton","Fredericton"," 503A","Mobile poll/Bureau itinérant",N,N,"",2,90,"Babineau","","Mary Lou","Green Party","Parti Vert",N,N,21
13003,"Fredericton","Fredericton"," 503A","Mobile poll/Bureau itinérant",N,N,"",2,90,"DeCourcey","","Matt","Liberal","Libéral",N,Y,43
13003,"Fredericton","Fredericton"," 503A","Mobile poll/Bureau itinérant",N,N,"",2,90,"Scott-Levesque","","Sharon","NDP-New Democratic Party","NPD-Nouveau Parti démocratique",N,N,11
13003,"Fredericton","Fredericton"," 503B","Fredericton",N,N,"83",0,27,"Ashfield","","Keith","Conservative","Conservateur",Y,N,0
13003,"Fredericton","Fredericton"," 503B","Fredericton",N,N,"83",0,27,"Babineau","","Mary Lou","Green Party","Parti Vert",N,N,0
13003,"Fredericton","Fredericton"," 503B","Fredericton",N,N,"83",0,27,"DeCourcey","","Matt","Liberal","Libéral",N,Y,0
13003,"Fredericton","Fredericton"," 503B","Fredericton",N,N,"83",0,27,"Scott-Levesque","","Sharon","NDP-New Democratic Party","NPD-Nouveau Parti démocratique",N,N,0
13003,"Fredericton","Fredericton"," 600","Fredericton",N,N,"",10,0,"Ashfield","","Keith","Conservative","Conservateur",Y,N,578
13003,"Fredericton","Fredericton"," 600","Fredericton",N,N,"",10,0,"Babineau","","Mary Lou","Green Party","Parti Vert",N,N,128
13003,"Fredericton","Fredericton"," 600","Fredericton",N,N,"",10,0,"DeCourcey","","Matt","Liberal","Libéral",N,Y,609
13003,"Fredericton","Fredericton"," 600","Fredericton",N,N,"",10,0,"Scott-Levesque","","Sharon","NDP-New Democratic Party","NPD-Nouveau Parti démocratique",N,N,134
13003,"Fredericton","Fredericton"," 601","Fredericton",N,N,"",4,0,"Ashfield","","Keith","Conservative","Conservateur",Y,N,437
13003,"Fredericton","Fredericton"," 601","Fredericton",N,N,"",4,0,"Babineau","","Mary Lou","Green Party","Parti Vert",N,N,116
13003,"Fredericton","Fredericton"," 601","Fredericton",N,N,"",4,0,"DeCourcey","","Matt","Liberal","Libéral",N,Y,653
13003,"Fredericton","Fredericton"," 601","Fredericton",N,N,"",4,0,"Scott-Levesque","","Sharon","NDP-New Democratic Party","NPD-Nouveau Parti démocratique",N,N,154
13003,"Fredericton","Fredericton"," 602","Fredericton",N,N,"",3,0,"Ashfield","","Keith","Conservative","Conservateur",Y,N,347
13003,"Fredericton","Fredericton"," 602","Fredericton",N,N,"",3,0,"Babineau","","Mary Lou","Green Party","Parti Vert",N,N,134
13003,"Fredericton","Fredericton"," 602","Fredericton",N,N,"",3,0,"DeCourcey","","Matt","Liberal","Libéral",N,Y,509
13003,"Fredericton","Fredericton"," 602","Fredericton",N,N,"",3,0,"Scott-Levesque","","Sharon","NDP-New Democratic Party","NPD-Nouveau Parti démocratique",N,N,125
13003,"Fredericton","Fredericton"," 603","Fredericton",N,N,"",0,0,"Ashfield","","Keith","Conservative","Conservateur",Y,N,95
13003,"Fredericton","Fredericton"," 603","Fredericton",N,N,"",0,0,"Babineau","","Mary Lou","Green Party","Parti Vert",N,N,28
13003,"Fredericton","Fredericton"," 603","Fredericton",N,N,"",0,0,"DeCourcey","","Matt","Liberal","Libéral",N,Y,97
13003,"Fredericton","Fredericton"," 603","Fredericton",N,N,"",0,0,"Scott-Levesque","","Sharon","NDP-New Democratic Party","NPD-Nouveau Parti démocratique",N,N,17
13003,"Fredericton","Fredericton"," 604","Fredericton",N,N,"",1,0,"Ashfield","","Keith","Conservative","Conservateur",Y,N,200
13003,"Fredericton","Fredericton"," 604","Fredericton",N,N,"",1,0,"Babineau","","Mary Lou","Green Party","Parti Vert",N,N,212
13003,"Fredericton","Fredericton"," 604","Fredericton",N,N,"",1,0,"DeCourcey","","Matt","Liberal","Libéral",N,Y,643
13003,"Fredericton","Fredericton"," 604","Fredericton",N,N,"",1,0,"Scott-Levesque","","Sharon","NDP-New Democratic Party","NPD-Nouveau Parti démocratique",N,N,122
13003,"Fredericton","Fredericton"," 605","Fredericton",N,N,"",0,0,"Ashfield","","Keith","Conservative","Conservateur",Y,N,353
13003,"Fredericton","Fredericton"," 605","Fredericton",N,N,"",0,0,"Babineau","","Mary Lou","Green Party","Parti Vert",N,N,92
13003,"Fredericton","Fredericton"," 605","Fredericton",N,N,"",0,0,"DeCourcey","","Matt","Liberal","Libéral",N,Y,592
13003,"Fredericton","Fredericton"," 605","Fredericton",N,N,"",0,0,"Scott-Levesque","","Sharon","NDP-New Democratic Party","NPD-Nouveau Parti démocratique",N,N,85
13003,"Fredericton","Fredericton"," 606","Fredericton",N,N,"",6,0,"Ashfield","","Keith","Conservative","Conservateur",Y,N,219
13003,"Fredericton","Fredericton"," 606","Fredericton",N,N,"",6,0,"Babineau","","Mary Lou","Green Party","Parti Vert",N,N,106
13003,"Fredericton","Fredericton"," 606","Fredericton",N,N,"",6,0,"DeCourcey","","Matt","Liberal","Libéral",N,Y,548
13003,"Fredericton","Fredericton"," 606","Fredericton",N,N,"",6,0,"Scott-Levesque","","Sharon","NDP-New Democratic Party","NPD-Nouveau Parti démocratique",N,N,86
13003,"Fredericton","Fredericton"," 607","Fredericton",N,N,"",1,0,"Ashfield","","Keith","Conservative","Conservateur",Y,N,302
13003,"Fredericton","Fredericton"," 607","Fredericton",N,N,"",1,0,"Babineau","","Mary Lou","Green Party","Parti Vert",N,N,142
13003,"Fredericton","Fredericton"," 607","Fredericton",N,N,"",1,0,"DeCourcey","","Matt","Liberal","Libéral",N,Y,657
13003,"Fredericton","Fredericton"," 607","Fredericton",N,N,"",1,0,"Scott-Levesque","","Sharon","NDP-New Democratic Party","NPD-Nouveau Parti démocratique",N,N,130
13003,"Fredericton","Fredericton"," 608","Fredericton",N,N,"",0,0,"Ashfield","","Keith","Conservative","Conservateur",Y,N,204
13003,"Fredericton","Fredericton"," 608","Fredericton",N,N,"",0,0,"Babineau","","Mary Lou","Green Party","Parti Vert",N,N,66
13003,"Fredericton","Fredericton"," 608","Fredericton",N,N,"",0,0,"DeCourcey","","Matt","Liberal","Libéral",N,Y,382
13003,"Fredericton","Fredericton"," 608","Fredericton",N,N,"",0,0,"Scott-Levesque","","Sharon","NDP-New Democratic Party","NPD-Nouveau Parti démocratique",N,N,81
13003,"Fredericton","Fredericton"," 609","New Maryland",N,N,"",3,0,"Ashfield","","Keith","Conservative","Conservateur",Y,N,251
13003,"Fredericton","Fredericton"," 609","New Maryland",N,N,"",3,0,"Babineau","","Mary Lou","Green Party","Parti Vert",N,N,59
13003,"Fredericton","Fredericton"," 609","New Maryland",N,N,"",3,0,"DeCourcey","","Matt","Liberal","Libéral",N,Y,444
13003,"Fredericton","Fredericton"," 609","New Maryland",N,N,"",3,0,"Scott-Levesque","","Sharon","NDP-New Democratic Party","NPD-Nouveau Parti démocratique",N,N,75
13003,"Fredericton","Fredericton"," 610","Oromocto",N,N,"",8,0,"Ashfield","","Keith","Conservative","Conservateur",Y,N,447
13003,"Fredericton","Fredericton"," 610","Oromocto",N,N,"",8,0,"Babineau","","Mary Lou","Green Party","Parti Vert",N,N,68
13003,"Fredericton","Fredericton"," 610","Oromocto",N,N,"",8,0,"DeCourcey","","Matt","Liberal","Libéral",N,Y,496
13003,"Fredericton","Fredericton"," 610","Oromocto",N,N,"",8,0,"Scott-Levesque","","Sharon","NDP-New Democratic Party","NPD-Nouveau Parti démocratique",N,N,99
13003,"Fredericton","Fredericton"," 611","Oromocto",N,N,"",2,0,"Ashfield","","Keith","Conservative","Conservateur",Y,N,204
13003,"Fredericton","Fredericton"," 611","Oromocto",N,N,"",2,0,"Babineau","","Mary Lou","Green Party","Parti Vert",N,N,27
13003,"Fredericton","Fredericton"," 611","Oromocto",N,N,"",2,0,"DeCourcey","","Matt","Liberal","Libéral",N,Y,183
13003,"Fredericton","Fredericton"," 611","Oromocto",N,N,"",2,0,"Scott-Levesque","","Sharon","NDP-New Democratic Party","NPD-Nouveau Parti démocratique",N,N,42
13003,"Fredericton","Fredericton"," S/R 1","SVR Group 1/RÉS Groupe 1",N,N,"",19,119,"Ashfield","","Keith","Conservative","Conservateur",Y,N,468
13003,"Fredericton","Fredericton"," S/R 1","SVR Group 1/RÉS Groupe 1",N,N,"",19,119,"Babineau","","Mary Lou","Green Party","Parti Vert",N,N,53
13003,"Fredericton","Fredericton"," S/R 1","SVR Group 1/RÉS Groupe 1",N,N,"",19,119,"DeCourcey","","Matt","Liberal","Libéral",N,Y,311
13003,"Fredericton","Fredericton"," S/R 1","SVR Group 1/RÉS Groupe 1",N,N,"",19,119,"Scott-Levesque","","Sharon","NDP-New Democratic Party","NPD-Nouveau Parti démocratique",N,N,46
13003,"Fredericton","Fredericton"," S/R 2","SVR Group 2/RÉS Groupe 2",N,N,"",12,0,"Ashfield","","Keith","Conservative","Conservateur",Y,N,763
13003,"Fredericton","Fredericton"," S/R 2","SVR Group 2/RÉS Groupe 2",N,N,"",12,0,"Babineau","","Mary Lou","Green Party","Parti Vert",N,N,410
13003,"Fredericton","Fredericton"," S/R 2","SVR Group 2/RÉS Groupe 2",N,N,"",12,0,"DeCourcey","","Matt","Liberal","Libéral",N,Y,1386
13003,"Fredericton","Fredericton"," S/R 2","SVR Group 2/RÉS Groupe 2",N,N,"",12,0,"Scott-Levesque","","Sharon","NDP-New Democratic Party","NPD-Nouveau Parti démocratique",N,N,385
