﻿Electoral District Number/Numéro de circonscription,Electoral District Name_English/Nom de circonscription_Anglais,Electoral District Name_French/Nom de circonscription_Français,Polling Station Number/Numéro du bureau de scrutin,Polling Station Name/Nom du bureau de scrutin,Void Poll Indicator/Indicateur de bureau supprimé,No Poll Held Indicator/Indicateur de bureau sans scrutin,Merge With/Fusionné avec,Rejected Ballots for Polling Station/Bulletins rejetés du bureau,Electors for Polling Station/Électeurs du bureau,Candidate’s Family Name/Nom de famille du candidat,Candidate’s Middle Name/Second prénom du candidat,Candidate’s First Name/Prénom du candidat,Political Affiliation Name_English/Appartenance politique_Anglais,Political Affiliation Name_French/Appartenance politique_Français,Incumbent Indicator/Indicateur_Candidat sortant,Elected Candidate Indicator/Indicateur du candidat élu,Candidate Poll Votes Count/Votes du candidat pour le bureau
46013,"Winnipeg South","Winnipeg-Sud"," 1","Winnipeg",N,N,"",0,442,"Duguid","","Terry","Liberal","Libéral",N,Y,111
46013,"Winnipeg South","Winnipeg-Sud"," 1","Winnipeg",N,N,"",0,442,"Giesbrecht","","Gordon","Conservative","Conservateur",N,N,79
46013,"Winnipeg South","Winnipeg-Sud"," 1","Winnipeg",N,N,"",0,442,"Goertzen","","Brianne","NDP-New Democratic Party","NPD-Nouveau Parti démocratique",N,N,11
46013,"Winnipeg South","Winnipeg-Sud"," 1","Winnipeg",N,N,"",0,442,"Smith","","Adam","Green Party","Parti Vert",N,N,6
46013,"Winnipeg South","Winnipeg-Sud"," 2","Winnipeg",N,N,"",1,472,"Duguid","","Terry","Liberal","Libéral",N,Y,176
46013,"Winnipeg South","Winnipeg-Sud"," 2","Winnipeg",N,N,"",1,472,"Giesbrecht","","Gordon","Conservative","Conservateur",N,N,94
46013,"Winnipeg South","Winnipeg-Sud"," 2","Winnipeg",N,N,"",1,472,"Goertzen","","Brianne","NDP-New Democratic Party","NPD-Nouveau Parti démocratique",N,N,8
46013,"Winnipeg South","Winnipeg-Sud"," 2","Winnipeg",N,N,"",1,472,"Smith","","Adam","Green Party","Parti Vert",N,N,10
46013,"Winnipeg South","Winnipeg-Sud"," 3","Winnipeg",N,N,"",2,350,"Duguid","","Terry","Liberal","Libéral",N,Y,112
46013,"Winnipeg South","Winnipeg-Sud"," 3","Winnipeg",N,N,"",2,350,"Giesbrecht","","Gordon","Conservative","Conservateur",N,N,62
46013,"Winnipeg South","Winnipeg-Sud"," 3","Winnipeg",N,N,"",2,350,"Goertzen","","Brianne","NDP-New Democratic Party","NPD-Nouveau Parti démocratique",N,N,19
46013,"Winnipeg South","Winnipeg-Sud"," 3","Winnipeg",N,N,"",2,350,"Smith","","Adam","Green Party","Parti Vert",N,N,6
46013,"Winnipeg South","Winnipeg-Sud"," 4","Winnipeg",N,N,"",1,492,"Duguid","","Terry","Liberal","Libéral",N,Y,161
46013,"Winnipeg South","Winnipeg-Sud"," 4","Winnipeg",N,N,"",1,492,"Giesbrecht","","Gordon","Conservative","Conservateur",N,N,80
46013,"Winnipeg South","Winnipeg-Sud"," 4","Winnipeg",N,N,"",1,492,"Goertzen","","Brianne","NDP-New Democratic Party","NPD-Nouveau Parti démocratique",N,N,12
46013,"Winnipeg South","Winnipeg-Sud"," 4","Winnipeg",N,N,"",1,492,"Smith","","Adam","Green Party","Parti Vert",N,N,3
46013,"Winnipeg South","Winnipeg-Sud"," 5","Winnipeg",N,N,"",0,311,"Duguid","","Terry","Liberal","Libéral",N,Y,91
46013,"Winnipeg South","Winnipeg-Sud"," 5","Winnipeg",N,N,"",0,311,"Giesbrecht","","Gordon","Conservative","Conservateur",N,N,68
46013,"Winnipeg South","Winnipeg-Sud"," 5","Winnipeg",N,N,"",0,311,"Goertzen","","Brianne","NDP-New Democratic Party","NPD-Nouveau Parti démocratique",N,N,11
46013,"Winnipeg South","Winnipeg-Sud"," 5","Winnipeg",N,N,"",0,311,"Smith","","Adam","Green Party","Parti Vert",N,N,3
46013,"Winnipeg South","Winnipeg-Sud"," 6","Winnipeg",N,N,"",1,366,"Duguid","","Terry","Liberal","Libéral",N,Y,131
46013,"Winnipeg South","Winnipeg-Sud"," 6","Winnipeg",N,N,"",1,366,"Giesbrecht","","Gordon","Conservative","Conservateur",N,N,68
46013,"Winnipeg South","Winnipeg-Sud"," 6","Winnipeg",N,N,"",1,366,"Goertzen","","Brianne","NDP-New Democratic Party","NPD-Nouveau Parti démocratique",N,N,12
46013,"Winnipeg South","Winnipeg-Sud"," 6","Winnipeg",N,N,"",1,366,"Smith","","Adam","Green Party","Parti Vert",N,N,5
46013,"Winnipeg South","Winnipeg-Sud"," 7","Winnipeg",N,N,"",1,376,"Duguid","","Terry","Liberal","Libéral",N,Y,118
46013,"Winnipeg South","Winnipeg-Sud"," 7","Winnipeg",N,N,"",1,376,"Giesbrecht","","Gordon","Conservative","Conservateur",N,N,76
46013,"Winnipeg South","Winnipeg-Sud"," 7","Winnipeg",N,N,"",1,376,"Goertzen","","Brianne","NDP-New Democratic Party","NPD-Nouveau Parti démocratique",N,N,20
46013,"Winnipeg South","Winnipeg-Sud"," 7","Winnipeg",N,N,"",1,376,"Smith","","Adam","Green Party","Parti Vert",N,N,4
46013,"Winnipeg South","Winnipeg-Sud"," 8","Winnipeg",N,N,"",2,436,"Duguid","","Terry","Liberal","Libéral",N,Y,150
46013,"Winnipeg South","Winnipeg-Sud"," 8","Winnipeg",N,N,"",2,436,"Giesbrecht","","Gordon","Conservative","Conservateur",N,N,60
46013,"Winnipeg South","Winnipeg-Sud"," 8","Winnipeg",N,N,"",2,436,"Goertzen","","Brianne","NDP-New Democratic Party","NPD-Nouveau Parti démocratique",N,N,12
46013,"Winnipeg South","Winnipeg-Sud"," 8","Winnipeg",N,N,"",2,436,"Smith","","Adam","Green Party","Parti Vert",N,N,7
46013,"Winnipeg South","Winnipeg-Sud"," 9","Winnipeg",N,N,"",0,420,"Duguid","","Terry","Liberal","Libéral",N,Y,159
46013,"Winnipeg South","Winnipeg-Sud"," 9","Winnipeg",N,N,"",0,420,"Giesbrecht","","Gordon","Conservative","Conservateur",N,N,71
46013,"Winnipeg South","Winnipeg-Sud"," 9","Winnipeg",N,N,"",0,420,"Goertzen","","Brianne","NDP-New Democratic Party","NPD-Nouveau Parti démocratique",N,N,19
46013,"Winnipeg South","Winnipeg-Sud"," 9","Winnipeg",N,N,"",0,420,"Smith","","Adam","Green Party","Parti Vert",N,N,1
46013,"Winnipeg South","Winnipeg-Sud"," 10","Winnipeg",N,N,"",2,457,"Duguid","","Terry","Liberal","Libéral",N,Y,158
46013,"Winnipeg South","Winnipeg-Sud"," 10","Winnipeg",N,N,"",2,457,"Giesbrecht","","Gordon","Conservative","Conservateur",N,N,82
46013,"Winnipeg South","Winnipeg-Sud"," 10","Winnipeg",N,N,"",2,457,"Goertzen","","Brianne","NDP-New Democratic Party","NPD-Nouveau Parti démocratique",N,N,18
46013,"Winnipeg South","Winnipeg-Sud"," 10","Winnipeg",N,N,"",2,457,"Smith","","Adam","Green Party","Parti Vert",N,N,6
46013,"Winnipeg South","Winnipeg-Sud"," 11","Winnipeg",N,N,"",0,397,"Duguid","","Terry","Liberal","Libéral",N,Y,135
46013,"Winnipeg South","Winnipeg-Sud"," 11","Winnipeg",N,N,"",0,397,"Giesbrecht","","Gordon","Conservative","Conservateur",N,N,72
46013,"Winnipeg South","Winnipeg-Sud"," 11","Winnipeg",N,N,"",0,397,"Goertzen","","Brianne","NDP-New Democratic Party","NPD-Nouveau Parti démocratique",N,N,14
46013,"Winnipeg South","Winnipeg-Sud"," 11","Winnipeg",N,N,"",0,397,"Smith","","Adam","Green Party","Parti Vert",N,N,5
46013,"Winnipeg South","Winnipeg-Sud"," 12","Winnipeg",N,N,"",1,427,"Duguid","","Terry","Liberal","Libéral",N,Y,135
46013,"Winnipeg South","Winnipeg-Sud"," 12","Winnipeg",N,N,"",1,427,"Giesbrecht","","Gordon","Conservative","Conservateur",N,N,70
46013,"Winnipeg South","Winnipeg-Sud"," 12","Winnipeg",N,N,"",1,427,"Goertzen","","Brianne","NDP-New Democratic Party","NPD-Nouveau Parti démocratique",N,N,18
46013,"Winnipeg South","Winnipeg-Sud"," 12","Winnipeg",N,N,"",1,427,"Smith","","Adam","Green Party","Parti Vert",N,N,12
46013,"Winnipeg South","Winnipeg-Sud"," 13","Winnipeg",N,N,"",0,409,"Duguid","","Terry","Liberal","Libéral",N,Y,110
46013,"Winnipeg South","Winnipeg-Sud"," 13","Winnipeg",N,N,"",0,409,"Giesbrecht","","Gordon","Conservative","Conservateur",N,N,49
46013,"Winnipeg South","Winnipeg-Sud"," 13","Winnipeg",N,N,"",0,409,"Goertzen","","Brianne","NDP-New Democratic Party","NPD-Nouveau Parti démocratique",N,N,18
46013,"Winnipeg South","Winnipeg-Sud"," 13","Winnipeg",N,N,"",0,409,"Smith","","Adam","Green Party","Parti Vert",N,N,2
46013,"Winnipeg South","Winnipeg-Sud"," 14","Winnipeg",N,N,"",1,398,"Duguid","","Terry","Liberal","Libéral",N,Y,129
46013,"Winnipeg South","Winnipeg-Sud"," 14","Winnipeg",N,N,"",1,398,"Giesbrecht","","Gordon","Conservative","Conservateur",N,N,74
46013,"Winnipeg South","Winnipeg-Sud"," 14","Winnipeg",N,N,"",1,398,"Goertzen","","Brianne","NDP-New Democratic Party","NPD-Nouveau Parti démocratique",N,N,18
46013,"Winnipeg South","Winnipeg-Sud"," 14","Winnipeg",N,N,"",1,398,"Smith","","Adam","Green Party","Parti Vert",N,N,6
46013,"Winnipeg South","Winnipeg-Sud"," 15","Winnipeg",N,N,"",1,416,"Duguid","","Terry","Liberal","Libéral",N,Y,137
46013,"Winnipeg South","Winnipeg-Sud"," 15","Winnipeg",N,N,"",1,416,"Giesbrecht","","Gordon","Conservative","Conservateur",N,N,64
46013,"Winnipeg South","Winnipeg-Sud"," 15","Winnipeg",N,N,"",1,416,"Goertzen","","Brianne","NDP-New Democratic Party","NPD-Nouveau Parti démocratique",N,N,20
46013,"Winnipeg South","Winnipeg-Sud"," 15","Winnipeg",N,N,"",1,416,"Smith","","Adam","Green Party","Parti Vert",N,N,7
46013,"Winnipeg South","Winnipeg-Sud"," 16","Winnipeg",N,N,"",1,393,"Duguid","","Terry","Liberal","Libéral",N,Y,121
46013,"Winnipeg South","Winnipeg-Sud"," 16","Winnipeg",N,N,"",1,393,"Giesbrecht","","Gordon","Conservative","Conservateur",N,N,76
46013,"Winnipeg South","Winnipeg-Sud"," 16","Winnipeg",N,N,"",1,393,"Goertzen","","Brianne","NDP-New Democratic Party","NPD-Nouveau Parti démocratique",N,N,15
46013,"Winnipeg South","Winnipeg-Sud"," 16","Winnipeg",N,N,"",1,393,"Smith","","Adam","Green Party","Parti Vert",N,N,10
46013,"Winnipeg South","Winnipeg-Sud"," 17","Winnipeg",N,N,"",1,366,"Duguid","","Terry","Liberal","Libéral",N,Y,101
46013,"Winnipeg South","Winnipeg-Sud"," 17","Winnipeg",N,N,"",1,366,"Giesbrecht","","Gordon","Conservative","Conservateur",N,N,62
46013,"Winnipeg South","Winnipeg-Sud"," 17","Winnipeg",N,N,"",1,366,"Goertzen","","Brianne","NDP-New Democratic Party","NPD-Nouveau Parti démocratique",N,N,17
46013,"Winnipeg South","Winnipeg-Sud"," 17","Winnipeg",N,N,"",1,366,"Smith","","Adam","Green Party","Parti Vert",N,N,6
46013,"Winnipeg South","Winnipeg-Sud"," 18","Winnipeg",N,N,"",1,292,"Duguid","","Terry","Liberal","Libéral",N,Y,88
46013,"Winnipeg South","Winnipeg-Sud"," 18","Winnipeg",N,N,"",1,292,"Giesbrecht","","Gordon","Conservative","Conservateur",N,N,55
46013,"Winnipeg South","Winnipeg-Sud"," 18","Winnipeg",N,N,"",1,292,"Goertzen","","Brianne","NDP-New Democratic Party","NPD-Nouveau Parti démocratique",N,N,16
46013,"Winnipeg South","Winnipeg-Sud"," 18","Winnipeg",N,N,"",1,292,"Smith","","Adam","Green Party","Parti Vert",N,N,9
46013,"Winnipeg South","Winnipeg-Sud"," 19A","Winnipeg",N,N,"",1,320,"Duguid","","Terry","Liberal","Libéral",N,Y,99
46013,"Winnipeg South","Winnipeg-Sud"," 19A","Winnipeg",N,N,"",1,320,"Giesbrecht","","Gordon","Conservative","Conservateur",N,N,39
46013,"Winnipeg South","Winnipeg-Sud"," 19A","Winnipeg",N,N,"",1,320,"Goertzen","","Brianne","NDP-New Democratic Party","NPD-Nouveau Parti démocratique",N,N,19
46013,"Winnipeg South","Winnipeg-Sud"," 19A","Winnipeg",N,N,"",1,320,"Smith","","Adam","Green Party","Parti Vert",N,N,3
46013,"Winnipeg South","Winnipeg-Sud"," 19B","Winnipeg",N,N,"",1,325,"Duguid","","Terry","Liberal","Libéral",N,Y,99
46013,"Winnipeg South","Winnipeg-Sud"," 19B","Winnipeg",N,N,"",1,325,"Giesbrecht","","Gordon","Conservative","Conservateur",N,N,38
46013,"Winnipeg South","Winnipeg-Sud"," 19B","Winnipeg",N,N,"",1,325,"Goertzen","","Brianne","NDP-New Democratic Party","NPD-Nouveau Parti démocratique",N,N,13
46013,"Winnipeg South","Winnipeg-Sud"," 19B","Winnipeg",N,N,"",1,325,"Smith","","Adam","Green Party","Parti Vert",N,N,7
46013,"Winnipeg South","Winnipeg-Sud"," 20","Winnipeg",N,N,"",0,204,"Duguid","","Terry","Liberal","Libéral",N,Y,68
46013,"Winnipeg South","Winnipeg-Sud"," 20","Winnipeg",N,N,"",0,204,"Giesbrecht","","Gordon","Conservative","Conservateur",N,N,32
46013,"Winnipeg South","Winnipeg-Sud"," 20","Winnipeg",N,N,"",0,204,"Goertzen","","Brianne","NDP-New Democratic Party","NPD-Nouveau Parti démocratique",N,N,9
46013,"Winnipeg South","Winnipeg-Sud"," 20","Winnipeg",N,N,"",0,204,"Smith","","Adam","Green Party","Parti Vert",N,N,2
46013,"Winnipeg South","Winnipeg-Sud"," 21","Winnipeg",N,N,"",2,428,"Duguid","","Terry","Liberal","Libéral",N,Y,143
46013,"Winnipeg South","Winnipeg-Sud"," 21","Winnipeg",N,N,"",2,428,"Giesbrecht","","Gordon","Conservative","Conservateur",N,N,80
46013,"Winnipeg South","Winnipeg-Sud"," 21","Winnipeg",N,N,"",2,428,"Goertzen","","Brianne","NDP-New Democratic Party","NPD-Nouveau Parti démocratique",N,N,20
46013,"Winnipeg South","Winnipeg-Sud"," 21","Winnipeg",N,N,"",2,428,"Smith","","Adam","Green Party","Parti Vert",N,N,5
46013,"Winnipeg South","Winnipeg-Sud"," 22","Winnipeg",N,N,"",2,463,"Duguid","","Terry","Liberal","Libéral",N,Y,180
46013,"Winnipeg South","Winnipeg-Sud"," 22","Winnipeg",N,N,"",2,463,"Giesbrecht","","Gordon","Conservative","Conservateur",N,N,74
46013,"Winnipeg South","Winnipeg-Sud"," 22","Winnipeg",N,N,"",2,463,"Goertzen","","Brianne","NDP-New Democratic Party","NPD-Nouveau Parti démocratique",N,N,12
46013,"Winnipeg South","Winnipeg-Sud"," 22","Winnipeg",N,N,"",2,463,"Smith","","Adam","Green Party","Parti Vert",N,N,5
46013,"Winnipeg South","Winnipeg-Sud"," 23","Winnipeg",N,N,"",1,441,"Duguid","","Terry","Liberal","Libéral",N,Y,162
46013,"Winnipeg South","Winnipeg-Sud"," 23","Winnipeg",N,N,"",1,441,"Giesbrecht","","Gordon","Conservative","Conservateur",N,N,50
46013,"Winnipeg South","Winnipeg-Sud"," 23","Winnipeg",N,N,"",1,441,"Goertzen","","Brianne","NDP-New Democratic Party","NPD-Nouveau Parti démocratique",N,N,17
46013,"Winnipeg South","Winnipeg-Sud"," 23","Winnipeg",N,N,"",1,441,"Smith","","Adam","Green Party","Parti Vert",N,N,8
46013,"Winnipeg South","Winnipeg-Sud"," 24A","Winnipeg",N,N,"",0,483,"Duguid","","Terry","Liberal","Libéral",N,Y,202
46013,"Winnipeg South","Winnipeg-Sud"," 24A","Winnipeg",N,N,"",0,483,"Giesbrecht","","Gordon","Conservative","Conservateur",N,N,67
46013,"Winnipeg South","Winnipeg-Sud"," 24A","Winnipeg",N,N,"",0,483,"Goertzen","","Brianne","NDP-New Democratic Party","NPD-Nouveau Parti démocratique",N,N,21
46013,"Winnipeg South","Winnipeg-Sud"," 24A","Winnipeg",N,N,"",0,483,"Smith","","Adam","Green Party","Parti Vert",N,N,4
46013,"Winnipeg South","Winnipeg-Sud"," 24B","Mobile poll/Bureau itinérant",N,N,"127B",0,36,"Duguid","","Terry","Liberal","Libéral",N,Y,0
46013,"Winnipeg South","Winnipeg-Sud"," 24B","Mobile poll/Bureau itinérant",N,N,"127B",0,36,"Giesbrecht","","Gordon","Conservative","Conservateur",N,N,0
46013,"Winnipeg South","Winnipeg-Sud"," 24B","Mobile poll/Bureau itinérant",N,N,"127B",0,36,"Goertzen","","Brianne","NDP-New Democratic Party","NPD-Nouveau Parti démocratique",N,N,0
46013,"Winnipeg South","Winnipeg-Sud"," 24B","Mobile poll/Bureau itinérant",N,N,"127B",0,36,"Smith","","Adam","Green Party","Parti Vert",N,N,0
46013,"Winnipeg South","Winnipeg-Sud"," 25","Winnipeg",N,N,"",1,469,"Duguid","","Terry","Liberal","Libéral",N,Y,114
46013,"Winnipeg South","Winnipeg-Sud"," 25","Winnipeg",N,N,"",1,469,"Giesbrecht","","Gordon","Conservative","Conservateur",N,N,82
46013,"Winnipeg South","Winnipeg-Sud"," 25","Winnipeg",N,N,"",1,469,"Goertzen","","Brianne","NDP-New Democratic Party","NPD-Nouveau Parti démocratique",N,N,21
46013,"Winnipeg South","Winnipeg-Sud"," 25","Winnipeg",N,N,"",1,469,"Smith","","Adam","Green Party","Parti Vert",N,N,8
46013,"Winnipeg South","Winnipeg-Sud"," 26","Winnipeg",N,N,"",0,471,"Duguid","","Terry","Liberal","Libéral",N,Y,160
46013,"Winnipeg South","Winnipeg-Sud"," 26","Winnipeg",N,N,"",0,471,"Giesbrecht","","Gordon","Conservative","Conservateur",N,N,76
46013,"Winnipeg South","Winnipeg-Sud"," 26","Winnipeg",N,N,"",0,471,"Goertzen","","Brianne","NDP-New Democratic Party","NPD-Nouveau Parti démocratique",N,N,18
46013,"Winnipeg South","Winnipeg-Sud"," 26","Winnipeg",N,N,"",0,471,"Smith","","Adam","Green Party","Parti Vert",N,N,6
46013,"Winnipeg South","Winnipeg-Sud"," 27","Winnipeg",N,N,"",1,362,"Duguid","","Terry","Liberal","Libéral",N,Y,125
46013,"Winnipeg South","Winnipeg-Sud"," 27","Winnipeg",N,N,"",1,362,"Giesbrecht","","Gordon","Conservative","Conservateur",N,N,69
46013,"Winnipeg South","Winnipeg-Sud"," 27","Winnipeg",N,N,"",1,362,"Goertzen","","Brianne","NDP-New Democratic Party","NPD-Nouveau Parti démocratique",N,N,14
46013,"Winnipeg South","Winnipeg-Sud"," 27","Winnipeg",N,N,"",1,362,"Smith","","Adam","Green Party","Parti Vert",N,N,2
46013,"Winnipeg South","Winnipeg-Sud"," 28","Winnipeg",N,N,"",1,405,"Duguid","","Terry","Liberal","Libéral",N,Y,152
46013,"Winnipeg South","Winnipeg-Sud"," 28","Winnipeg",N,N,"",1,405,"Giesbrecht","","Gordon","Conservative","Conservateur",N,N,86
46013,"Winnipeg South","Winnipeg-Sud"," 28","Winnipeg",N,N,"",1,405,"Goertzen","","Brianne","NDP-New Democratic Party","NPD-Nouveau Parti démocratique",N,N,12
46013,"Winnipeg South","Winnipeg-Sud"," 28","Winnipeg",N,N,"",1,405,"Smith","","Adam","Green Party","Parti Vert",N,N,4
46013,"Winnipeg South","Winnipeg-Sud"," 29","Winnipeg",N,N,"",0,401,"Duguid","","Terry","Liberal","Libéral",N,Y,139
46013,"Winnipeg South","Winnipeg-Sud"," 29","Winnipeg",N,N,"",0,401,"Giesbrecht","","Gordon","Conservative","Conservateur",N,N,85
46013,"Winnipeg South","Winnipeg-Sud"," 29","Winnipeg",N,N,"",0,401,"Goertzen","","Brianne","NDP-New Democratic Party","NPD-Nouveau Parti démocratique",N,N,5
46013,"Winnipeg South","Winnipeg-Sud"," 29","Winnipeg",N,N,"",0,401,"Smith","","Adam","Green Party","Parti Vert",N,N,3
46013,"Winnipeg South","Winnipeg-Sud"," 30","Winnipeg",N,N,"",0,520,"Duguid","","Terry","Liberal","Libéral",N,Y,168
46013,"Winnipeg South","Winnipeg-Sud"," 30","Winnipeg",N,N,"",0,520,"Giesbrecht","","Gordon","Conservative","Conservateur",N,N,100
46013,"Winnipeg South","Winnipeg-Sud"," 30","Winnipeg",N,N,"",0,520,"Goertzen","","Brianne","NDP-New Democratic Party","NPD-Nouveau Parti démocratique",N,N,18
46013,"Winnipeg South","Winnipeg-Sud"," 30","Winnipeg",N,N,"",0,520,"Smith","","Adam","Green Party","Parti Vert",N,N,6
46013,"Winnipeg South","Winnipeg-Sud"," 31","Winnipeg",N,N,"",1,335,"Duguid","","Terry","Liberal","Libéral",N,Y,138
46013,"Winnipeg South","Winnipeg-Sud"," 31","Winnipeg",N,N,"",1,335,"Giesbrecht","","Gordon","Conservative","Conservateur",N,N,67
46013,"Winnipeg South","Winnipeg-Sud"," 31","Winnipeg",N,N,"",1,335,"Goertzen","","Brianne","NDP-New Democratic Party","NPD-Nouveau Parti démocratique",N,N,9
46013,"Winnipeg South","Winnipeg-Sud"," 31","Winnipeg",N,N,"",1,335,"Smith","","Adam","Green Party","Parti Vert",N,N,3
46013,"Winnipeg South","Winnipeg-Sud"," 32","Winnipeg",N,N,"",0,432,"Duguid","","Terry","Liberal","Libéral",N,Y,157
46013,"Winnipeg South","Winnipeg-Sud"," 32","Winnipeg",N,N,"",0,432,"Giesbrecht","","Gordon","Conservative","Conservateur",N,N,96
46013,"Winnipeg South","Winnipeg-Sud"," 32","Winnipeg",N,N,"",0,432,"Goertzen","","Brianne","NDP-New Democratic Party","NPD-Nouveau Parti démocratique",N,N,8
46013,"Winnipeg South","Winnipeg-Sud"," 32","Winnipeg",N,N,"",0,432,"Smith","","Adam","Green Party","Parti Vert",N,N,4
46013,"Winnipeg South","Winnipeg-Sud"," 33","Winnipeg",N,N,"",3,487,"Duguid","","Terry","Liberal","Libéral",N,Y,148
46013,"Winnipeg South","Winnipeg-Sud"," 33","Winnipeg",N,N,"",3,487,"Giesbrecht","","Gordon","Conservative","Conservateur",N,N,104
46013,"Winnipeg South","Winnipeg-Sud"," 33","Winnipeg",N,N,"",3,487,"Goertzen","","Brianne","NDP-New Democratic Party","NPD-Nouveau Parti démocratique",N,N,16
46013,"Winnipeg South","Winnipeg-Sud"," 33","Winnipeg",N,N,"",3,487,"Smith","","Adam","Green Party","Parti Vert",N,N,1
46013,"Winnipeg South","Winnipeg-Sud"," 34A","Winnipeg",N,N,"",1,290,"Duguid","","Terry","Liberal","Libéral",N,Y,109
46013,"Winnipeg South","Winnipeg-Sud"," 34A","Winnipeg",N,N,"",1,290,"Giesbrecht","","Gordon","Conservative","Conservateur",N,N,48
46013,"Winnipeg South","Winnipeg-Sud"," 34A","Winnipeg",N,N,"",1,290,"Goertzen","","Brianne","NDP-New Democratic Party","NPD-Nouveau Parti démocratique",N,N,11
46013,"Winnipeg South","Winnipeg-Sud"," 34A","Winnipeg",N,N,"",1,290,"Smith","","Adam","Green Party","Parti Vert",N,N,4
46013,"Winnipeg South","Winnipeg-Sud"," 34B","Winnipeg",N,N,"",1,315,"Duguid","","Terry","Liberal","Libéral",N,Y,104
46013,"Winnipeg South","Winnipeg-Sud"," 34B","Winnipeg",N,N,"",1,315,"Giesbrecht","","Gordon","Conservative","Conservateur",N,N,67
46013,"Winnipeg South","Winnipeg-Sud"," 34B","Winnipeg",N,N,"",1,315,"Goertzen","","Brianne","NDP-New Democratic Party","NPD-Nouveau Parti démocratique",N,N,8
46013,"Winnipeg South","Winnipeg-Sud"," 34B","Winnipeg",N,N,"",1,315,"Smith","","Adam","Green Party","Parti Vert",N,N,3
46013,"Winnipeg South","Winnipeg-Sud"," 35","Winnipeg",N,N,"",0,299,"Duguid","","Terry","Liberal","Libéral",N,Y,116
46013,"Winnipeg South","Winnipeg-Sud"," 35","Winnipeg",N,N,"",0,299,"Giesbrecht","","Gordon","Conservative","Conservateur",N,N,69
46013,"Winnipeg South","Winnipeg-Sud"," 35","Winnipeg",N,N,"",0,299,"Goertzen","","Brianne","NDP-New Democratic Party","NPD-Nouveau Parti démocratique",N,N,14
46013,"Winnipeg South","Winnipeg-Sud"," 35","Winnipeg",N,N,"",0,299,"Smith","","Adam","Green Party","Parti Vert",N,N,2
46013,"Winnipeg South","Winnipeg-Sud"," 36","Winnipeg",N,N,"",0,414,"Duguid","","Terry","Liberal","Libéral",N,Y,151
46013,"Winnipeg South","Winnipeg-Sud"," 36","Winnipeg",N,N,"",0,414,"Giesbrecht","","Gordon","Conservative","Conservateur",N,N,98
46013,"Winnipeg South","Winnipeg-Sud"," 36","Winnipeg",N,N,"",0,414,"Goertzen","","Brianne","NDP-New Democratic Party","NPD-Nouveau Parti démocratique",N,N,10
46013,"Winnipeg South","Winnipeg-Sud"," 36","Winnipeg",N,N,"",0,414,"Smith","","Adam","Green Party","Parti Vert",N,N,1
46013,"Winnipeg South","Winnipeg-Sud"," 37","Winnipeg",N,N,"",0,487,"Duguid","","Terry","Liberal","Libéral",N,Y,192
46013,"Winnipeg South","Winnipeg-Sud"," 37","Winnipeg",N,N,"",0,487,"Giesbrecht","","Gordon","Conservative","Conservateur",N,N,123
46013,"Winnipeg South","Winnipeg-Sud"," 37","Winnipeg",N,N,"",0,487,"Goertzen","","Brianne","NDP-New Democratic Party","NPD-Nouveau Parti démocratique",N,N,12
46013,"Winnipeg South","Winnipeg-Sud"," 37","Winnipeg",N,N,"",0,487,"Smith","","Adam","Green Party","Parti Vert",N,N,4
46013,"Winnipeg South","Winnipeg-Sud"," 38","Winnipeg",N,N,"",0,325,"Duguid","","Terry","Liberal","Libéral",N,Y,97
46013,"Winnipeg South","Winnipeg-Sud"," 38","Winnipeg",N,N,"",0,325,"Giesbrecht","","Gordon","Conservative","Conservateur",N,N,64
46013,"Winnipeg South","Winnipeg-Sud"," 38","Winnipeg",N,N,"",0,325,"Goertzen","","Brianne","NDP-New Democratic Party","NPD-Nouveau Parti démocratique",N,N,8
46013,"Winnipeg South","Winnipeg-Sud"," 38","Winnipeg",N,N,"",0,325,"Smith","","Adam","Green Party","Parti Vert",N,N,4
46013,"Winnipeg South","Winnipeg-Sud"," 39","Winnipeg",N,N,"",1,403,"Duguid","","Terry","Liberal","Libéral",N,Y,166
46013,"Winnipeg South","Winnipeg-Sud"," 39","Winnipeg",N,N,"",1,403,"Giesbrecht","","Gordon","Conservative","Conservateur",N,N,67
46013,"Winnipeg South","Winnipeg-Sud"," 39","Winnipeg",N,N,"",1,403,"Goertzen","","Brianne","NDP-New Democratic Party","NPD-Nouveau Parti démocratique",N,N,10
46013,"Winnipeg South","Winnipeg-Sud"," 39","Winnipeg",N,N,"",1,403,"Smith","","Adam","Green Party","Parti Vert",N,N,5
46013,"Winnipeg South","Winnipeg-Sud"," 40","Winnipeg",N,N,"",1,517,"Duguid","","Terry","Liberal","Libéral",N,Y,167
46013,"Winnipeg South","Winnipeg-Sud"," 40","Winnipeg",N,N,"",1,517,"Giesbrecht","","Gordon","Conservative","Conservateur",N,N,82
46013,"Winnipeg South","Winnipeg-Sud"," 40","Winnipeg",N,N,"",1,517,"Goertzen","","Brianne","NDP-New Democratic Party","NPD-Nouveau Parti démocratique",N,N,9
46013,"Winnipeg South","Winnipeg-Sud"," 40","Winnipeg",N,N,"",1,517,"Smith","","Adam","Green Party","Parti Vert",N,N,2
46013,"Winnipeg South","Winnipeg-Sud"," 41","Winnipeg",N,N,"",0,379,"Duguid","","Terry","Liberal","Libéral",N,Y,97
46013,"Winnipeg South","Winnipeg-Sud"," 41","Winnipeg",N,N,"",0,379,"Giesbrecht","","Gordon","Conservative","Conservateur",N,N,66
46013,"Winnipeg South","Winnipeg-Sud"," 41","Winnipeg",N,N,"",0,379,"Goertzen","","Brianne","NDP-New Democratic Party","NPD-Nouveau Parti démocratique",N,N,10
46013,"Winnipeg South","Winnipeg-Sud"," 41","Winnipeg",N,N,"",0,379,"Smith","","Adam","Green Party","Parti Vert",N,N,4
46013,"Winnipeg South","Winnipeg-Sud"," 42","Winnipeg",N,N,"",0,226,"Duguid","","Terry","Liberal","Libéral",N,Y,88
46013,"Winnipeg South","Winnipeg-Sud"," 42","Winnipeg",N,N,"",0,226,"Giesbrecht","","Gordon","Conservative","Conservateur",N,N,39
46013,"Winnipeg South","Winnipeg-Sud"," 42","Winnipeg",N,N,"",0,226,"Goertzen","","Brianne","NDP-New Democratic Party","NPD-Nouveau Parti démocratique",N,N,4
46013,"Winnipeg South","Winnipeg-Sud"," 42","Winnipeg",N,N,"",0,226,"Smith","","Adam","Green Party","Parti Vert",N,N,4
46013,"Winnipeg South","Winnipeg-Sud"," 43","Winnipeg",N,N,"",2,517,"Duguid","","Terry","Liberal","Libéral",N,Y,173
46013,"Winnipeg South","Winnipeg-Sud"," 43","Winnipeg",N,N,"",2,517,"Giesbrecht","","Gordon","Conservative","Conservateur",N,N,85
46013,"Winnipeg South","Winnipeg-Sud"," 43","Winnipeg",N,N,"",2,517,"Goertzen","","Brianne","NDP-New Democratic Party","NPD-Nouveau Parti démocratique",N,N,13
46013,"Winnipeg South","Winnipeg-Sud"," 43","Winnipeg",N,N,"",2,517,"Smith","","Adam","Green Party","Parti Vert",N,N,6
46013,"Winnipeg South","Winnipeg-Sud"," 44","Winnipeg",N,N,"",0,294,"Duguid","","Terry","Liberal","Libéral",N,Y,92
46013,"Winnipeg South","Winnipeg-Sud"," 44","Winnipeg",N,N,"",0,294,"Giesbrecht","","Gordon","Conservative","Conservateur",N,N,55
46013,"Winnipeg South","Winnipeg-Sud"," 44","Winnipeg",N,N,"",0,294,"Goertzen","","Brianne","NDP-New Democratic Party","NPD-Nouveau Parti démocratique",N,N,8
46013,"Winnipeg South","Winnipeg-Sud"," 44","Winnipeg",N,N,"",0,294,"Smith","","Adam","Green Party","Parti Vert",N,N,11
46013,"Winnipeg South","Winnipeg-Sud"," 45","Winnipeg",N,N,"",1,422,"Duguid","","Terry","Liberal","Libéral",N,Y,154
46013,"Winnipeg South","Winnipeg-Sud"," 45","Winnipeg",N,N,"",1,422,"Giesbrecht","","Gordon","Conservative","Conservateur",N,N,72
46013,"Winnipeg South","Winnipeg-Sud"," 45","Winnipeg",N,N,"",1,422,"Goertzen","","Brianne","NDP-New Democratic Party","NPD-Nouveau Parti démocratique",N,N,9
46013,"Winnipeg South","Winnipeg-Sud"," 45","Winnipeg",N,N,"",1,422,"Smith","","Adam","Green Party","Parti Vert",N,N,4
46013,"Winnipeg South","Winnipeg-Sud"," 46A","Winnipeg",N,N,"",0,444,"Duguid","","Terry","Liberal","Libéral",N,Y,122
46013,"Winnipeg South","Winnipeg-Sud"," 46A","Winnipeg",N,N,"",0,444,"Giesbrecht","","Gordon","Conservative","Conservateur",N,N,101
46013,"Winnipeg South","Winnipeg-Sud"," 46A","Winnipeg",N,N,"",0,444,"Goertzen","","Brianne","NDP-New Democratic Party","NPD-Nouveau Parti démocratique",N,N,15
46013,"Winnipeg South","Winnipeg-Sud"," 46A","Winnipeg",N,N,"",0,444,"Smith","","Adam","Green Party","Parti Vert",N,N,6
46013,"Winnipeg South","Winnipeg-Sud"," 46B","Winnipeg",N,N,"",0,452,"Duguid","","Terry","Liberal","Libéral",N,Y,122
46013,"Winnipeg South","Winnipeg-Sud"," 46B","Winnipeg",N,N,"",0,452,"Giesbrecht","","Gordon","Conservative","Conservateur",N,N,120
46013,"Winnipeg South","Winnipeg-Sud"," 46B","Winnipeg",N,N,"",0,452,"Goertzen","","Brianne","NDP-New Democratic Party","NPD-Nouveau Parti démocratique",N,N,15
46013,"Winnipeg South","Winnipeg-Sud"," 46B","Winnipeg",N,N,"",0,452,"Smith","","Adam","Green Party","Parti Vert",N,N,0
46013,"Winnipeg South","Winnipeg-Sud"," 47","Winnipeg",N,N,"",0,507,"Duguid","","Terry","Liberal","Libéral",N,Y,192
46013,"Winnipeg South","Winnipeg-Sud"," 47","Winnipeg",N,N,"",0,507,"Giesbrecht","","Gordon","Conservative","Conservateur",N,N,80
46013,"Winnipeg South","Winnipeg-Sud"," 47","Winnipeg",N,N,"",0,507,"Goertzen","","Brianne","NDP-New Democratic Party","NPD-Nouveau Parti démocratique",N,N,16
46013,"Winnipeg South","Winnipeg-Sud"," 47","Winnipeg",N,N,"",0,507,"Smith","","Adam","Green Party","Parti Vert",N,N,9
46013,"Winnipeg South","Winnipeg-Sud"," 48","Winnipeg",N,N,"",1,481,"Duguid","","Terry","Liberal","Libéral",N,Y,207
46013,"Winnipeg South","Winnipeg-Sud"," 48","Winnipeg",N,N,"",1,481,"Giesbrecht","","Gordon","Conservative","Conservateur",N,N,97
46013,"Winnipeg South","Winnipeg-Sud"," 48","Winnipeg",N,N,"",1,481,"Goertzen","","Brianne","NDP-New Democratic Party","NPD-Nouveau Parti démocratique",N,N,16
46013,"Winnipeg South","Winnipeg-Sud"," 48","Winnipeg",N,N,"",1,481,"Smith","","Adam","Green Party","Parti Vert",N,N,12
46013,"Winnipeg South","Winnipeg-Sud"," 49","Winnipeg",N,N,"",0,413,"Duguid","","Terry","Liberal","Libéral",N,Y,152
46013,"Winnipeg South","Winnipeg-Sud"," 49","Winnipeg",N,N,"",0,413,"Giesbrecht","","Gordon","Conservative","Conservateur",N,N,94
46013,"Winnipeg South","Winnipeg-Sud"," 49","Winnipeg",N,N,"",0,413,"Goertzen","","Brianne","NDP-New Democratic Party","NPD-Nouveau Parti démocratique",N,N,6
46013,"Winnipeg South","Winnipeg-Sud"," 49","Winnipeg",N,N,"",0,413,"Smith","","Adam","Green Party","Parti Vert",N,N,5
46013,"Winnipeg South","Winnipeg-Sud"," 50","Winnipeg",N,N,"",0,319,"Duguid","","Terry","Liberal","Libéral",N,Y,110
46013,"Winnipeg South","Winnipeg-Sud"," 50","Winnipeg",N,N,"",0,319,"Giesbrecht","","Gordon","Conservative","Conservateur",N,N,69
46013,"Winnipeg South","Winnipeg-Sud"," 50","Winnipeg",N,N,"",0,319,"Goertzen","","Brianne","NDP-New Democratic Party","NPD-Nouveau Parti démocratique",N,N,15
46013,"Winnipeg South","Winnipeg-Sud"," 50","Winnipeg",N,N,"",0,319,"Smith","","Adam","Green Party","Parti Vert",N,N,1
46013,"Winnipeg South","Winnipeg-Sud"," 51","Winnipeg",N,N,"",0,426,"Duguid","","Terry","Liberal","Libéral",N,Y,154
46013,"Winnipeg South","Winnipeg-Sud"," 51","Winnipeg",N,N,"",0,426,"Giesbrecht","","Gordon","Conservative","Conservateur",N,N,101
46013,"Winnipeg South","Winnipeg-Sud"," 51","Winnipeg",N,N,"",0,426,"Goertzen","","Brianne","NDP-New Democratic Party","NPD-Nouveau Parti démocratique",N,N,3
46013,"Winnipeg South","Winnipeg-Sud"," 51","Winnipeg",N,N,"",0,426,"Smith","","Adam","Green Party","Parti Vert",N,N,7
46013,"Winnipeg South","Winnipeg-Sud"," 52","Winnipeg",N,N,"",1,383,"Duguid","","Terry","Liberal","Libéral",N,Y,159
46013,"Winnipeg South","Winnipeg-Sud"," 52","Winnipeg",N,N,"",1,383,"Giesbrecht","","Gordon","Conservative","Conservateur",N,N,91
46013,"Winnipeg South","Winnipeg-Sud"," 52","Winnipeg",N,N,"",1,383,"Goertzen","","Brianne","NDP-New Democratic Party","NPD-Nouveau Parti démocratique",N,N,10
46013,"Winnipeg South","Winnipeg-Sud"," 52","Winnipeg",N,N,"",1,383,"Smith","","Adam","Green Party","Parti Vert",N,N,1
46013,"Winnipeg South","Winnipeg-Sud"," 53","Winnipeg",N,N,"",2,513,"Duguid","","Terry","Liberal","Libéral",N,Y,183
46013,"Winnipeg South","Winnipeg-Sud"," 53","Winnipeg",N,N,"",2,513,"Giesbrecht","","Gordon","Conservative","Conservateur",N,N,114
46013,"Winnipeg South","Winnipeg-Sud"," 53","Winnipeg",N,N,"",2,513,"Goertzen","","Brianne","NDP-New Democratic Party","NPD-Nouveau Parti démocratique",N,N,16
46013,"Winnipeg South","Winnipeg-Sud"," 53","Winnipeg",N,N,"",2,513,"Smith","","Adam","Green Party","Parti Vert",N,N,4
46013,"Winnipeg South","Winnipeg-Sud"," 54","Winnipeg",N,N,"",1,370,"Duguid","","Terry","Liberal","Libéral",N,Y,106
46013,"Winnipeg South","Winnipeg-Sud"," 54","Winnipeg",N,N,"",1,370,"Giesbrecht","","Gordon","Conservative","Conservateur",N,N,112
46013,"Winnipeg South","Winnipeg-Sud"," 54","Winnipeg",N,N,"",1,370,"Goertzen","","Brianne","NDP-New Democratic Party","NPD-Nouveau Parti démocratique",N,N,12
46013,"Winnipeg South","Winnipeg-Sud"," 54","Winnipeg",N,N,"",1,370,"Smith","","Adam","Green Party","Parti Vert",N,N,6
46013,"Winnipeg South","Winnipeg-Sud"," 55","Winnipeg",N,N,"",0,303,"Duguid","","Terry","Liberal","Libéral",N,Y,97
46013,"Winnipeg South","Winnipeg-Sud"," 55","Winnipeg",N,N,"",0,303,"Giesbrecht","","Gordon","Conservative","Conservateur",N,N,77
46013,"Winnipeg South","Winnipeg-Sud"," 55","Winnipeg",N,N,"",0,303,"Goertzen","","Brianne","NDP-New Democratic Party","NPD-Nouveau Parti démocratique",N,N,12
46013,"Winnipeg South","Winnipeg-Sud"," 55","Winnipeg",N,N,"",0,303,"Smith","","Adam","Green Party","Parti Vert",N,N,5
46013,"Winnipeg South","Winnipeg-Sud"," 56","Winnipeg",N,N,"",0,168,"Duguid","","Terry","Liberal","Libéral",N,Y,20
46013,"Winnipeg South","Winnipeg-Sud"," 56","Winnipeg",N,N,"",0,168,"Giesbrecht","","Gordon","Conservative","Conservateur",N,N,13
46013,"Winnipeg South","Winnipeg-Sud"," 56","Winnipeg",N,N,"",0,168,"Goertzen","","Brianne","NDP-New Democratic Party","NPD-Nouveau Parti démocratique",N,N,6
46013,"Winnipeg South","Winnipeg-Sud"," 56","Winnipeg",N,N,"",0,168,"Smith","","Adam","Green Party","Parti Vert",N,N,4
46013,"Winnipeg South","Winnipeg-Sud"," 57","Winnipeg",N,N,"",0,413,"Duguid","","Terry","Liberal","Libéral",N,Y,146
46013,"Winnipeg South","Winnipeg-Sud"," 57","Winnipeg",N,N,"",0,413,"Giesbrecht","","Gordon","Conservative","Conservateur",N,N,62
46013,"Winnipeg South","Winnipeg-Sud"," 57","Winnipeg",N,N,"",0,413,"Goertzen","","Brianne","NDP-New Democratic Party","NPD-Nouveau Parti démocratique",N,N,13
46013,"Winnipeg South","Winnipeg-Sud"," 57","Winnipeg",N,N,"",0,413,"Smith","","Adam","Green Party","Parti Vert",N,N,4
46013,"Winnipeg South","Winnipeg-Sud"," 58","Winnipeg",N,N,"",0,395,"Duguid","","Terry","Liberal","Libéral",N,Y,98
46013,"Winnipeg South","Winnipeg-Sud"," 58","Winnipeg",N,N,"",0,395,"Giesbrecht","","Gordon","Conservative","Conservateur",N,N,92
46013,"Winnipeg South","Winnipeg-Sud"," 58","Winnipeg",N,N,"",0,395,"Goertzen","","Brianne","NDP-New Democratic Party","NPD-Nouveau Parti démocratique",N,N,7
46013,"Winnipeg South","Winnipeg-Sud"," 58","Winnipeg",N,N,"",0,395,"Smith","","Adam","Green Party","Parti Vert",N,N,6
46013,"Winnipeg South","Winnipeg-Sud"," 59A","Winnipeg",N,N,"",0,326,"Duguid","","Terry","Liberal","Libéral",N,Y,79
46013,"Winnipeg South","Winnipeg-Sud"," 59A","Winnipeg",N,N,"",0,326,"Giesbrecht","","Gordon","Conservative","Conservateur",N,N,76
46013,"Winnipeg South","Winnipeg-Sud"," 59A","Winnipeg",N,N,"",0,326,"Goertzen","","Brianne","NDP-New Democratic Party","NPD-Nouveau Parti démocratique",N,N,7
46013,"Winnipeg South","Winnipeg-Sud"," 59A","Winnipeg",N,N,"",0,326,"Smith","","Adam","Green Party","Parti Vert",N,N,3
46013,"Winnipeg South","Winnipeg-Sud"," 59B","Mobile poll/Bureau itinérant",N,N,"500",0,38,"Duguid","","Terry","Liberal","Libéral",N,Y,0
46013,"Winnipeg South","Winnipeg-Sud"," 59B","Mobile poll/Bureau itinérant",N,N,"500",0,38,"Giesbrecht","","Gordon","Conservative","Conservateur",N,N,0
46013,"Winnipeg South","Winnipeg-Sud"," 59B","Mobile poll/Bureau itinérant",N,N,"500",0,38,"Goertzen","","Brianne","NDP-New Democratic Party","NPD-Nouveau Parti démocratique",N,N,0
46013,"Winnipeg South","Winnipeg-Sud"," 59B","Mobile poll/Bureau itinérant",N,N,"500",0,38,"Smith","","Adam","Green Party","Parti Vert",N,N,0
46013,"Winnipeg South","Winnipeg-Sud"," 60","Winnipeg",N,N,"",1,427,"Duguid","","Terry","Liberal","Libéral",N,Y,127
46013,"Winnipeg South","Winnipeg-Sud"," 60","Winnipeg",N,N,"",1,427,"Giesbrecht","","Gordon","Conservative","Conservateur",N,N,69
46013,"Winnipeg South","Winnipeg-Sud"," 60","Winnipeg",N,N,"",1,427,"Goertzen","","Brianne","NDP-New Democratic Party","NPD-Nouveau Parti démocratique",N,N,11
46013,"Winnipeg South","Winnipeg-Sud"," 60","Winnipeg",N,N,"",1,427,"Smith","","Adam","Green Party","Parti Vert",N,N,7
46013,"Winnipeg South","Winnipeg-Sud"," 61","Winnipeg",N,N,"",3,204,"Duguid","","Terry","Liberal","Libéral",N,Y,63
46013,"Winnipeg South","Winnipeg-Sud"," 61","Winnipeg",N,N,"",3,204,"Giesbrecht","","Gordon","Conservative","Conservateur",N,N,45
46013,"Winnipeg South","Winnipeg-Sud"," 61","Winnipeg",N,N,"",3,204,"Goertzen","","Brianne","NDP-New Democratic Party","NPD-Nouveau Parti démocratique",N,N,8
46013,"Winnipeg South","Winnipeg-Sud"," 61","Winnipeg",N,N,"",3,204,"Smith","","Adam","Green Party","Parti Vert",N,N,3
46013,"Winnipeg South","Winnipeg-Sud"," 62","Winnipeg",N,N,"",0,212,"Duguid","","Terry","Liberal","Libéral",N,Y,75
46013,"Winnipeg South","Winnipeg-Sud"," 62","Winnipeg",N,N,"",0,212,"Giesbrecht","","Gordon","Conservative","Conservateur",N,N,19
46013,"Winnipeg South","Winnipeg-Sud"," 62","Winnipeg",N,N,"",0,212,"Goertzen","","Brianne","NDP-New Democratic Party","NPD-Nouveau Parti démocratique",N,N,14
46013,"Winnipeg South","Winnipeg-Sud"," 62","Winnipeg",N,N,"",0,212,"Smith","","Adam","Green Party","Parti Vert",N,N,3
46013,"Winnipeg South","Winnipeg-Sud"," 63A","Winnipeg",N,N,"",2,366,"Duguid","","Terry","Liberal","Libéral",N,Y,118
46013,"Winnipeg South","Winnipeg-Sud"," 63A","Winnipeg",N,N,"",2,366,"Giesbrecht","","Gordon","Conservative","Conservateur",N,N,44
46013,"Winnipeg South","Winnipeg-Sud"," 63A","Winnipeg",N,N,"",2,366,"Goertzen","","Brianne","NDP-New Democratic Party","NPD-Nouveau Parti démocratique",N,N,13
46013,"Winnipeg South","Winnipeg-Sud"," 63A","Winnipeg",N,N,"",2,366,"Smith","","Adam","Green Party","Parti Vert",N,N,8
46013,"Winnipeg South","Winnipeg-Sud"," 63B","Winnipeg",N,N,"",0,414,"Duguid","","Terry","Liberal","Libéral",N,Y,146
46013,"Winnipeg South","Winnipeg-Sud"," 63B","Winnipeg",N,N,"",0,414,"Giesbrecht","","Gordon","Conservative","Conservateur",N,N,64
46013,"Winnipeg South","Winnipeg-Sud"," 63B","Winnipeg",N,N,"",0,414,"Goertzen","","Brianne","NDP-New Democratic Party","NPD-Nouveau Parti démocratique",N,N,18
46013,"Winnipeg South","Winnipeg-Sud"," 63B","Winnipeg",N,N,"",0,414,"Smith","","Adam","Green Party","Parti Vert",N,N,5
46013,"Winnipeg South","Winnipeg-Sud"," 64","Winnipeg",N,N,"",0,403,"Duguid","","Terry","Liberal","Libéral",N,Y,171
46013,"Winnipeg South","Winnipeg-Sud"," 64","Winnipeg",N,N,"",0,403,"Giesbrecht","","Gordon","Conservative","Conservateur",N,N,63
46013,"Winnipeg South","Winnipeg-Sud"," 64","Winnipeg",N,N,"",0,403,"Goertzen","","Brianne","NDP-New Democratic Party","NPD-Nouveau Parti démocratique",N,N,13
46013,"Winnipeg South","Winnipeg-Sud"," 64","Winnipeg",N,N,"",0,403,"Smith","","Adam","Green Party","Parti Vert",N,N,5
46013,"Winnipeg South","Winnipeg-Sud"," 65","Winnipeg",N,N,"",0,449,"Duguid","","Terry","Liberal","Libéral",N,Y,179
46013,"Winnipeg South","Winnipeg-Sud"," 65","Winnipeg",N,N,"",0,449,"Giesbrecht","","Gordon","Conservative","Conservateur",N,N,95
46013,"Winnipeg South","Winnipeg-Sud"," 65","Winnipeg",N,N,"",0,449,"Goertzen","","Brianne","NDP-New Democratic Party","NPD-Nouveau Parti démocratique",N,N,18
46013,"Winnipeg South","Winnipeg-Sud"," 65","Winnipeg",N,N,"",0,449,"Smith","","Adam","Green Party","Parti Vert",N,N,10
46013,"Winnipeg South","Winnipeg-Sud"," 66","Winnipeg",N,N,"",0,379,"Duguid","","Terry","Liberal","Libéral",N,Y,154
46013,"Winnipeg South","Winnipeg-Sud"," 66","Winnipeg",N,N,"",0,379,"Giesbrecht","","Gordon","Conservative","Conservateur",N,N,79
46013,"Winnipeg South","Winnipeg-Sud"," 66","Winnipeg",N,N,"",0,379,"Goertzen","","Brianne","NDP-New Democratic Party","NPD-Nouveau Parti démocratique",N,N,8
46013,"Winnipeg South","Winnipeg-Sud"," 66","Winnipeg",N,N,"",0,379,"Smith","","Adam","Green Party","Parti Vert",N,N,5
46013,"Winnipeg South","Winnipeg-Sud"," 67","Winnipeg",N,N,"",2,389,"Duguid","","Terry","Liberal","Libéral",N,Y,160
46013,"Winnipeg South","Winnipeg-Sud"," 67","Winnipeg",N,N,"",2,389,"Giesbrecht","","Gordon","Conservative","Conservateur",N,N,64
46013,"Winnipeg South","Winnipeg-Sud"," 67","Winnipeg",N,N,"",2,389,"Goertzen","","Brianne","NDP-New Democratic Party","NPD-Nouveau Parti démocratique",N,N,16
46013,"Winnipeg South","Winnipeg-Sud"," 67","Winnipeg",N,N,"",2,389,"Smith","","Adam","Green Party","Parti Vert",N,N,6
46013,"Winnipeg South","Winnipeg-Sud"," 68A","Winnipeg",N,N,"",0,395,"Duguid","","Terry","Liberal","Libéral",N,Y,127
46013,"Winnipeg South","Winnipeg-Sud"," 68A","Winnipeg",N,N,"",0,395,"Giesbrecht","","Gordon","Conservative","Conservateur",N,N,39
46013,"Winnipeg South","Winnipeg-Sud"," 68A","Winnipeg",N,N,"",0,395,"Goertzen","","Brianne","NDP-New Democratic Party","NPD-Nouveau Parti démocratique",N,N,18
46013,"Winnipeg South","Winnipeg-Sud"," 68A","Winnipeg",N,N,"",0,395,"Smith","","Adam","Green Party","Parti Vert",N,N,6
46013,"Winnipeg South","Winnipeg-Sud"," 68B","Winnipeg",N,N,"",1,395,"Duguid","","Terry","Liberal","Libéral",N,Y,117
46013,"Winnipeg South","Winnipeg-Sud"," 68B","Winnipeg",N,N,"",1,395,"Giesbrecht","","Gordon","Conservative","Conservateur",N,N,41
46013,"Winnipeg South","Winnipeg-Sud"," 68B","Winnipeg",N,N,"",1,395,"Goertzen","","Brianne","NDP-New Democratic Party","NPD-Nouveau Parti démocratique",N,N,20
46013,"Winnipeg South","Winnipeg-Sud"," 68B","Winnipeg",N,N,"",1,395,"Smith","","Adam","Green Party","Parti Vert",N,N,2
46013,"Winnipeg South","Winnipeg-Sud"," 69","Winnipeg",N,N,"",0,375,"Duguid","","Terry","Liberal","Libéral",N,Y,98
46013,"Winnipeg South","Winnipeg-Sud"," 69","Winnipeg",N,N,"",0,375,"Giesbrecht","","Gordon","Conservative","Conservateur",N,N,64
46013,"Winnipeg South","Winnipeg-Sud"," 69","Winnipeg",N,N,"",0,375,"Goertzen","","Brianne","NDP-New Democratic Party","NPD-Nouveau Parti démocratique",N,N,18
46013,"Winnipeg South","Winnipeg-Sud"," 69","Winnipeg",N,N,"",0,375,"Smith","","Adam","Green Party","Parti Vert",N,N,7
46013,"Winnipeg South","Winnipeg-Sud"," 70","Winnipeg",N,N,"",0,353,"Duguid","","Terry","Liberal","Libéral",N,Y,101
46013,"Winnipeg South","Winnipeg-Sud"," 70","Winnipeg",N,N,"",0,353,"Giesbrecht","","Gordon","Conservative","Conservateur",N,N,78
46013,"Winnipeg South","Winnipeg-Sud"," 70","Winnipeg",N,N,"",0,353,"Goertzen","","Brianne","NDP-New Democratic Party","NPD-Nouveau Parti démocratique",N,N,10
46013,"Winnipeg South","Winnipeg-Sud"," 70","Winnipeg",N,N,"",0,353,"Smith","","Adam","Green Party","Parti Vert",N,N,4
46013,"Winnipeg South","Winnipeg-Sud"," 71","Winnipeg",N,N,"",0,277,"Duguid","","Terry","Liberal","Libéral",N,Y,89
46013,"Winnipeg South","Winnipeg-Sud"," 71","Winnipeg",N,N,"",0,277,"Giesbrecht","","Gordon","Conservative","Conservateur",N,N,60
46013,"Winnipeg South","Winnipeg-Sud"," 71","Winnipeg",N,N,"",0,277,"Goertzen","","Brianne","NDP-New Democratic Party","NPD-Nouveau Parti démocratique",N,N,9
46013,"Winnipeg South","Winnipeg-Sud"," 71","Winnipeg",N,N,"",0,277,"Smith","","Adam","Green Party","Parti Vert",N,N,5
46013,"Winnipeg South","Winnipeg-Sud"," 72","Winnipeg",N,N,"",0,406,"Duguid","","Terry","Liberal","Libéral",N,Y,149
46013,"Winnipeg South","Winnipeg-Sud"," 72","Winnipeg",N,N,"",0,406,"Giesbrecht","","Gordon","Conservative","Conservateur",N,N,68
46013,"Winnipeg South","Winnipeg-Sud"," 72","Winnipeg",N,N,"",0,406,"Goertzen","","Brianne","NDP-New Democratic Party","NPD-Nouveau Parti démocratique",N,N,6
46013,"Winnipeg South","Winnipeg-Sud"," 72","Winnipeg",N,N,"",0,406,"Smith","","Adam","Green Party","Parti Vert",N,N,4
46013,"Winnipeg South","Winnipeg-Sud"," 73","Winnipeg",N,N,"",0,277,"Duguid","","Terry","Liberal","Libéral",N,Y,75
46013,"Winnipeg South","Winnipeg-Sud"," 73","Winnipeg",N,N,"",0,277,"Giesbrecht","","Gordon","Conservative","Conservateur",N,N,43
46013,"Winnipeg South","Winnipeg-Sud"," 73","Winnipeg",N,N,"",0,277,"Goertzen","","Brianne","NDP-New Democratic Party","NPD-Nouveau Parti démocratique",N,N,6
46013,"Winnipeg South","Winnipeg-Sud"," 73","Winnipeg",N,N,"",0,277,"Smith","","Adam","Green Party","Parti Vert",N,N,1
46013,"Winnipeg South","Winnipeg-Sud"," 74","Winnipeg",N,N,"",0,437,"Duguid","","Terry","Liberal","Libéral",N,Y,159
46013,"Winnipeg South","Winnipeg-Sud"," 74","Winnipeg",N,N,"",0,437,"Giesbrecht","","Gordon","Conservative","Conservateur",N,N,70
46013,"Winnipeg South","Winnipeg-Sud"," 74","Winnipeg",N,N,"",0,437,"Goertzen","","Brianne","NDP-New Democratic Party","NPD-Nouveau Parti démocratique",N,N,12
46013,"Winnipeg South","Winnipeg-Sud"," 74","Winnipeg",N,N,"",0,437,"Smith","","Adam","Green Party","Parti Vert",N,N,9
46013,"Winnipeg South","Winnipeg-Sud"," 75","Winnipeg",N,N,"",0,357,"Duguid","","Terry","Liberal","Libéral",N,Y,105
46013,"Winnipeg South","Winnipeg-Sud"," 75","Winnipeg",N,N,"",0,357,"Giesbrecht","","Gordon","Conservative","Conservateur",N,N,73
46013,"Winnipeg South","Winnipeg-Sud"," 75","Winnipeg",N,N,"",0,357,"Goertzen","","Brianne","NDP-New Democratic Party","NPD-Nouveau Parti démocratique",N,N,10
46013,"Winnipeg South","Winnipeg-Sud"," 75","Winnipeg",N,N,"",0,357,"Smith","","Adam","Green Party","Parti Vert",N,N,15
46013,"Winnipeg South","Winnipeg-Sud"," 76","Winnipeg",N,N,"",0,361,"Duguid","","Terry","Liberal","Libéral",N,Y,153
46013,"Winnipeg South","Winnipeg-Sud"," 76","Winnipeg",N,N,"",0,361,"Giesbrecht","","Gordon","Conservative","Conservateur",N,N,67
46013,"Winnipeg South","Winnipeg-Sud"," 76","Winnipeg",N,N,"",0,361,"Goertzen","","Brianne","NDP-New Democratic Party","NPD-Nouveau Parti démocratique",N,N,13
46013,"Winnipeg South","Winnipeg-Sud"," 76","Winnipeg",N,N,"",0,361,"Smith","","Adam","Green Party","Parti Vert",N,N,4
46013,"Winnipeg South","Winnipeg-Sud"," 77","Winnipeg",N,N,"",0,426,"Duguid","","Terry","Liberal","Libéral",N,Y,150
46013,"Winnipeg South","Winnipeg-Sud"," 77","Winnipeg",N,N,"",0,426,"Giesbrecht","","Gordon","Conservative","Conservateur",N,N,59
46013,"Winnipeg South","Winnipeg-Sud"," 77","Winnipeg",N,N,"",0,426,"Goertzen","","Brianne","NDP-New Democratic Party","NPD-Nouveau Parti démocratique",N,N,16
46013,"Winnipeg South","Winnipeg-Sud"," 77","Winnipeg",N,N,"",0,426,"Smith","","Adam","Green Party","Parti Vert",N,N,8
46013,"Winnipeg South","Winnipeg-Sud"," 78","Winnipeg",N,N,"",1,448,"Duguid","","Terry","Liberal","Libéral",N,Y,120
46013,"Winnipeg South","Winnipeg-Sud"," 78","Winnipeg",N,N,"",1,448,"Giesbrecht","","Gordon","Conservative","Conservateur",N,N,37
46013,"Winnipeg South","Winnipeg-Sud"," 78","Winnipeg",N,N,"",1,448,"Goertzen","","Brianne","NDP-New Democratic Party","NPD-Nouveau Parti démocratique",N,N,22
46013,"Winnipeg South","Winnipeg-Sud"," 78","Winnipeg",N,N,"",1,448,"Smith","","Adam","Green Party","Parti Vert",N,N,8
46013,"Winnipeg South","Winnipeg-Sud"," 79","Winnipeg",N,N,"",1,373,"Duguid","","Terry","Liberal","Libéral",N,Y,115
46013,"Winnipeg South","Winnipeg-Sud"," 79","Winnipeg",N,N,"",1,373,"Giesbrecht","","Gordon","Conservative","Conservateur",N,N,72
46013,"Winnipeg South","Winnipeg-Sud"," 79","Winnipeg",N,N,"",1,373,"Goertzen","","Brianne","NDP-New Democratic Party","NPD-Nouveau Parti démocratique",N,N,27
46013,"Winnipeg South","Winnipeg-Sud"," 79","Winnipeg",N,N,"",1,373,"Smith","","Adam","Green Party","Parti Vert",N,N,6
46013,"Winnipeg South","Winnipeg-Sud"," 80","Winnipeg",N,N,"",0,456,"Duguid","","Terry","Liberal","Libéral",N,Y,182
46013,"Winnipeg South","Winnipeg-Sud"," 80","Winnipeg",N,N,"",0,456,"Giesbrecht","","Gordon","Conservative","Conservateur",N,N,79
46013,"Winnipeg South","Winnipeg-Sud"," 80","Winnipeg",N,N,"",0,456,"Goertzen","","Brianne","NDP-New Democratic Party","NPD-Nouveau Parti démocratique",N,N,21
46013,"Winnipeg South","Winnipeg-Sud"," 80","Winnipeg",N,N,"",0,456,"Smith","","Adam","Green Party","Parti Vert",N,N,9
46013,"Winnipeg South","Winnipeg-Sud"," 81","Winnipeg",N,N,"",0,341,"Duguid","","Terry","Liberal","Libéral",N,Y,106
46013,"Winnipeg South","Winnipeg-Sud"," 81","Winnipeg",N,N,"",0,341,"Giesbrecht","","Gordon","Conservative","Conservateur",N,N,76
46013,"Winnipeg South","Winnipeg-Sud"," 81","Winnipeg",N,N,"",0,341,"Goertzen","","Brianne","NDP-New Democratic Party","NPD-Nouveau Parti démocratique",N,N,8
46013,"Winnipeg South","Winnipeg-Sud"," 81","Winnipeg",N,N,"",0,341,"Smith","","Adam","Green Party","Parti Vert",N,N,7
46013,"Winnipeg South","Winnipeg-Sud"," 82","Winnipeg",N,N,"",0,273,"Duguid","","Terry","Liberal","Libéral",N,Y,102
46013,"Winnipeg South","Winnipeg-Sud"," 82","Winnipeg",N,N,"",0,273,"Giesbrecht","","Gordon","Conservative","Conservateur",N,N,54
46013,"Winnipeg South","Winnipeg-Sud"," 82","Winnipeg",N,N,"",0,273,"Goertzen","","Brianne","NDP-New Democratic Party","NPD-Nouveau Parti démocratique",N,N,8
46013,"Winnipeg South","Winnipeg-Sud"," 82","Winnipeg",N,N,"",0,273,"Smith","","Adam","Green Party","Parti Vert",N,N,6
46013,"Winnipeg South","Winnipeg-Sud"," 83","Winnipeg",N,N,"",2,435,"Duguid","","Terry","Liberal","Libéral",N,Y,113
46013,"Winnipeg South","Winnipeg-Sud"," 83","Winnipeg",N,N,"",2,435,"Giesbrecht","","Gordon","Conservative","Conservateur",N,N,109
46013,"Winnipeg South","Winnipeg-Sud"," 83","Winnipeg",N,N,"",2,435,"Goertzen","","Brianne","NDP-New Democratic Party","NPD-Nouveau Parti démocratique",N,N,13
46013,"Winnipeg South","Winnipeg-Sud"," 83","Winnipeg",N,N,"",2,435,"Smith","","Adam","Green Party","Parti Vert",N,N,3
46013,"Winnipeg South","Winnipeg-Sud"," 84","Winnipeg",N,N,"",1,392,"Duguid","","Terry","Liberal","Libéral",N,Y,113
46013,"Winnipeg South","Winnipeg-Sud"," 84","Winnipeg",N,N,"",1,392,"Giesbrecht","","Gordon","Conservative","Conservateur",N,N,79
46013,"Winnipeg South","Winnipeg-Sud"," 84","Winnipeg",N,N,"",1,392,"Goertzen","","Brianne","NDP-New Democratic Party","NPD-Nouveau Parti démocratique",N,N,10
46013,"Winnipeg South","Winnipeg-Sud"," 84","Winnipeg",N,N,"",1,392,"Smith","","Adam","Green Party","Parti Vert",N,N,3
46013,"Winnipeg South","Winnipeg-Sud"," 85A","Winnipeg",N,N,"",0,389,"Duguid","","Terry","Liberal","Libéral",N,Y,116
46013,"Winnipeg South","Winnipeg-Sud"," 85A","Winnipeg",N,N,"",0,389,"Giesbrecht","","Gordon","Conservative","Conservateur",N,N,71
46013,"Winnipeg South","Winnipeg-Sud"," 85A","Winnipeg",N,N,"",0,389,"Goertzen","","Brianne","NDP-New Democratic Party","NPD-Nouveau Parti démocratique",N,N,7
46013,"Winnipeg South","Winnipeg-Sud"," 85A","Winnipeg",N,N,"",0,389,"Smith","","Adam","Green Party","Parti Vert",N,N,6
46013,"Winnipeg South","Winnipeg-Sud"," 85B","Winnipeg",N,N,"",1,438,"Duguid","","Terry","Liberal","Libéral",N,Y,133
46013,"Winnipeg South","Winnipeg-Sud"," 85B","Winnipeg",N,N,"",1,438,"Giesbrecht","","Gordon","Conservative","Conservateur",N,N,76
46013,"Winnipeg South","Winnipeg-Sud"," 85B","Winnipeg",N,N,"",1,438,"Goertzen","","Brianne","NDP-New Democratic Party","NPD-Nouveau Parti démocratique",N,N,2
46013,"Winnipeg South","Winnipeg-Sud"," 85B","Winnipeg",N,N,"",1,438,"Smith","","Adam","Green Party","Parti Vert",N,N,6
46013,"Winnipeg South","Winnipeg-Sud"," 86A","Winnipeg",N,N,"",3,464,"Duguid","","Terry","Liberal","Libéral",N,Y,156
46013,"Winnipeg South","Winnipeg-Sud"," 86A","Winnipeg",N,N,"",3,464,"Giesbrecht","","Gordon","Conservative","Conservateur",N,N,89
46013,"Winnipeg South","Winnipeg-Sud"," 86A","Winnipeg",N,N,"",3,464,"Goertzen","","Brianne","NDP-New Democratic Party","NPD-Nouveau Parti démocratique",N,N,4
46013,"Winnipeg South","Winnipeg-Sud"," 86A","Winnipeg",N,N,"",3,464,"Smith","","Adam","Green Party","Parti Vert",N,N,10
46013,"Winnipeg South","Winnipeg-Sud"," 86B","Winnipeg",N,N,"",0,480,"Duguid","","Terry","Liberal","Libéral",N,Y,143
46013,"Winnipeg South","Winnipeg-Sud"," 86B","Winnipeg",N,N,"",0,480,"Giesbrecht","","Gordon","Conservative","Conservateur",N,N,117
46013,"Winnipeg South","Winnipeg-Sud"," 86B","Winnipeg",N,N,"",0,480,"Goertzen","","Brianne","NDP-New Democratic Party","NPD-Nouveau Parti démocratique",N,N,11
46013,"Winnipeg South","Winnipeg-Sud"," 86B","Winnipeg",N,N,"",0,480,"Smith","","Adam","Green Party","Parti Vert",N,N,3
46013,"Winnipeg South","Winnipeg-Sud"," 86C","Winnipeg",N,N,"",1,530,"Duguid","","Terry","Liberal","Libéral",N,Y,154
46013,"Winnipeg South","Winnipeg-Sud"," 86C","Winnipeg",N,N,"",1,530,"Giesbrecht","","Gordon","Conservative","Conservateur",N,N,121
46013,"Winnipeg South","Winnipeg-Sud"," 86C","Winnipeg",N,N,"",1,530,"Goertzen","","Brianne","NDP-New Democratic Party","NPD-Nouveau Parti démocratique",N,N,10
46013,"Winnipeg South","Winnipeg-Sud"," 86C","Winnipeg",N,N,"",1,530,"Smith","","Adam","Green Party","Parti Vert",N,N,4
46013,"Winnipeg South","Winnipeg-Sud"," 87","Winnipeg",N,N,"",0,194,"Duguid","","Terry","Liberal","Libéral",N,Y,69
46013,"Winnipeg South","Winnipeg-Sud"," 87","Winnipeg",N,N,"",0,194,"Giesbrecht","","Gordon","Conservative","Conservateur",N,N,54
46013,"Winnipeg South","Winnipeg-Sud"," 87","Winnipeg",N,N,"",0,194,"Goertzen","","Brianne","NDP-New Democratic Party","NPD-Nouveau Parti démocratique",N,N,0
46013,"Winnipeg South","Winnipeg-Sud"," 87","Winnipeg",N,N,"",0,194,"Smith","","Adam","Green Party","Parti Vert",N,N,1
46013,"Winnipeg South","Winnipeg-Sud"," 88","Winnipeg",N,N,"",0,343,"Duguid","","Terry","Liberal","Libéral",N,Y,102
46013,"Winnipeg South","Winnipeg-Sud"," 88","Winnipeg",N,N,"",0,343,"Giesbrecht","","Gordon","Conservative","Conservateur",N,N,92
46013,"Winnipeg South","Winnipeg-Sud"," 88","Winnipeg",N,N,"",0,343,"Goertzen","","Brianne","NDP-New Democratic Party","NPD-Nouveau Parti démocratique",N,N,11
46013,"Winnipeg South","Winnipeg-Sud"," 88","Winnipeg",N,N,"",0,343,"Smith","","Adam","Green Party","Parti Vert",N,N,3
46013,"Winnipeg South","Winnipeg-Sud"," 89A","Winnipeg",N,N,"",1,484,"Duguid","","Terry","Liberal","Libéral",N,Y,129
46013,"Winnipeg South","Winnipeg-Sud"," 89A","Winnipeg",N,N,"",1,484,"Giesbrecht","","Gordon","Conservative","Conservateur",N,N,106
46013,"Winnipeg South","Winnipeg-Sud"," 89A","Winnipeg",N,N,"",1,484,"Goertzen","","Brianne","NDP-New Democratic Party","NPD-Nouveau Parti démocratique",N,N,9
46013,"Winnipeg South","Winnipeg-Sud"," 89A","Winnipeg",N,N,"",1,484,"Smith","","Adam","Green Party","Parti Vert",N,N,3
46013,"Winnipeg South","Winnipeg-Sud"," 89B","Winnipeg",N,N,"",0,448,"Duguid","","Terry","Liberal","Libéral",N,Y,134
46013,"Winnipeg South","Winnipeg-Sud"," 89B","Winnipeg",N,N,"",0,448,"Giesbrecht","","Gordon","Conservative","Conservateur",N,N,93
46013,"Winnipeg South","Winnipeg-Sud"," 89B","Winnipeg",N,N,"",0,448,"Goertzen","","Brianne","NDP-New Democratic Party","NPD-Nouveau Parti démocratique",N,N,4
46013,"Winnipeg South","Winnipeg-Sud"," 89B","Winnipeg",N,N,"",0,448,"Smith","","Adam","Green Party","Parti Vert",N,N,3
46013,"Winnipeg South","Winnipeg-Sud"," 90A","Winnipeg",N,N,"",0,299,"Duguid","","Terry","Liberal","Libéral",N,Y,99
46013,"Winnipeg South","Winnipeg-Sud"," 90A","Winnipeg",N,N,"",0,299,"Giesbrecht","","Gordon","Conservative","Conservateur",N,N,66
46013,"Winnipeg South","Winnipeg-Sud"," 90A","Winnipeg",N,N,"",0,299,"Goertzen","","Brianne","NDP-New Democratic Party","NPD-Nouveau Parti démocratique",N,N,8
46013,"Winnipeg South","Winnipeg-Sud"," 90A","Winnipeg",N,N,"",0,299,"Smith","","Adam","Green Party","Parti Vert",N,N,5
46013,"Winnipeg South","Winnipeg-Sud"," 90B","Winnipeg",N,N,"",1,268,"Duguid","","Terry","Liberal","Libéral",N,Y,91
46013,"Winnipeg South","Winnipeg-Sud"," 90B","Winnipeg",N,N,"",1,268,"Giesbrecht","","Gordon","Conservative","Conservateur",N,N,42
46013,"Winnipeg South","Winnipeg-Sud"," 90B","Winnipeg",N,N,"",1,268,"Goertzen","","Brianne","NDP-New Democratic Party","NPD-Nouveau Parti démocratique",N,N,11
46013,"Winnipeg South","Winnipeg-Sud"," 90B","Winnipeg",N,N,"",1,268,"Smith","","Adam","Green Party","Parti Vert",N,N,1
46013,"Winnipeg South","Winnipeg-Sud"," 91","Winnipeg",N,N,"",2,426,"Duguid","","Terry","Liberal","Libéral",N,Y,173
46013,"Winnipeg South","Winnipeg-Sud"," 91","Winnipeg",N,N,"",2,426,"Giesbrecht","","Gordon","Conservative","Conservateur",N,N,67
46013,"Winnipeg South","Winnipeg-Sud"," 91","Winnipeg",N,N,"",2,426,"Goertzen","","Brianne","NDP-New Democratic Party","NPD-Nouveau Parti démocratique",N,N,7
46013,"Winnipeg South","Winnipeg-Sud"," 91","Winnipeg",N,N,"",2,426,"Smith","","Adam","Green Party","Parti Vert",N,N,6
46013,"Winnipeg South","Winnipeg-Sud"," 92A","Winnipeg",N,N,"",4,481,"Duguid","","Terry","Liberal","Libéral",N,Y,146
46013,"Winnipeg South","Winnipeg-Sud"," 92A","Winnipeg",N,N,"",4,481,"Giesbrecht","","Gordon","Conservative","Conservateur",N,N,97
46013,"Winnipeg South","Winnipeg-Sud"," 92A","Winnipeg",N,N,"",4,481,"Goertzen","","Brianne","NDP-New Democratic Party","NPD-Nouveau Parti démocratique",N,N,7
46013,"Winnipeg South","Winnipeg-Sud"," 92A","Winnipeg",N,N,"",4,481,"Smith","","Adam","Green Party","Parti Vert",N,N,3
46013,"Winnipeg South","Winnipeg-Sud"," 92B","Winnipeg",N,N,"",1,433,"Duguid","","Terry","Liberal","Libéral",N,Y,101
46013,"Winnipeg South","Winnipeg-Sud"," 92B","Winnipeg",N,N,"",1,433,"Giesbrecht","","Gordon","Conservative","Conservateur",N,N,111
46013,"Winnipeg South","Winnipeg-Sud"," 92B","Winnipeg",N,N,"",1,433,"Goertzen","","Brianne","NDP-New Democratic Party","NPD-Nouveau Parti démocratique",N,N,8
46013,"Winnipeg South","Winnipeg-Sud"," 92B","Winnipeg",N,N,"",1,433,"Smith","","Adam","Green Party","Parti Vert",N,N,3
46013,"Winnipeg South","Winnipeg-Sud"," 93A","Winnipeg",N,N,"",1,281,"Duguid","","Terry","Liberal","Libéral",N,Y,94
46013,"Winnipeg South","Winnipeg-Sud"," 93A","Winnipeg",N,N,"",1,281,"Giesbrecht","","Gordon","Conservative","Conservateur",N,N,53
46013,"Winnipeg South","Winnipeg-Sud"," 93A","Winnipeg",N,N,"",1,281,"Goertzen","","Brianne","NDP-New Democratic Party","NPD-Nouveau Parti démocratique",N,N,8
46013,"Winnipeg South","Winnipeg-Sud"," 93A","Winnipeg",N,N,"",1,281,"Smith","","Adam","Green Party","Parti Vert",N,N,3
46013,"Winnipeg South","Winnipeg-Sud"," 93B","Winnipeg",N,N,"",0,303,"Duguid","","Terry","Liberal","Libéral",N,Y,89
46013,"Winnipeg South","Winnipeg-Sud"," 93B","Winnipeg",N,N,"",0,303,"Giesbrecht","","Gordon","Conservative","Conservateur",N,N,62
46013,"Winnipeg South","Winnipeg-Sud"," 93B","Winnipeg",N,N,"",0,303,"Goertzen","","Brianne","NDP-New Democratic Party","NPD-Nouveau Parti démocratique",N,N,7
46013,"Winnipeg South","Winnipeg-Sud"," 93B","Winnipeg",N,N,"",0,303,"Smith","","Adam","Green Party","Parti Vert",N,N,2
46013,"Winnipeg South","Winnipeg-Sud"," 94A","Winnipeg",N,N,"",1,272,"Duguid","","Terry","Liberal","Libéral",N,Y,103
46013,"Winnipeg South","Winnipeg-Sud"," 94A","Winnipeg",N,N,"",1,272,"Giesbrecht","","Gordon","Conservative","Conservateur",N,N,54
46013,"Winnipeg South","Winnipeg-Sud"," 94A","Winnipeg",N,N,"",1,272,"Goertzen","","Brianne","NDP-New Democratic Party","NPD-Nouveau Parti démocratique",N,N,5
46013,"Winnipeg South","Winnipeg-Sud"," 94A","Winnipeg",N,N,"",1,272,"Smith","","Adam","Green Party","Parti Vert",N,N,7
46013,"Winnipeg South","Winnipeg-Sud"," 94B","Winnipeg",N,N,"",0,300,"Duguid","","Terry","Liberal","Libéral",N,Y,108
46013,"Winnipeg South","Winnipeg-Sud"," 94B","Winnipeg",N,N,"",0,300,"Giesbrecht","","Gordon","Conservative","Conservateur",N,N,61
46013,"Winnipeg South","Winnipeg-Sud"," 94B","Winnipeg",N,N,"",0,300,"Goertzen","","Brianne","NDP-New Democratic Party","NPD-Nouveau Parti démocratique",N,N,8
46013,"Winnipeg South","Winnipeg-Sud"," 94B","Winnipeg",N,N,"",0,300,"Smith","","Adam","Green Party","Parti Vert",N,N,3
46013,"Winnipeg South","Winnipeg-Sud"," 95","Winnipeg",N,N,"",1,490,"Duguid","","Terry","Liberal","Libéral",N,Y,155
46013,"Winnipeg South","Winnipeg-Sud"," 95","Winnipeg",N,N,"",1,490,"Giesbrecht","","Gordon","Conservative","Conservateur",N,N,108
46013,"Winnipeg South","Winnipeg-Sud"," 95","Winnipeg",N,N,"",1,490,"Goertzen","","Brianne","NDP-New Democratic Party","NPD-Nouveau Parti démocratique",N,N,6
46013,"Winnipeg South","Winnipeg-Sud"," 95","Winnipeg",N,N,"",1,490,"Smith","","Adam","Green Party","Parti Vert",N,N,4
46013,"Winnipeg South","Winnipeg-Sud"," 96A","Winnipeg",N,N,"",0,309,"Duguid","","Terry","Liberal","Libéral",N,Y,67
46013,"Winnipeg South","Winnipeg-Sud"," 96A","Winnipeg",N,N,"",0,309,"Giesbrecht","","Gordon","Conservative","Conservateur",N,N,90
46013,"Winnipeg South","Winnipeg-Sud"," 96A","Winnipeg",N,N,"",0,309,"Goertzen","","Brianne","NDP-New Democratic Party","NPD-Nouveau Parti démocratique",N,N,0
46013,"Winnipeg South","Winnipeg-Sud"," 96A","Winnipeg",N,N,"",0,309,"Smith","","Adam","Green Party","Parti Vert",N,N,3
46013,"Winnipeg South","Winnipeg-Sud"," 96B","Winnipeg",N,N,"",0,306,"Duguid","","Terry","Liberal","Libéral",N,Y,80
46013,"Winnipeg South","Winnipeg-Sud"," 96B","Winnipeg",N,N,"",0,306,"Giesbrecht","","Gordon","Conservative","Conservateur",N,N,93
46013,"Winnipeg South","Winnipeg-Sud"," 96B","Winnipeg",N,N,"",0,306,"Goertzen","","Brianne","NDP-New Democratic Party","NPD-Nouveau Parti démocratique",N,N,2
46013,"Winnipeg South","Winnipeg-Sud"," 96B","Winnipeg",N,N,"",0,306,"Smith","","Adam","Green Party","Parti Vert",N,N,2
46013,"Winnipeg South","Winnipeg-Sud"," 97","Winnipeg",N,N,"",1,541,"Duguid","","Terry","Liberal","Libéral",N,Y,122
46013,"Winnipeg South","Winnipeg-Sud"," 97","Winnipeg",N,N,"",1,541,"Giesbrecht","","Gordon","Conservative","Conservateur",N,N,156
46013,"Winnipeg South","Winnipeg-Sud"," 97","Winnipeg",N,N,"",1,541,"Goertzen","","Brianne","NDP-New Democratic Party","NPD-Nouveau Parti démocratique",N,N,11
46013,"Winnipeg South","Winnipeg-Sud"," 97","Winnipeg",N,N,"",1,541,"Smith","","Adam","Green Party","Parti Vert",N,N,0
46013,"Winnipeg South","Winnipeg-Sud"," 98A","Winnipeg",N,N,"",0,309,"Duguid","","Terry","Liberal","Libéral",N,Y,78
46013,"Winnipeg South","Winnipeg-Sud"," 98A","Winnipeg",N,N,"",0,309,"Giesbrecht","","Gordon","Conservative","Conservateur",N,N,88
46013,"Winnipeg South","Winnipeg-Sud"," 98A","Winnipeg",N,N,"",0,309,"Goertzen","","Brianne","NDP-New Democratic Party","NPD-Nouveau Parti démocratique",N,N,11
46013,"Winnipeg South","Winnipeg-Sud"," 98A","Winnipeg",N,N,"",0,309,"Smith","","Adam","Green Party","Parti Vert",N,N,5
46013,"Winnipeg South","Winnipeg-Sud"," 98B","Winnipeg",N,N,"",2,405,"Duguid","","Terry","Liberal","Libéral",N,Y,133
46013,"Winnipeg South","Winnipeg-Sud"," 98B","Winnipeg",N,N,"",2,405,"Giesbrecht","","Gordon","Conservative","Conservateur",N,N,84
46013,"Winnipeg South","Winnipeg-Sud"," 98B","Winnipeg",N,N,"",2,405,"Goertzen","","Brianne","NDP-New Democratic Party","NPD-Nouveau Parti démocratique",N,N,14
46013,"Winnipeg South","Winnipeg-Sud"," 98B","Winnipeg",N,N,"",2,405,"Smith","","Adam","Green Party","Parti Vert",N,N,8
46013,"Winnipeg South","Winnipeg-Sud"," 99","Winnipeg",N,N,"",2,429,"Duguid","","Terry","Liberal","Libéral",N,Y,137
46013,"Winnipeg South","Winnipeg-Sud"," 99","Winnipeg",N,N,"",2,429,"Giesbrecht","","Gordon","Conservative","Conservateur",N,N,90
46013,"Winnipeg South","Winnipeg-Sud"," 99","Winnipeg",N,N,"",2,429,"Goertzen","","Brianne","NDP-New Democratic Party","NPD-Nouveau Parti démocratique",N,N,6
46013,"Winnipeg South","Winnipeg-Sud"," 99","Winnipeg",N,N,"",2,429,"Smith","","Adam","Green Party","Parti Vert",N,N,4
46013,"Winnipeg South","Winnipeg-Sud"," 100","Winnipeg",N,N,"",1,459,"Duguid","","Terry","Liberal","Libéral",N,Y,141
46013,"Winnipeg South","Winnipeg-Sud"," 100","Winnipeg",N,N,"",1,459,"Giesbrecht","","Gordon","Conservative","Conservateur",N,N,131
46013,"Winnipeg South","Winnipeg-Sud"," 100","Winnipeg",N,N,"",1,459,"Goertzen","","Brianne","NDP-New Democratic Party","NPD-Nouveau Parti démocratique",N,N,12
46013,"Winnipeg South","Winnipeg-Sud"," 100","Winnipeg",N,N,"",1,459,"Smith","","Adam","Green Party","Parti Vert",N,N,3
46013,"Winnipeg South","Winnipeg-Sud"," 101","Winnipeg",N,N,"",0,455,"Duguid","","Terry","Liberal","Libéral",N,Y,147
46013,"Winnipeg South","Winnipeg-Sud"," 101","Winnipeg",N,N,"",0,455,"Giesbrecht","","Gordon","Conservative","Conservateur",N,N,134
46013,"Winnipeg South","Winnipeg-Sud"," 101","Winnipeg",N,N,"",0,455,"Goertzen","","Brianne","NDP-New Democratic Party","NPD-Nouveau Parti démocratique",N,N,5
46013,"Winnipeg South","Winnipeg-Sud"," 101","Winnipeg",N,N,"",0,455,"Smith","","Adam","Green Party","Parti Vert",N,N,6
46013,"Winnipeg South","Winnipeg-Sud"," 102","Winnipeg",N,N,"",2,504,"Duguid","","Terry","Liberal","Libéral",N,Y,178
46013,"Winnipeg South","Winnipeg-Sud"," 102","Winnipeg",N,N,"",2,504,"Giesbrecht","","Gordon","Conservative","Conservateur",N,N,109
46013,"Winnipeg South","Winnipeg-Sud"," 102","Winnipeg",N,N,"",2,504,"Goertzen","","Brianne","NDP-New Democratic Party","NPD-Nouveau Parti démocratique",N,N,7
46013,"Winnipeg South","Winnipeg-Sud"," 102","Winnipeg",N,N,"",2,504,"Smith","","Adam","Green Party","Parti Vert",N,N,4
46013,"Winnipeg South","Winnipeg-Sud"," 103","Winnipeg",N,N,"",3,442,"Duguid","","Terry","Liberal","Libéral",N,Y,160
46013,"Winnipeg South","Winnipeg-Sud"," 103","Winnipeg",N,N,"",3,442,"Giesbrecht","","Gordon","Conservative","Conservateur",N,N,114
46013,"Winnipeg South","Winnipeg-Sud"," 103","Winnipeg",N,N,"",3,442,"Goertzen","","Brianne","NDP-New Democratic Party","NPD-Nouveau Parti démocratique",N,N,8
46013,"Winnipeg South","Winnipeg-Sud"," 103","Winnipeg",N,N,"",3,442,"Smith","","Adam","Green Party","Parti Vert",N,N,1
46013,"Winnipeg South","Winnipeg-Sud"," 104","Winnipeg",N,N,"",2,392,"Duguid","","Terry","Liberal","Libéral",N,Y,133
46013,"Winnipeg South","Winnipeg-Sud"," 104","Winnipeg",N,N,"",2,392,"Giesbrecht","","Gordon","Conservative","Conservateur",N,N,96
46013,"Winnipeg South","Winnipeg-Sud"," 104","Winnipeg",N,N,"",2,392,"Goertzen","","Brianne","NDP-New Democratic Party","NPD-Nouveau Parti démocratique",N,N,3
46013,"Winnipeg South","Winnipeg-Sud"," 104","Winnipeg",N,N,"",2,392,"Smith","","Adam","Green Party","Parti Vert",N,N,0
46013,"Winnipeg South","Winnipeg-Sud"," 105","Winnipeg",N,N,"",0,369,"Duguid","","Terry","Liberal","Libéral",N,Y,135
46013,"Winnipeg South","Winnipeg-Sud"," 105","Winnipeg",N,N,"",0,369,"Giesbrecht","","Gordon","Conservative","Conservateur",N,N,74
46013,"Winnipeg South","Winnipeg-Sud"," 105","Winnipeg",N,N,"",0,369,"Goertzen","","Brianne","NDP-New Democratic Party","NPD-Nouveau Parti démocratique",N,N,10
46013,"Winnipeg South","Winnipeg-Sud"," 105","Winnipeg",N,N,"",0,369,"Smith","","Adam","Green Party","Parti Vert",N,N,5
46013,"Winnipeg South","Winnipeg-Sud"," 106A","Winnipeg",N,N,"",0,284,"Duguid","","Terry","Liberal","Libéral",N,Y,109
46013,"Winnipeg South","Winnipeg-Sud"," 106A","Winnipeg",N,N,"",0,284,"Giesbrecht","","Gordon","Conservative","Conservateur",N,N,69
46013,"Winnipeg South","Winnipeg-Sud"," 106A","Winnipeg",N,N,"",0,284,"Goertzen","","Brianne","NDP-New Democratic Party","NPD-Nouveau Parti démocratique",N,N,3
46013,"Winnipeg South","Winnipeg-Sud"," 106A","Winnipeg",N,N,"",0,284,"Smith","","Adam","Green Party","Parti Vert",N,N,2
46013,"Winnipeg South","Winnipeg-Sud"," 106B","Winnipeg",N,N,"",0,277,"Duguid","","Terry","Liberal","Libéral",N,Y,110
46013,"Winnipeg South","Winnipeg-Sud"," 106B","Winnipeg",N,N,"",0,277,"Giesbrecht","","Gordon","Conservative","Conservateur",N,N,62
46013,"Winnipeg South","Winnipeg-Sud"," 106B","Winnipeg",N,N,"",0,277,"Goertzen","","Brianne","NDP-New Democratic Party","NPD-Nouveau Parti démocratique",N,N,7
46013,"Winnipeg South","Winnipeg-Sud"," 106B","Winnipeg",N,N,"",0,277,"Smith","","Adam","Green Party","Parti Vert",N,N,3
46013,"Winnipeg South","Winnipeg-Sud"," 107","Winnipeg",N,N,"",0,288,"Duguid","","Terry","Liberal","Libéral",N,Y,103
46013,"Winnipeg South","Winnipeg-Sud"," 107","Winnipeg",N,N,"",0,288,"Giesbrecht","","Gordon","Conservative","Conservateur",N,N,67
46013,"Winnipeg South","Winnipeg-Sud"," 107","Winnipeg",N,N,"",0,288,"Goertzen","","Brianne","NDP-New Democratic Party","NPD-Nouveau Parti démocratique",N,N,2
46013,"Winnipeg South","Winnipeg-Sud"," 107","Winnipeg",N,N,"",0,288,"Smith","","Adam","Green Party","Parti Vert",N,N,1
46013,"Winnipeg South","Winnipeg-Sud"," 108","Winnipeg",N,N,"",0,318,"Duguid","","Terry","Liberal","Libéral",N,Y,107
46013,"Winnipeg South","Winnipeg-Sud"," 108","Winnipeg",N,N,"",0,318,"Giesbrecht","","Gordon","Conservative","Conservateur",N,N,77
46013,"Winnipeg South","Winnipeg-Sud"," 108","Winnipeg",N,N,"",0,318,"Goertzen","","Brianne","NDP-New Democratic Party","NPD-Nouveau Parti démocratique",N,N,4
46013,"Winnipeg South","Winnipeg-Sud"," 108","Winnipeg",N,N,"",0,318,"Smith","","Adam","Green Party","Parti Vert",N,N,2
46013,"Winnipeg South","Winnipeg-Sud"," 109","Winnipeg",N,N,"",0,164,"Duguid","","Terry","Liberal","Libéral",N,Y,46
46013,"Winnipeg South","Winnipeg-Sud"," 109","Winnipeg",N,N,"",0,164,"Giesbrecht","","Gordon","Conservative","Conservateur",N,N,47
46013,"Winnipeg South","Winnipeg-Sud"," 109","Winnipeg",N,N,"",0,164,"Goertzen","","Brianne","NDP-New Democratic Party","NPD-Nouveau Parti démocratique",N,N,7
46013,"Winnipeg South","Winnipeg-Sud"," 109","Winnipeg",N,N,"",0,164,"Smith","","Adam","Green Party","Parti Vert",N,N,4
46013,"Winnipeg South","Winnipeg-Sud"," 110","Winnipeg",N,N,"",2,533,"Duguid","","Terry","Liberal","Libéral",N,Y,160
46013,"Winnipeg South","Winnipeg-Sud"," 110","Winnipeg",N,N,"",2,533,"Giesbrecht","","Gordon","Conservative","Conservateur",N,N,90
46013,"Winnipeg South","Winnipeg-Sud"," 110","Winnipeg",N,N,"",2,533,"Goertzen","","Brianne","NDP-New Democratic Party","NPD-Nouveau Parti démocratique",N,N,2
46013,"Winnipeg South","Winnipeg-Sud"," 110","Winnipeg",N,N,"",2,533,"Smith","","Adam","Green Party","Parti Vert",N,N,4
46013,"Winnipeg South","Winnipeg-Sud"," 111","Winnipeg",N,N,"",0,329,"Duguid","","Terry","Liberal","Libéral",N,Y,107
46013,"Winnipeg South","Winnipeg-Sud"," 111","Winnipeg",N,N,"",0,329,"Giesbrecht","","Gordon","Conservative","Conservateur",N,N,83
46013,"Winnipeg South","Winnipeg-Sud"," 111","Winnipeg",N,N,"",0,329,"Goertzen","","Brianne","NDP-New Democratic Party","NPD-Nouveau Parti démocratique",N,N,9
46013,"Winnipeg South","Winnipeg-Sud"," 111","Winnipeg",N,N,"",0,329,"Smith","","Adam","Green Party","Parti Vert",N,N,4
46013,"Winnipeg South","Winnipeg-Sud"," 112","Winnipeg",N,N,"",1,402,"Duguid","","Terry","Liberal","Libéral",N,Y,143
46013,"Winnipeg South","Winnipeg-Sud"," 112","Winnipeg",N,N,"",1,402,"Giesbrecht","","Gordon","Conservative","Conservateur",N,N,100
46013,"Winnipeg South","Winnipeg-Sud"," 112","Winnipeg",N,N,"",1,402,"Goertzen","","Brianne","NDP-New Democratic Party","NPD-Nouveau Parti démocratique",N,N,9
46013,"Winnipeg South","Winnipeg-Sud"," 112","Winnipeg",N,N,"",1,402,"Smith","","Adam","Green Party","Parti Vert",N,N,3
46013,"Winnipeg South","Winnipeg-Sud"," 113","Winnipeg",N,N,"",2,376,"Duguid","","Terry","Liberal","Libéral",N,Y,123
46013,"Winnipeg South","Winnipeg-Sud"," 113","Winnipeg",N,N,"",2,376,"Giesbrecht","","Gordon","Conservative","Conservateur",N,N,87
46013,"Winnipeg South","Winnipeg-Sud"," 113","Winnipeg",N,N,"",2,376,"Goertzen","","Brianne","NDP-New Democratic Party","NPD-Nouveau Parti démocratique",N,N,6
46013,"Winnipeg South","Winnipeg-Sud"," 113","Winnipeg",N,N,"",2,376,"Smith","","Adam","Green Party","Parti Vert",N,N,9
46013,"Winnipeg South","Winnipeg-Sud"," 114A","Winnipeg",N,N,"",0,398,"Duguid","","Terry","Liberal","Libéral",N,Y,119
46013,"Winnipeg South","Winnipeg-Sud"," 114A","Winnipeg",N,N,"",0,398,"Giesbrecht","","Gordon","Conservative","Conservateur",N,N,89
46013,"Winnipeg South","Winnipeg-Sud"," 114A","Winnipeg",N,N,"",0,398,"Goertzen","","Brianne","NDP-New Democratic Party","NPD-Nouveau Parti démocratique",N,N,8
46013,"Winnipeg South","Winnipeg-Sud"," 114A","Winnipeg",N,N,"",0,398,"Smith","","Adam","Green Party","Parti Vert",N,N,1
46013,"Winnipeg South","Winnipeg-Sud"," 114B","Winnipeg",N,N,"",0,381,"Duguid","","Terry","Liberal","Libéral",N,Y,133
46013,"Winnipeg South","Winnipeg-Sud"," 114B","Winnipeg",N,N,"",0,381,"Giesbrecht","","Gordon","Conservative","Conservateur",N,N,84
46013,"Winnipeg South","Winnipeg-Sud"," 114B","Winnipeg",N,N,"",0,381,"Goertzen","","Brianne","NDP-New Democratic Party","NPD-Nouveau Parti démocratique",N,N,8
46013,"Winnipeg South","Winnipeg-Sud"," 114B","Winnipeg",N,N,"",0,381,"Smith","","Adam","Green Party","Parti Vert",N,N,4
46013,"Winnipeg South","Winnipeg-Sud"," 115","Winnipeg",N,N,"",2,374,"Duguid","","Terry","Liberal","Libéral",N,Y,141
46013,"Winnipeg South","Winnipeg-Sud"," 115","Winnipeg",N,N,"",2,374,"Giesbrecht","","Gordon","Conservative","Conservateur",N,N,57
46013,"Winnipeg South","Winnipeg-Sud"," 115","Winnipeg",N,N,"",2,374,"Goertzen","","Brianne","NDP-New Democratic Party","NPD-Nouveau Parti démocratique",N,N,12
46013,"Winnipeg South","Winnipeg-Sud"," 115","Winnipeg",N,N,"",2,374,"Smith","","Adam","Green Party","Parti Vert",N,N,6
46013,"Winnipeg South","Winnipeg-Sud"," 116A","Winnipeg",N,N,"",2,302,"Duguid","","Terry","Liberal","Libéral",N,Y,80
46013,"Winnipeg South","Winnipeg-Sud"," 116A","Winnipeg",N,N,"",2,302,"Giesbrecht","","Gordon","Conservative","Conservateur",N,N,31
46013,"Winnipeg South","Winnipeg-Sud"," 116A","Winnipeg",N,N,"",2,302,"Goertzen","","Brianne","NDP-New Democratic Party","NPD-Nouveau Parti démocratique",N,N,18
46013,"Winnipeg South","Winnipeg-Sud"," 116A","Winnipeg",N,N,"",2,302,"Smith","","Adam","Green Party","Parti Vert",N,N,8
46013,"Winnipeg South","Winnipeg-Sud"," 116B","Winnipeg",N,N,"",1,309,"Duguid","","Terry","Liberal","Libéral",N,Y,110
46013,"Winnipeg South","Winnipeg-Sud"," 116B","Winnipeg",N,N,"",1,309,"Giesbrecht","","Gordon","Conservative","Conservateur",N,N,39
46013,"Winnipeg South","Winnipeg-Sud"," 116B","Winnipeg",N,N,"",1,309,"Goertzen","","Brianne","NDP-New Democratic Party","NPD-Nouveau Parti démocratique",N,N,4
46013,"Winnipeg South","Winnipeg-Sud"," 116B","Winnipeg",N,N,"",1,309,"Smith","","Adam","Green Party","Parti Vert",N,N,5
46013,"Winnipeg South","Winnipeg-Sud"," 117","Winnipeg",N,N,"",2,410,"Duguid","","Terry","Liberal","Libéral",N,Y,125
46013,"Winnipeg South","Winnipeg-Sud"," 117","Winnipeg",N,N,"",2,410,"Giesbrecht","","Gordon","Conservative","Conservateur",N,N,114
46013,"Winnipeg South","Winnipeg-Sud"," 117","Winnipeg",N,N,"",2,410,"Goertzen","","Brianne","NDP-New Democratic Party","NPD-Nouveau Parti démocratique",N,N,10
46013,"Winnipeg South","Winnipeg-Sud"," 117","Winnipeg",N,N,"",2,410,"Smith","","Adam","Green Party","Parti Vert",N,N,3
46013,"Winnipeg South","Winnipeg-Sud"," 118","Winnipeg",N,N,"",0,350,"Duguid","","Terry","Liberal","Libéral",N,Y,110
46013,"Winnipeg South","Winnipeg-Sud"," 118","Winnipeg",N,N,"",0,350,"Giesbrecht","","Gordon","Conservative","Conservateur",N,N,46
46013,"Winnipeg South","Winnipeg-Sud"," 118","Winnipeg",N,N,"",0,350,"Goertzen","","Brianne","NDP-New Democratic Party","NPD-Nouveau Parti démocratique",N,N,22
46013,"Winnipeg South","Winnipeg-Sud"," 118","Winnipeg",N,N,"",0,350,"Smith","","Adam","Green Party","Parti Vert",N,N,6
46013,"Winnipeg South","Winnipeg-Sud"," 119","Winnipeg",N,N,"",0,384,"Duguid","","Terry","Liberal","Libéral",N,Y,142
46013,"Winnipeg South","Winnipeg-Sud"," 119","Winnipeg",N,N,"",0,384,"Giesbrecht","","Gordon","Conservative","Conservateur",N,N,94
46013,"Winnipeg South","Winnipeg-Sud"," 119","Winnipeg",N,N,"",0,384,"Goertzen","","Brianne","NDP-New Democratic Party","NPD-Nouveau Parti démocratique",N,N,13
46013,"Winnipeg South","Winnipeg-Sud"," 119","Winnipeg",N,N,"",0,384,"Smith","","Adam","Green Party","Parti Vert",N,N,1
46013,"Winnipeg South","Winnipeg-Sud"," 120","Winnipeg",N,N,"",0,457,"Duguid","","Terry","Liberal","Libéral",N,Y,149
46013,"Winnipeg South","Winnipeg-Sud"," 120","Winnipeg",N,N,"",0,457,"Giesbrecht","","Gordon","Conservative","Conservateur",N,N,113
46013,"Winnipeg South","Winnipeg-Sud"," 120","Winnipeg",N,N,"",0,457,"Goertzen","","Brianne","NDP-New Democratic Party","NPD-Nouveau Parti démocratique",N,N,12
46013,"Winnipeg South","Winnipeg-Sud"," 120","Winnipeg",N,N,"",0,457,"Smith","","Adam","Green Party","Parti Vert",N,N,3
46013,"Winnipeg South","Winnipeg-Sud"," 121","Winnipeg",N,N,"",1,478,"Duguid","","Terry","Liberal","Libéral",N,Y,138
46013,"Winnipeg South","Winnipeg-Sud"," 121","Winnipeg",N,N,"",1,478,"Giesbrecht","","Gordon","Conservative","Conservateur",N,N,99
46013,"Winnipeg South","Winnipeg-Sud"," 121","Winnipeg",N,N,"",1,478,"Goertzen","","Brianne","NDP-New Democratic Party","NPD-Nouveau Parti démocratique",N,N,6
46013,"Winnipeg South","Winnipeg-Sud"," 121","Winnipeg",N,N,"",1,478,"Smith","","Adam","Green Party","Parti Vert",N,N,6
46013,"Winnipeg South","Winnipeg-Sud"," 122","Winnipeg",N,N,"",0,277,"Duguid","","Terry","Liberal","Libéral",N,Y,91
46013,"Winnipeg South","Winnipeg-Sud"," 122","Winnipeg",N,N,"",0,277,"Giesbrecht","","Gordon","Conservative","Conservateur",N,N,69
46013,"Winnipeg South","Winnipeg-Sud"," 122","Winnipeg",N,N,"",0,277,"Goertzen","","Brianne","NDP-New Democratic Party","NPD-Nouveau Parti démocratique",N,N,7
46013,"Winnipeg South","Winnipeg-Sud"," 122","Winnipeg",N,N,"",0,277,"Smith","","Adam","Green Party","Parti Vert",N,N,2
46013,"Winnipeg South","Winnipeg-Sud"," 123","Winnipeg",N,N,"",3,390,"Duguid","","Terry","Liberal","Libéral",N,Y,139
46013,"Winnipeg South","Winnipeg-Sud"," 123","Winnipeg",N,N,"",3,390,"Giesbrecht","","Gordon","Conservative","Conservateur",N,N,65
46013,"Winnipeg South","Winnipeg-Sud"," 123","Winnipeg",N,N,"",3,390,"Goertzen","","Brianne","NDP-New Democratic Party","NPD-Nouveau Parti démocratique",N,N,15
46013,"Winnipeg South","Winnipeg-Sud"," 123","Winnipeg",N,N,"",3,390,"Smith","","Adam","Green Party","Parti Vert",N,N,3
46013,"Winnipeg South","Winnipeg-Sud"," 124","Winnipeg",N,N,"",0,323,"Duguid","","Terry","Liberal","Libéral",N,Y,102
46013,"Winnipeg South","Winnipeg-Sud"," 124","Winnipeg",N,N,"",0,323,"Giesbrecht","","Gordon","Conservative","Conservateur",N,N,51
46013,"Winnipeg South","Winnipeg-Sud"," 124","Winnipeg",N,N,"",0,323,"Goertzen","","Brianne","NDP-New Democratic Party","NPD-Nouveau Parti démocratique",N,N,13
46013,"Winnipeg South","Winnipeg-Sud"," 124","Winnipeg",N,N,"",0,323,"Smith","","Adam","Green Party","Parti Vert",N,N,1
46013,"Winnipeg South","Winnipeg-Sud"," 125","Winnipeg",N,N,"",0,501,"Duguid","","Terry","Liberal","Libéral",N,Y,173
46013,"Winnipeg South","Winnipeg-Sud"," 125","Winnipeg",N,N,"",0,501,"Giesbrecht","","Gordon","Conservative","Conservateur",N,N,107
46013,"Winnipeg South","Winnipeg-Sud"," 125","Winnipeg",N,N,"",0,501,"Goertzen","","Brianne","NDP-New Democratic Party","NPD-Nouveau Parti démocratique",N,N,8
46013,"Winnipeg South","Winnipeg-Sud"," 125","Winnipeg",N,N,"",0,501,"Smith","","Adam","Green Party","Parti Vert",N,N,6
46013,"Winnipeg South","Winnipeg-Sud"," 126","Winnipeg",N,N,"",1,393,"Duguid","","Terry","Liberal","Libéral",N,Y,98
46013,"Winnipeg South","Winnipeg-Sud"," 126","Winnipeg",N,N,"",1,393,"Giesbrecht","","Gordon","Conservative","Conservateur",N,N,61
46013,"Winnipeg South","Winnipeg-Sud"," 126","Winnipeg",N,N,"",1,393,"Goertzen","","Brianne","NDP-New Democratic Party","NPD-Nouveau Parti démocratique",N,N,12
46013,"Winnipeg South","Winnipeg-Sud"," 126","Winnipeg",N,N,"",1,393,"Smith","","Adam","Green Party","Parti Vert",N,N,5
46013,"Winnipeg South","Winnipeg-Sud"," 127A","Winnipeg",N,N,"",0,470,"Duguid","","Terry","Liberal","Libéral",N,Y,141
46013,"Winnipeg South","Winnipeg-Sud"," 127A","Winnipeg",N,N,"",0,470,"Giesbrecht","","Gordon","Conservative","Conservateur",N,N,133
46013,"Winnipeg South","Winnipeg-Sud"," 127A","Winnipeg",N,N,"",0,470,"Goertzen","","Brianne","NDP-New Democratic Party","NPD-Nouveau Parti démocratique",N,N,6
46013,"Winnipeg South","Winnipeg-Sud"," 127A","Winnipeg",N,N,"",0,470,"Smith","","Adam","Green Party","Parti Vert",N,N,4
46013,"Winnipeg South","Winnipeg-Sud"," 127B","Mobile poll/Bureau itinérant",N,N,"",3,58,"Duguid","","Terry","Liberal","Libéral",N,Y,19
46013,"Winnipeg South","Winnipeg-Sud"," 127B","Mobile poll/Bureau itinérant",N,N,"",3,58,"Giesbrecht","","Gordon","Conservative","Conservateur",N,N,28
46013,"Winnipeg South","Winnipeg-Sud"," 127B","Mobile poll/Bureau itinérant",N,N,"",3,58,"Goertzen","","Brianne","NDP-New Democratic Party","NPD-Nouveau Parti démocratique",N,N,7
46013,"Winnipeg South","Winnipeg-Sud"," 127B","Mobile poll/Bureau itinérant",N,N,"",3,58,"Smith","","Adam","Green Party","Parti Vert",N,N,3
46013,"Winnipeg South","Winnipeg-Sud"," 128","Winnipeg",N,N,"",2,460,"Duguid","","Terry","Liberal","Libéral",N,Y,116
46013,"Winnipeg South","Winnipeg-Sud"," 128","Winnipeg",N,N,"",2,460,"Giesbrecht","","Gordon","Conservative","Conservateur",N,N,108
46013,"Winnipeg South","Winnipeg-Sud"," 128","Winnipeg",N,N,"",2,460,"Goertzen","","Brianne","NDP-New Democratic Party","NPD-Nouveau Parti démocratique",N,N,11
46013,"Winnipeg South","Winnipeg-Sud"," 128","Winnipeg",N,N,"",2,460,"Smith","","Adam","Green Party","Parti Vert",N,N,13
46013,"Winnipeg South","Winnipeg-Sud"," 129","Winnipeg",N,N,"",2,489,"Duguid","","Terry","Liberal","Libéral",N,Y,159
46013,"Winnipeg South","Winnipeg-Sud"," 129","Winnipeg",N,N,"",2,489,"Giesbrecht","","Gordon","Conservative","Conservateur",N,N,111
46013,"Winnipeg South","Winnipeg-Sud"," 129","Winnipeg",N,N,"",2,489,"Goertzen","","Brianne","NDP-New Democratic Party","NPD-Nouveau Parti démocratique",N,N,17
46013,"Winnipeg South","Winnipeg-Sud"," 129","Winnipeg",N,N,"",2,489,"Smith","","Adam","Green Party","Parti Vert",N,N,7
46013,"Winnipeg South","Winnipeg-Sud"," 130","Winnipeg",N,N,"",0,355,"Duguid","","Terry","Liberal","Libéral",N,Y,136
46013,"Winnipeg South","Winnipeg-Sud"," 130","Winnipeg",N,N,"",0,355,"Giesbrecht","","Gordon","Conservative","Conservateur",N,N,74
46013,"Winnipeg South","Winnipeg-Sud"," 130","Winnipeg",N,N,"",0,355,"Goertzen","","Brianne","NDP-New Democratic Party","NPD-Nouveau Parti démocratique",N,N,2
46013,"Winnipeg South","Winnipeg-Sud"," 130","Winnipeg",N,N,"",0,355,"Smith","","Adam","Green Party","Parti Vert",N,N,2
46013,"Winnipeg South","Winnipeg-Sud"," 131","Winnipeg",N,N,"",0,356,"Duguid","","Terry","Liberal","Libéral",N,Y,137
46013,"Winnipeg South","Winnipeg-Sud"," 131","Winnipeg",N,N,"",0,356,"Giesbrecht","","Gordon","Conservative","Conservateur",N,N,85
46013,"Winnipeg South","Winnipeg-Sud"," 131","Winnipeg",N,N,"",0,356,"Goertzen","","Brianne","NDP-New Democratic Party","NPD-Nouveau Parti démocratique",N,N,11
46013,"Winnipeg South","Winnipeg-Sud"," 131","Winnipeg",N,N,"",0,356,"Smith","","Adam","Green Party","Parti Vert",N,N,4
46013,"Winnipeg South","Winnipeg-Sud"," 132A","Winnipeg",N,N,"",0,315,"Duguid","","Terry","Liberal","Libéral",N,Y,123
46013,"Winnipeg South","Winnipeg-Sud"," 132A","Winnipeg",N,N,"",0,315,"Giesbrecht","","Gordon","Conservative","Conservateur",N,N,57
46013,"Winnipeg South","Winnipeg-Sud"," 132A","Winnipeg",N,N,"",0,315,"Goertzen","","Brianne","NDP-New Democratic Party","NPD-Nouveau Parti démocratique",N,N,3
46013,"Winnipeg South","Winnipeg-Sud"," 132A","Winnipeg",N,N,"",0,315,"Smith","","Adam","Green Party","Parti Vert",N,N,4
46013,"Winnipeg South","Winnipeg-Sud"," 132B","Winnipeg",N,N,"",3,320,"Duguid","","Terry","Liberal","Libéral",N,Y,107
46013,"Winnipeg South","Winnipeg-Sud"," 132B","Winnipeg",N,N,"",3,320,"Giesbrecht","","Gordon","Conservative","Conservateur",N,N,66
46013,"Winnipeg South","Winnipeg-Sud"," 132B","Winnipeg",N,N,"",3,320,"Goertzen","","Brianne","NDP-New Democratic Party","NPD-Nouveau Parti démocratique",N,N,10
46013,"Winnipeg South","Winnipeg-Sud"," 132B","Winnipeg",N,N,"",3,320,"Smith","","Adam","Green Party","Parti Vert",N,N,3
46013,"Winnipeg South","Winnipeg-Sud"," 133","Winnipeg",N,N,"",0,185,"Duguid","","Terry","Liberal","Libéral",N,Y,76
46013,"Winnipeg South","Winnipeg-Sud"," 133","Winnipeg",N,N,"",0,185,"Giesbrecht","","Gordon","Conservative","Conservateur",N,N,54
46013,"Winnipeg South","Winnipeg-Sud"," 133","Winnipeg",N,N,"",0,185,"Goertzen","","Brianne","NDP-New Democratic Party","NPD-Nouveau Parti démocratique",N,N,2
46013,"Winnipeg South","Winnipeg-Sud"," 133","Winnipeg",N,N,"",0,185,"Smith","","Adam","Green Party","Parti Vert",N,N,2
46013,"Winnipeg South","Winnipeg-Sud"," 134","Winnipeg",N,N,"",1,475,"Duguid","","Terry","Liberal","Libéral",N,Y,119
46013,"Winnipeg South","Winnipeg-Sud"," 134","Winnipeg",N,N,"",1,475,"Giesbrecht","","Gordon","Conservative","Conservateur",N,N,107
46013,"Winnipeg South","Winnipeg-Sud"," 134","Winnipeg",N,N,"",1,475,"Goertzen","","Brianne","NDP-New Democratic Party","NPD-Nouveau Parti démocratique",N,N,7
46013,"Winnipeg South","Winnipeg-Sud"," 134","Winnipeg",N,N,"",1,475,"Smith","","Adam","Green Party","Parti Vert",N,N,5
46013,"Winnipeg South","Winnipeg-Sud"," 135","Winnipeg",N,N,"",1,493,"Duguid","","Terry","Liberal","Libéral",N,Y,183
46013,"Winnipeg South","Winnipeg-Sud"," 135","Winnipeg",N,N,"",1,493,"Giesbrecht","","Gordon","Conservative","Conservateur",N,N,97
46013,"Winnipeg South","Winnipeg-Sud"," 135","Winnipeg",N,N,"",1,493,"Goertzen","","Brianne","NDP-New Democratic Party","NPD-Nouveau Parti démocratique",N,N,23
46013,"Winnipeg South","Winnipeg-Sud"," 135","Winnipeg",N,N,"",1,493,"Smith","","Adam","Green Party","Parti Vert",N,N,7
46013,"Winnipeg South","Winnipeg-Sud"," 136","Winnipeg",N,N,"",2,372,"Duguid","","Terry","Liberal","Libéral",N,Y,114
46013,"Winnipeg South","Winnipeg-Sud"," 136","Winnipeg",N,N,"",2,372,"Giesbrecht","","Gordon","Conservative","Conservateur",N,N,77
46013,"Winnipeg South","Winnipeg-Sud"," 136","Winnipeg",N,N,"",2,372,"Goertzen","","Brianne","NDP-New Democratic Party","NPD-Nouveau Parti démocratique",N,N,5
46013,"Winnipeg South","Winnipeg-Sud"," 136","Winnipeg",N,N,"",2,372,"Smith","","Adam","Green Party","Parti Vert",N,N,7
46013,"Winnipeg South","Winnipeg-Sud"," 137A","Winnipeg",N,N,"",1,315,"Duguid","","Terry","Liberal","Libéral",N,Y,104
46013,"Winnipeg South","Winnipeg-Sud"," 137A","Winnipeg",N,N,"",1,315,"Giesbrecht","","Gordon","Conservative","Conservateur",N,N,65
46013,"Winnipeg South","Winnipeg-Sud"," 137A","Winnipeg",N,N,"",1,315,"Goertzen","","Brianne","NDP-New Democratic Party","NPD-Nouveau Parti démocratique",N,N,15
46013,"Winnipeg South","Winnipeg-Sud"," 137A","Winnipeg",N,N,"",1,315,"Smith","","Adam","Green Party","Parti Vert",N,N,3
46013,"Winnipeg South","Winnipeg-Sud"," 137B","Winnipeg",N,N,"",0,352,"Duguid","","Terry","Liberal","Libéral",N,Y,103
46013,"Winnipeg South","Winnipeg-Sud"," 137B","Winnipeg",N,N,"",0,352,"Giesbrecht","","Gordon","Conservative","Conservateur",N,N,67
46013,"Winnipeg South","Winnipeg-Sud"," 137B","Winnipeg",N,N,"",0,352,"Goertzen","","Brianne","NDP-New Democratic Party","NPD-Nouveau Parti démocratique",N,N,13
46013,"Winnipeg South","Winnipeg-Sud"," 137B","Winnipeg",N,N,"",0,352,"Smith","","Adam","Green Party","Parti Vert",N,N,7
46013,"Winnipeg South","Winnipeg-Sud"," 138","Winnipeg",N,N,"",0,403,"Duguid","","Terry","Liberal","Libéral",N,Y,93
46013,"Winnipeg South","Winnipeg-Sud"," 138","Winnipeg",N,N,"",0,403,"Giesbrecht","","Gordon","Conservative","Conservateur",N,N,91
46013,"Winnipeg South","Winnipeg-Sud"," 138","Winnipeg",N,N,"",0,403,"Goertzen","","Brianne","NDP-New Democratic Party","NPD-Nouveau Parti démocratique",N,N,10
46013,"Winnipeg South","Winnipeg-Sud"," 138","Winnipeg",N,N,"",0,403,"Smith","","Adam","Green Party","Parti Vert",N,N,1
46013,"Winnipeg South","Winnipeg-Sud"," 139","Winnipeg",N,N,"",1,444,"Duguid","","Terry","Liberal","Libéral",N,Y,135
46013,"Winnipeg South","Winnipeg-Sud"," 139","Winnipeg",N,N,"",1,444,"Giesbrecht","","Gordon","Conservative","Conservateur",N,N,93
46013,"Winnipeg South","Winnipeg-Sud"," 139","Winnipeg",N,N,"",1,444,"Goertzen","","Brianne","NDP-New Democratic Party","NPD-Nouveau Parti démocratique",N,N,20
46013,"Winnipeg South","Winnipeg-Sud"," 139","Winnipeg",N,N,"",1,444,"Smith","","Adam","Green Party","Parti Vert",N,N,5
46013,"Winnipeg South","Winnipeg-Sud"," 140","Winnipeg",N,N,"",0,470,"Duguid","","Terry","Liberal","Libéral",N,Y,156
46013,"Winnipeg South","Winnipeg-Sud"," 140","Winnipeg",N,N,"",0,470,"Giesbrecht","","Gordon","Conservative","Conservateur",N,N,78
46013,"Winnipeg South","Winnipeg-Sud"," 140","Winnipeg",N,N,"",0,470,"Goertzen","","Brianne","NDP-New Democratic Party","NPD-Nouveau Parti démocratique",N,N,16
46013,"Winnipeg South","Winnipeg-Sud"," 140","Winnipeg",N,N,"",0,470,"Smith","","Adam","Green Party","Parti Vert",N,N,5
46013,"Winnipeg South","Winnipeg-Sud"," 141","Winnipeg",N,N,"",1,394,"Duguid","","Terry","Liberal","Libéral",N,Y,133
46013,"Winnipeg South","Winnipeg-Sud"," 141","Winnipeg",N,N,"",1,394,"Giesbrecht","","Gordon","Conservative","Conservateur",N,N,62
46013,"Winnipeg South","Winnipeg-Sud"," 141","Winnipeg",N,N,"",1,394,"Goertzen","","Brianne","NDP-New Democratic Party","NPD-Nouveau Parti démocratique",N,N,11
46013,"Winnipeg South","Winnipeg-Sud"," 141","Winnipeg",N,N,"",1,394,"Smith","","Adam","Green Party","Parti Vert",N,N,5
46013,"Winnipeg South","Winnipeg-Sud"," 142","Winnipeg",N,N,"",0,380,"Duguid","","Terry","Liberal","Libéral",N,Y,119
46013,"Winnipeg South","Winnipeg-Sud"," 142","Winnipeg",N,N,"",0,380,"Giesbrecht","","Gordon","Conservative","Conservateur",N,N,51
46013,"Winnipeg South","Winnipeg-Sud"," 142","Winnipeg",N,N,"",0,380,"Goertzen","","Brianne","NDP-New Democratic Party","NPD-Nouveau Parti démocratique",N,N,17
46013,"Winnipeg South","Winnipeg-Sud"," 142","Winnipeg",N,N,"",0,380,"Smith","","Adam","Green Party","Parti Vert",N,N,8
46013,"Winnipeg South","Winnipeg-Sud"," 143","Winnipeg",N,N,"",0,394,"Duguid","","Terry","Liberal","Libéral",N,Y,110
46013,"Winnipeg South","Winnipeg-Sud"," 143","Winnipeg",N,N,"",0,394,"Giesbrecht","","Gordon","Conservative","Conservateur",N,N,65
46013,"Winnipeg South","Winnipeg-Sud"," 143","Winnipeg",N,N,"",0,394,"Goertzen","","Brianne","NDP-New Democratic Party","NPD-Nouveau Parti démocratique",N,N,10
46013,"Winnipeg South","Winnipeg-Sud"," 143","Winnipeg",N,N,"",0,394,"Smith","","Adam","Green Party","Parti Vert",N,N,5
46013,"Winnipeg South","Winnipeg-Sud"," 144","Winnipeg",N,N,"",1,337,"Duguid","","Terry","Liberal","Libéral",N,Y,116
46013,"Winnipeg South","Winnipeg-Sud"," 144","Winnipeg",N,N,"",1,337,"Giesbrecht","","Gordon","Conservative","Conservateur",N,N,84
46013,"Winnipeg South","Winnipeg-Sud"," 144","Winnipeg",N,N,"",1,337,"Goertzen","","Brianne","NDP-New Democratic Party","NPD-Nouveau Parti démocratique",N,N,16
46013,"Winnipeg South","Winnipeg-Sud"," 144","Winnipeg",N,N,"",1,337,"Smith","","Adam","Green Party","Parti Vert",N,N,3
46013,"Winnipeg South","Winnipeg-Sud"," 400","Winnipeg",N,N,"",3,204,"Duguid","","Terry","Liberal","Libéral",N,Y,64
46013,"Winnipeg South","Winnipeg-Sud"," 400","Winnipeg",N,N,"",3,204,"Giesbrecht","","Gordon","Conservative","Conservateur",N,N,74
46013,"Winnipeg South","Winnipeg-Sud"," 400","Winnipeg",N,N,"",3,204,"Goertzen","","Brianne","NDP-New Democratic Party","NPD-Nouveau Parti démocratique",N,N,16
46013,"Winnipeg South","Winnipeg-Sud"," 400","Winnipeg",N,N,"",3,204,"Smith","","Adam","Green Party","Parti Vert",N,N,3
46013,"Winnipeg South","Winnipeg-Sud"," 401","Winnipeg",N,N,"",2,415,"Duguid","","Terry","Liberal","Libéral",N,Y,171
46013,"Winnipeg South","Winnipeg-Sud"," 401","Winnipeg",N,N,"",2,415,"Giesbrecht","","Gordon","Conservative","Conservateur",N,N,103
46013,"Winnipeg South","Winnipeg-Sud"," 401","Winnipeg",N,N,"",2,415,"Goertzen","","Brianne","NDP-New Democratic Party","NPD-Nouveau Parti démocratique",N,N,27
46013,"Winnipeg South","Winnipeg-Sud"," 401","Winnipeg",N,N,"",2,415,"Smith","","Adam","Green Party","Parti Vert",N,N,8
46013,"Winnipeg South","Winnipeg-Sud"," 402","Winnipeg",N,N,"",2,92,"Duguid","","Terry","Liberal","Libéral",N,Y,25
46013,"Winnipeg South","Winnipeg-Sud"," 402","Winnipeg",N,N,"",2,92,"Giesbrecht","","Gordon","Conservative","Conservateur",N,N,15
46013,"Winnipeg South","Winnipeg-Sud"," 402","Winnipeg",N,N,"",2,92,"Goertzen","","Brianne","NDP-New Democratic Party","NPD-Nouveau Parti démocratique",N,N,8
46013,"Winnipeg South","Winnipeg-Sud"," 402","Winnipeg",N,N,"",2,92,"Smith","","Adam","Green Party","Parti Vert",N,N,0
46013,"Winnipeg South","Winnipeg-Sud"," 500","Mobile poll/Bureau itinérant",N,N,"",30,168,"Duguid","","Terry","Liberal","Libéral",N,Y,81
46013,"Winnipeg South","Winnipeg-Sud"," 500","Mobile poll/Bureau itinérant",N,N,"",30,168,"Giesbrecht","","Gordon","Conservative","Conservateur",N,N,14
46013,"Winnipeg South","Winnipeg-Sud"," 500","Mobile poll/Bureau itinérant",N,N,"",30,168,"Goertzen","","Brianne","NDP-New Democratic Party","NPD-Nouveau Parti démocratique",N,N,9
46013,"Winnipeg South","Winnipeg-Sud"," 500","Mobile poll/Bureau itinérant",N,N,"",30,168,"Smith","","Adam","Green Party","Parti Vert",N,N,5
46013,"Winnipeg South","Winnipeg-Sud"," 501","Mobile poll/Bureau itinérant",N,N,"",3,184,"Duguid","","Terry","Liberal","Libéral",N,Y,47
46013,"Winnipeg South","Winnipeg-Sud"," 501","Mobile poll/Bureau itinérant",N,N,"",3,184,"Giesbrecht","","Gordon","Conservative","Conservateur",N,N,46
46013,"Winnipeg South","Winnipeg-Sud"," 501","Mobile poll/Bureau itinérant",N,N,"",3,184,"Goertzen","","Brianne","NDP-New Democratic Party","NPD-Nouveau Parti démocratique",N,N,14
46013,"Winnipeg South","Winnipeg-Sud"," 501","Mobile poll/Bureau itinérant",N,N,"",3,184,"Smith","","Adam","Green Party","Parti Vert",N,N,7
46013,"Winnipeg South","Winnipeg-Sud"," 600","Winnipeg",N,N,"",1,0,"Duguid","","Terry","Liberal","Libéral",N,Y,513
46013,"Winnipeg South","Winnipeg-Sud"," 600","Winnipeg",N,N,"",1,0,"Giesbrecht","","Gordon","Conservative","Conservateur",N,N,450
46013,"Winnipeg South","Winnipeg-Sud"," 600","Winnipeg",N,N,"",1,0,"Goertzen","","Brianne","NDP-New Democratic Party","NPD-Nouveau Parti démocratique",N,N,30
46013,"Winnipeg South","Winnipeg-Sud"," 600","Winnipeg",N,N,"",1,0,"Smith","","Adam","Green Party","Parti Vert",N,N,17
46013,"Winnipeg South","Winnipeg-Sud"," 601","Winnipeg",N,N,"",5,0,"Duguid","","Terry","Liberal","Libéral",N,Y,726
46013,"Winnipeg South","Winnipeg-Sud"," 601","Winnipeg",N,N,"",5,0,"Giesbrecht","","Gordon","Conservative","Conservateur",N,N,402
46013,"Winnipeg South","Winnipeg-Sud"," 601","Winnipeg",N,N,"",5,0,"Goertzen","","Brianne","NDP-New Democratic Party","NPD-Nouveau Parti démocratique",N,N,42
46013,"Winnipeg South","Winnipeg-Sud"," 601","Winnipeg",N,N,"",5,0,"Smith","","Adam","Green Party","Parti Vert",N,N,13
46013,"Winnipeg South","Winnipeg-Sud"," 602","Winnipeg",N,N,"",4,0,"Duguid","","Terry","Liberal","Libéral",N,Y,535
46013,"Winnipeg South","Winnipeg-Sud"," 602","Winnipeg",N,N,"",4,0,"Giesbrecht","","Gordon","Conservative","Conservateur",N,N,287
46013,"Winnipeg South","Winnipeg-Sud"," 602","Winnipeg",N,N,"",4,0,"Goertzen","","Brianne","NDP-New Democratic Party","NPD-Nouveau Parti démocratique",N,N,40
46013,"Winnipeg South","Winnipeg-Sud"," 602","Winnipeg",N,N,"",4,0,"Smith","","Adam","Green Party","Parti Vert",N,N,12
46013,"Winnipeg South","Winnipeg-Sud"," 603","Winnipeg",N,N,"",2,0,"Duguid","","Terry","Liberal","Libéral",N,Y,705
46013,"Winnipeg South","Winnipeg-Sud"," 603","Winnipeg",N,N,"",2,0,"Giesbrecht","","Gordon","Conservative","Conservateur",N,N,409
46013,"Winnipeg South","Winnipeg-Sud"," 603","Winnipeg",N,N,"",2,0,"Goertzen","","Brianne","NDP-New Democratic Party","NPD-Nouveau Parti démocratique",N,N,42
46013,"Winnipeg South","Winnipeg-Sud"," 603","Winnipeg",N,N,"",2,0,"Smith","","Adam","Green Party","Parti Vert",N,N,22
46013,"Winnipeg South","Winnipeg-Sud"," 604","Winnipeg",N,N,"",1,0,"Duguid","","Terry","Liberal","Libéral",N,Y,609
46013,"Winnipeg South","Winnipeg-Sud"," 604","Winnipeg",N,N,"",1,0,"Giesbrecht","","Gordon","Conservative","Conservateur",N,N,322
46013,"Winnipeg South","Winnipeg-Sud"," 604","Winnipeg",N,N,"",1,0,"Goertzen","","Brianne","NDP-New Democratic Party","NPD-Nouveau Parti démocratique",N,N,49
46013,"Winnipeg South","Winnipeg-Sud"," 604","Winnipeg",N,N,"",1,0,"Smith","","Adam","Green Party","Parti Vert",N,N,23
46013,"Winnipeg South","Winnipeg-Sud"," 605","Winnipeg",N,N,"",1,0,"Duguid","","Terry","Liberal","Libéral",N,Y,690
46013,"Winnipeg South","Winnipeg-Sud"," 605","Winnipeg",N,N,"",1,0,"Giesbrecht","","Gordon","Conservative","Conservateur",N,N,330
46013,"Winnipeg South","Winnipeg-Sud"," 605","Winnipeg",N,N,"",1,0,"Goertzen","","Brianne","NDP-New Democratic Party","NPD-Nouveau Parti démocratique",N,N,51
46013,"Winnipeg South","Winnipeg-Sud"," 605","Winnipeg",N,N,"",1,0,"Smith","","Adam","Green Party","Parti Vert",N,N,16
46013,"Winnipeg South","Winnipeg-Sud"," 606","Winnipeg",N,N,"",1,0,"Duguid","","Terry","Liberal","Libéral",N,Y,626
46013,"Winnipeg South","Winnipeg-Sud"," 606","Winnipeg",N,N,"",1,0,"Giesbrecht","","Gordon","Conservative","Conservateur",N,N,326
46013,"Winnipeg South","Winnipeg-Sud"," 606","Winnipeg",N,N,"",1,0,"Goertzen","","Brianne","NDP-New Democratic Party","NPD-Nouveau Parti démocratique",N,N,32
46013,"Winnipeg South","Winnipeg-Sud"," 606","Winnipeg",N,N,"",1,0,"Smith","","Adam","Green Party","Parti Vert",N,N,9
46013,"Winnipeg South","Winnipeg-Sud"," 607","Winnipeg",N,N,"",4,0,"Duguid","","Terry","Liberal","Libéral",N,Y,681
46013,"Winnipeg South","Winnipeg-Sud"," 607","Winnipeg",N,N,"",4,0,"Giesbrecht","","Gordon","Conservative","Conservateur",N,N,398
46013,"Winnipeg South","Winnipeg-Sud"," 607","Winnipeg",N,N,"",4,0,"Goertzen","","Brianne","NDP-New Democratic Party","NPD-Nouveau Parti démocratique",N,N,60
46013,"Winnipeg South","Winnipeg-Sud"," 607","Winnipeg",N,N,"",4,0,"Smith","","Adam","Green Party","Parti Vert",N,N,24
46013,"Winnipeg South","Winnipeg-Sud"," 608","Winnipeg",N,N,"",0,0,"Duguid","","Terry","Liberal","Libéral",N,Y,706
46013,"Winnipeg South","Winnipeg-Sud"," 608","Winnipeg",N,N,"",0,0,"Giesbrecht","","Gordon","Conservative","Conservateur",N,N,461
46013,"Winnipeg South","Winnipeg-Sud"," 608","Winnipeg",N,N,"",0,0,"Goertzen","","Brianne","NDP-New Democratic Party","NPD-Nouveau Parti démocratique",N,N,43
46013,"Winnipeg South","Winnipeg-Sud"," 608","Winnipeg",N,N,"",0,0,"Smith","","Adam","Green Party","Parti Vert",N,N,15
46013,"Winnipeg South","Winnipeg-Sud"," S/R 1","SVR Group 1/RÉS Groupe 1",N,N,"",10,93,"Duguid","","Terry","Liberal","Libéral",N,Y,90
46013,"Winnipeg South","Winnipeg-Sud"," S/R 1","SVR Group 1/RÉS Groupe 1",N,N,"",10,93,"Giesbrecht","","Gordon","Conservative","Conservateur",N,N,42
46013,"Winnipeg South","Winnipeg-Sud"," S/R 1","SVR Group 1/RÉS Groupe 1",N,N,"",10,93,"Goertzen","","Brianne","NDP-New Democratic Party","NPD-Nouveau Parti démocratique",N,N,6
46013,"Winnipeg South","Winnipeg-Sud"," S/R 1","SVR Group 1/RÉS Groupe 1",N,N,"",10,93,"Smith","","Adam","Green Party","Parti Vert",N,N,2
46013,"Winnipeg South","Winnipeg-Sud"," S/R 2","SVR Group 2/RÉS Groupe 2",N,N,"",13,0,"Duguid","","Terry","Liberal","Libéral",N,Y,1067
46013,"Winnipeg South","Winnipeg-Sud"," S/R 2","SVR Group 2/RÉS Groupe 2",N,N,"",13,0,"Giesbrecht","","Gordon","Conservative","Conservateur",N,N,426
46013,"Winnipeg South","Winnipeg-Sud"," S/R 2","SVR Group 2/RÉS Groupe 2",N,N,"",13,0,"Goertzen","","Brianne","NDP-New Democratic Party","NPD-Nouveau Parti démocratique",N,N,93
46013,"Winnipeg South","Winnipeg-Sud"," S/R 2","SVR Group 2/RÉS Groupe 2",N,N,"",13,0,"Smith","","Adam","Green Party","Parti Vert",N,N,37
