﻿Electoral District Number/Numéro de circonscription,Electoral District Name_English/Nom de circonscription_Anglais,Electoral District Name_French/Nom de circonscription_Français,Polling Station Number/Numéro du bureau de scrutin,Polling Station Name/Nom du bureau de scrutin,Void Poll Indicator/Indicateur de bureau supprimé,No Poll Held Indicator/Indicateur de bureau sans scrutin,Merge With/Fusionné avec,Rejected Ballots for Polling Station/Bulletins rejetés du bureau,Electors for Polling Station/Électeurs du bureau,Candidate’s Family Name/Nom de famille du candidat,Candidate’s Middle Name/Second prénom du candidat,Candidate’s First Name/Prénom du candidat,Political Affiliation Name_English/Appartenance politique_Anglais,Political Affiliation Name_French/Appartenance politique_Français,Incumbent Indicator/Indicateur_Candidat sortant,Elected Candidate Indicator/Indicateur du candidat élu,Candidate Poll Votes Count/Votes du candidat pour le bureau
46012,"Winnipeg North","Winnipeg-Nord"," 1A","Winnipeg",N,N,"",2,522,"Abad","","Levy","NDP-New Democratic Party","NPD-Nouveau Parti démocratique",N,N,25
46012,"Winnipeg North","Winnipeg-Nord"," 1A","Winnipeg",N,N,"",2,522,"Lamoureux","","Kevin","Liberal","Libéral",Y,Y,188
46012,"Winnipeg North","Winnipeg-Nord"," 1A","Winnipeg",N,N,"",2,522,"Redekopp","","John","Green Party","Parti Vert",N,N,3
46012,"Winnipeg North","Winnipeg-Nord"," 1A","Winnipeg",N,N,"",2,522,"Turka","","Harpreet","Conservative","Conservateur",N,N,24
46012,"Winnipeg North","Winnipeg-Nord"," 1B","Winnipeg",N,N,"",1,483,"Abad","","Levy","NDP-New Democratic Party","NPD-Nouveau Parti démocratique",N,N,21
46012,"Winnipeg North","Winnipeg-Nord"," 1B","Winnipeg",N,N,"",1,483,"Lamoureux","","Kevin","Liberal","Libéral",Y,Y,176
46012,"Winnipeg North","Winnipeg-Nord"," 1B","Winnipeg",N,N,"",1,483,"Redekopp","","John","Green Party","Parti Vert",N,N,0
46012,"Winnipeg North","Winnipeg-Nord"," 1B","Winnipeg",N,N,"",1,483,"Turka","","Harpreet","Conservative","Conservateur",N,N,23
46012,"Winnipeg North","Winnipeg-Nord"," 2","Winnipeg",N,N,"",2,613,"Abad","","Levy","NDP-New Democratic Party","NPD-Nouveau Parti démocratique",N,N,14
46012,"Winnipeg North","Winnipeg-Nord"," 2","Winnipeg",N,N,"",2,613,"Lamoureux","","Kevin","Liberal","Libéral",Y,Y,242
46012,"Winnipeg North","Winnipeg-Nord"," 2","Winnipeg",N,N,"",2,613,"Redekopp","","John","Green Party","Parti Vert",N,N,1
46012,"Winnipeg North","Winnipeg-Nord"," 2","Winnipeg",N,N,"",2,613,"Turka","","Harpreet","Conservative","Conservateur",N,N,51
46012,"Winnipeg North","Winnipeg-Nord"," 3","Winnipeg",N,N,"",0,455,"Abad","","Levy","NDP-New Democratic Party","NPD-Nouveau Parti démocratique",N,N,10
46012,"Winnipeg North","Winnipeg-Nord"," 3","Winnipeg",N,N,"",0,455,"Lamoureux","","Kevin","Liberal","Libéral",Y,Y,194
46012,"Winnipeg North","Winnipeg-Nord"," 3","Winnipeg",N,N,"",0,455,"Redekopp","","John","Green Party","Parti Vert",N,N,1
46012,"Winnipeg North","Winnipeg-Nord"," 3","Winnipeg",N,N,"",0,455,"Turka","","Harpreet","Conservative","Conservateur",N,N,25
46012,"Winnipeg North","Winnipeg-Nord"," 4","Winnipeg",N,N,"",4,410,"Abad","","Levy","NDP-New Democratic Party","NPD-Nouveau Parti démocratique",N,N,7
46012,"Winnipeg North","Winnipeg-Nord"," 4","Winnipeg",N,N,"",4,410,"Lamoureux","","Kevin","Liberal","Libéral",Y,Y,142
46012,"Winnipeg North","Winnipeg-Nord"," 4","Winnipeg",N,N,"",4,410,"Redekopp","","John","Green Party","Parti Vert",N,N,1
46012,"Winnipeg North","Winnipeg-Nord"," 4","Winnipeg",N,N,"",4,410,"Turka","","Harpreet","Conservative","Conservateur",N,N,26
46012,"Winnipeg North","Winnipeg-Nord"," 5","Winnipeg",N,N,"",2,470,"Abad","","Levy","NDP-New Democratic Party","NPD-Nouveau Parti démocratique",N,N,17
46012,"Winnipeg North","Winnipeg-Nord"," 5","Winnipeg",N,N,"",2,470,"Lamoureux","","Kevin","Liberal","Libéral",Y,Y,149
46012,"Winnipeg North","Winnipeg-Nord"," 5","Winnipeg",N,N,"",2,470,"Redekopp","","John","Green Party","Parti Vert",N,N,2
46012,"Winnipeg North","Winnipeg-Nord"," 5","Winnipeg",N,N,"",2,470,"Turka","","Harpreet","Conservative","Conservateur",N,N,33
46012,"Winnipeg North","Winnipeg-Nord"," 6","Winnipeg",N,N,"",4,466,"Abad","","Levy","NDP-New Democratic Party","NPD-Nouveau Parti démocratique",N,N,10
46012,"Winnipeg North","Winnipeg-Nord"," 6","Winnipeg",N,N,"",4,466,"Lamoureux","","Kevin","Liberal","Libéral",Y,Y,175
46012,"Winnipeg North","Winnipeg-Nord"," 6","Winnipeg",N,N,"",4,466,"Redekopp","","John","Green Party","Parti Vert",N,N,2
46012,"Winnipeg North","Winnipeg-Nord"," 6","Winnipeg",N,N,"",4,466,"Turka","","Harpreet","Conservative","Conservateur",N,N,45
46012,"Winnipeg North","Winnipeg-Nord"," 7","Winnipeg",N,N,"",3,537,"Abad","","Levy","NDP-New Democratic Party","NPD-Nouveau Parti démocratique",N,N,23
46012,"Winnipeg North","Winnipeg-Nord"," 7","Winnipeg",N,N,"",3,537,"Lamoureux","","Kevin","Liberal","Libéral",Y,Y,189
46012,"Winnipeg North","Winnipeg-Nord"," 7","Winnipeg",N,N,"",3,537,"Redekopp","","John","Green Party","Parti Vert",N,N,3
46012,"Winnipeg North","Winnipeg-Nord"," 7","Winnipeg",N,N,"",3,537,"Turka","","Harpreet","Conservative","Conservateur",N,N,50
46012,"Winnipeg North","Winnipeg-Nord"," 8","Winnipeg",N,N,"",0,615,"Abad","","Levy","NDP-New Democratic Party","NPD-Nouveau Parti démocratique",N,N,10
46012,"Winnipeg North","Winnipeg-Nord"," 8","Winnipeg",N,N,"",0,615,"Lamoureux","","Kevin","Liberal","Libéral",Y,Y,255
46012,"Winnipeg North","Winnipeg-Nord"," 8","Winnipeg",N,N,"",0,615,"Redekopp","","John","Green Party","Parti Vert",N,N,3
46012,"Winnipeg North","Winnipeg-Nord"," 8","Winnipeg",N,N,"",0,615,"Turka","","Harpreet","Conservative","Conservateur",N,N,41
46012,"Winnipeg North","Winnipeg-Nord"," 9","Winnipeg",N,N,"",1,519,"Abad","","Levy","NDP-New Democratic Party","NPD-Nouveau Parti démocratique",N,N,13
46012,"Winnipeg North","Winnipeg-Nord"," 9","Winnipeg",N,N,"",1,519,"Lamoureux","","Kevin","Liberal","Libéral",Y,Y,218
46012,"Winnipeg North","Winnipeg-Nord"," 9","Winnipeg",N,N,"",1,519,"Redekopp","","John","Green Party","Parti Vert",N,N,5
46012,"Winnipeg North","Winnipeg-Nord"," 9","Winnipeg",N,N,"",1,519,"Turka","","Harpreet","Conservative","Conservateur",N,N,34
46012,"Winnipeg North","Winnipeg-Nord"," 10","Winnipeg",N,N,"",1,251,"Abad","","Levy","NDP-New Democratic Party","NPD-Nouveau Parti démocratique",N,N,8
46012,"Winnipeg North","Winnipeg-Nord"," 10","Winnipeg",N,N,"",1,251,"Lamoureux","","Kevin","Liberal","Libéral",Y,Y,98
46012,"Winnipeg North","Winnipeg-Nord"," 10","Winnipeg",N,N,"",1,251,"Redekopp","","John","Green Party","Parti Vert",N,N,0
46012,"Winnipeg North","Winnipeg-Nord"," 10","Winnipeg",N,N,"",1,251,"Turka","","Harpreet","Conservative","Conservateur",N,N,15
46012,"Winnipeg North","Winnipeg-Nord"," 11","Winnipeg",N,N,"",2,337,"Abad","","Levy","NDP-New Democratic Party","NPD-Nouveau Parti démocratique",N,N,9
46012,"Winnipeg North","Winnipeg-Nord"," 11","Winnipeg",N,N,"",2,337,"Lamoureux","","Kevin","Liberal","Libéral",Y,Y,143
46012,"Winnipeg North","Winnipeg-Nord"," 11","Winnipeg",N,N,"",2,337,"Redekopp","","John","Green Party","Parti Vert",N,N,3
46012,"Winnipeg North","Winnipeg-Nord"," 11","Winnipeg",N,N,"",2,337,"Turka","","Harpreet","Conservative","Conservateur",N,N,28
46012,"Winnipeg North","Winnipeg-Nord"," 12","Winnipeg",N,N,"",3,447,"Abad","","Levy","NDP-New Democratic Party","NPD-Nouveau Parti démocratique",N,N,32
46012,"Winnipeg North","Winnipeg-Nord"," 12","Winnipeg",N,N,"",3,447,"Lamoureux","","Kevin","Liberal","Libéral",Y,Y,185
46012,"Winnipeg North","Winnipeg-Nord"," 12","Winnipeg",N,N,"",3,447,"Redekopp","","John","Green Party","Parti Vert",N,N,7
46012,"Winnipeg North","Winnipeg-Nord"," 12","Winnipeg",N,N,"",3,447,"Turka","","Harpreet","Conservative","Conservateur",N,N,28
46012,"Winnipeg North","Winnipeg-Nord"," 13","Winnipeg",N,N,"",1,445,"Abad","","Levy","NDP-New Democratic Party","NPD-Nouveau Parti démocratique",N,N,20
46012,"Winnipeg North","Winnipeg-Nord"," 13","Winnipeg",N,N,"",1,445,"Lamoureux","","Kevin","Liberal","Libéral",Y,Y,196
46012,"Winnipeg North","Winnipeg-Nord"," 13","Winnipeg",N,N,"",1,445,"Redekopp","","John","Green Party","Parti Vert",N,N,5
46012,"Winnipeg North","Winnipeg-Nord"," 13","Winnipeg",N,N,"",1,445,"Turka","","Harpreet","Conservative","Conservateur",N,N,38
46012,"Winnipeg North","Winnipeg-Nord"," 14","Winnipeg",N,N,"",4,414,"Abad","","Levy","NDP-New Democratic Party","NPD-Nouveau Parti démocratique",N,N,19
46012,"Winnipeg North","Winnipeg-Nord"," 14","Winnipeg",N,N,"",4,414,"Lamoureux","","Kevin","Liberal","Libéral",Y,Y,157
46012,"Winnipeg North","Winnipeg-Nord"," 14","Winnipeg",N,N,"",4,414,"Redekopp","","John","Green Party","Parti Vert",N,N,2
46012,"Winnipeg North","Winnipeg-Nord"," 14","Winnipeg",N,N,"",4,414,"Turka","","Harpreet","Conservative","Conservateur",N,N,52
46012,"Winnipeg North","Winnipeg-Nord"," 15","Winnipeg",N,N,"",1,377,"Abad","","Levy","NDP-New Democratic Party","NPD-Nouveau Parti démocratique",N,N,23
46012,"Winnipeg North","Winnipeg-Nord"," 15","Winnipeg",N,N,"",1,377,"Lamoureux","","Kevin","Liberal","Libéral",Y,Y,141
46012,"Winnipeg North","Winnipeg-Nord"," 15","Winnipeg",N,N,"",1,377,"Redekopp","","John","Green Party","Parti Vert",N,N,8
46012,"Winnipeg North","Winnipeg-Nord"," 15","Winnipeg",N,N,"",1,377,"Turka","","Harpreet","Conservative","Conservateur",N,N,25
46012,"Winnipeg North","Winnipeg-Nord"," 16","Winnipeg",N,N,"",0,441,"Abad","","Levy","NDP-New Democratic Party","NPD-Nouveau Parti démocratique",N,N,19
46012,"Winnipeg North","Winnipeg-Nord"," 16","Winnipeg",N,N,"",0,441,"Lamoureux","","Kevin","Liberal","Libéral",Y,Y,155
46012,"Winnipeg North","Winnipeg-Nord"," 16","Winnipeg",N,N,"",0,441,"Redekopp","","John","Green Party","Parti Vert",N,N,1
46012,"Winnipeg North","Winnipeg-Nord"," 16","Winnipeg",N,N,"",0,441,"Turka","","Harpreet","Conservative","Conservateur",N,N,31
46012,"Winnipeg North","Winnipeg-Nord"," 17","Winnipeg",N,N,"",1,434,"Abad","","Levy","NDP-New Democratic Party","NPD-Nouveau Parti démocratique",N,N,14
46012,"Winnipeg North","Winnipeg-Nord"," 17","Winnipeg",N,N,"",1,434,"Lamoureux","","Kevin","Liberal","Libéral",Y,Y,205
46012,"Winnipeg North","Winnipeg-Nord"," 17","Winnipeg",N,N,"",1,434,"Redekopp","","John","Green Party","Parti Vert",N,N,4
46012,"Winnipeg North","Winnipeg-Nord"," 17","Winnipeg",N,N,"",1,434,"Turka","","Harpreet","Conservative","Conservateur",N,N,23
46012,"Winnipeg North","Winnipeg-Nord"," 18","Winnipeg",N,N,"",1,417,"Abad","","Levy","NDP-New Democratic Party","NPD-Nouveau Parti démocratique",N,N,25
46012,"Winnipeg North","Winnipeg-Nord"," 18","Winnipeg",N,N,"",1,417,"Lamoureux","","Kevin","Liberal","Libéral",Y,Y,161
46012,"Winnipeg North","Winnipeg-Nord"," 18","Winnipeg",N,N,"",1,417,"Redekopp","","John","Green Party","Parti Vert",N,N,5
46012,"Winnipeg North","Winnipeg-Nord"," 18","Winnipeg",N,N,"",1,417,"Turka","","Harpreet","Conservative","Conservateur",N,N,36
46012,"Winnipeg North","Winnipeg-Nord"," 19","Winnipeg",N,N,"",3,414,"Abad","","Levy","NDP-New Democratic Party","NPD-Nouveau Parti démocratique",N,N,31
46012,"Winnipeg North","Winnipeg-Nord"," 19","Winnipeg",N,N,"",3,414,"Lamoureux","","Kevin","Liberal","Libéral",Y,Y,156
46012,"Winnipeg North","Winnipeg-Nord"," 19","Winnipeg",N,N,"",3,414,"Redekopp","","John","Green Party","Parti Vert",N,N,2
46012,"Winnipeg North","Winnipeg-Nord"," 19","Winnipeg",N,N,"",3,414,"Turka","","Harpreet","Conservative","Conservateur",N,N,35
46012,"Winnipeg North","Winnipeg-Nord"," 20","Winnipeg",N,N,"",1,431,"Abad","","Levy","NDP-New Democratic Party","NPD-Nouveau Parti démocratique",N,N,15
46012,"Winnipeg North","Winnipeg-Nord"," 20","Winnipeg",N,N,"",1,431,"Lamoureux","","Kevin","Liberal","Libéral",Y,Y,174
46012,"Winnipeg North","Winnipeg-Nord"," 20","Winnipeg",N,N,"",1,431,"Redekopp","","John","Green Party","Parti Vert",N,N,4
46012,"Winnipeg North","Winnipeg-Nord"," 20","Winnipeg",N,N,"",1,431,"Turka","","Harpreet","Conservative","Conservateur",N,N,31
46012,"Winnipeg North","Winnipeg-Nord"," 21","Winnipeg",N,N,"",0,349,"Abad","","Levy","NDP-New Democratic Party","NPD-Nouveau Parti démocratique",N,N,7
46012,"Winnipeg North","Winnipeg-Nord"," 21","Winnipeg",N,N,"",0,349,"Lamoureux","","Kevin","Liberal","Libéral",Y,Y,147
46012,"Winnipeg North","Winnipeg-Nord"," 21","Winnipeg",N,N,"",0,349,"Redekopp","","John","Green Party","Parti Vert",N,N,4
46012,"Winnipeg North","Winnipeg-Nord"," 21","Winnipeg",N,N,"",0,349,"Turka","","Harpreet","Conservative","Conservateur",N,N,47
46012,"Winnipeg North","Winnipeg-Nord"," 22","Winnipeg",N,N,"",2,301,"Abad","","Levy","NDP-New Democratic Party","NPD-Nouveau Parti démocratique",N,N,10
46012,"Winnipeg North","Winnipeg-Nord"," 22","Winnipeg",N,N,"",2,301,"Lamoureux","","Kevin","Liberal","Libéral",Y,Y,121
46012,"Winnipeg North","Winnipeg-Nord"," 22","Winnipeg",N,N,"",2,301,"Redekopp","","John","Green Party","Parti Vert",N,N,2
46012,"Winnipeg North","Winnipeg-Nord"," 22","Winnipeg",N,N,"",2,301,"Turka","","Harpreet","Conservative","Conservateur",N,N,31
46012,"Winnipeg North","Winnipeg-Nord"," 23","Winnipeg",N,N,"",0,365,"Abad","","Levy","NDP-New Democratic Party","NPD-Nouveau Parti démocratique",N,N,14
46012,"Winnipeg North","Winnipeg-Nord"," 23","Winnipeg",N,N,"",0,365,"Lamoureux","","Kevin","Liberal","Libéral",Y,Y,144
46012,"Winnipeg North","Winnipeg-Nord"," 23","Winnipeg",N,N,"",0,365,"Redekopp","","John","Green Party","Parti Vert",N,N,2
46012,"Winnipeg North","Winnipeg-Nord"," 23","Winnipeg",N,N,"",0,365,"Turka","","Harpreet","Conservative","Conservateur",N,N,33
46012,"Winnipeg North","Winnipeg-Nord"," 24","Winnipeg",N,N,"",2,451,"Abad","","Levy","NDP-New Democratic Party","NPD-Nouveau Parti démocratique",N,N,19
46012,"Winnipeg North","Winnipeg-Nord"," 24","Winnipeg",N,N,"",2,451,"Lamoureux","","Kevin","Liberal","Libéral",Y,Y,189
46012,"Winnipeg North","Winnipeg-Nord"," 24","Winnipeg",N,N,"",2,451,"Redekopp","","John","Green Party","Parti Vert",N,N,2
46012,"Winnipeg North","Winnipeg-Nord"," 24","Winnipeg",N,N,"",2,451,"Turka","","Harpreet","Conservative","Conservateur",N,N,43
46012,"Winnipeg North","Winnipeg-Nord"," 25","Winnipeg",N,N,"",0,433,"Abad","","Levy","NDP-New Democratic Party","NPD-Nouveau Parti démocratique",N,N,26
46012,"Winnipeg North","Winnipeg-Nord"," 25","Winnipeg",N,N,"",0,433,"Lamoureux","","Kevin","Liberal","Libéral",Y,Y,137
46012,"Winnipeg North","Winnipeg-Nord"," 25","Winnipeg",N,N,"",0,433,"Redekopp","","John","Green Party","Parti Vert",N,N,7
46012,"Winnipeg North","Winnipeg-Nord"," 25","Winnipeg",N,N,"",0,433,"Turka","","Harpreet","Conservative","Conservateur",N,N,48
46012,"Winnipeg North","Winnipeg-Nord"," 26","Winnipeg",N,N,"",1,426,"Abad","","Levy","NDP-New Democratic Party","NPD-Nouveau Parti démocratique",N,N,27
46012,"Winnipeg North","Winnipeg-Nord"," 26","Winnipeg",N,N,"",1,426,"Lamoureux","","Kevin","Liberal","Libéral",Y,Y,168
46012,"Winnipeg North","Winnipeg-Nord"," 26","Winnipeg",N,N,"",1,426,"Redekopp","","John","Green Party","Parti Vert",N,N,4
46012,"Winnipeg North","Winnipeg-Nord"," 26","Winnipeg",N,N,"",1,426,"Turka","","Harpreet","Conservative","Conservateur",N,N,28
46012,"Winnipeg North","Winnipeg-Nord"," 27","Winnipeg",N,N,"",0,428,"Abad","","Levy","NDP-New Democratic Party","NPD-Nouveau Parti démocratique",N,N,23
46012,"Winnipeg North","Winnipeg-Nord"," 27","Winnipeg",N,N,"",0,428,"Lamoureux","","Kevin","Liberal","Libéral",Y,Y,164
46012,"Winnipeg North","Winnipeg-Nord"," 27","Winnipeg",N,N,"",0,428,"Redekopp","","John","Green Party","Parti Vert",N,N,3
46012,"Winnipeg North","Winnipeg-Nord"," 27","Winnipeg",N,N,"",0,428,"Turka","","Harpreet","Conservative","Conservateur",N,N,48
46012,"Winnipeg North","Winnipeg-Nord"," 28","Winnipeg",N,N,"",1,369,"Abad","","Levy","NDP-New Democratic Party","NPD-Nouveau Parti démocratique",N,N,26
46012,"Winnipeg North","Winnipeg-Nord"," 28","Winnipeg",N,N,"",1,369,"Lamoureux","","Kevin","Liberal","Libéral",Y,Y,118
46012,"Winnipeg North","Winnipeg-Nord"," 28","Winnipeg",N,N,"",1,369,"Redekopp","","John","Green Party","Parti Vert",N,N,2
46012,"Winnipeg North","Winnipeg-Nord"," 28","Winnipeg",N,N,"",1,369,"Turka","","Harpreet","Conservative","Conservateur",N,N,22
46012,"Winnipeg North","Winnipeg-Nord"," 29","Winnipeg",N,N,"",1,383,"Abad","","Levy","NDP-New Democratic Party","NPD-Nouveau Parti démocratique",N,N,16
46012,"Winnipeg North","Winnipeg-Nord"," 29","Winnipeg",N,N,"",1,383,"Lamoureux","","Kevin","Liberal","Libéral",Y,Y,140
46012,"Winnipeg North","Winnipeg-Nord"," 29","Winnipeg",N,N,"",1,383,"Redekopp","","John","Green Party","Parti Vert",N,N,3
46012,"Winnipeg North","Winnipeg-Nord"," 29","Winnipeg",N,N,"",1,383,"Turka","","Harpreet","Conservative","Conservateur",N,N,25
46012,"Winnipeg North","Winnipeg-Nord"," 30","Winnipeg",N,N,"",2,306,"Abad","","Levy","NDP-New Democratic Party","NPD-Nouveau Parti démocratique",N,N,14
46012,"Winnipeg North","Winnipeg-Nord"," 30","Winnipeg",N,N,"",2,306,"Lamoureux","","Kevin","Liberal","Libéral",Y,Y,91
46012,"Winnipeg North","Winnipeg-Nord"," 30","Winnipeg",N,N,"",2,306,"Redekopp","","John","Green Party","Parti Vert",N,N,1
46012,"Winnipeg North","Winnipeg-Nord"," 30","Winnipeg",N,N,"",2,306,"Turka","","Harpreet","Conservative","Conservateur",N,N,25
46012,"Winnipeg North","Winnipeg-Nord"," 31","Winnipeg",N,N,"",1,360,"Abad","","Levy","NDP-New Democratic Party","NPD-Nouveau Parti démocratique",N,N,12
46012,"Winnipeg North","Winnipeg-Nord"," 31","Winnipeg",N,N,"",1,360,"Lamoureux","","Kevin","Liberal","Libéral",Y,Y,124
46012,"Winnipeg North","Winnipeg-Nord"," 31","Winnipeg",N,N,"",1,360,"Redekopp","","John","Green Party","Parti Vert",N,N,5
46012,"Winnipeg North","Winnipeg-Nord"," 31","Winnipeg",N,N,"",1,360,"Turka","","Harpreet","Conservative","Conservateur",N,N,36
46012,"Winnipeg North","Winnipeg-Nord"," 32","Winnipeg",N,N,"",0,310,"Abad","","Levy","NDP-New Democratic Party","NPD-Nouveau Parti démocratique",N,N,12
46012,"Winnipeg North","Winnipeg-Nord"," 32","Winnipeg",N,N,"",0,310,"Lamoureux","","Kevin","Liberal","Libéral",Y,Y,95
46012,"Winnipeg North","Winnipeg-Nord"," 32","Winnipeg",N,N,"",0,310,"Redekopp","","John","Green Party","Parti Vert",N,N,3
46012,"Winnipeg North","Winnipeg-Nord"," 32","Winnipeg",N,N,"",0,310,"Turka","","Harpreet","Conservative","Conservateur",N,N,25
46012,"Winnipeg North","Winnipeg-Nord"," 33","Winnipeg",N,N,"",3,410,"Abad","","Levy","NDP-New Democratic Party","NPD-Nouveau Parti démocratique",N,N,21
46012,"Winnipeg North","Winnipeg-Nord"," 33","Winnipeg",N,N,"",3,410,"Lamoureux","","Kevin","Liberal","Libéral",Y,Y,110
46012,"Winnipeg North","Winnipeg-Nord"," 33","Winnipeg",N,N,"",3,410,"Redekopp","","John","Green Party","Parti Vert",N,N,7
46012,"Winnipeg North","Winnipeg-Nord"," 33","Winnipeg",N,N,"",3,410,"Turka","","Harpreet","Conservative","Conservateur",N,N,41
46012,"Winnipeg North","Winnipeg-Nord"," 34","Winnipeg",N,N,"",0,348,"Abad","","Levy","NDP-New Democratic Party","NPD-Nouveau Parti démocratique",N,N,15
46012,"Winnipeg North","Winnipeg-Nord"," 34","Winnipeg",N,N,"",0,348,"Lamoureux","","Kevin","Liberal","Libéral",Y,Y,79
46012,"Winnipeg North","Winnipeg-Nord"," 34","Winnipeg",N,N,"",0,348,"Redekopp","","John","Green Party","Parti Vert",N,N,2
46012,"Winnipeg North","Winnipeg-Nord"," 34","Winnipeg",N,N,"",0,348,"Turka","","Harpreet","Conservative","Conservateur",N,N,19
46012,"Winnipeg North","Winnipeg-Nord"," 35","Winnipeg",N,N,"",1,354,"Abad","","Levy","NDP-New Democratic Party","NPD-Nouveau Parti démocratique",N,N,18
46012,"Winnipeg North","Winnipeg-Nord"," 35","Winnipeg",N,N,"",1,354,"Lamoureux","","Kevin","Liberal","Libéral",Y,Y,137
46012,"Winnipeg North","Winnipeg-Nord"," 35","Winnipeg",N,N,"",1,354,"Redekopp","","John","Green Party","Parti Vert",N,N,1
46012,"Winnipeg North","Winnipeg-Nord"," 35","Winnipeg",N,N,"",1,354,"Turka","","Harpreet","Conservative","Conservateur",N,N,25
46012,"Winnipeg North","Winnipeg-Nord"," 36","Winnipeg",N,N,"",2,440,"Abad","","Levy","NDP-New Democratic Party","NPD-Nouveau Parti démocratique",N,N,22
46012,"Winnipeg North","Winnipeg-Nord"," 36","Winnipeg",N,N,"",2,440,"Lamoureux","","Kevin","Liberal","Libéral",Y,Y,133
46012,"Winnipeg North","Winnipeg-Nord"," 36","Winnipeg",N,N,"",2,440,"Redekopp","","John","Green Party","Parti Vert",N,N,6
46012,"Winnipeg North","Winnipeg-Nord"," 36","Winnipeg",N,N,"",2,440,"Turka","","Harpreet","Conservative","Conservateur",N,N,29
46012,"Winnipeg North","Winnipeg-Nord"," 37","Winnipeg",N,N,"",1,238,"Abad","","Levy","NDP-New Democratic Party","NPD-Nouveau Parti démocratique",N,N,19
46012,"Winnipeg North","Winnipeg-Nord"," 37","Winnipeg",N,N,"",1,238,"Lamoureux","","Kevin","Liberal","Libéral",Y,Y,88
46012,"Winnipeg North","Winnipeg-Nord"," 37","Winnipeg",N,N,"",1,238,"Redekopp","","John","Green Party","Parti Vert",N,N,4
46012,"Winnipeg North","Winnipeg-Nord"," 37","Winnipeg",N,N,"",1,238,"Turka","","Harpreet","Conservative","Conservateur",N,N,18
46012,"Winnipeg North","Winnipeg-Nord"," 38","Winnipeg",N,N,"",0,360,"Abad","","Levy","NDP-New Democratic Party","NPD-Nouveau Parti démocratique",N,N,9
46012,"Winnipeg North","Winnipeg-Nord"," 38","Winnipeg",N,N,"",0,360,"Lamoureux","","Kevin","Liberal","Libéral",Y,Y,111
46012,"Winnipeg North","Winnipeg-Nord"," 38","Winnipeg",N,N,"",0,360,"Redekopp","","John","Green Party","Parti Vert",N,N,1
46012,"Winnipeg North","Winnipeg-Nord"," 38","Winnipeg",N,N,"",0,360,"Turka","","Harpreet","Conservative","Conservateur",N,N,47
46012,"Winnipeg North","Winnipeg-Nord"," 39","Winnipeg",N,N,"",0,293,"Abad","","Levy","NDP-New Democratic Party","NPD-Nouveau Parti démocratique",N,N,14
46012,"Winnipeg North","Winnipeg-Nord"," 39","Winnipeg",N,N,"",0,293,"Lamoureux","","Kevin","Liberal","Libéral",Y,Y,103
46012,"Winnipeg North","Winnipeg-Nord"," 39","Winnipeg",N,N,"",0,293,"Redekopp","","John","Green Party","Parti Vert",N,N,1
46012,"Winnipeg North","Winnipeg-Nord"," 39","Winnipeg",N,N,"",0,293,"Turka","","Harpreet","Conservative","Conservateur",N,N,30
46012,"Winnipeg North","Winnipeg-Nord"," 40","Winnipeg",N,N,"",0,325,"Abad","","Levy","NDP-New Democratic Party","NPD-Nouveau Parti démocratique",N,N,20
46012,"Winnipeg North","Winnipeg-Nord"," 40","Winnipeg",N,N,"",0,325,"Lamoureux","","Kevin","Liberal","Libéral",Y,Y,109
46012,"Winnipeg North","Winnipeg-Nord"," 40","Winnipeg",N,N,"",0,325,"Redekopp","","John","Green Party","Parti Vert",N,N,2
46012,"Winnipeg North","Winnipeg-Nord"," 40","Winnipeg",N,N,"",0,325,"Turka","","Harpreet","Conservative","Conservateur",N,N,33
46012,"Winnipeg North","Winnipeg-Nord"," 41","Winnipeg",N,N,"",2,234,"Abad","","Levy","NDP-New Democratic Party","NPD-Nouveau Parti démocratique",N,N,5
46012,"Winnipeg North","Winnipeg-Nord"," 41","Winnipeg",N,N,"",2,234,"Lamoureux","","Kevin","Liberal","Libéral",Y,Y,92
46012,"Winnipeg North","Winnipeg-Nord"," 41","Winnipeg",N,N,"",2,234,"Redekopp","","John","Green Party","Parti Vert",N,N,1
46012,"Winnipeg North","Winnipeg-Nord"," 41","Winnipeg",N,N,"",2,234,"Turka","","Harpreet","Conservative","Conservateur",N,N,46
46012,"Winnipeg North","Winnipeg-Nord"," 42","Winnipeg",N,N,"",3,397,"Abad","","Levy","NDP-New Democratic Party","NPD-Nouveau Parti démocratique",N,N,24
46012,"Winnipeg North","Winnipeg-Nord"," 42","Winnipeg",N,N,"",3,397,"Lamoureux","","Kevin","Liberal","Libéral",Y,Y,140
46012,"Winnipeg North","Winnipeg-Nord"," 42","Winnipeg",N,N,"",3,397,"Redekopp","","John","Green Party","Parti Vert",N,N,6
46012,"Winnipeg North","Winnipeg-Nord"," 42","Winnipeg",N,N,"",3,397,"Turka","","Harpreet","Conservative","Conservateur",N,N,39
46012,"Winnipeg North","Winnipeg-Nord"," 43","Winnipeg",N,N,"",0,368,"Abad","","Levy","NDP-New Democratic Party","NPD-Nouveau Parti démocratique",N,N,18
46012,"Winnipeg North","Winnipeg-Nord"," 43","Winnipeg",N,N,"",0,368,"Lamoureux","","Kevin","Liberal","Libéral",Y,Y,142
46012,"Winnipeg North","Winnipeg-Nord"," 43","Winnipeg",N,N,"",0,368,"Redekopp","","John","Green Party","Parti Vert",N,N,5
46012,"Winnipeg North","Winnipeg-Nord"," 43","Winnipeg",N,N,"",0,368,"Turka","","Harpreet","Conservative","Conservateur",N,N,45
46012,"Winnipeg North","Winnipeg-Nord"," 44","Winnipeg",N,N,"",1,383,"Abad","","Levy","NDP-New Democratic Party","NPD-Nouveau Parti démocratique",N,N,13
46012,"Winnipeg North","Winnipeg-Nord"," 44","Winnipeg",N,N,"",1,383,"Lamoureux","","Kevin","Liberal","Libéral",Y,Y,106
46012,"Winnipeg North","Winnipeg-Nord"," 44","Winnipeg",N,N,"",1,383,"Redekopp","","John","Green Party","Parti Vert",N,N,2
46012,"Winnipeg North","Winnipeg-Nord"," 44","Winnipeg",N,N,"",1,383,"Turka","","Harpreet","Conservative","Conservateur",N,N,73
46012,"Winnipeg North","Winnipeg-Nord"," 45","Winnipeg",N,N,"",1,591,"Abad","","Levy","NDP-New Democratic Party","NPD-Nouveau Parti démocratique",N,N,23
46012,"Winnipeg North","Winnipeg-Nord"," 45","Winnipeg",N,N,"",1,591,"Lamoureux","","Kevin","Liberal","Libéral",Y,Y,160
46012,"Winnipeg North","Winnipeg-Nord"," 45","Winnipeg",N,N,"",1,591,"Redekopp","","John","Green Party","Parti Vert",N,N,7
46012,"Winnipeg North","Winnipeg-Nord"," 45","Winnipeg",N,N,"",1,591,"Turka","","Harpreet","Conservative","Conservateur",N,N,67
46012,"Winnipeg North","Winnipeg-Nord"," 46","Winnipeg",N,N,"",0,111,"Abad","","Levy","NDP-New Democratic Party","NPD-Nouveau Parti démocratique",N,N,6
46012,"Winnipeg North","Winnipeg-Nord"," 46","Winnipeg",N,N,"",0,111,"Lamoureux","","Kevin","Liberal","Libéral",Y,Y,26
46012,"Winnipeg North","Winnipeg-Nord"," 46","Winnipeg",N,N,"",0,111,"Redekopp","","John","Green Party","Parti Vert",N,N,3
46012,"Winnipeg North","Winnipeg-Nord"," 46","Winnipeg",N,N,"",0,111,"Turka","","Harpreet","Conservative","Conservateur",N,N,12
46012,"Winnipeg North","Winnipeg-Nord"," 47","Winnipeg",N,N,"",0,360,"Abad","","Levy","NDP-New Democratic Party","NPD-Nouveau Parti démocratique",N,N,15
46012,"Winnipeg North","Winnipeg-Nord"," 47","Winnipeg",N,N,"",0,360,"Lamoureux","","Kevin","Liberal","Libéral",Y,Y,97
46012,"Winnipeg North","Winnipeg-Nord"," 47","Winnipeg",N,N,"",0,360,"Redekopp","","John","Green Party","Parti Vert",N,N,2
46012,"Winnipeg North","Winnipeg-Nord"," 47","Winnipeg",N,N,"",0,360,"Turka","","Harpreet","Conservative","Conservateur",N,N,24
46012,"Winnipeg North","Winnipeg-Nord"," 48","Winnipeg",N,N,"",0,361,"Abad","","Levy","NDP-New Democratic Party","NPD-Nouveau Parti démocratique",N,N,27
46012,"Winnipeg North","Winnipeg-Nord"," 48","Winnipeg",N,N,"",0,361,"Lamoureux","","Kevin","Liberal","Libéral",Y,Y,109
46012,"Winnipeg North","Winnipeg-Nord"," 48","Winnipeg",N,N,"",0,361,"Redekopp","","John","Green Party","Parti Vert",N,N,7
46012,"Winnipeg North","Winnipeg-Nord"," 48","Winnipeg",N,N,"",0,361,"Turka","","Harpreet","Conservative","Conservateur",N,N,32
46012,"Winnipeg North","Winnipeg-Nord"," 49","Winnipeg",N,N,"",0,379,"Abad","","Levy","NDP-New Democratic Party","NPD-Nouveau Parti démocratique",N,N,20
46012,"Winnipeg North","Winnipeg-Nord"," 49","Winnipeg",N,N,"",0,379,"Lamoureux","","Kevin","Liberal","Libéral",Y,Y,106
46012,"Winnipeg North","Winnipeg-Nord"," 49","Winnipeg",N,N,"",0,379,"Redekopp","","John","Green Party","Parti Vert",N,N,1
46012,"Winnipeg North","Winnipeg-Nord"," 49","Winnipeg",N,N,"",0,379,"Turka","","Harpreet","Conservative","Conservateur",N,N,23
46012,"Winnipeg North","Winnipeg-Nord"," 50","Winnipeg",N,N,"",0,388,"Abad","","Levy","NDP-New Democratic Party","NPD-Nouveau Parti démocratique",N,N,27
46012,"Winnipeg North","Winnipeg-Nord"," 50","Winnipeg",N,N,"",0,388,"Lamoureux","","Kevin","Liberal","Libéral",Y,Y,106
46012,"Winnipeg North","Winnipeg-Nord"," 50","Winnipeg",N,N,"",0,388,"Redekopp","","John","Green Party","Parti Vert",N,N,2
46012,"Winnipeg North","Winnipeg-Nord"," 50","Winnipeg",N,N,"",0,388,"Turka","","Harpreet","Conservative","Conservateur",N,N,10
46012,"Winnipeg North","Winnipeg-Nord"," 51","Winnipeg",N,N,"",2,415,"Abad","","Levy","NDP-New Democratic Party","NPD-Nouveau Parti démocratique",N,N,24
46012,"Winnipeg North","Winnipeg-Nord"," 51","Winnipeg",N,N,"",2,415,"Lamoureux","","Kevin","Liberal","Libéral",Y,Y,147
46012,"Winnipeg North","Winnipeg-Nord"," 51","Winnipeg",N,N,"",2,415,"Redekopp","","John","Green Party","Parti Vert",N,N,5
46012,"Winnipeg North","Winnipeg-Nord"," 51","Winnipeg",N,N,"",2,415,"Turka","","Harpreet","Conservative","Conservateur",N,N,33
46012,"Winnipeg North","Winnipeg-Nord"," 52","Winnipeg",N,N,"",1,341,"Abad","","Levy","NDP-New Democratic Party","NPD-Nouveau Parti démocratique",N,N,12
46012,"Winnipeg North","Winnipeg-Nord"," 52","Winnipeg",N,N,"",1,341,"Lamoureux","","Kevin","Liberal","Libéral",Y,Y,123
46012,"Winnipeg North","Winnipeg-Nord"," 52","Winnipeg",N,N,"",1,341,"Redekopp","","John","Green Party","Parti Vert",N,N,0
46012,"Winnipeg North","Winnipeg-Nord"," 52","Winnipeg",N,N,"",1,341,"Turka","","Harpreet","Conservative","Conservateur",N,N,37
46012,"Winnipeg North","Winnipeg-Nord"," 53","Winnipeg",N,N,"",4,551,"Abad","","Levy","NDP-New Democratic Party","NPD-Nouveau Parti démocratique",N,N,38
46012,"Winnipeg North","Winnipeg-Nord"," 53","Winnipeg",N,N,"",4,551,"Lamoureux","","Kevin","Liberal","Libéral",Y,Y,199
46012,"Winnipeg North","Winnipeg-Nord"," 53","Winnipeg",N,N,"",4,551,"Redekopp","","John","Green Party","Parti Vert",N,N,5
46012,"Winnipeg North","Winnipeg-Nord"," 53","Winnipeg",N,N,"",4,551,"Turka","","Harpreet","Conservative","Conservateur",N,N,40
46012,"Winnipeg North","Winnipeg-Nord"," 54","Winnipeg",N,N,"",3,453,"Abad","","Levy","NDP-New Democratic Party","NPD-Nouveau Parti démocratique",N,N,30
46012,"Winnipeg North","Winnipeg-Nord"," 54","Winnipeg",N,N,"",3,453,"Lamoureux","","Kevin","Liberal","Libéral",Y,Y,147
46012,"Winnipeg North","Winnipeg-Nord"," 54","Winnipeg",N,N,"",3,453,"Redekopp","","John","Green Party","Parti Vert",N,N,6
46012,"Winnipeg North","Winnipeg-Nord"," 54","Winnipeg",N,N,"",3,453,"Turka","","Harpreet","Conservative","Conservateur",N,N,45
46012,"Winnipeg North","Winnipeg-Nord"," 55","Winnipeg",N,N,"",0,487,"Abad","","Levy","NDP-New Democratic Party","NPD-Nouveau Parti démocratique",N,N,31
46012,"Winnipeg North","Winnipeg-Nord"," 55","Winnipeg",N,N,"",0,487,"Lamoureux","","Kevin","Liberal","Libéral",Y,Y,196
46012,"Winnipeg North","Winnipeg-Nord"," 55","Winnipeg",N,N,"",0,487,"Redekopp","","John","Green Party","Parti Vert",N,N,1
46012,"Winnipeg North","Winnipeg-Nord"," 55","Winnipeg",N,N,"",0,487,"Turka","","Harpreet","Conservative","Conservateur",N,N,42
46012,"Winnipeg North","Winnipeg-Nord"," 56","Winnipeg",N,N,"",1,444,"Abad","","Levy","NDP-New Democratic Party","NPD-Nouveau Parti démocratique",N,N,40
46012,"Winnipeg North","Winnipeg-Nord"," 56","Winnipeg",N,N,"",1,444,"Lamoureux","","Kevin","Liberal","Libéral",Y,Y,178
46012,"Winnipeg North","Winnipeg-Nord"," 56","Winnipeg",N,N,"",1,444,"Redekopp","","John","Green Party","Parti Vert",N,N,2
46012,"Winnipeg North","Winnipeg-Nord"," 56","Winnipeg",N,N,"",1,444,"Turka","","Harpreet","Conservative","Conservateur",N,N,42
46012,"Winnipeg North","Winnipeg-Nord"," 57","Winnipeg",N,N,"",3,437,"Abad","","Levy","NDP-New Democratic Party","NPD-Nouveau Parti démocratique",N,N,34
46012,"Winnipeg North","Winnipeg-Nord"," 57","Winnipeg",N,N,"",3,437,"Lamoureux","","Kevin","Liberal","Libéral",Y,Y,157
46012,"Winnipeg North","Winnipeg-Nord"," 57","Winnipeg",N,N,"",3,437,"Redekopp","","John","Green Party","Parti Vert",N,N,5
46012,"Winnipeg North","Winnipeg-Nord"," 57","Winnipeg",N,N,"",3,437,"Turka","","Harpreet","Conservative","Conservateur",N,N,47
46012,"Winnipeg North","Winnipeg-Nord"," 58","Winnipeg",N,N,"",1,435,"Abad","","Levy","NDP-New Democratic Party","NPD-Nouveau Parti démocratique",N,N,32
46012,"Winnipeg North","Winnipeg-Nord"," 58","Winnipeg",N,N,"",1,435,"Lamoureux","","Kevin","Liberal","Libéral",Y,Y,117
46012,"Winnipeg North","Winnipeg-Nord"," 58","Winnipeg",N,N,"",1,435,"Redekopp","","John","Green Party","Parti Vert",N,N,7
46012,"Winnipeg North","Winnipeg-Nord"," 58","Winnipeg",N,N,"",1,435,"Turka","","Harpreet","Conservative","Conservateur",N,N,43
46012,"Winnipeg North","Winnipeg-Nord"," 59","Winnipeg",N,N,"",2,343,"Abad","","Levy","NDP-New Democratic Party","NPD-Nouveau Parti démocratique",N,N,22
46012,"Winnipeg North","Winnipeg-Nord"," 59","Winnipeg",N,N,"",2,343,"Lamoureux","","Kevin","Liberal","Libéral",Y,Y,132
46012,"Winnipeg North","Winnipeg-Nord"," 59","Winnipeg",N,N,"",2,343,"Redekopp","","John","Green Party","Parti Vert",N,N,9
46012,"Winnipeg North","Winnipeg-Nord"," 59","Winnipeg",N,N,"",2,343,"Turka","","Harpreet","Conservative","Conservateur",N,N,23
46012,"Winnipeg North","Winnipeg-Nord"," 60","Winnipeg",N,N,"",1,346,"Abad","","Levy","NDP-New Democratic Party","NPD-Nouveau Parti démocratique",N,N,25
46012,"Winnipeg North","Winnipeg-Nord"," 60","Winnipeg",N,N,"",1,346,"Lamoureux","","Kevin","Liberal","Libéral",Y,Y,106
46012,"Winnipeg North","Winnipeg-Nord"," 60","Winnipeg",N,N,"",1,346,"Redekopp","","John","Green Party","Parti Vert",N,N,6
46012,"Winnipeg North","Winnipeg-Nord"," 60","Winnipeg",N,N,"",1,346,"Turka","","Harpreet","Conservative","Conservateur",N,N,32
46012,"Winnipeg North","Winnipeg-Nord"," 61","Winnipeg",N,N,"",1,380,"Abad","","Levy","NDP-New Democratic Party","NPD-Nouveau Parti démocratique",N,N,26
46012,"Winnipeg North","Winnipeg-Nord"," 61","Winnipeg",N,N,"",1,380,"Lamoureux","","Kevin","Liberal","Libéral",Y,Y,106
46012,"Winnipeg North","Winnipeg-Nord"," 61","Winnipeg",N,N,"",1,380,"Redekopp","","John","Green Party","Parti Vert",N,N,5
46012,"Winnipeg North","Winnipeg-Nord"," 61","Winnipeg",N,N,"",1,380,"Turka","","Harpreet","Conservative","Conservateur",N,N,33
46012,"Winnipeg North","Winnipeg-Nord"," 62","Winnipeg",N,N,"",3,487,"Abad","","Levy","NDP-New Democratic Party","NPD-Nouveau Parti démocratique",N,N,26
46012,"Winnipeg North","Winnipeg-Nord"," 62","Winnipeg",N,N,"",3,487,"Lamoureux","","Kevin","Liberal","Libéral",Y,Y,188
46012,"Winnipeg North","Winnipeg-Nord"," 62","Winnipeg",N,N,"",3,487,"Redekopp","","John","Green Party","Parti Vert",N,N,0
46012,"Winnipeg North","Winnipeg-Nord"," 62","Winnipeg",N,N,"",3,487,"Turka","","Harpreet","Conservative","Conservateur",N,N,31
46012,"Winnipeg North","Winnipeg-Nord"," 63","Winnipeg",N,N,"",1,410,"Abad","","Levy","NDP-New Democratic Party","NPD-Nouveau Parti démocratique",N,N,21
46012,"Winnipeg North","Winnipeg-Nord"," 63","Winnipeg",N,N,"",1,410,"Lamoureux","","Kevin","Liberal","Libéral",Y,Y,160
46012,"Winnipeg North","Winnipeg-Nord"," 63","Winnipeg",N,N,"",1,410,"Redekopp","","John","Green Party","Parti Vert",N,N,7
46012,"Winnipeg North","Winnipeg-Nord"," 63","Winnipeg",N,N,"",1,410,"Turka","","Harpreet","Conservative","Conservateur",N,N,39
46012,"Winnipeg North","Winnipeg-Nord"," 64","Winnipeg",N,N,"",2,398,"Abad","","Levy","NDP-New Democratic Party","NPD-Nouveau Parti démocratique",N,N,20
46012,"Winnipeg North","Winnipeg-Nord"," 64","Winnipeg",N,N,"",2,398,"Lamoureux","","Kevin","Liberal","Libéral",Y,Y,141
46012,"Winnipeg North","Winnipeg-Nord"," 64","Winnipeg",N,N,"",2,398,"Redekopp","","John","Green Party","Parti Vert",N,N,3
46012,"Winnipeg North","Winnipeg-Nord"," 64","Winnipeg",N,N,"",2,398,"Turka","","Harpreet","Conservative","Conservateur",N,N,24
46012,"Winnipeg North","Winnipeg-Nord"," 65","Winnipeg",N,N,"",3,578,"Abad","","Levy","NDP-New Democratic Party","NPD-Nouveau Parti démocratique",N,N,49
46012,"Winnipeg North","Winnipeg-Nord"," 65","Winnipeg",N,N,"",3,578,"Lamoureux","","Kevin","Liberal","Libéral",Y,Y,201
46012,"Winnipeg North","Winnipeg-Nord"," 65","Winnipeg",N,N,"",3,578,"Redekopp","","John","Green Party","Parti Vert",N,N,2
46012,"Winnipeg North","Winnipeg-Nord"," 65","Winnipeg",N,N,"",3,578,"Turka","","Harpreet","Conservative","Conservateur",N,N,23
46012,"Winnipeg North","Winnipeg-Nord"," 66","Winnipeg",N,N,"",1,568,"Abad","","Levy","NDP-New Democratic Party","NPD-Nouveau Parti démocratique",N,N,53
46012,"Winnipeg North","Winnipeg-Nord"," 66","Winnipeg",N,N,"",1,568,"Lamoureux","","Kevin","Liberal","Libéral",Y,Y,212
46012,"Winnipeg North","Winnipeg-Nord"," 66","Winnipeg",N,N,"",1,568,"Redekopp","","John","Green Party","Parti Vert",N,N,10
46012,"Winnipeg North","Winnipeg-Nord"," 66","Winnipeg",N,N,"",1,568,"Turka","","Harpreet","Conservative","Conservateur",N,N,53
46012,"Winnipeg North","Winnipeg-Nord"," 67","Winnipeg",N,N,"",2,249,"Abad","","Levy","NDP-New Democratic Party","NPD-Nouveau Parti démocratique",N,N,33
46012,"Winnipeg North","Winnipeg-Nord"," 67","Winnipeg",N,N,"",2,249,"Lamoureux","","Kevin","Liberal","Libéral",Y,Y,72
46012,"Winnipeg North","Winnipeg-Nord"," 67","Winnipeg",N,N,"",2,249,"Redekopp","","John","Green Party","Parti Vert",N,N,2
46012,"Winnipeg North","Winnipeg-Nord"," 67","Winnipeg",N,N,"",2,249,"Turka","","Harpreet","Conservative","Conservateur",N,N,6
46012,"Winnipeg North","Winnipeg-Nord"," 68","Winnipeg",N,N,"",2,415,"Abad","","Levy","NDP-New Democratic Party","NPD-Nouveau Parti démocratique",N,N,26
46012,"Winnipeg North","Winnipeg-Nord"," 68","Winnipeg",N,N,"",2,415,"Lamoureux","","Kevin","Liberal","Libéral",Y,Y,140
46012,"Winnipeg North","Winnipeg-Nord"," 68","Winnipeg",N,N,"",2,415,"Redekopp","","John","Green Party","Parti Vert",N,N,5
46012,"Winnipeg North","Winnipeg-Nord"," 68","Winnipeg",N,N,"",2,415,"Turka","","Harpreet","Conservative","Conservateur",N,N,22
46012,"Winnipeg North","Winnipeg-Nord"," 69","Winnipeg",N,N,"",0,387,"Abad","","Levy","NDP-New Democratic Party","NPD-Nouveau Parti démocratique",N,N,10
46012,"Winnipeg North","Winnipeg-Nord"," 69","Winnipeg",N,N,"",0,387,"Lamoureux","","Kevin","Liberal","Libéral",Y,Y,149
46012,"Winnipeg North","Winnipeg-Nord"," 69","Winnipeg",N,N,"",0,387,"Redekopp","","John","Green Party","Parti Vert",N,N,7
46012,"Winnipeg North","Winnipeg-Nord"," 69","Winnipeg",N,N,"",0,387,"Turka","","Harpreet","Conservative","Conservateur",N,N,25
46012,"Winnipeg North","Winnipeg-Nord"," 70","Winnipeg",N,N,"",1,409,"Abad","","Levy","NDP-New Democratic Party","NPD-Nouveau Parti démocratique",N,N,16
46012,"Winnipeg North","Winnipeg-Nord"," 70","Winnipeg",N,N,"",1,409,"Lamoureux","","Kevin","Liberal","Libéral",Y,Y,112
46012,"Winnipeg North","Winnipeg-Nord"," 70","Winnipeg",N,N,"",1,409,"Redekopp","","John","Green Party","Parti Vert",N,N,1
46012,"Winnipeg North","Winnipeg-Nord"," 70","Winnipeg",N,N,"",1,409,"Turka","","Harpreet","Conservative","Conservateur",N,N,23
46012,"Winnipeg North","Winnipeg-Nord"," 71","Winnipeg",N,N,"",0,432,"Abad","","Levy","NDP-New Democratic Party","NPD-Nouveau Parti démocratique",N,N,24
46012,"Winnipeg North","Winnipeg-Nord"," 71","Winnipeg",N,N,"",0,432,"Lamoureux","","Kevin","Liberal","Libéral",Y,Y,136
46012,"Winnipeg North","Winnipeg-Nord"," 71","Winnipeg",N,N,"",0,432,"Redekopp","","John","Green Party","Parti Vert",N,N,0
46012,"Winnipeg North","Winnipeg-Nord"," 71","Winnipeg",N,N,"",0,432,"Turka","","Harpreet","Conservative","Conservateur",N,N,19
46012,"Winnipeg North","Winnipeg-Nord"," 72","Winnipeg",N,N,"",3,418,"Abad","","Levy","NDP-New Democratic Party","NPD-Nouveau Parti démocratique",N,N,18
46012,"Winnipeg North","Winnipeg-Nord"," 72","Winnipeg",N,N,"",3,418,"Lamoureux","","Kevin","Liberal","Libéral",Y,Y,169
46012,"Winnipeg North","Winnipeg-Nord"," 72","Winnipeg",N,N,"",3,418,"Redekopp","","John","Green Party","Parti Vert",N,N,2
46012,"Winnipeg North","Winnipeg-Nord"," 72","Winnipeg",N,N,"",3,418,"Turka","","Harpreet","Conservative","Conservateur",N,N,20
46012,"Winnipeg North","Winnipeg-Nord"," 73","Winnipeg",N,N,"",2,436,"Abad","","Levy","NDP-New Democratic Party","NPD-Nouveau Parti démocratique",N,N,23
46012,"Winnipeg North","Winnipeg-Nord"," 73","Winnipeg",N,N,"",2,436,"Lamoureux","","Kevin","Liberal","Libéral",Y,Y,193
46012,"Winnipeg North","Winnipeg-Nord"," 73","Winnipeg",N,N,"",2,436,"Redekopp","","John","Green Party","Parti Vert",N,N,5
46012,"Winnipeg North","Winnipeg-Nord"," 73","Winnipeg",N,N,"",2,436,"Turka","","Harpreet","Conservative","Conservateur",N,N,37
46012,"Winnipeg North","Winnipeg-Nord"," 74","Winnipeg",N,N,"",0,345,"Abad","","Levy","NDP-New Democratic Party","NPD-Nouveau Parti démocratique",N,N,11
46012,"Winnipeg North","Winnipeg-Nord"," 74","Winnipeg",N,N,"",0,345,"Lamoureux","","Kevin","Liberal","Libéral",Y,Y,119
46012,"Winnipeg North","Winnipeg-Nord"," 74","Winnipeg",N,N,"",0,345,"Redekopp","","John","Green Party","Parti Vert",N,N,0
46012,"Winnipeg North","Winnipeg-Nord"," 74","Winnipeg",N,N,"",0,345,"Turka","","Harpreet","Conservative","Conservateur",N,N,26
46012,"Winnipeg North","Winnipeg-Nord"," 75","Winnipeg",N,N,"",0,349,"Abad","","Levy","NDP-New Democratic Party","NPD-Nouveau Parti démocratique",N,N,14
46012,"Winnipeg North","Winnipeg-Nord"," 75","Winnipeg",N,N,"",0,349,"Lamoureux","","Kevin","Liberal","Libéral",Y,Y,143
46012,"Winnipeg North","Winnipeg-Nord"," 75","Winnipeg",N,N,"",0,349,"Redekopp","","John","Green Party","Parti Vert",N,N,4
46012,"Winnipeg North","Winnipeg-Nord"," 75","Winnipeg",N,N,"",0,349,"Turka","","Harpreet","Conservative","Conservateur",N,N,24
46012,"Winnipeg North","Winnipeg-Nord"," 76","Winnipeg",N,N,"",2,357,"Abad","","Levy","NDP-New Democratic Party","NPD-Nouveau Parti démocratique",N,N,17
46012,"Winnipeg North","Winnipeg-Nord"," 76","Winnipeg",N,N,"",2,357,"Lamoureux","","Kevin","Liberal","Libéral",Y,Y,162
46012,"Winnipeg North","Winnipeg-Nord"," 76","Winnipeg",N,N,"",2,357,"Redekopp","","John","Green Party","Parti Vert",N,N,4
46012,"Winnipeg North","Winnipeg-Nord"," 76","Winnipeg",N,N,"",2,357,"Turka","","Harpreet","Conservative","Conservateur",N,N,22
46012,"Winnipeg North","Winnipeg-Nord"," 77","Winnipeg",N,N,"",1,397,"Abad","","Levy","NDP-New Democratic Party","NPD-Nouveau Parti démocratique",N,N,11
46012,"Winnipeg North","Winnipeg-Nord"," 77","Winnipeg",N,N,"",1,397,"Lamoureux","","Kevin","Liberal","Libéral",Y,Y,189
46012,"Winnipeg North","Winnipeg-Nord"," 77","Winnipeg",N,N,"",1,397,"Redekopp","","John","Green Party","Parti Vert",N,N,0
46012,"Winnipeg North","Winnipeg-Nord"," 77","Winnipeg",N,N,"",1,397,"Turka","","Harpreet","Conservative","Conservateur",N,N,24
46012,"Winnipeg North","Winnipeg-Nord"," 78","Winnipeg",N,N,"",2,379,"Abad","","Levy","NDP-New Democratic Party","NPD-Nouveau Parti démocratique",N,N,10
46012,"Winnipeg North","Winnipeg-Nord"," 78","Winnipeg",N,N,"",2,379,"Lamoureux","","Kevin","Liberal","Libéral",Y,Y,138
46012,"Winnipeg North","Winnipeg-Nord"," 78","Winnipeg",N,N,"",2,379,"Redekopp","","John","Green Party","Parti Vert",N,N,4
46012,"Winnipeg North","Winnipeg-Nord"," 78","Winnipeg",N,N,"",2,379,"Turka","","Harpreet","Conservative","Conservateur",N,N,30
46012,"Winnipeg North","Winnipeg-Nord"," 79","Winnipeg",N,N,"",1,398,"Abad","","Levy","NDP-New Democratic Party","NPD-Nouveau Parti démocratique",N,N,12
46012,"Winnipeg North","Winnipeg-Nord"," 79","Winnipeg",N,N,"",1,398,"Lamoureux","","Kevin","Liberal","Libéral",Y,Y,171
46012,"Winnipeg North","Winnipeg-Nord"," 79","Winnipeg",N,N,"",1,398,"Redekopp","","John","Green Party","Parti Vert",N,N,1
46012,"Winnipeg North","Winnipeg-Nord"," 79","Winnipeg",N,N,"",1,398,"Turka","","Harpreet","Conservative","Conservateur",N,N,19
46012,"Winnipeg North","Winnipeg-Nord"," 80","Winnipeg",N,N,"",1,403,"Abad","","Levy","NDP-New Democratic Party","NPD-Nouveau Parti démocratique",N,N,15
46012,"Winnipeg North","Winnipeg-Nord"," 80","Winnipeg",N,N,"",1,403,"Lamoureux","","Kevin","Liberal","Libéral",Y,Y,154
46012,"Winnipeg North","Winnipeg-Nord"," 80","Winnipeg",N,N,"",1,403,"Redekopp","","John","Green Party","Parti Vert",N,N,4
46012,"Winnipeg North","Winnipeg-Nord"," 80","Winnipeg",N,N,"",1,403,"Turka","","Harpreet","Conservative","Conservateur",N,N,28
46012,"Winnipeg North","Winnipeg-Nord"," 81","Winnipeg",N,N,"",0,392,"Abad","","Levy","NDP-New Democratic Party","NPD-Nouveau Parti démocratique",N,N,17
46012,"Winnipeg North","Winnipeg-Nord"," 81","Winnipeg",N,N,"",0,392,"Lamoureux","","Kevin","Liberal","Libéral",Y,Y,165
46012,"Winnipeg North","Winnipeg-Nord"," 81","Winnipeg",N,N,"",0,392,"Redekopp","","John","Green Party","Parti Vert",N,N,6
46012,"Winnipeg North","Winnipeg-Nord"," 81","Winnipeg",N,N,"",0,392,"Turka","","Harpreet","Conservative","Conservateur",N,N,35
46012,"Winnipeg North","Winnipeg-Nord"," 82","Winnipeg",N,N,"",2,447,"Abad","","Levy","NDP-New Democratic Party","NPD-Nouveau Parti démocratique",N,N,19
46012,"Winnipeg North","Winnipeg-Nord"," 82","Winnipeg",N,N,"",2,447,"Lamoureux","","Kevin","Liberal","Libéral",Y,Y,149
46012,"Winnipeg North","Winnipeg-Nord"," 82","Winnipeg",N,N,"",2,447,"Redekopp","","John","Green Party","Parti Vert",N,N,4
46012,"Winnipeg North","Winnipeg-Nord"," 82","Winnipeg",N,N,"",2,447,"Turka","","Harpreet","Conservative","Conservateur",N,N,22
46012,"Winnipeg North","Winnipeg-Nord"," 83","Winnipeg",N,N,"",0,367,"Abad","","Levy","NDP-New Democratic Party","NPD-Nouveau Parti démocratique",N,N,13
46012,"Winnipeg North","Winnipeg-Nord"," 83","Winnipeg",N,N,"",0,367,"Lamoureux","","Kevin","Liberal","Libéral",Y,Y,110
46012,"Winnipeg North","Winnipeg-Nord"," 83","Winnipeg",N,N,"",0,367,"Redekopp","","John","Green Party","Parti Vert",N,N,1
46012,"Winnipeg North","Winnipeg-Nord"," 83","Winnipeg",N,N,"",0,367,"Turka","","Harpreet","Conservative","Conservateur",N,N,17
46012,"Winnipeg North","Winnipeg-Nord"," 84","Winnipeg",N,N,"",2,426,"Abad","","Levy","NDP-New Democratic Party","NPD-Nouveau Parti démocratique",N,N,19
46012,"Winnipeg North","Winnipeg-Nord"," 84","Winnipeg",N,N,"",2,426,"Lamoureux","","Kevin","Liberal","Libéral",Y,Y,131
46012,"Winnipeg North","Winnipeg-Nord"," 84","Winnipeg",N,N,"",2,426,"Redekopp","","John","Green Party","Parti Vert",N,N,5
46012,"Winnipeg North","Winnipeg-Nord"," 84","Winnipeg",N,N,"",2,426,"Turka","","Harpreet","Conservative","Conservateur",N,N,25
46012,"Winnipeg North","Winnipeg-Nord"," 85","Winnipeg",N,N,"",3,447,"Abad","","Levy","NDP-New Democratic Party","NPD-Nouveau Parti démocratique",N,N,21
46012,"Winnipeg North","Winnipeg-Nord"," 85","Winnipeg",N,N,"",3,447,"Lamoureux","","Kevin","Liberal","Libéral",Y,Y,173
46012,"Winnipeg North","Winnipeg-Nord"," 85","Winnipeg",N,N,"",3,447,"Redekopp","","John","Green Party","Parti Vert",N,N,7
46012,"Winnipeg North","Winnipeg-Nord"," 85","Winnipeg",N,N,"",3,447,"Turka","","Harpreet","Conservative","Conservateur",N,N,21
46012,"Winnipeg North","Winnipeg-Nord"," 86","Winnipeg",N,N,"",1,397,"Abad","","Levy","NDP-New Democratic Party","NPD-Nouveau Parti démocratique",N,N,20
46012,"Winnipeg North","Winnipeg-Nord"," 86","Winnipeg",N,N,"",1,397,"Lamoureux","","Kevin","Liberal","Libéral",Y,Y,158
46012,"Winnipeg North","Winnipeg-Nord"," 86","Winnipeg",N,N,"",1,397,"Redekopp","","John","Green Party","Parti Vert",N,N,1
46012,"Winnipeg North","Winnipeg-Nord"," 86","Winnipeg",N,N,"",1,397,"Turka","","Harpreet","Conservative","Conservateur",N,N,30
46012,"Winnipeg North","Winnipeg-Nord"," 87","Winnipeg",N,N,"",3,428,"Abad","","Levy","NDP-New Democratic Party","NPD-Nouveau Parti démocratique",N,N,25
46012,"Winnipeg North","Winnipeg-Nord"," 87","Winnipeg",N,N,"",3,428,"Lamoureux","","Kevin","Liberal","Libéral",Y,Y,142
46012,"Winnipeg North","Winnipeg-Nord"," 87","Winnipeg",N,N,"",3,428,"Redekopp","","John","Green Party","Parti Vert",N,N,2
46012,"Winnipeg North","Winnipeg-Nord"," 87","Winnipeg",N,N,"",3,428,"Turka","","Harpreet","Conservative","Conservateur",N,N,25
46012,"Winnipeg North","Winnipeg-Nord"," 88","Winnipeg",N,N,"",2,440,"Abad","","Levy","NDP-New Democratic Party","NPD-Nouveau Parti démocratique",N,N,21
46012,"Winnipeg North","Winnipeg-Nord"," 88","Winnipeg",N,N,"",2,440,"Lamoureux","","Kevin","Liberal","Libéral",Y,Y,170
46012,"Winnipeg North","Winnipeg-Nord"," 88","Winnipeg",N,N,"",2,440,"Redekopp","","John","Green Party","Parti Vert",N,N,5
46012,"Winnipeg North","Winnipeg-Nord"," 88","Winnipeg",N,N,"",2,440,"Turka","","Harpreet","Conservative","Conservateur",N,N,28
46012,"Winnipeg North","Winnipeg-Nord"," 89","Winnipeg",N,N,"",0,388,"Abad","","Levy","NDP-New Democratic Party","NPD-Nouveau Parti démocratique",N,N,21
46012,"Winnipeg North","Winnipeg-Nord"," 89","Winnipeg",N,N,"",0,388,"Lamoureux","","Kevin","Liberal","Libéral",Y,Y,153
46012,"Winnipeg North","Winnipeg-Nord"," 89","Winnipeg",N,N,"",0,388,"Redekopp","","John","Green Party","Parti Vert",N,N,2
46012,"Winnipeg North","Winnipeg-Nord"," 89","Winnipeg",N,N,"",0,388,"Turka","","Harpreet","Conservative","Conservateur",N,N,28
46012,"Winnipeg North","Winnipeg-Nord"," 90","Winnipeg",N,N,"",2,454,"Abad","","Levy","NDP-New Democratic Party","NPD-Nouveau Parti démocratique",N,N,44
46012,"Winnipeg North","Winnipeg-Nord"," 90","Winnipeg",N,N,"",2,454,"Lamoureux","","Kevin","Liberal","Libéral",Y,Y,119
46012,"Winnipeg North","Winnipeg-Nord"," 90","Winnipeg",N,N,"",2,454,"Redekopp","","John","Green Party","Parti Vert",N,N,4
46012,"Winnipeg North","Winnipeg-Nord"," 90","Winnipeg",N,N,"",2,454,"Turka","","Harpreet","Conservative","Conservateur",N,N,25
46012,"Winnipeg North","Winnipeg-Nord"," 91","Winnipeg",N,N,"",1,379,"Abad","","Levy","NDP-New Democratic Party","NPD-Nouveau Parti démocratique",N,N,38
46012,"Winnipeg North","Winnipeg-Nord"," 91","Winnipeg",N,N,"",1,379,"Lamoureux","","Kevin","Liberal","Libéral",Y,Y,107
46012,"Winnipeg North","Winnipeg-Nord"," 91","Winnipeg",N,N,"",1,379,"Redekopp","","John","Green Party","Parti Vert",N,N,8
46012,"Winnipeg North","Winnipeg-Nord"," 91","Winnipeg",N,N,"",1,379,"Turka","","Harpreet","Conservative","Conservateur",N,N,22
46012,"Winnipeg North","Winnipeg-Nord"," 92","Winnipeg",N,N,"",3,374,"Abad","","Levy","NDP-New Democratic Party","NPD-Nouveau Parti démocratique",N,N,26
46012,"Winnipeg North","Winnipeg-Nord"," 92","Winnipeg",N,N,"",3,374,"Lamoureux","","Kevin","Liberal","Libéral",Y,Y,94
46012,"Winnipeg North","Winnipeg-Nord"," 92","Winnipeg",N,N,"",3,374,"Redekopp","","John","Green Party","Parti Vert",N,N,4
46012,"Winnipeg North","Winnipeg-Nord"," 92","Winnipeg",N,N,"",3,374,"Turka","","Harpreet","Conservative","Conservateur",N,N,21
46012,"Winnipeg North","Winnipeg-Nord"," 93","Winnipeg",N,N,"",0,395,"Abad","","Levy","NDP-New Democratic Party","NPD-Nouveau Parti démocratique",N,N,26
46012,"Winnipeg North","Winnipeg-Nord"," 93","Winnipeg",N,N,"",0,395,"Lamoureux","","Kevin","Liberal","Libéral",Y,Y,85
46012,"Winnipeg North","Winnipeg-Nord"," 93","Winnipeg",N,N,"",0,395,"Redekopp","","John","Green Party","Parti Vert",N,N,3
46012,"Winnipeg North","Winnipeg-Nord"," 93","Winnipeg",N,N,"",0,395,"Turka","","Harpreet","Conservative","Conservateur",N,N,23
46012,"Winnipeg North","Winnipeg-Nord"," 94","Winnipeg",N,N,"",0,479,"Abad","","Levy","NDP-New Democratic Party","NPD-Nouveau Parti démocratique",N,N,30
46012,"Winnipeg North","Winnipeg-Nord"," 94","Winnipeg",N,N,"",0,479,"Lamoureux","","Kevin","Liberal","Libéral",Y,Y,112
46012,"Winnipeg North","Winnipeg-Nord"," 94","Winnipeg",N,N,"",0,479,"Redekopp","","John","Green Party","Parti Vert",N,N,8
46012,"Winnipeg North","Winnipeg-Nord"," 94","Winnipeg",N,N,"",0,479,"Turka","","Harpreet","Conservative","Conservateur",N,N,12
46012,"Winnipeg North","Winnipeg-Nord"," 95","Winnipeg",N,N,"",1,344,"Abad","","Levy","NDP-New Democratic Party","NPD-Nouveau Parti démocratique",N,N,21
46012,"Winnipeg North","Winnipeg-Nord"," 95","Winnipeg",N,N,"",1,344,"Lamoureux","","Kevin","Liberal","Libéral",Y,Y,61
46012,"Winnipeg North","Winnipeg-Nord"," 95","Winnipeg",N,N,"",1,344,"Redekopp","","John","Green Party","Parti Vert",N,N,3
46012,"Winnipeg North","Winnipeg-Nord"," 95","Winnipeg",N,N,"",1,344,"Turka","","Harpreet","Conservative","Conservateur",N,N,7
46012,"Winnipeg North","Winnipeg-Nord"," 96","Winnipeg",N,N,"",5,389,"Abad","","Levy","NDP-New Democratic Party","NPD-Nouveau Parti démocratique",N,N,21
46012,"Winnipeg North","Winnipeg-Nord"," 96","Winnipeg",N,N,"",5,389,"Lamoureux","","Kevin","Liberal","Libéral",Y,Y,142
46012,"Winnipeg North","Winnipeg-Nord"," 96","Winnipeg",N,N,"",5,389,"Redekopp","","John","Green Party","Parti Vert",N,N,4
46012,"Winnipeg North","Winnipeg-Nord"," 96","Winnipeg",N,N,"",5,389,"Turka","","Harpreet","Conservative","Conservateur",N,N,32
46012,"Winnipeg North","Winnipeg-Nord"," 97","Winnipeg",N,N,"",5,474,"Abad","","Levy","NDP-New Democratic Party","NPD-Nouveau Parti démocratique",N,N,24
46012,"Winnipeg North","Winnipeg-Nord"," 97","Winnipeg",N,N,"",5,474,"Lamoureux","","Kevin","Liberal","Libéral",Y,Y,201
46012,"Winnipeg North","Winnipeg-Nord"," 97","Winnipeg",N,N,"",5,474,"Redekopp","","John","Green Party","Parti Vert",N,N,6
46012,"Winnipeg North","Winnipeg-Nord"," 97","Winnipeg",N,N,"",5,474,"Turka","","Harpreet","Conservative","Conservateur",N,N,28
46012,"Winnipeg North","Winnipeg-Nord"," 98","Winnipeg",N,N,"",0,368,"Abad","","Levy","NDP-New Democratic Party","NPD-Nouveau Parti démocratique",N,N,19
46012,"Winnipeg North","Winnipeg-Nord"," 98","Winnipeg",N,N,"",0,368,"Lamoureux","","Kevin","Liberal","Libéral",Y,Y,134
46012,"Winnipeg North","Winnipeg-Nord"," 98","Winnipeg",N,N,"",0,368,"Redekopp","","John","Green Party","Parti Vert",N,N,7
46012,"Winnipeg North","Winnipeg-Nord"," 98","Winnipeg",N,N,"",0,368,"Turka","","Harpreet","Conservative","Conservateur",N,N,40
46012,"Winnipeg North","Winnipeg-Nord"," 99","Winnipeg",N,N,"",5,392,"Abad","","Levy","NDP-New Democratic Party","NPD-Nouveau Parti démocratique",N,N,24
46012,"Winnipeg North","Winnipeg-Nord"," 99","Winnipeg",N,N,"",5,392,"Lamoureux","","Kevin","Liberal","Libéral",Y,Y,103
46012,"Winnipeg North","Winnipeg-Nord"," 99","Winnipeg",N,N,"",5,392,"Redekopp","","John","Green Party","Parti Vert",N,N,5
46012,"Winnipeg North","Winnipeg-Nord"," 99","Winnipeg",N,N,"",5,392,"Turka","","Harpreet","Conservative","Conservateur",N,N,19
46012,"Winnipeg North","Winnipeg-Nord"," 100","Winnipeg",N,N,"",1,430,"Abad","","Levy","NDP-New Democratic Party","NPD-Nouveau Parti démocratique",N,N,31
46012,"Winnipeg North","Winnipeg-Nord"," 100","Winnipeg",N,N,"",1,430,"Lamoureux","","Kevin","Liberal","Libéral",Y,Y,131
46012,"Winnipeg North","Winnipeg-Nord"," 100","Winnipeg",N,N,"",1,430,"Redekopp","","John","Green Party","Parti Vert",N,N,2
46012,"Winnipeg North","Winnipeg-Nord"," 100","Winnipeg",N,N,"",1,430,"Turka","","Harpreet","Conservative","Conservateur",N,N,18
46012,"Winnipeg North","Winnipeg-Nord"," 101","Winnipeg",N,N,"",0,449,"Abad","","Levy","NDP-New Democratic Party","NPD-Nouveau Parti démocratique",N,N,40
46012,"Winnipeg North","Winnipeg-Nord"," 101","Winnipeg",N,N,"",0,449,"Lamoureux","","Kevin","Liberal","Libéral",Y,Y,92
46012,"Winnipeg North","Winnipeg-Nord"," 101","Winnipeg",N,N,"",0,449,"Redekopp","","John","Green Party","Parti Vert",N,N,6
46012,"Winnipeg North","Winnipeg-Nord"," 101","Winnipeg",N,N,"",0,449,"Turka","","Harpreet","Conservative","Conservateur",N,N,35
46012,"Winnipeg North","Winnipeg-Nord"," 102","Winnipeg",N,N,"",1,434,"Abad","","Levy","NDP-New Democratic Party","NPD-Nouveau Parti démocratique",N,N,28
46012,"Winnipeg North","Winnipeg-Nord"," 102","Winnipeg",N,N,"",1,434,"Lamoureux","","Kevin","Liberal","Libéral",Y,Y,111
46012,"Winnipeg North","Winnipeg-Nord"," 102","Winnipeg",N,N,"",1,434,"Redekopp","","John","Green Party","Parti Vert",N,N,9
46012,"Winnipeg North","Winnipeg-Nord"," 102","Winnipeg",N,N,"",1,434,"Turka","","Harpreet","Conservative","Conservateur",N,N,35
46012,"Winnipeg North","Winnipeg-Nord"," 103","Winnipeg",N,N,"",1,442,"Abad","","Levy","NDP-New Democratic Party","NPD-Nouveau Parti démocratique",N,N,30
46012,"Winnipeg North","Winnipeg-Nord"," 103","Winnipeg",N,N,"",1,442,"Lamoureux","","Kevin","Liberal","Libéral",Y,Y,132
46012,"Winnipeg North","Winnipeg-Nord"," 103","Winnipeg",N,N,"",1,442,"Redekopp","","John","Green Party","Parti Vert",N,N,11
46012,"Winnipeg North","Winnipeg-Nord"," 103","Winnipeg",N,N,"",1,442,"Turka","","Harpreet","Conservative","Conservateur",N,N,51
46012,"Winnipeg North","Winnipeg-Nord"," 104","Winnipeg",N,N,"",1,411,"Abad","","Levy","NDP-New Democratic Party","NPD-Nouveau Parti démocratique",N,N,40
46012,"Winnipeg North","Winnipeg-Nord"," 104","Winnipeg",N,N,"",1,411,"Lamoureux","","Kevin","Liberal","Libéral",Y,Y,112
46012,"Winnipeg North","Winnipeg-Nord"," 104","Winnipeg",N,N,"",1,411,"Redekopp","","John","Green Party","Parti Vert",N,N,10
46012,"Winnipeg North","Winnipeg-Nord"," 104","Winnipeg",N,N,"",1,411,"Turka","","Harpreet","Conservative","Conservateur",N,N,23
46012,"Winnipeg North","Winnipeg-Nord"," 105","Winnipeg",N,N,"",3,465,"Abad","","Levy","NDP-New Democratic Party","NPD-Nouveau Parti démocratique",N,N,49
46012,"Winnipeg North","Winnipeg-Nord"," 105","Winnipeg",N,N,"",3,465,"Lamoureux","","Kevin","Liberal","Libéral",Y,Y,116
46012,"Winnipeg North","Winnipeg-Nord"," 105","Winnipeg",N,N,"",3,465,"Redekopp","","John","Green Party","Parti Vert",N,N,14
46012,"Winnipeg North","Winnipeg-Nord"," 105","Winnipeg",N,N,"",3,465,"Turka","","Harpreet","Conservative","Conservateur",N,N,34
46012,"Winnipeg North","Winnipeg-Nord"," 106","Winnipeg",N,N,"",0,374,"Abad","","Levy","NDP-New Democratic Party","NPD-Nouveau Parti démocratique",N,N,25
46012,"Winnipeg North","Winnipeg-Nord"," 106","Winnipeg",N,N,"",0,374,"Lamoureux","","Kevin","Liberal","Libéral",Y,Y,110
46012,"Winnipeg North","Winnipeg-Nord"," 106","Winnipeg",N,N,"",0,374,"Redekopp","","John","Green Party","Parti Vert",N,N,1
46012,"Winnipeg North","Winnipeg-Nord"," 106","Winnipeg",N,N,"",0,374,"Turka","","Harpreet","Conservative","Conservateur",N,N,17
46012,"Winnipeg North","Winnipeg-Nord"," 107","Winnipeg",N,N,"",0,460,"Abad","","Levy","NDP-New Democratic Party","NPD-Nouveau Parti démocratique",N,N,25
46012,"Winnipeg North","Winnipeg-Nord"," 107","Winnipeg",N,N,"",0,460,"Lamoureux","","Kevin","Liberal","Libéral",Y,Y,130
46012,"Winnipeg North","Winnipeg-Nord"," 107","Winnipeg",N,N,"",0,460,"Redekopp","","John","Green Party","Parti Vert",N,N,10
46012,"Winnipeg North","Winnipeg-Nord"," 107","Winnipeg",N,N,"",0,460,"Turka","","Harpreet","Conservative","Conservateur",N,N,28
46012,"Winnipeg North","Winnipeg-Nord"," 108","Winnipeg",N,N,"",0,199,"Abad","","Levy","NDP-New Democratic Party","NPD-Nouveau Parti démocratique",N,N,15
46012,"Winnipeg North","Winnipeg-Nord"," 108","Winnipeg",N,N,"",0,199,"Lamoureux","","Kevin","Liberal","Libéral",Y,Y,68
46012,"Winnipeg North","Winnipeg-Nord"," 108","Winnipeg",N,N,"",0,199,"Redekopp","","John","Green Party","Parti Vert",N,N,4
46012,"Winnipeg North","Winnipeg-Nord"," 108","Winnipeg",N,N,"",0,199,"Turka","","Harpreet","Conservative","Conservateur",N,N,17
46012,"Winnipeg North","Winnipeg-Nord"," 109","Winnipeg",N,N,"",1,313,"Abad","","Levy","NDP-New Democratic Party","NPD-Nouveau Parti démocratique",N,N,25
46012,"Winnipeg North","Winnipeg-Nord"," 109","Winnipeg",N,N,"",1,313,"Lamoureux","","Kevin","Liberal","Libéral",Y,Y,82
46012,"Winnipeg North","Winnipeg-Nord"," 109","Winnipeg",N,N,"",1,313,"Redekopp","","John","Green Party","Parti Vert",N,N,9
46012,"Winnipeg North","Winnipeg-Nord"," 109","Winnipeg",N,N,"",1,313,"Turka","","Harpreet","Conservative","Conservateur",N,N,25
46012,"Winnipeg North","Winnipeg-Nord"," 110","Winnipeg",N,N,"",1,474,"Abad","","Levy","NDP-New Democratic Party","NPD-Nouveau Parti démocratique",N,N,34
46012,"Winnipeg North","Winnipeg-Nord"," 110","Winnipeg",N,N,"",1,474,"Lamoureux","","Kevin","Liberal","Libéral",Y,Y,111
46012,"Winnipeg North","Winnipeg-Nord"," 110","Winnipeg",N,N,"",1,474,"Redekopp","","John","Green Party","Parti Vert",N,N,9
46012,"Winnipeg North","Winnipeg-Nord"," 110","Winnipeg",N,N,"",1,474,"Turka","","Harpreet","Conservative","Conservateur",N,N,31
46012,"Winnipeg North","Winnipeg-Nord"," 111","Winnipeg",N,N,"",6,427,"Abad","","Levy","NDP-New Democratic Party","NPD-Nouveau Parti démocratique",N,N,25
46012,"Winnipeg North","Winnipeg-Nord"," 111","Winnipeg",N,N,"",6,427,"Lamoureux","","Kevin","Liberal","Libéral",Y,Y,101
46012,"Winnipeg North","Winnipeg-Nord"," 111","Winnipeg",N,N,"",6,427,"Redekopp","","John","Green Party","Parti Vert",N,N,7
46012,"Winnipeg North","Winnipeg-Nord"," 111","Winnipeg",N,N,"",6,427,"Turka","","Harpreet","Conservative","Conservateur",N,N,18
46012,"Winnipeg North","Winnipeg-Nord"," 112","Winnipeg",N,N,"",0,413,"Abad","","Levy","NDP-New Democratic Party","NPD-Nouveau Parti démocratique",N,N,39
46012,"Winnipeg North","Winnipeg-Nord"," 112","Winnipeg",N,N,"",0,413,"Lamoureux","","Kevin","Liberal","Libéral",Y,Y,115
46012,"Winnipeg North","Winnipeg-Nord"," 112","Winnipeg",N,N,"",0,413,"Redekopp","","John","Green Party","Parti Vert",N,N,4
46012,"Winnipeg North","Winnipeg-Nord"," 112","Winnipeg",N,N,"",0,413,"Turka","","Harpreet","Conservative","Conservateur",N,N,11
46012,"Winnipeg North","Winnipeg-Nord"," 113","Winnipeg",N,N,"",2,418,"Abad","","Levy","NDP-New Democratic Party","NPD-Nouveau Parti démocratique",N,N,40
46012,"Winnipeg North","Winnipeg-Nord"," 113","Winnipeg",N,N,"",2,418,"Lamoureux","","Kevin","Liberal","Libéral",Y,Y,114
46012,"Winnipeg North","Winnipeg-Nord"," 113","Winnipeg",N,N,"",2,418,"Redekopp","","John","Green Party","Parti Vert",N,N,9
46012,"Winnipeg North","Winnipeg-Nord"," 113","Winnipeg",N,N,"",2,418,"Turka","","Harpreet","Conservative","Conservateur",N,N,14
46012,"Winnipeg North","Winnipeg-Nord"," 114","Winnipeg",N,N,"",1,475,"Abad","","Levy","NDP-New Democratic Party","NPD-Nouveau Parti démocratique",N,N,37
46012,"Winnipeg North","Winnipeg-Nord"," 114","Winnipeg",N,N,"",1,475,"Lamoureux","","Kevin","Liberal","Libéral",Y,Y,130
46012,"Winnipeg North","Winnipeg-Nord"," 114","Winnipeg",N,N,"",1,475,"Redekopp","","John","Green Party","Parti Vert",N,N,5
46012,"Winnipeg North","Winnipeg-Nord"," 114","Winnipeg",N,N,"",1,475,"Turka","","Harpreet","Conservative","Conservateur",N,N,12
46012,"Winnipeg North","Winnipeg-Nord"," 115","Winnipeg",N,N,"",3,440,"Abad","","Levy","NDP-New Democratic Party","NPD-Nouveau Parti démocratique",N,N,29
46012,"Winnipeg North","Winnipeg-Nord"," 115","Winnipeg",N,N,"",3,440,"Lamoureux","","Kevin","Liberal","Libéral",Y,Y,125
46012,"Winnipeg North","Winnipeg-Nord"," 115","Winnipeg",N,N,"",3,440,"Redekopp","","John","Green Party","Parti Vert",N,N,8
46012,"Winnipeg North","Winnipeg-Nord"," 115","Winnipeg",N,N,"",3,440,"Turka","","Harpreet","Conservative","Conservateur",N,N,8
46012,"Winnipeg North","Winnipeg-Nord"," 116","Winnipeg",N,N,"",2,383,"Abad","","Levy","NDP-New Democratic Party","NPD-Nouveau Parti démocratique",N,N,34
46012,"Winnipeg North","Winnipeg-Nord"," 116","Winnipeg",N,N,"",2,383,"Lamoureux","","Kevin","Liberal","Libéral",Y,Y,82
46012,"Winnipeg North","Winnipeg-Nord"," 116","Winnipeg",N,N,"",2,383,"Redekopp","","John","Green Party","Parti Vert",N,N,4
46012,"Winnipeg North","Winnipeg-Nord"," 116","Winnipeg",N,N,"",2,383,"Turka","","Harpreet","Conservative","Conservateur",N,N,13
46012,"Winnipeg North","Winnipeg-Nord"," 117","Winnipeg",N,N,"",3,315,"Abad","","Levy","NDP-New Democratic Party","NPD-Nouveau Parti démocratique",N,N,20
46012,"Winnipeg North","Winnipeg-Nord"," 117","Winnipeg",N,N,"",3,315,"Lamoureux","","Kevin","Liberal","Libéral",Y,Y,61
46012,"Winnipeg North","Winnipeg-Nord"," 117","Winnipeg",N,N,"",3,315,"Redekopp","","John","Green Party","Parti Vert",N,N,3
46012,"Winnipeg North","Winnipeg-Nord"," 117","Winnipeg",N,N,"",3,315,"Turka","","Harpreet","Conservative","Conservateur",N,N,15
46012,"Winnipeg North","Winnipeg-Nord"," 118","Winnipeg",N,N,"",1,369,"Abad","","Levy","NDP-New Democratic Party","NPD-Nouveau Parti démocratique",N,N,41
46012,"Winnipeg North","Winnipeg-Nord"," 118","Winnipeg",N,N,"",1,369,"Lamoureux","","Kevin","Liberal","Libéral",Y,Y,98
46012,"Winnipeg North","Winnipeg-Nord"," 118","Winnipeg",N,N,"",1,369,"Redekopp","","John","Green Party","Parti Vert",N,N,9
46012,"Winnipeg North","Winnipeg-Nord"," 118","Winnipeg",N,N,"",1,369,"Turka","","Harpreet","Conservative","Conservateur",N,N,33
46012,"Winnipeg North","Winnipeg-Nord"," 119","Winnipeg",N,N,"",1,361,"Abad","","Levy","NDP-New Democratic Party","NPD-Nouveau Parti démocratique",N,N,38
46012,"Winnipeg North","Winnipeg-Nord"," 119","Winnipeg",N,N,"",1,361,"Lamoureux","","Kevin","Liberal","Libéral",Y,Y,104
46012,"Winnipeg North","Winnipeg-Nord"," 119","Winnipeg",N,N,"",1,361,"Redekopp","","John","Green Party","Parti Vert",N,N,11
46012,"Winnipeg North","Winnipeg-Nord"," 119","Winnipeg",N,N,"",1,361,"Turka","","Harpreet","Conservative","Conservateur",N,N,31
46012,"Winnipeg North","Winnipeg-Nord"," 120","Winnipeg",N,N,"",2,378,"Abad","","Levy","NDP-New Democratic Party","NPD-Nouveau Parti démocratique",N,N,40
46012,"Winnipeg North","Winnipeg-Nord"," 120","Winnipeg",N,N,"",2,378,"Lamoureux","","Kevin","Liberal","Libéral",Y,Y,99
46012,"Winnipeg North","Winnipeg-Nord"," 120","Winnipeg",N,N,"",2,378,"Redekopp","","John","Green Party","Parti Vert",N,N,2
46012,"Winnipeg North","Winnipeg-Nord"," 120","Winnipeg",N,N,"",2,378,"Turka","","Harpreet","Conservative","Conservateur",N,N,29
46012,"Winnipeg North","Winnipeg-Nord"," 121","Winnipeg",N,N,"",1,366,"Abad","","Levy","NDP-New Democratic Party","NPD-Nouveau Parti démocratique",N,N,27
46012,"Winnipeg North","Winnipeg-Nord"," 121","Winnipeg",N,N,"",1,366,"Lamoureux","","Kevin","Liberal","Libéral",Y,Y,55
46012,"Winnipeg North","Winnipeg-Nord"," 121","Winnipeg",N,N,"",1,366,"Redekopp","","John","Green Party","Parti Vert",N,N,4
46012,"Winnipeg North","Winnipeg-Nord"," 121","Winnipeg",N,N,"",1,366,"Turka","","Harpreet","Conservative","Conservateur",N,N,20
46012,"Winnipeg North","Winnipeg-Nord"," 122","Winnipeg",N,N,"",0,359,"Abad","","Levy","NDP-New Democratic Party","NPD-Nouveau Parti démocratique",N,N,16
46012,"Winnipeg North","Winnipeg-Nord"," 122","Winnipeg",N,N,"",0,359,"Lamoureux","","Kevin","Liberal","Libéral",Y,Y,71
46012,"Winnipeg North","Winnipeg-Nord"," 122","Winnipeg",N,N,"",0,359,"Redekopp","","John","Green Party","Parti Vert",N,N,11
46012,"Winnipeg North","Winnipeg-Nord"," 122","Winnipeg",N,N,"",0,359,"Turka","","Harpreet","Conservative","Conservateur",N,N,15
46012,"Winnipeg North","Winnipeg-Nord"," 123","Winnipeg",N,N,"",1,435,"Abad","","Levy","NDP-New Democratic Party","NPD-Nouveau Parti démocratique",N,N,40
46012,"Winnipeg North","Winnipeg-Nord"," 123","Winnipeg",N,N,"",1,435,"Lamoureux","","Kevin","Liberal","Libéral",Y,Y,107
46012,"Winnipeg North","Winnipeg-Nord"," 123","Winnipeg",N,N,"",1,435,"Redekopp","","John","Green Party","Parti Vert",N,N,14
46012,"Winnipeg North","Winnipeg-Nord"," 123","Winnipeg",N,N,"",1,435,"Turka","","Harpreet","Conservative","Conservateur",N,N,45
46012,"Winnipeg North","Winnipeg-Nord"," 124","Winnipeg",N,N,"",4,424,"Abad","","Levy","NDP-New Democratic Party","NPD-Nouveau Parti démocratique",N,N,55
46012,"Winnipeg North","Winnipeg-Nord"," 124","Winnipeg",N,N,"",4,424,"Lamoureux","","Kevin","Liberal","Libéral",Y,Y,126
46012,"Winnipeg North","Winnipeg-Nord"," 124","Winnipeg",N,N,"",4,424,"Redekopp","","John","Green Party","Parti Vert",N,N,10
46012,"Winnipeg North","Winnipeg-Nord"," 124","Winnipeg",N,N,"",4,424,"Turka","","Harpreet","Conservative","Conservateur",N,N,39
46012,"Winnipeg North","Winnipeg-Nord"," 125","Winnipeg",N,N,"",0,443,"Abad","","Levy","NDP-New Democratic Party","NPD-Nouveau Parti démocratique",N,N,65
46012,"Winnipeg North","Winnipeg-Nord"," 125","Winnipeg",N,N,"",0,443,"Lamoureux","","Kevin","Liberal","Libéral",Y,Y,124
46012,"Winnipeg North","Winnipeg-Nord"," 125","Winnipeg",N,N,"",0,443,"Redekopp","","John","Green Party","Parti Vert",N,N,12
46012,"Winnipeg North","Winnipeg-Nord"," 125","Winnipeg",N,N,"",0,443,"Turka","","Harpreet","Conservative","Conservateur",N,N,44
46012,"Winnipeg North","Winnipeg-Nord"," 126","Winnipeg",N,N,"",0,368,"Abad","","Levy","NDP-New Democratic Party","NPD-Nouveau Parti démocratique",N,N,45
46012,"Winnipeg North","Winnipeg-Nord"," 126","Winnipeg",N,N,"",0,368,"Lamoureux","","Kevin","Liberal","Libéral",Y,Y,119
46012,"Winnipeg North","Winnipeg-Nord"," 126","Winnipeg",N,N,"",0,368,"Redekopp","","John","Green Party","Parti Vert",N,N,11
46012,"Winnipeg North","Winnipeg-Nord"," 126","Winnipeg",N,N,"",0,368,"Turka","","Harpreet","Conservative","Conservateur",N,N,26
46012,"Winnipeg North","Winnipeg-Nord"," 127","Winnipeg",N,N,"",2,334,"Abad","","Levy","NDP-New Democratic Party","NPD-Nouveau Parti démocratique",N,N,46
46012,"Winnipeg North","Winnipeg-Nord"," 127","Winnipeg",N,N,"",2,334,"Lamoureux","","Kevin","Liberal","Libéral",Y,Y,104
46012,"Winnipeg North","Winnipeg-Nord"," 127","Winnipeg",N,N,"",2,334,"Redekopp","","John","Green Party","Parti Vert",N,N,13
46012,"Winnipeg North","Winnipeg-Nord"," 127","Winnipeg",N,N,"",2,334,"Turka","","Harpreet","Conservative","Conservateur",N,N,61
46012,"Winnipeg North","Winnipeg-Nord"," 128","Winnipeg",N,N,"",0,399,"Abad","","Levy","NDP-New Democratic Party","NPD-Nouveau Parti démocratique",N,N,31
46012,"Winnipeg North","Winnipeg-Nord"," 128","Winnipeg",N,N,"",0,399,"Lamoureux","","Kevin","Liberal","Libéral",Y,Y,59
46012,"Winnipeg North","Winnipeg-Nord"," 128","Winnipeg",N,N,"",0,399,"Redekopp","","John","Green Party","Parti Vert",N,N,5
46012,"Winnipeg North","Winnipeg-Nord"," 128","Winnipeg",N,N,"",0,399,"Turka","","Harpreet","Conservative","Conservateur",N,N,18
46012,"Winnipeg North","Winnipeg-Nord"," 129","Winnipeg",N,N,"",0,377,"Abad","","Levy","NDP-New Democratic Party","NPD-Nouveau Parti démocratique",N,N,44
46012,"Winnipeg North","Winnipeg-Nord"," 129","Winnipeg",N,N,"",0,377,"Lamoureux","","Kevin","Liberal","Libéral",Y,Y,82
46012,"Winnipeg North","Winnipeg-Nord"," 129","Winnipeg",N,N,"",0,377,"Redekopp","","John","Green Party","Parti Vert",N,N,2
46012,"Winnipeg North","Winnipeg-Nord"," 129","Winnipeg",N,N,"",0,377,"Turka","","Harpreet","Conservative","Conservateur",N,N,13
46012,"Winnipeg North","Winnipeg-Nord"," 130","Winnipeg",N,N,"",2,399,"Abad","","Levy","NDP-New Democratic Party","NPD-Nouveau Parti démocratique",N,N,28
46012,"Winnipeg North","Winnipeg-Nord"," 130","Winnipeg",N,N,"",2,399,"Lamoureux","","Kevin","Liberal","Libéral",Y,Y,71
46012,"Winnipeg North","Winnipeg-Nord"," 130","Winnipeg",N,N,"",2,399,"Redekopp","","John","Green Party","Parti Vert",N,N,8
46012,"Winnipeg North","Winnipeg-Nord"," 130","Winnipeg",N,N,"",2,399,"Turka","","Harpreet","Conservative","Conservateur",N,N,10
46012,"Winnipeg North","Winnipeg-Nord"," 131","Winnipeg",N,N,"",1,345,"Abad","","Levy","NDP-New Democratic Party","NPD-Nouveau Parti démocratique",N,N,23
46012,"Winnipeg North","Winnipeg-Nord"," 131","Winnipeg",N,N,"",1,345,"Lamoureux","","Kevin","Liberal","Libéral",Y,Y,61
46012,"Winnipeg North","Winnipeg-Nord"," 131","Winnipeg",N,N,"",1,345,"Redekopp","","John","Green Party","Parti Vert",N,N,0
46012,"Winnipeg North","Winnipeg-Nord"," 131","Winnipeg",N,N,"",1,345,"Turka","","Harpreet","Conservative","Conservateur",N,N,11
46012,"Winnipeg North","Winnipeg-Nord"," 132A","Winnipeg",N,N,"",0,413,"Abad","","Levy","NDP-New Democratic Party","NPD-Nouveau Parti démocratique",N,N,43
46012,"Winnipeg North","Winnipeg-Nord"," 132A","Winnipeg",N,N,"",0,413,"Lamoureux","","Kevin","Liberal","Libéral",Y,Y,91
46012,"Winnipeg North","Winnipeg-Nord"," 132A","Winnipeg",N,N,"",0,413,"Redekopp","","John","Green Party","Parti Vert",N,N,5
46012,"Winnipeg North","Winnipeg-Nord"," 132A","Winnipeg",N,N,"",0,413,"Turka","","Harpreet","Conservative","Conservateur",N,N,11
46012,"Winnipeg North","Winnipeg-Nord"," 132B","Mobile poll/Bureau itinérant",N,N,"505A",0,16,"Abad","","Levy","NDP-New Democratic Party","NPD-Nouveau Parti démocratique",N,N,0
46012,"Winnipeg North","Winnipeg-Nord"," 132B","Mobile poll/Bureau itinérant",N,N,"505A",0,16,"Lamoureux","","Kevin","Liberal","Libéral",Y,Y,0
46012,"Winnipeg North","Winnipeg-Nord"," 132B","Mobile poll/Bureau itinérant",N,N,"505A",0,16,"Redekopp","","John","Green Party","Parti Vert",N,N,0
46012,"Winnipeg North","Winnipeg-Nord"," 132B","Mobile poll/Bureau itinérant",N,N,"505A",0,16,"Turka","","Harpreet","Conservative","Conservateur",N,N,0
46012,"Winnipeg North","Winnipeg-Nord"," 133","Winnipeg",N,N,"",0,380,"Abad","","Levy","NDP-New Democratic Party","NPD-Nouveau Parti démocratique",N,N,25
46012,"Winnipeg North","Winnipeg-Nord"," 133","Winnipeg",N,N,"",0,380,"Lamoureux","","Kevin","Liberal","Libéral",Y,Y,72
46012,"Winnipeg North","Winnipeg-Nord"," 133","Winnipeg",N,N,"",0,380,"Redekopp","","John","Green Party","Parti Vert",N,N,4
46012,"Winnipeg North","Winnipeg-Nord"," 133","Winnipeg",N,N,"",0,380,"Turka","","Harpreet","Conservative","Conservateur",N,N,9
46012,"Winnipeg North","Winnipeg-Nord"," 134","Winnipeg",N,N,"",2,297,"Abad","","Levy","NDP-New Democratic Party","NPD-Nouveau Parti démocratique",N,N,55
46012,"Winnipeg North","Winnipeg-Nord"," 134","Winnipeg",N,N,"",2,297,"Lamoureux","","Kevin","Liberal","Libéral",Y,Y,83
46012,"Winnipeg North","Winnipeg-Nord"," 134","Winnipeg",N,N,"",2,297,"Redekopp","","John","Green Party","Parti Vert",N,N,8
46012,"Winnipeg North","Winnipeg-Nord"," 134","Winnipeg",N,N,"",2,297,"Turka","","Harpreet","Conservative","Conservateur",N,N,7
46012,"Winnipeg North","Winnipeg-Nord"," 135","Winnipeg",N,N,"",0,272,"Abad","","Levy","NDP-New Democratic Party","NPD-Nouveau Parti démocratique",N,N,20
46012,"Winnipeg North","Winnipeg-Nord"," 135","Winnipeg",N,N,"",0,272,"Lamoureux","","Kevin","Liberal","Libéral",Y,Y,48
46012,"Winnipeg North","Winnipeg-Nord"," 135","Winnipeg",N,N,"",0,272,"Redekopp","","John","Green Party","Parti Vert",N,N,2
46012,"Winnipeg North","Winnipeg-Nord"," 135","Winnipeg",N,N,"",0,272,"Turka","","Harpreet","Conservative","Conservateur",N,N,13
46012,"Winnipeg North","Winnipeg-Nord"," 136","Winnipeg",N,N,"",2,361,"Abad","","Levy","NDP-New Democratic Party","NPD-Nouveau Parti démocratique",N,N,31
46012,"Winnipeg North","Winnipeg-Nord"," 136","Winnipeg",N,N,"",2,361,"Lamoureux","","Kevin","Liberal","Libéral",Y,Y,59
46012,"Winnipeg North","Winnipeg-Nord"," 136","Winnipeg",N,N,"",2,361,"Redekopp","","John","Green Party","Parti Vert",N,N,4
46012,"Winnipeg North","Winnipeg-Nord"," 136","Winnipeg",N,N,"",2,361,"Turka","","Harpreet","Conservative","Conservateur",N,N,12
46012,"Winnipeg North","Winnipeg-Nord"," 137","Winnipeg",N,N,"",0,507,"Abad","","Levy","NDP-New Democratic Party","NPD-Nouveau Parti démocratique",N,N,31
46012,"Winnipeg North","Winnipeg-Nord"," 137","Winnipeg",N,N,"",0,507,"Lamoureux","","Kevin","Liberal","Libéral",Y,Y,104
46012,"Winnipeg North","Winnipeg-Nord"," 137","Winnipeg",N,N,"",0,507,"Redekopp","","John","Green Party","Parti Vert",N,N,9
46012,"Winnipeg North","Winnipeg-Nord"," 137","Winnipeg",N,N,"",0,507,"Turka","","Harpreet","Conservative","Conservateur",N,N,36
46012,"Winnipeg North","Winnipeg-Nord"," 138","Winnipeg",N,N,"",0,345,"Abad","","Levy","NDP-New Democratic Party","NPD-Nouveau Parti démocratique",N,N,39
46012,"Winnipeg North","Winnipeg-Nord"," 138","Winnipeg",N,N,"",0,345,"Lamoureux","","Kevin","Liberal","Libéral",Y,Y,67
46012,"Winnipeg North","Winnipeg-Nord"," 138","Winnipeg",N,N,"",0,345,"Redekopp","","John","Green Party","Parti Vert",N,N,13
46012,"Winnipeg North","Winnipeg-Nord"," 138","Winnipeg",N,N,"",0,345,"Turka","","Harpreet","Conservative","Conservateur",N,N,11
46012,"Winnipeg North","Winnipeg-Nord"," 139","Winnipeg",N,N,"",1,178,"Abad","","Levy","NDP-New Democratic Party","NPD-Nouveau Parti démocratique",N,N,16
46012,"Winnipeg North","Winnipeg-Nord"," 139","Winnipeg",N,N,"",1,178,"Lamoureux","","Kevin","Liberal","Libéral",Y,Y,34
46012,"Winnipeg North","Winnipeg-Nord"," 139","Winnipeg",N,N,"",1,178,"Redekopp","","John","Green Party","Parti Vert",N,N,7
46012,"Winnipeg North","Winnipeg-Nord"," 139","Winnipeg",N,N,"",1,178,"Turka","","Harpreet","Conservative","Conservateur",N,N,5
46012,"Winnipeg North","Winnipeg-Nord"," 140","Winnipeg",N,N,"",0,386,"Abad","","Levy","NDP-New Democratic Party","NPD-Nouveau Parti démocratique",N,N,45
46012,"Winnipeg North","Winnipeg-Nord"," 140","Winnipeg",N,N,"",0,386,"Lamoureux","","Kevin","Liberal","Libéral",Y,Y,64
46012,"Winnipeg North","Winnipeg-Nord"," 140","Winnipeg",N,N,"",0,386,"Redekopp","","John","Green Party","Parti Vert",N,N,5
46012,"Winnipeg North","Winnipeg-Nord"," 140","Winnipeg",N,N,"",0,386,"Turka","","Harpreet","Conservative","Conservateur",N,N,19
46012,"Winnipeg North","Winnipeg-Nord"," 141","Winnipeg",N,N,"",0,440,"Abad","","Levy","NDP-New Democratic Party","NPD-Nouveau Parti démocratique",N,N,39
46012,"Winnipeg North","Winnipeg-Nord"," 141","Winnipeg",N,N,"",0,440,"Lamoureux","","Kevin","Liberal","Libéral",Y,Y,116
46012,"Winnipeg North","Winnipeg-Nord"," 141","Winnipeg",N,N,"",0,440,"Redekopp","","John","Green Party","Parti Vert",N,N,14
46012,"Winnipeg North","Winnipeg-Nord"," 141","Winnipeg",N,N,"",0,440,"Turka","","Harpreet","Conservative","Conservateur",N,N,19
46012,"Winnipeg North","Winnipeg-Nord"," 400","Winnipeg",N,N,"",0,181,"Abad","","Levy","NDP-New Democratic Party","NPD-Nouveau Parti démocratique",N,N,7
46012,"Winnipeg North","Winnipeg-Nord"," 400","Winnipeg",N,N,"",0,181,"Lamoureux","","Kevin","Liberal","Libéral",Y,Y,17
46012,"Winnipeg North","Winnipeg-Nord"," 400","Winnipeg",N,N,"",0,181,"Redekopp","","John","Green Party","Parti Vert",N,N,1
46012,"Winnipeg North","Winnipeg-Nord"," 400","Winnipeg",N,N,"",0,181,"Turka","","Harpreet","Conservative","Conservateur",N,N,14
46012,"Winnipeg North","Winnipeg-Nord"," 401","Winnipeg",N,N,"",1,142,"Abad","","Levy","NDP-New Democratic Party","NPD-Nouveau Parti démocratique",N,N,17
46012,"Winnipeg North","Winnipeg-Nord"," 401","Winnipeg",N,N,"",1,142,"Lamoureux","","Kevin","Liberal","Libéral",Y,Y,67
46012,"Winnipeg North","Winnipeg-Nord"," 401","Winnipeg",N,N,"",1,142,"Redekopp","","John","Green Party","Parti Vert",N,N,3
46012,"Winnipeg North","Winnipeg-Nord"," 401","Winnipeg",N,N,"",1,142,"Turka","","Harpreet","Conservative","Conservateur",N,N,22
46012,"Winnipeg North","Winnipeg-Nord"," 500A","Mobile poll/Bureau itinérant",N,N,"",1,129,"Abad","","Levy","NDP-New Democratic Party","NPD-Nouveau Parti démocratique",N,N,7
46012,"Winnipeg North","Winnipeg-Nord"," 500A","Mobile poll/Bureau itinérant",N,N,"",1,129,"Lamoureux","","Kevin","Liberal","Libéral",Y,Y,37
46012,"Winnipeg North","Winnipeg-Nord"," 500A","Mobile poll/Bureau itinérant",N,N,"",1,129,"Redekopp","","John","Green Party","Parti Vert",N,N,3
46012,"Winnipeg North","Winnipeg-Nord"," 500A","Mobile poll/Bureau itinérant",N,N,"",1,129,"Turka","","Harpreet","Conservative","Conservateur",N,N,24
46012,"Winnipeg North","Winnipeg-Nord"," 500B","Mobile poll/Bureau itinérant",N,N,"501A",0,28,"Abad","","Levy","NDP-New Democratic Party","NPD-Nouveau Parti démocratique",N,N,0
46012,"Winnipeg North","Winnipeg-Nord"," 500B","Mobile poll/Bureau itinérant",N,N,"501A",0,28,"Lamoureux","","Kevin","Liberal","Libéral",Y,Y,0
46012,"Winnipeg North","Winnipeg-Nord"," 500B","Mobile poll/Bureau itinérant",N,N,"501A",0,28,"Redekopp","","John","Green Party","Parti Vert",N,N,0
46012,"Winnipeg North","Winnipeg-Nord"," 500B","Mobile poll/Bureau itinérant",N,N,"501A",0,28,"Turka","","Harpreet","Conservative","Conservateur",N,N,0
46012,"Winnipeg North","Winnipeg-Nord"," 501A","Mobile poll/Bureau itinérant",N,N,"",0,40,"Abad","","Levy","NDP-New Democratic Party","NPD-Nouveau Parti démocratique",N,N,7
46012,"Winnipeg North","Winnipeg-Nord"," 501A","Mobile poll/Bureau itinérant",N,N,"",0,40,"Lamoureux","","Kevin","Liberal","Libéral",Y,Y,18
46012,"Winnipeg North","Winnipeg-Nord"," 501A","Mobile poll/Bureau itinérant",N,N,"",0,40,"Redekopp","","John","Green Party","Parti Vert",N,N,2
46012,"Winnipeg North","Winnipeg-Nord"," 501A","Mobile poll/Bureau itinérant",N,N,"",0,40,"Turka","","Harpreet","Conservative","Conservateur",N,N,2
46012,"Winnipeg North","Winnipeg-Nord"," 501B","Mobile poll/Bureau itinérant",N,N,"502",0,52,"Abad","","Levy","NDP-New Democratic Party","NPD-Nouveau Parti démocratique",N,N,0
46012,"Winnipeg North","Winnipeg-Nord"," 501B","Mobile poll/Bureau itinérant",N,N,"502",0,52,"Lamoureux","","Kevin","Liberal","Libéral",Y,Y,0
46012,"Winnipeg North","Winnipeg-Nord"," 501B","Mobile poll/Bureau itinérant",N,N,"502",0,52,"Redekopp","","John","Green Party","Parti Vert",N,N,0
46012,"Winnipeg North","Winnipeg-Nord"," 501B","Mobile poll/Bureau itinérant",N,N,"502",0,52,"Turka","","Harpreet","Conservative","Conservateur",N,N,0
46012,"Winnipeg North","Winnipeg-Nord"," 502","Mobile poll/Bureau itinérant",N,N,"",2,165,"Abad","","Levy","NDP-New Democratic Party","NPD-Nouveau Parti démocratique",N,N,18
46012,"Winnipeg North","Winnipeg-Nord"," 502","Mobile poll/Bureau itinérant",N,N,"",2,165,"Lamoureux","","Kevin","Liberal","Libéral",Y,Y,49
46012,"Winnipeg North","Winnipeg-Nord"," 502","Mobile poll/Bureau itinérant",N,N,"",2,165,"Redekopp","","John","Green Party","Parti Vert",N,N,1
46012,"Winnipeg North","Winnipeg-Nord"," 502","Mobile poll/Bureau itinérant",N,N,"",2,165,"Turka","","Harpreet","Conservative","Conservateur",N,N,25
46012,"Winnipeg North","Winnipeg-Nord"," 503","Mobile poll/Bureau itinérant",N,N,"",0,145,"Abad","","Levy","NDP-New Democratic Party","NPD-Nouveau Parti démocratique",N,N,14
46012,"Winnipeg North","Winnipeg-Nord"," 503","Mobile poll/Bureau itinérant",N,N,"",0,145,"Lamoureux","","Kevin","Liberal","Libéral",Y,Y,50
46012,"Winnipeg North","Winnipeg-Nord"," 503","Mobile poll/Bureau itinérant",N,N,"",0,145,"Redekopp","","John","Green Party","Parti Vert",N,N,2
46012,"Winnipeg North","Winnipeg-Nord"," 503","Mobile poll/Bureau itinérant",N,N,"",0,145,"Turka","","Harpreet","Conservative","Conservateur",N,N,38
46012,"Winnipeg North","Winnipeg-Nord"," 504","Mobile poll/Bureau itinérant",N,N,"",1,178,"Abad","","Levy","NDP-New Democratic Party","NPD-Nouveau Parti démocratique",N,N,21
46012,"Winnipeg North","Winnipeg-Nord"," 504","Mobile poll/Bureau itinérant",N,N,"",1,178,"Lamoureux","","Kevin","Liberal","Libéral",Y,Y,68
46012,"Winnipeg North","Winnipeg-Nord"," 504","Mobile poll/Bureau itinérant",N,N,"",1,178,"Redekopp","","John","Green Party","Parti Vert",N,N,4
46012,"Winnipeg North","Winnipeg-Nord"," 504","Mobile poll/Bureau itinérant",N,N,"",1,178,"Turka","","Harpreet","Conservative","Conservateur",N,N,32
46012,"Winnipeg North","Winnipeg-Nord"," 505A","Mobile poll/Bureau itinérant",N,N,"",2,35,"Abad","","Levy","NDP-New Democratic Party","NPD-Nouveau Parti démocratique",N,N,14
46012,"Winnipeg North","Winnipeg-Nord"," 505A","Mobile poll/Bureau itinérant",N,N,"",2,35,"Lamoureux","","Kevin","Liberal","Libéral",Y,Y,32
46012,"Winnipeg North","Winnipeg-Nord"," 505A","Mobile poll/Bureau itinérant",N,N,"",2,35,"Redekopp","","John","Green Party","Parti Vert",N,N,1
46012,"Winnipeg North","Winnipeg-Nord"," 505A","Mobile poll/Bureau itinérant",N,N,"",2,35,"Turka","","Harpreet","Conservative","Conservateur",N,N,2
46012,"Winnipeg North","Winnipeg-Nord"," 505B","Winnipeg",N,N,"134",0,5,"Abad","","Levy","NDP-New Democratic Party","NPD-Nouveau Parti démocratique",N,N,0
46012,"Winnipeg North","Winnipeg-Nord"," 505B","Winnipeg",N,N,"134",0,5,"Lamoureux","","Kevin","Liberal","Libéral",Y,Y,0
46012,"Winnipeg North","Winnipeg-Nord"," 505B","Winnipeg",N,N,"134",0,5,"Redekopp","","John","Green Party","Parti Vert",N,N,0
46012,"Winnipeg North","Winnipeg-Nord"," 505B","Winnipeg",N,N,"134",0,5,"Turka","","Harpreet","Conservative","Conservateur",N,N,0
46012,"Winnipeg North","Winnipeg-Nord"," 506","Mobile poll/Bureau itinérant",N,N,"",1,206,"Abad","","Levy","NDP-New Democratic Party","NPD-Nouveau Parti démocratique",N,N,27
46012,"Winnipeg North","Winnipeg-Nord"," 506","Mobile poll/Bureau itinérant",N,N,"",1,206,"Lamoureux","","Kevin","Liberal","Libéral",Y,Y,46
46012,"Winnipeg North","Winnipeg-Nord"," 506","Mobile poll/Bureau itinérant",N,N,"",1,206,"Redekopp","","John","Green Party","Parti Vert",N,N,1
46012,"Winnipeg North","Winnipeg-Nord"," 506","Mobile poll/Bureau itinérant",N,N,"",1,206,"Turka","","Harpreet","Conservative","Conservateur",N,N,7
46012,"Winnipeg North","Winnipeg-Nord"," 600","Winnipeg",N,N,"",1,0,"Abad","","Levy","NDP-New Democratic Party","NPD-Nouveau Parti démocratique",N,N,54
46012,"Winnipeg North","Winnipeg-Nord"," 600","Winnipeg",N,N,"",1,0,"Lamoureux","","Kevin","Liberal","Libéral",Y,Y,572
46012,"Winnipeg North","Winnipeg-Nord"," 600","Winnipeg",N,N,"",1,0,"Redekopp","","John","Green Party","Parti Vert",N,N,11
46012,"Winnipeg North","Winnipeg-Nord"," 600","Winnipeg",N,N,"",1,0,"Turka","","Harpreet","Conservative","Conservateur",N,N,88
46012,"Winnipeg North","Winnipeg-Nord"," 601","Winnipeg",N,N,"",16,0,"Abad","","Levy","NDP-New Democratic Party","NPD-Nouveau Parti démocratique",N,N,63
46012,"Winnipeg North","Winnipeg-Nord"," 601","Winnipeg",N,N,"",16,0,"Lamoureux","","Kevin","Liberal","Libéral",Y,Y,732
46012,"Winnipeg North","Winnipeg-Nord"," 601","Winnipeg",N,N,"",16,0,"Redekopp","","John","Green Party","Parti Vert",N,N,7
46012,"Winnipeg North","Winnipeg-Nord"," 601","Winnipeg",N,N,"",16,0,"Turka","","Harpreet","Conservative","Conservateur",N,N,155
46012,"Winnipeg North","Winnipeg-Nord"," 602","Winnipeg",N,N,"",1,0,"Abad","","Levy","NDP-New Democratic Party","NPD-Nouveau Parti démocratique",N,N,76
46012,"Winnipeg North","Winnipeg-Nord"," 602","Winnipeg",N,N,"",1,0,"Lamoureux","","Kevin","Liberal","Libéral",Y,Y,448
46012,"Winnipeg North","Winnipeg-Nord"," 602","Winnipeg",N,N,"",1,0,"Redekopp","","John","Green Party","Parti Vert",N,N,9
46012,"Winnipeg North","Winnipeg-Nord"," 602","Winnipeg",N,N,"",1,0,"Turka","","Harpreet","Conservative","Conservateur",N,N,130
46012,"Winnipeg North","Winnipeg-Nord"," 603","Winnipeg",N,N,"",6,0,"Abad","","Levy","NDP-New Democratic Party","NPD-Nouveau Parti démocratique",N,N,90
46012,"Winnipeg North","Winnipeg-Nord"," 603","Winnipeg",N,N,"",6,0,"Lamoureux","","Kevin","Liberal","Libéral",Y,Y,642
46012,"Winnipeg North","Winnipeg-Nord"," 603","Winnipeg",N,N,"",6,0,"Redekopp","","John","Green Party","Parti Vert",N,N,11
46012,"Winnipeg North","Winnipeg-Nord"," 603","Winnipeg",N,N,"",6,0,"Turka","","Harpreet","Conservative","Conservateur",N,N,117
46012,"Winnipeg North","Winnipeg-Nord"," 604","Winnipeg",N,N,"",4,0,"Abad","","Levy","NDP-New Democratic Party","NPD-Nouveau Parti démocratique",N,N,102
46012,"Winnipeg North","Winnipeg-Nord"," 604","Winnipeg",N,N,"",4,0,"Lamoureux","","Kevin","Liberal","Libéral",Y,Y,402
46012,"Winnipeg North","Winnipeg-Nord"," 604","Winnipeg",N,N,"",4,0,"Redekopp","","John","Green Party","Parti Vert",N,N,13
46012,"Winnipeg North","Winnipeg-Nord"," 604","Winnipeg",N,N,"",4,0,"Turka","","Harpreet","Conservative","Conservateur",N,N,110
46012,"Winnipeg North","Winnipeg-Nord"," 605","Winnipeg",N,N,"",2,0,"Abad","","Levy","NDP-New Democratic Party","NPD-Nouveau Parti démocratique",N,N,66
46012,"Winnipeg North","Winnipeg-Nord"," 605","Winnipeg",N,N,"",2,0,"Lamoureux","","Kevin","Liberal","Libéral",Y,Y,281
46012,"Winnipeg North","Winnipeg-Nord"," 605","Winnipeg",N,N,"",2,0,"Redekopp","","John","Green Party","Parti Vert",N,N,12
46012,"Winnipeg North","Winnipeg-Nord"," 605","Winnipeg",N,N,"",2,0,"Turka","","Harpreet","Conservative","Conservateur",N,N,91
46012,"Winnipeg North","Winnipeg-Nord"," 606","Winnipeg",N,N,"",1,0,"Abad","","Levy","NDP-New Democratic Party","NPD-Nouveau Parti démocratique",N,N,91
46012,"Winnipeg North","Winnipeg-Nord"," 606","Winnipeg",N,N,"",1,0,"Lamoureux","","Kevin","Liberal","Libéral",Y,Y,215
46012,"Winnipeg North","Winnipeg-Nord"," 606","Winnipeg",N,N,"",1,0,"Redekopp","","John","Green Party","Parti Vert",N,N,5
46012,"Winnipeg North","Winnipeg-Nord"," 606","Winnipeg",N,N,"",1,0,"Turka","","Harpreet","Conservative","Conservateur",N,N,53
46012,"Winnipeg North","Winnipeg-Nord"," 607","Winnipeg",N,N,"",1,0,"Abad","","Levy","NDP-New Democratic Party","NPD-Nouveau Parti démocratique",N,N,101
46012,"Winnipeg North","Winnipeg-Nord"," 607","Winnipeg",N,N,"",1,0,"Lamoureux","","Kevin","Liberal","Libéral",Y,Y,277
46012,"Winnipeg North","Winnipeg-Nord"," 607","Winnipeg",N,N,"",1,0,"Redekopp","","John","Green Party","Parti Vert",N,N,25
46012,"Winnipeg North","Winnipeg-Nord"," 607","Winnipeg",N,N,"",1,0,"Turka","","Harpreet","Conservative","Conservateur",N,N,65
46012,"Winnipeg North","Winnipeg-Nord"," 608","Winnipeg",N,N,"",0,0,"Abad","","Levy","NDP-New Democratic Party","NPD-Nouveau Parti démocratique",N,N,94
46012,"Winnipeg North","Winnipeg-Nord"," 608","Winnipeg",N,N,"",0,0,"Lamoureux","","Kevin","Liberal","Libéral",Y,Y,184
46012,"Winnipeg North","Winnipeg-Nord"," 608","Winnipeg",N,N,"",0,0,"Redekopp","","John","Green Party","Parti Vert",N,N,20
46012,"Winnipeg North","Winnipeg-Nord"," 608","Winnipeg",N,N,"",0,0,"Turka","","Harpreet","Conservative","Conservateur",N,N,32
46012,"Winnipeg North","Winnipeg-Nord"," S/R 1","SVR Group 1/RÉS Groupe 1",N,N,"",24,447,"Abad","","Levy","NDP-New Democratic Party","NPD-Nouveau Parti démocratique",N,N,18
46012,"Winnipeg North","Winnipeg-Nord"," S/R 1","SVR Group 1/RÉS Groupe 1",N,N,"",24,447,"Lamoureux","","Kevin","Liberal","Libéral",Y,Y,369
46012,"Winnipeg North","Winnipeg-Nord"," S/R 1","SVR Group 1/RÉS Groupe 1",N,N,"",24,447,"Redekopp","","John","Green Party","Parti Vert",N,N,9
46012,"Winnipeg North","Winnipeg-Nord"," S/R 1","SVR Group 1/RÉS Groupe 1",N,N,"",24,447,"Turka","","Harpreet","Conservative","Conservateur",N,N,19
46012,"Winnipeg North","Winnipeg-Nord"," S/R 2","SVR Group 2/RÉS Groupe 2",N,N,"",17,0,"Abad","","Levy","NDP-New Democratic Party","NPD-Nouveau Parti démocratique",N,N,148
46012,"Winnipeg North","Winnipeg-Nord"," S/R 2","SVR Group 2/RÉS Groupe 2",N,N,"",17,0,"Lamoureux","","Kevin","Liberal","Libéral",Y,Y,598
46012,"Winnipeg North","Winnipeg-Nord"," S/R 2","SVR Group 2/RÉS Groupe 2",N,N,"",17,0,"Redekopp","","John","Green Party","Parti Vert",N,N,21
46012,"Winnipeg North","Winnipeg-Nord"," S/R 2","SVR Group 2/RÉS Groupe 2",N,N,"",17,0,"Turka","","Harpreet","Conservative","Conservateur",N,N,135
