﻿Electoral District Number/Numéro de circonscription,Electoral District Name_English/Nom de circonscription_Anglais,Electoral District Name_French/Nom de circonscription_Français,Polling Station Number/Numéro du bureau de scrutin,Polling Station Name/Nom du bureau de scrutin,Void Poll Indicator/Indicateur de bureau supprimé,No Poll Held Indicator/Indicateur de bureau sans scrutin,Merge With/Fusionné avec,Rejected Ballots for Polling Station/Bulletins rejetés du bureau,Electors for Polling Station/Électeurs du bureau,Candidate’s Family Name/Nom de famille du candidat,Candidate’s Middle Name/Second prénom du candidat,Candidate’s First Name/Prénom du candidat,Political Affiliation Name_English/Appartenance politique_Anglais,Political Affiliation Name_French/Appartenance politique_Français,Incumbent Indicator/Indicateur_Candidat sortant,Elected Candidate Indicator/Indicateur du candidat élu,Candidate Poll Votes Count/Votes du candidat pour le bureau
47009,"Regina--Wascana ","Regina--Wascana "," 1","Regina",N,N,"",0,464,"Bourgeois","","April","NDP-New Democratic Party","NPD-Nouveau Parti démocratique",N,N,39
47009,"Regina--Wascana ","Regina--Wascana "," 1","Regina",N,N,"",0,464,"Goodale","","Ralph","Liberal","Libéral",Y,Y,100
47009,"Regina--Wascana ","Regina--Wascana "," 1","Regina",N,N,"",0,464,"Kram","","Michael","Conservative","Conservateur",N,N,30
47009,"Regina--Wascana ","Regina--Wascana "," 1","Regina",N,N,"",0,464,"Simonson","","Frances","Green Party","Parti Vert",N,N,7
47009,"Regina--Wascana ","Regina--Wascana "," 2","Regina",N,N,"",0,292,"Bourgeois","","April","NDP-New Democratic Party","NPD-Nouveau Parti démocratique",N,N,23
47009,"Regina--Wascana ","Regina--Wascana "," 2","Regina",N,N,"",0,292,"Goodale","","Ralph","Liberal","Libéral",Y,Y,62
47009,"Regina--Wascana ","Regina--Wascana "," 2","Regina",N,N,"",0,292,"Kram","","Michael","Conservative","Conservateur",N,N,12
47009,"Regina--Wascana ","Regina--Wascana "," 2","Regina",N,N,"",0,292,"Simonson","","Frances","Green Party","Parti Vert",N,N,2
47009,"Regina--Wascana ","Regina--Wascana "," 3","Regina",N,N,"",2,496,"Bourgeois","","April","NDP-New Democratic Party","NPD-Nouveau Parti démocratique",N,N,74
47009,"Regina--Wascana ","Regina--Wascana "," 3","Regina",N,N,"",2,496,"Goodale","","Ralph","Liberal","Libéral",Y,Y,109
47009,"Regina--Wascana ","Regina--Wascana "," 3","Regina",N,N,"",2,496,"Kram","","Michael","Conservative","Conservateur",N,N,35
47009,"Regina--Wascana ","Regina--Wascana "," 3","Regina",N,N,"",2,496,"Simonson","","Frances","Green Party","Parti Vert",N,N,5
47009,"Regina--Wascana ","Regina--Wascana "," 4","Regina",N,N,"",4,369,"Bourgeois","","April","NDP-New Democratic Party","NPD-Nouveau Parti démocratique",N,N,30
47009,"Regina--Wascana ","Regina--Wascana "," 4","Regina",N,N,"",4,369,"Goodale","","Ralph","Liberal","Libéral",Y,Y,82
47009,"Regina--Wascana ","Regina--Wascana "," 4","Regina",N,N,"",4,369,"Kram","","Michael","Conservative","Conservateur",N,N,34
47009,"Regina--Wascana ","Regina--Wascana "," 4","Regina",N,N,"",4,369,"Simonson","","Frances","Green Party","Parti Vert",N,N,5
47009,"Regina--Wascana ","Regina--Wascana "," 5","Regina",N,N,"",1,398,"Bourgeois","","April","NDP-New Democratic Party","NPD-Nouveau Parti démocratique",N,N,49
47009,"Regina--Wascana ","Regina--Wascana "," 5","Regina",N,N,"",1,398,"Goodale","","Ralph","Liberal","Libéral",Y,Y,112
47009,"Regina--Wascana ","Regina--Wascana "," 5","Regina",N,N,"",1,398,"Kram","","Michael","Conservative","Conservateur",N,N,46
47009,"Regina--Wascana ","Regina--Wascana "," 5","Regina",N,N,"",1,398,"Simonson","","Frances","Green Party","Parti Vert",N,N,3
47009,"Regina--Wascana ","Regina--Wascana "," 6","Regina",N,N,"",1,353,"Bourgeois","","April","NDP-New Democratic Party","NPD-Nouveau Parti démocratique",N,N,34
47009,"Regina--Wascana ","Regina--Wascana "," 6","Regina",N,N,"",1,353,"Goodale","","Ralph","Liberal","Libéral",Y,Y,88
47009,"Regina--Wascana ","Regina--Wascana "," 6","Regina",N,N,"",1,353,"Kram","","Michael","Conservative","Conservateur",N,N,56
47009,"Regina--Wascana ","Regina--Wascana "," 6","Regina",N,N,"",1,353,"Simonson","","Frances","Green Party","Parti Vert",N,N,10
47009,"Regina--Wascana ","Regina--Wascana "," 7","Regina",N,N,"",1,443,"Bourgeois","","April","NDP-New Democratic Party","NPD-Nouveau Parti démocratique",N,N,44
47009,"Regina--Wascana ","Regina--Wascana "," 7","Regina",N,N,"",1,443,"Goodale","","Ralph","Liberal","Libéral",Y,Y,123
47009,"Regina--Wascana ","Regina--Wascana "," 7","Regina",N,N,"",1,443,"Kram","","Michael","Conservative","Conservateur",N,N,76
47009,"Regina--Wascana ","Regina--Wascana "," 7","Regina",N,N,"",1,443,"Simonson","","Frances","Green Party","Parti Vert",N,N,7
47009,"Regina--Wascana ","Regina--Wascana "," 8","Regina",N,N,"",0,424,"Bourgeois","","April","NDP-New Democratic Party","NPD-Nouveau Parti démocratique",N,N,42
47009,"Regina--Wascana ","Regina--Wascana "," 8","Regina",N,N,"",0,424,"Goodale","","Ralph","Liberal","Libéral",Y,Y,99
47009,"Regina--Wascana ","Regina--Wascana "," 8","Regina",N,N,"",0,424,"Kram","","Michael","Conservative","Conservateur",N,N,59
47009,"Regina--Wascana ","Regina--Wascana "," 8","Regina",N,N,"",0,424,"Simonson","","Frances","Green Party","Parti Vert",N,N,7
47009,"Regina--Wascana ","Regina--Wascana "," 9","Regina",N,N,"",3,376,"Bourgeois","","April","NDP-New Democratic Party","NPD-Nouveau Parti démocratique",N,N,34
47009,"Regina--Wascana ","Regina--Wascana "," 9","Regina",N,N,"",3,376,"Goodale","","Ralph","Liberal","Libéral",Y,Y,122
47009,"Regina--Wascana ","Regina--Wascana "," 9","Regina",N,N,"",3,376,"Kram","","Michael","Conservative","Conservateur",N,N,64
47009,"Regina--Wascana ","Regina--Wascana "," 9","Regina",N,N,"",3,376,"Simonson","","Frances","Green Party","Parti Vert",N,N,5
47009,"Regina--Wascana ","Regina--Wascana "," 10","Regina",N,N,"",0,275,"Bourgeois","","April","NDP-New Democratic Party","NPD-Nouveau Parti démocratique",N,N,35
47009,"Regina--Wascana ","Regina--Wascana "," 10","Regina",N,N,"",0,275,"Goodale","","Ralph","Liberal","Libéral",Y,Y,68
47009,"Regina--Wascana ","Regina--Wascana "," 10","Regina",N,N,"",0,275,"Kram","","Michael","Conservative","Conservateur",N,N,76
47009,"Regina--Wascana ","Regina--Wascana "," 10","Regina",N,N,"",0,275,"Simonson","","Frances","Green Party","Parti Vert",N,N,4
47009,"Regina--Wascana ","Regina--Wascana "," 11","Regina",N,N,"",8,412,"Bourgeois","","April","NDP-New Democratic Party","NPD-Nouveau Parti démocratique",N,N,30
47009,"Regina--Wascana ","Regina--Wascana "," 11","Regina",N,N,"",8,412,"Goodale","","Ralph","Liberal","Libéral",Y,Y,120
47009,"Regina--Wascana ","Regina--Wascana "," 11","Regina",N,N,"",8,412,"Kram","","Michael","Conservative","Conservateur",N,N,64
47009,"Regina--Wascana ","Regina--Wascana "," 11","Regina",N,N,"",8,412,"Simonson","","Frances","Green Party","Parti Vert",N,N,4
47009,"Regina--Wascana ","Regina--Wascana "," 12","Regina",N,N,"",1,388,"Bourgeois","","April","NDP-New Democratic Party","NPD-Nouveau Parti démocratique",N,N,44
47009,"Regina--Wascana ","Regina--Wascana "," 12","Regina",N,N,"",1,388,"Goodale","","Ralph","Liberal","Libéral",Y,Y,125
47009,"Regina--Wascana ","Regina--Wascana "," 12","Regina",N,N,"",1,388,"Kram","","Michael","Conservative","Conservateur",N,N,59
47009,"Regina--Wascana ","Regina--Wascana "," 12","Regina",N,N,"",1,388,"Simonson","","Frances","Green Party","Parti Vert",N,N,2
47009,"Regina--Wascana ","Regina--Wascana "," 13","Regina",N,N,"",1,330,"Bourgeois","","April","NDP-New Democratic Party","NPD-Nouveau Parti démocratique",N,N,38
47009,"Regina--Wascana ","Regina--Wascana "," 13","Regina",N,N,"",1,330,"Goodale","","Ralph","Liberal","Libéral",Y,Y,101
47009,"Regina--Wascana ","Regina--Wascana "," 13","Regina",N,N,"",1,330,"Kram","","Michael","Conservative","Conservateur",N,N,57
47009,"Regina--Wascana ","Regina--Wascana "," 13","Regina",N,N,"",1,330,"Simonson","","Frances","Green Party","Parti Vert",N,N,5
47009,"Regina--Wascana ","Regina--Wascana "," 14","Regina",N,N,"",0,342,"Bourgeois","","April","NDP-New Democratic Party","NPD-Nouveau Parti démocratique",N,N,34
47009,"Regina--Wascana ","Regina--Wascana "," 14","Regina",N,N,"",0,342,"Goodale","","Ralph","Liberal","Libéral",Y,Y,103
47009,"Regina--Wascana ","Regina--Wascana "," 14","Regina",N,N,"",0,342,"Kram","","Michael","Conservative","Conservateur",N,N,67
47009,"Regina--Wascana ","Regina--Wascana "," 14","Regina",N,N,"",0,342,"Simonson","","Frances","Green Party","Parti Vert",N,N,5
47009,"Regina--Wascana ","Regina--Wascana "," 15","Regina",N,N,"",0,498,"Bourgeois","","April","NDP-New Democratic Party","NPD-Nouveau Parti démocratique",N,N,31
47009,"Regina--Wascana ","Regina--Wascana "," 15","Regina",N,N,"",0,498,"Goodale","","Ralph","Liberal","Libéral",Y,Y,163
47009,"Regina--Wascana ","Regina--Wascana "," 15","Regina",N,N,"",0,498,"Kram","","Michael","Conservative","Conservateur",N,N,99
47009,"Regina--Wascana ","Regina--Wascana "," 15","Regina",N,N,"",0,498,"Simonson","","Frances","Green Party","Parti Vert",N,N,3
47009,"Regina--Wascana ","Regina--Wascana "," 16","Regina",N,N,"",0,308,"Bourgeois","","April","NDP-New Democratic Party","NPD-Nouveau Parti démocratique",N,N,26
47009,"Regina--Wascana ","Regina--Wascana "," 16","Regina",N,N,"",0,308,"Goodale","","Ralph","Liberal","Libéral",Y,Y,96
47009,"Regina--Wascana ","Regina--Wascana "," 16","Regina",N,N,"",0,308,"Kram","","Michael","Conservative","Conservateur",N,N,54
47009,"Regina--Wascana ","Regina--Wascana "," 16","Regina",N,N,"",0,308,"Simonson","","Frances","Green Party","Parti Vert",N,N,2
47009,"Regina--Wascana ","Regina--Wascana "," 17","Regina",N,N,"",1,256,"Bourgeois","","April","NDP-New Democratic Party","NPD-Nouveau Parti démocratique",N,N,27
47009,"Regina--Wascana ","Regina--Wascana "," 17","Regina",N,N,"",1,256,"Goodale","","Ralph","Liberal","Libéral",Y,Y,80
47009,"Regina--Wascana ","Regina--Wascana "," 17","Regina",N,N,"",1,256,"Kram","","Michael","Conservative","Conservateur",N,N,55
47009,"Regina--Wascana ","Regina--Wascana "," 17","Regina",N,N,"",1,256,"Simonson","","Frances","Green Party","Parti Vert",N,N,1
47009,"Regina--Wascana ","Regina--Wascana "," 18","Regina",N,N,"",1,396,"Bourgeois","","April","NDP-New Democratic Party","NPD-Nouveau Parti démocratique",N,N,42
47009,"Regina--Wascana ","Regina--Wascana "," 18","Regina",N,N,"",1,396,"Goodale","","Ralph","Liberal","Libéral",Y,Y,113
47009,"Regina--Wascana ","Regina--Wascana "," 18","Regina",N,N,"",1,396,"Kram","","Michael","Conservative","Conservateur",N,N,75
47009,"Regina--Wascana ","Regina--Wascana "," 18","Regina",N,N,"",1,396,"Simonson","","Frances","Green Party","Parti Vert",N,N,7
47009,"Regina--Wascana ","Regina--Wascana "," 19","Regina",N,N,"",0,399,"Bourgeois","","April","NDP-New Democratic Party","NPD-Nouveau Parti démocratique",N,N,21
47009,"Regina--Wascana ","Regina--Wascana "," 19","Regina",N,N,"",0,399,"Goodale","","Ralph","Liberal","Libéral",Y,Y,127
47009,"Regina--Wascana ","Regina--Wascana "," 19","Regina",N,N,"",0,399,"Kram","","Michael","Conservative","Conservateur",N,N,94
47009,"Regina--Wascana ","Regina--Wascana "," 19","Regina",N,N,"",0,399,"Simonson","","Frances","Green Party","Parti Vert",N,N,4
47009,"Regina--Wascana ","Regina--Wascana "," 20","Regina",N,N,"",0,330,"Bourgeois","","April","NDP-New Democratic Party","NPD-Nouveau Parti démocratique",N,N,24
47009,"Regina--Wascana ","Regina--Wascana "," 20","Regina",N,N,"",0,330,"Goodale","","Ralph","Liberal","Libéral",Y,Y,103
47009,"Regina--Wascana ","Regina--Wascana "," 20","Regina",N,N,"",0,330,"Kram","","Michael","Conservative","Conservateur",N,N,67
47009,"Regina--Wascana ","Regina--Wascana "," 20","Regina",N,N,"",0,330,"Simonson","","Frances","Green Party","Parti Vert",N,N,6
47009,"Regina--Wascana ","Regina--Wascana "," 21","Regina",N,N,"",0,386,"Bourgeois","","April","NDP-New Democratic Party","NPD-Nouveau Parti démocratique",N,N,34
47009,"Regina--Wascana ","Regina--Wascana "," 21","Regina",N,N,"",0,386,"Goodale","","Ralph","Liberal","Libéral",Y,Y,122
47009,"Regina--Wascana ","Regina--Wascana "," 21","Regina",N,N,"",0,386,"Kram","","Michael","Conservative","Conservateur",N,N,89
47009,"Regina--Wascana ","Regina--Wascana "," 21","Regina",N,N,"",0,386,"Simonson","","Frances","Green Party","Parti Vert",N,N,3
47009,"Regina--Wascana ","Regina--Wascana "," 22","Regina",N,N,"",0,290,"Bourgeois","","April","NDP-New Democratic Party","NPD-Nouveau Parti démocratique",N,N,24
47009,"Regina--Wascana ","Regina--Wascana "," 22","Regina",N,N,"",0,290,"Goodale","","Ralph","Liberal","Libéral",Y,Y,98
47009,"Regina--Wascana ","Regina--Wascana "," 22","Regina",N,N,"",0,290,"Kram","","Michael","Conservative","Conservateur",N,N,60
47009,"Regina--Wascana ","Regina--Wascana "," 22","Regina",N,N,"",0,290,"Simonson","","Frances","Green Party","Parti Vert",N,N,2
47009,"Regina--Wascana ","Regina--Wascana "," 23","Regina",N,N,"",0,324,"Bourgeois","","April","NDP-New Democratic Party","NPD-Nouveau Parti démocratique",N,N,17
47009,"Regina--Wascana ","Regina--Wascana "," 23","Regina",N,N,"",0,324,"Goodale","","Ralph","Liberal","Libéral",Y,Y,98
47009,"Regina--Wascana ","Regina--Wascana "," 23","Regina",N,N,"",0,324,"Kram","","Michael","Conservative","Conservateur",N,N,73
47009,"Regina--Wascana ","Regina--Wascana "," 23","Regina",N,N,"",0,324,"Simonson","","Frances","Green Party","Parti Vert",N,N,9
47009,"Regina--Wascana ","Regina--Wascana "," 24","Regina",N,N,"",0,341,"Bourgeois","","April","NDP-New Democratic Party","NPD-Nouveau Parti démocratique",N,N,29
47009,"Regina--Wascana ","Regina--Wascana "," 24","Regina",N,N,"",0,341,"Goodale","","Ralph","Liberal","Libéral",Y,Y,104
47009,"Regina--Wascana ","Regina--Wascana "," 24","Regina",N,N,"",0,341,"Kram","","Michael","Conservative","Conservateur",N,N,76
47009,"Regina--Wascana ","Regina--Wascana "," 24","Regina",N,N,"",0,341,"Simonson","","Frances","Green Party","Parti Vert",N,N,3
47009,"Regina--Wascana ","Regina--Wascana "," 25A","Regina",N,N,"",0,278,"Bourgeois","","April","NDP-New Democratic Party","NPD-Nouveau Parti démocratique",N,N,19
47009,"Regina--Wascana ","Regina--Wascana "," 25A","Regina",N,N,"",0,278,"Goodale","","Ralph","Liberal","Libéral",Y,Y,90
47009,"Regina--Wascana ","Regina--Wascana "," 25A","Regina",N,N,"",0,278,"Kram","","Michael","Conservative","Conservateur",N,N,63
47009,"Regina--Wascana ","Regina--Wascana "," 25A","Regina",N,N,"",0,278,"Simonson","","Frances","Green Party","Parti Vert",N,N,5
47009,"Regina--Wascana ","Regina--Wascana "," 25B","Regina",N,N,"",0,316,"Bourgeois","","April","NDP-New Democratic Party","NPD-Nouveau Parti démocratique",N,N,22
47009,"Regina--Wascana ","Regina--Wascana "," 25B","Regina",N,N,"",0,316,"Goodale","","Ralph","Liberal","Libéral",Y,Y,113
47009,"Regina--Wascana ","Regina--Wascana "," 25B","Regina",N,N,"",0,316,"Kram","","Michael","Conservative","Conservateur",N,N,60
47009,"Regina--Wascana ","Regina--Wascana "," 25B","Regina",N,N,"",0,316,"Simonson","","Frances","Green Party","Parti Vert",N,N,2
47009,"Regina--Wascana ","Regina--Wascana "," 26","Regina",N,N,"",1,338,"Bourgeois","","April","NDP-New Democratic Party","NPD-Nouveau Parti démocratique",N,N,14
47009,"Regina--Wascana ","Regina--Wascana "," 26","Regina",N,N,"",1,338,"Goodale","","Ralph","Liberal","Libéral",Y,Y,90
47009,"Regina--Wascana ","Regina--Wascana "," 26","Regina",N,N,"",1,338,"Kram","","Michael","Conservative","Conservateur",N,N,78
47009,"Regina--Wascana ","Regina--Wascana "," 26","Regina",N,N,"",1,338,"Simonson","","Frances","Green Party","Parti Vert",N,N,6
47009,"Regina--Wascana ","Regina--Wascana "," 27","Regina",N,N,"",1,395,"Bourgeois","","April","NDP-New Democratic Party","NPD-Nouveau Parti démocratique",N,N,40
47009,"Regina--Wascana ","Regina--Wascana "," 27","Regina",N,N,"",1,395,"Goodale","","Ralph","Liberal","Libéral",Y,Y,95
47009,"Regina--Wascana ","Regina--Wascana "," 27","Regina",N,N,"",1,395,"Kram","","Michael","Conservative","Conservateur",N,N,79
47009,"Regina--Wascana ","Regina--Wascana "," 27","Regina",N,N,"",1,395,"Simonson","","Frances","Green Party","Parti Vert",N,N,3
47009,"Regina--Wascana ","Regina--Wascana "," 28","Regina",N,N,"",2,430,"Bourgeois","","April","NDP-New Democratic Party","NPD-Nouveau Parti démocratique",N,N,42
47009,"Regina--Wascana ","Regina--Wascana "," 28","Regina",N,N,"",2,430,"Goodale","","Ralph","Liberal","Libéral",Y,Y,122
47009,"Regina--Wascana ","Regina--Wascana "," 28","Regina",N,N,"",2,430,"Kram","","Michael","Conservative","Conservateur",N,N,68
47009,"Regina--Wascana ","Regina--Wascana "," 28","Regina",N,N,"",2,430,"Simonson","","Frances","Green Party","Parti Vert",N,N,4
47009,"Regina--Wascana ","Regina--Wascana "," 29","Regina",N,N,"",0,366,"Bourgeois","","April","NDP-New Democratic Party","NPD-Nouveau Parti démocratique",N,N,38
47009,"Regina--Wascana ","Regina--Wascana "," 29","Regina",N,N,"",0,366,"Goodale","","Ralph","Liberal","Libéral",Y,Y,90
47009,"Regina--Wascana ","Regina--Wascana "," 29","Regina",N,N,"",0,366,"Kram","","Michael","Conservative","Conservateur",N,N,50
47009,"Regina--Wascana ","Regina--Wascana "," 29","Regina",N,N,"",0,366,"Simonson","","Frances","Green Party","Parti Vert",N,N,7
47009,"Regina--Wascana ","Regina--Wascana "," 30","Regina",N,N,"",0,381,"Bourgeois","","April","NDP-New Democratic Party","NPD-Nouveau Parti démocratique",N,N,30
47009,"Regina--Wascana ","Regina--Wascana "," 30","Regina",N,N,"",0,381,"Goodale","","Ralph","Liberal","Libéral",Y,Y,94
47009,"Regina--Wascana ","Regina--Wascana "," 30","Regina",N,N,"",0,381,"Kram","","Michael","Conservative","Conservateur",N,N,82
47009,"Regina--Wascana ","Regina--Wascana "," 30","Regina",N,N,"",0,381,"Simonson","","Frances","Green Party","Parti Vert",N,N,2
47009,"Regina--Wascana ","Regina--Wascana "," 31A","Regina",N,N,"",3,279,"Bourgeois","","April","NDP-New Democratic Party","NPD-Nouveau Parti démocratique",N,N,30
47009,"Regina--Wascana ","Regina--Wascana "," 31A","Regina",N,N,"",3,279,"Goodale","","Ralph","Liberal","Libéral",Y,Y,57
47009,"Regina--Wascana ","Regina--Wascana "," 31A","Regina",N,N,"",3,279,"Kram","","Michael","Conservative","Conservateur",N,N,51
47009,"Regina--Wascana ","Regina--Wascana "," 31A","Regina",N,N,"",3,279,"Simonson","","Frances","Green Party","Parti Vert",N,N,4
47009,"Regina--Wascana ","Regina--Wascana "," 31B","Regina",N,N,"",0,304,"Bourgeois","","April","NDP-New Democratic Party","NPD-Nouveau Parti démocratique",N,N,22
47009,"Regina--Wascana ","Regina--Wascana "," 31B","Regina",N,N,"",0,304,"Goodale","","Ralph","Liberal","Libéral",Y,Y,80
47009,"Regina--Wascana ","Regina--Wascana "," 31B","Regina",N,N,"",0,304,"Kram","","Michael","Conservative","Conservateur",N,N,57
47009,"Regina--Wascana ","Regina--Wascana "," 31B","Regina",N,N,"",0,304,"Simonson","","Frances","Green Party","Parti Vert",N,N,4
47009,"Regina--Wascana ","Regina--Wascana "," 32A","Regina",N,N,"",1,369,"Bourgeois","","April","NDP-New Democratic Party","NPD-Nouveau Parti démocratique",N,N,41
47009,"Regina--Wascana ","Regina--Wascana "," 32A","Regina",N,N,"",1,369,"Goodale","","Ralph","Liberal","Libéral",Y,Y,101
47009,"Regina--Wascana ","Regina--Wascana "," 32A","Regina",N,N,"",1,369,"Kram","","Michael","Conservative","Conservateur",N,N,38
47009,"Regina--Wascana ","Regina--Wascana "," 32A","Regina",N,N,"",1,369,"Simonson","","Frances","Green Party","Parti Vert",N,N,8
47009,"Regina--Wascana ","Regina--Wascana "," 32B","Mobile poll/Bureau itinérant",N,N,"502A",0,69,"Bourgeois","","April","NDP-New Democratic Party","NPD-Nouveau Parti démocratique",N,N,0
47009,"Regina--Wascana ","Regina--Wascana "," 32B","Mobile poll/Bureau itinérant",N,N,"502A",0,69,"Goodale","","Ralph","Liberal","Libéral",Y,Y,0
47009,"Regina--Wascana ","Regina--Wascana "," 32B","Mobile poll/Bureau itinérant",N,N,"502A",0,69,"Kram","","Michael","Conservative","Conservateur",N,N,0
47009,"Regina--Wascana ","Regina--Wascana "," 32B","Mobile poll/Bureau itinérant",N,N,"502A",0,69,"Simonson","","Frances","Green Party","Parti Vert",N,N,0
47009,"Regina--Wascana ","Regina--Wascana "," 33","Regina",N,N,"",1,525,"Bourgeois","","April","NDP-New Democratic Party","NPD-Nouveau Parti démocratique",N,N,41
47009,"Regina--Wascana ","Regina--Wascana "," 33","Regina",N,N,"",1,525,"Goodale","","Ralph","Liberal","Libéral",Y,Y,147
47009,"Regina--Wascana ","Regina--Wascana "," 33","Regina",N,N,"",1,525,"Kram","","Michael","Conservative","Conservateur",N,N,88
47009,"Regina--Wascana ","Regina--Wascana "," 33","Regina",N,N,"",1,525,"Simonson","","Frances","Green Party","Parti Vert",N,N,6
47009,"Regina--Wascana ","Regina--Wascana "," 34","Regina",N,N,"",1,311,"Bourgeois","","April","NDP-New Democratic Party","NPD-Nouveau Parti démocratique",N,N,40
47009,"Regina--Wascana ","Regina--Wascana "," 34","Regina",N,N,"",1,311,"Goodale","","Ralph","Liberal","Libéral",Y,Y,93
47009,"Regina--Wascana ","Regina--Wascana "," 34","Regina",N,N,"",1,311,"Kram","","Michael","Conservative","Conservateur",N,N,55
47009,"Regina--Wascana ","Regina--Wascana "," 34","Regina",N,N,"",1,311,"Simonson","","Frances","Green Party","Parti Vert",N,N,3
47009,"Regina--Wascana ","Regina--Wascana "," 35","Regina",N,N,"",1,386,"Bourgeois","","April","NDP-New Democratic Party","NPD-Nouveau Parti démocratique",N,N,43
47009,"Regina--Wascana ","Regina--Wascana "," 35","Regina",N,N,"",1,386,"Goodale","","Ralph","Liberal","Libéral",Y,Y,92
47009,"Regina--Wascana ","Regina--Wascana "," 35","Regina",N,N,"",1,386,"Kram","","Michael","Conservative","Conservateur",N,N,55
47009,"Regina--Wascana ","Regina--Wascana "," 35","Regina",N,N,"",1,386,"Simonson","","Frances","Green Party","Parti Vert",N,N,3
47009,"Regina--Wascana ","Regina--Wascana "," 36","Regina",N,N,"",1,368,"Bourgeois","","April","NDP-New Democratic Party","NPD-Nouveau Parti démocratique",N,N,21
47009,"Regina--Wascana ","Regina--Wascana "," 36","Regina",N,N,"",1,368,"Goodale","","Ralph","Liberal","Libéral",Y,Y,139
47009,"Regina--Wascana ","Regina--Wascana "," 36","Regina",N,N,"",1,368,"Kram","","Michael","Conservative","Conservateur",N,N,69
47009,"Regina--Wascana ","Regina--Wascana "," 36","Regina",N,N,"",1,368,"Simonson","","Frances","Green Party","Parti Vert",N,N,5
47009,"Regina--Wascana ","Regina--Wascana "," 37","Regina",N,N,"",1,358,"Bourgeois","","April","NDP-New Democratic Party","NPD-Nouveau Parti démocratique",N,N,13
47009,"Regina--Wascana ","Regina--Wascana "," 37","Regina",N,N,"",1,358,"Goodale","","Ralph","Liberal","Libéral",Y,Y,109
47009,"Regina--Wascana ","Regina--Wascana "," 37","Regina",N,N,"",1,358,"Kram","","Michael","Conservative","Conservateur",N,N,89
47009,"Regina--Wascana ","Regina--Wascana "," 37","Regina",N,N,"",1,358,"Simonson","","Frances","Green Party","Parti Vert",N,N,2
47009,"Regina--Wascana ","Regina--Wascana "," 38A","Regina",N,N,"",0,335,"Bourgeois","","April","NDP-New Democratic Party","NPD-Nouveau Parti démocratique",N,N,16
47009,"Regina--Wascana ","Regina--Wascana "," 38A","Regina",N,N,"",0,335,"Goodale","","Ralph","Liberal","Libéral",Y,Y,105
47009,"Regina--Wascana ","Regina--Wascana "," 38A","Regina",N,N,"",0,335,"Kram","","Michael","Conservative","Conservateur",N,N,60
47009,"Regina--Wascana ","Regina--Wascana "," 38A","Regina",N,N,"",0,335,"Simonson","","Frances","Green Party","Parti Vert",N,N,4
47009,"Regina--Wascana ","Regina--Wascana "," 38B","Regina",N,N,"",0,282,"Bourgeois","","April","NDP-New Democratic Party","NPD-Nouveau Parti démocratique",N,N,15
47009,"Regina--Wascana ","Regina--Wascana "," 38B","Regina",N,N,"",0,282,"Goodale","","Ralph","Liberal","Libéral",Y,Y,89
47009,"Regina--Wascana ","Regina--Wascana "," 38B","Regina",N,N,"",0,282,"Kram","","Michael","Conservative","Conservateur",N,N,53
47009,"Regina--Wascana ","Regina--Wascana "," 38B","Regina",N,N,"",0,282,"Simonson","","Frances","Green Party","Parti Vert",N,N,2
47009,"Regina--Wascana ","Regina--Wascana "," 39","Regina",N,N,"",0,364,"Bourgeois","","April","NDP-New Democratic Party","NPD-Nouveau Parti démocratique",N,N,18
47009,"Regina--Wascana ","Regina--Wascana "," 39","Regina",N,N,"",0,364,"Goodale","","Ralph","Liberal","Libéral",Y,Y,126
47009,"Regina--Wascana ","Regina--Wascana "," 39","Regina",N,N,"",0,364,"Kram","","Michael","Conservative","Conservateur",N,N,76
47009,"Regina--Wascana ","Regina--Wascana "," 39","Regina",N,N,"",0,364,"Simonson","","Frances","Green Party","Parti Vert",N,N,0
47009,"Regina--Wascana ","Regina--Wascana "," 40","Regina",N,N,"",0,309,"Bourgeois","","April","NDP-New Democratic Party","NPD-Nouveau Parti démocratique",N,N,13
47009,"Regina--Wascana ","Regina--Wascana "," 40","Regina",N,N,"",0,309,"Goodale","","Ralph","Liberal","Libéral",Y,Y,103
47009,"Regina--Wascana ","Regina--Wascana "," 40","Regina",N,N,"",0,309,"Kram","","Michael","Conservative","Conservateur",N,N,50
47009,"Regina--Wascana ","Regina--Wascana "," 40","Regina",N,N,"",0,309,"Simonson","","Frances","Green Party","Parti Vert",N,N,1
47009,"Regina--Wascana ","Regina--Wascana "," 41","Regina",N,N,"",1,286,"Bourgeois","","April","NDP-New Democratic Party","NPD-Nouveau Parti démocratique",N,N,33
47009,"Regina--Wascana ","Regina--Wascana "," 41","Regina",N,N,"",1,286,"Goodale","","Ralph","Liberal","Libéral",Y,Y,70
47009,"Regina--Wascana ","Regina--Wascana "," 41","Regina",N,N,"",1,286,"Kram","","Michael","Conservative","Conservateur",N,N,23
47009,"Regina--Wascana ","Regina--Wascana "," 41","Regina",N,N,"",1,286,"Simonson","","Frances","Green Party","Parti Vert",N,N,4
47009,"Regina--Wascana ","Regina--Wascana "," 42","Regina",N,N,"",3,475,"Bourgeois","","April","NDP-New Democratic Party","NPD-Nouveau Parti démocratique",N,N,60
47009,"Regina--Wascana ","Regina--Wascana "," 42","Regina",N,N,"",3,475,"Goodale","","Ralph","Liberal","Libéral",Y,Y,133
47009,"Regina--Wascana ","Regina--Wascana "," 42","Regina",N,N,"",3,475,"Kram","","Michael","Conservative","Conservateur",N,N,52
47009,"Regina--Wascana ","Regina--Wascana "," 42","Regina",N,N,"",3,475,"Simonson","","Frances","Green Party","Parti Vert",N,N,3
47009,"Regina--Wascana ","Regina--Wascana "," 43","Regina",N,N,"",0,531,"Bourgeois","","April","NDP-New Democratic Party","NPD-Nouveau Parti démocratique",N,N,62
47009,"Regina--Wascana ","Regina--Wascana "," 43","Regina",N,N,"",0,531,"Goodale","","Ralph","Liberal","Libéral",Y,Y,122
47009,"Regina--Wascana ","Regina--Wascana "," 43","Regina",N,N,"",0,531,"Kram","","Michael","Conservative","Conservateur",N,N,62
47009,"Regina--Wascana ","Regina--Wascana "," 43","Regina",N,N,"",0,531,"Simonson","","Frances","Green Party","Parti Vert",N,N,9
47009,"Regina--Wascana ","Regina--Wascana "," 44","Regina",N,N,"",0,308,"Bourgeois","","April","NDP-New Democratic Party","NPD-Nouveau Parti démocratique",N,N,39
47009,"Regina--Wascana ","Regina--Wascana "," 44","Regina",N,N,"",0,308,"Goodale","","Ralph","Liberal","Libéral",Y,Y,78
47009,"Regina--Wascana ","Regina--Wascana "," 44","Regina",N,N,"",0,308,"Kram","","Michael","Conservative","Conservateur",N,N,31
47009,"Regina--Wascana ","Regina--Wascana "," 44","Regina",N,N,"",0,308,"Simonson","","Frances","Green Party","Parti Vert",N,N,5
47009,"Regina--Wascana ","Regina--Wascana "," 45","Regina",N,N,"",0,400,"Bourgeois","","April","NDP-New Democratic Party","NPD-Nouveau Parti démocratique",N,N,37
47009,"Regina--Wascana ","Regina--Wascana "," 45","Regina",N,N,"",0,400,"Goodale","","Ralph","Liberal","Libéral",Y,Y,129
47009,"Regina--Wascana ","Regina--Wascana "," 45","Regina",N,N,"",0,400,"Kram","","Michael","Conservative","Conservateur",N,N,49
47009,"Regina--Wascana ","Regina--Wascana "," 45","Regina",N,N,"",0,400,"Simonson","","Frances","Green Party","Parti Vert",N,N,4
47009,"Regina--Wascana ","Regina--Wascana "," 46","Regina",N,N,"",0,347,"Bourgeois","","April","NDP-New Democratic Party","NPD-Nouveau Parti démocratique",N,N,50
47009,"Regina--Wascana ","Regina--Wascana "," 46","Regina",N,N,"",0,347,"Goodale","","Ralph","Liberal","Libéral",Y,Y,82
47009,"Regina--Wascana ","Regina--Wascana "," 46","Regina",N,N,"",0,347,"Kram","","Michael","Conservative","Conservateur",N,N,29
47009,"Regina--Wascana ","Regina--Wascana "," 46","Regina",N,N,"",0,347,"Simonson","","Frances","Green Party","Parti Vert",N,N,3
47009,"Regina--Wascana ","Regina--Wascana "," 47","Regina",N,N,"",0,282,"Bourgeois","","April","NDP-New Democratic Party","NPD-Nouveau Parti démocratique",N,N,22
47009,"Regina--Wascana ","Regina--Wascana "," 47","Regina",N,N,"",0,282,"Goodale","","Ralph","Liberal","Libéral",Y,Y,92
47009,"Regina--Wascana ","Regina--Wascana "," 47","Regina",N,N,"",0,282,"Kram","","Michael","Conservative","Conservateur",N,N,31
47009,"Regina--Wascana ","Regina--Wascana "," 47","Regina",N,N,"",0,282,"Simonson","","Frances","Green Party","Parti Vert",N,N,6
47009,"Regina--Wascana ","Regina--Wascana "," 48","Regina",N,N,"",0,272,"Bourgeois","","April","NDP-New Democratic Party","NPD-Nouveau Parti démocratique",N,N,31
47009,"Regina--Wascana ","Regina--Wascana "," 48","Regina",N,N,"",0,272,"Goodale","","Ralph","Liberal","Libéral",Y,Y,79
47009,"Regina--Wascana ","Regina--Wascana "," 48","Regina",N,N,"",0,272,"Kram","","Michael","Conservative","Conservateur",N,N,39
47009,"Regina--Wascana ","Regina--Wascana "," 48","Regina",N,N,"",0,272,"Simonson","","Frances","Green Party","Parti Vert",N,N,5
47009,"Regina--Wascana ","Regina--Wascana "," 49","Regina",N,N,"",4,318,"Bourgeois","","April","NDP-New Democratic Party","NPD-Nouveau Parti démocratique",N,N,24
47009,"Regina--Wascana ","Regina--Wascana "," 49","Regina",N,N,"",4,318,"Goodale","","Ralph","Liberal","Libéral",Y,Y,91
47009,"Regina--Wascana ","Regina--Wascana "," 49","Regina",N,N,"",4,318,"Kram","","Michael","Conservative","Conservateur",N,N,31
47009,"Regina--Wascana ","Regina--Wascana "," 49","Regina",N,N,"",4,318,"Simonson","","Frances","Green Party","Parti Vert",N,N,5
47009,"Regina--Wascana ","Regina--Wascana "," 50","Regina",N,N,"",0,424,"Bourgeois","","April","NDP-New Democratic Party","NPD-Nouveau Parti démocratique",N,N,43
47009,"Regina--Wascana ","Regina--Wascana "," 50","Regina",N,N,"",0,424,"Goodale","","Ralph","Liberal","Libéral",Y,Y,109
47009,"Regina--Wascana ","Regina--Wascana "," 50","Regina",N,N,"",0,424,"Kram","","Michael","Conservative","Conservateur",N,N,55
47009,"Regina--Wascana ","Regina--Wascana "," 50","Regina",N,N,"",0,424,"Simonson","","Frances","Green Party","Parti Vert",N,N,3
47009,"Regina--Wascana ","Regina--Wascana "," 51","Regina",N,N,"",1,397,"Bourgeois","","April","NDP-New Democratic Party","NPD-Nouveau Parti démocratique",N,N,29
47009,"Regina--Wascana ","Regina--Wascana "," 51","Regina",N,N,"",1,397,"Goodale","","Ralph","Liberal","Libéral",Y,Y,150
47009,"Regina--Wascana ","Regina--Wascana "," 51","Regina",N,N,"",1,397,"Kram","","Michael","Conservative","Conservateur",N,N,39
47009,"Regina--Wascana ","Regina--Wascana "," 51","Regina",N,N,"",1,397,"Simonson","","Frances","Green Party","Parti Vert",N,N,11
47009,"Regina--Wascana ","Regina--Wascana "," 52","Regina",N,N,"",1,371,"Bourgeois","","April","NDP-New Democratic Party","NPD-Nouveau Parti démocratique",N,N,32
47009,"Regina--Wascana ","Regina--Wascana "," 52","Regina",N,N,"",1,371,"Goodale","","Ralph","Liberal","Libéral",Y,Y,89
47009,"Regina--Wascana ","Regina--Wascana "," 52","Regina",N,N,"",1,371,"Kram","","Michael","Conservative","Conservateur",N,N,22
47009,"Regina--Wascana ","Regina--Wascana "," 52","Regina",N,N,"",1,371,"Simonson","","Frances","Green Party","Parti Vert",N,N,6
47009,"Regina--Wascana ","Regina--Wascana "," 53","Regina",N,N,"",0,299,"Bourgeois","","April","NDP-New Democratic Party","NPD-Nouveau Parti démocratique",N,N,25
47009,"Regina--Wascana ","Regina--Wascana "," 53","Regina",N,N,"",0,299,"Goodale","","Ralph","Liberal","Libéral",Y,Y,85
47009,"Regina--Wascana ","Regina--Wascana "," 53","Regina",N,N,"",0,299,"Kram","","Michael","Conservative","Conservateur",N,N,14
47009,"Regina--Wascana ","Regina--Wascana "," 53","Regina",N,N,"",0,299,"Simonson","","Frances","Green Party","Parti Vert",N,N,4
47009,"Regina--Wascana ","Regina--Wascana "," 54","Regina",N,N,"",0,345,"Bourgeois","","April","NDP-New Democratic Party","NPD-Nouveau Parti démocratique",N,N,33
47009,"Regina--Wascana ","Regina--Wascana "," 54","Regina",N,N,"",0,345,"Goodale","","Ralph","Liberal","Libéral",Y,Y,113
47009,"Regina--Wascana ","Regina--Wascana "," 54","Regina",N,N,"",0,345,"Kram","","Michael","Conservative","Conservateur",N,N,24
47009,"Regina--Wascana ","Regina--Wascana "," 54","Regina",N,N,"",0,345,"Simonson","","Frances","Green Party","Parti Vert",N,N,5
47009,"Regina--Wascana ","Regina--Wascana "," 55","Regina",N,N,"",0,343,"Bourgeois","","April","NDP-New Democratic Party","NPD-Nouveau Parti démocratique",N,N,42
47009,"Regina--Wascana ","Regina--Wascana "," 55","Regina",N,N,"",0,343,"Goodale","","Ralph","Liberal","Libéral",Y,Y,113
47009,"Regina--Wascana ","Regina--Wascana "," 55","Regina",N,N,"",0,343,"Kram","","Michael","Conservative","Conservateur",N,N,35
47009,"Regina--Wascana ","Regina--Wascana "," 55","Regina",N,N,"",0,343,"Simonson","","Frances","Green Party","Parti Vert",N,N,11
47009,"Regina--Wascana ","Regina--Wascana "," 56","Regina",N,N,"",1,344,"Bourgeois","","April","NDP-New Democratic Party","NPD-Nouveau Parti démocratique",N,N,47
47009,"Regina--Wascana ","Regina--Wascana "," 56","Regina",N,N,"",1,344,"Goodale","","Ralph","Liberal","Libéral",Y,Y,111
47009,"Regina--Wascana ","Regina--Wascana "," 56","Regina",N,N,"",1,344,"Kram","","Michael","Conservative","Conservateur",N,N,23
47009,"Regina--Wascana ","Regina--Wascana "," 56","Regina",N,N,"",1,344,"Simonson","","Frances","Green Party","Parti Vert",N,N,8
47009,"Regina--Wascana ","Regina--Wascana "," 57","Regina",N,N,"",0,356,"Bourgeois","","April","NDP-New Democratic Party","NPD-Nouveau Parti démocratique",N,N,30
47009,"Regina--Wascana ","Regina--Wascana "," 57","Regina",N,N,"",0,356,"Goodale","","Ralph","Liberal","Libéral",Y,Y,120
47009,"Regina--Wascana ","Regina--Wascana "," 57","Regina",N,N,"",0,356,"Kram","","Michael","Conservative","Conservateur",N,N,43
47009,"Regina--Wascana ","Regina--Wascana "," 57","Regina",N,N,"",0,356,"Simonson","","Frances","Green Party","Parti Vert",N,N,9
47009,"Regina--Wascana ","Regina--Wascana "," 58","Regina",N,N,"",2,461,"Bourgeois","","April","NDP-New Democratic Party","NPD-Nouveau Parti démocratique",N,N,57
47009,"Regina--Wascana ","Regina--Wascana "," 58","Regina",N,N,"",2,461,"Goodale","","Ralph","Liberal","Libéral",Y,Y,177
47009,"Regina--Wascana ","Regina--Wascana "," 58","Regina",N,N,"",2,461,"Kram","","Michael","Conservative","Conservateur",N,N,33
47009,"Regina--Wascana ","Regina--Wascana "," 58","Regina",N,N,"",2,461,"Simonson","","Frances","Green Party","Parti Vert",N,N,8
47009,"Regina--Wascana ","Regina--Wascana "," 59","Regina",N,N,"",0,284,"Bourgeois","","April","NDP-New Democratic Party","NPD-Nouveau Parti démocratique",N,N,34
47009,"Regina--Wascana ","Regina--Wascana "," 59","Regina",N,N,"",0,284,"Goodale","","Ralph","Liberal","Libéral",Y,Y,83
47009,"Regina--Wascana ","Regina--Wascana "," 59","Regina",N,N,"",0,284,"Kram","","Michael","Conservative","Conservateur",N,N,23
47009,"Regina--Wascana ","Regina--Wascana "," 59","Regina",N,N,"",0,284,"Simonson","","Frances","Green Party","Parti Vert",N,N,9
47009,"Regina--Wascana ","Regina--Wascana "," 60","Regina",N,N,"",1,392,"Bourgeois","","April","NDP-New Democratic Party","NPD-Nouveau Parti démocratique",N,N,49
47009,"Regina--Wascana ","Regina--Wascana "," 60","Regina",N,N,"",1,392,"Goodale","","Ralph","Liberal","Libéral",Y,Y,151
47009,"Regina--Wascana ","Regina--Wascana "," 60","Regina",N,N,"",1,392,"Kram","","Michael","Conservative","Conservateur",N,N,53
47009,"Regina--Wascana ","Regina--Wascana "," 60","Regina",N,N,"",1,392,"Simonson","","Frances","Green Party","Parti Vert",N,N,6
47009,"Regina--Wascana ","Regina--Wascana "," 61","Regina",N,N,"",0,370,"Bourgeois","","April","NDP-New Democratic Party","NPD-Nouveau Parti démocratique",N,N,29
47009,"Regina--Wascana ","Regina--Wascana "," 61","Regina",N,N,"",0,370,"Goodale","","Ralph","Liberal","Libéral",Y,Y,126
47009,"Regina--Wascana ","Regina--Wascana "," 61","Regina",N,N,"",0,370,"Kram","","Michael","Conservative","Conservateur",N,N,31
47009,"Regina--Wascana ","Regina--Wascana "," 61","Regina",N,N,"",0,370,"Simonson","","Frances","Green Party","Parti Vert",N,N,6
47009,"Regina--Wascana ","Regina--Wascana "," 62","Regina",N,N,"",0,339,"Bourgeois","","April","NDP-New Democratic Party","NPD-Nouveau Parti démocratique",N,N,25
47009,"Regina--Wascana ","Regina--Wascana "," 62","Regina",N,N,"",0,339,"Goodale","","Ralph","Liberal","Libéral",Y,Y,108
47009,"Regina--Wascana ","Regina--Wascana "," 62","Regina",N,N,"",0,339,"Kram","","Michael","Conservative","Conservateur",N,N,25
47009,"Regina--Wascana ","Regina--Wascana "," 62","Regina",N,N,"",0,339,"Simonson","","Frances","Green Party","Parti Vert",N,N,3
47009,"Regina--Wascana ","Regina--Wascana "," 63","Regina",N,N,"",0,450,"Bourgeois","","April","NDP-New Democratic Party","NPD-Nouveau Parti démocratique",N,N,25
47009,"Regina--Wascana ","Regina--Wascana "," 63","Regina",N,N,"",0,450,"Goodale","","Ralph","Liberal","Libéral",Y,Y,160
47009,"Regina--Wascana ","Regina--Wascana "," 63","Regina",N,N,"",0,450,"Kram","","Michael","Conservative","Conservateur",N,N,62
47009,"Regina--Wascana ","Regina--Wascana "," 63","Regina",N,N,"",0,450,"Simonson","","Frances","Green Party","Parti Vert",N,N,2
47009,"Regina--Wascana ","Regina--Wascana "," 64","Regina",N,N,"",0,481,"Bourgeois","","April","NDP-New Democratic Party","NPD-Nouveau Parti démocratique",N,N,20
47009,"Regina--Wascana ","Regina--Wascana "," 64","Regina",N,N,"",0,481,"Goodale","","Ralph","Liberal","Libéral",Y,Y,164
47009,"Regina--Wascana ","Regina--Wascana "," 64","Regina",N,N,"",0,481,"Kram","","Michael","Conservative","Conservateur",N,N,87
47009,"Regina--Wascana ","Regina--Wascana "," 64","Regina",N,N,"",0,481,"Simonson","","Frances","Green Party","Parti Vert",N,N,8
47009,"Regina--Wascana ","Regina--Wascana "," 65","Regina",N,N,"",0,431,"Bourgeois","","April","NDP-New Democratic Party","NPD-Nouveau Parti démocratique",N,N,18
47009,"Regina--Wascana ","Regina--Wascana "," 65","Regina",N,N,"",0,431,"Goodale","","Ralph","Liberal","Libéral",Y,Y,152
47009,"Regina--Wascana ","Regina--Wascana "," 65","Regina",N,N,"",0,431,"Kram","","Michael","Conservative","Conservateur",N,N,80
47009,"Regina--Wascana ","Regina--Wascana "," 65","Regina",N,N,"",0,431,"Simonson","","Frances","Green Party","Parti Vert",N,N,9
47009,"Regina--Wascana ","Regina--Wascana "," 66","Regina",N,N,"",1,424,"Bourgeois","","April","NDP-New Democratic Party","NPD-Nouveau Parti démocratique",N,N,36
47009,"Regina--Wascana ","Regina--Wascana "," 66","Regina",N,N,"",1,424,"Goodale","","Ralph","Liberal","Libéral",Y,Y,189
47009,"Regina--Wascana ","Regina--Wascana "," 66","Regina",N,N,"",1,424,"Kram","","Michael","Conservative","Conservateur",N,N,60
47009,"Regina--Wascana ","Regina--Wascana "," 66","Regina",N,N,"",1,424,"Simonson","","Frances","Green Party","Parti Vert",N,N,3
47009,"Regina--Wascana ","Regina--Wascana "," 67A","Regina",N,N,"",0,390,"Bourgeois","","April","NDP-New Democratic Party","NPD-Nouveau Parti démocratique",N,N,26
47009,"Regina--Wascana ","Regina--Wascana "," 67A","Regina",N,N,"",0,390,"Goodale","","Ralph","Liberal","Libéral",Y,Y,144
47009,"Regina--Wascana ","Regina--Wascana "," 67A","Regina",N,N,"",0,390,"Kram","","Michael","Conservative","Conservateur",N,N,41
47009,"Regina--Wascana ","Regina--Wascana "," 67A","Regina",N,N,"",0,390,"Simonson","","Frances","Green Party","Parti Vert",N,N,9
47009,"Regina--Wascana ","Regina--Wascana "," 67B","Regina",N,N,"",1,169,"Bourgeois","","April","NDP-New Democratic Party","NPD-Nouveau Parti démocratique",N,N,24
47009,"Regina--Wascana ","Regina--Wascana "," 67B","Regina",N,N,"",1,169,"Goodale","","Ralph","Liberal","Libéral",Y,Y,73
47009,"Regina--Wascana ","Regina--Wascana "," 67B","Regina",N,N,"",1,169,"Kram","","Michael","Conservative","Conservateur",N,N,41
47009,"Regina--Wascana ","Regina--Wascana "," 67B","Regina",N,N,"",1,169,"Simonson","","Frances","Green Party","Parti Vert",N,N,3
47009,"Regina--Wascana ","Regina--Wascana "," 67C","Regina",N,N,"",1,102,"Bourgeois","","April","NDP-New Democratic Party","NPD-Nouveau Parti démocratique",N,N,9
47009,"Regina--Wascana ","Regina--Wascana "," 67C","Regina",N,N,"",1,102,"Goodale","","Ralph","Liberal","Libéral",Y,Y,55
47009,"Regina--Wascana ","Regina--Wascana "," 67C","Regina",N,N,"",1,102,"Kram","","Michael","Conservative","Conservateur",N,N,24
47009,"Regina--Wascana ","Regina--Wascana "," 67C","Regina",N,N,"",1,102,"Simonson","","Frances","Green Party","Parti Vert",N,N,2
47009,"Regina--Wascana ","Regina--Wascana "," 68A","Regina",N,N,"",0,320,"Bourgeois","","April","NDP-New Democratic Party","NPD-Nouveau Parti démocratique",N,N,42
47009,"Regina--Wascana ","Regina--Wascana "," 68A","Regina",N,N,"",0,320,"Goodale","","Ralph","Liberal","Libéral",Y,Y,104
47009,"Regina--Wascana ","Regina--Wascana "," 68A","Regina",N,N,"",0,320,"Kram","","Michael","Conservative","Conservateur",N,N,26
47009,"Regina--Wascana ","Regina--Wascana "," 68A","Regina",N,N,"",0,320,"Simonson","","Frances","Green Party","Parti Vert",N,N,3
47009,"Regina--Wascana ","Regina--Wascana "," 68B","Regina",N,N,"",0,282,"Bourgeois","","April","NDP-New Democratic Party","NPD-Nouveau Parti démocratique",N,N,45
47009,"Regina--Wascana ","Regina--Wascana "," 68B","Regina",N,N,"",0,282,"Goodale","","Ralph","Liberal","Libéral",Y,Y,81
47009,"Regina--Wascana ","Regina--Wascana "," 68B","Regina",N,N,"",0,282,"Kram","","Michael","Conservative","Conservateur",N,N,36
47009,"Regina--Wascana ","Regina--Wascana "," 68B","Regina",N,N,"",0,282,"Simonson","","Frances","Green Party","Parti Vert",N,N,5
47009,"Regina--Wascana ","Regina--Wascana "," 69","Regina",N,N,"",0,263,"Bourgeois","","April","NDP-New Democratic Party","NPD-Nouveau Parti démocratique",N,N,18
47009,"Regina--Wascana ","Regina--Wascana "," 69","Regina",N,N,"",0,263,"Goodale","","Ralph","Liberal","Libéral",Y,Y,114
47009,"Regina--Wascana ","Regina--Wascana "," 69","Regina",N,N,"",0,263,"Kram","","Michael","Conservative","Conservateur",N,N,39
47009,"Regina--Wascana ","Regina--Wascana "," 69","Regina",N,N,"",0,263,"Simonson","","Frances","Green Party","Parti Vert",N,N,4
47009,"Regina--Wascana ","Regina--Wascana "," 70","Regina",N,N,"",1,364,"Bourgeois","","April","NDP-New Democratic Party","NPD-Nouveau Parti démocratique",N,N,41
47009,"Regina--Wascana ","Regina--Wascana "," 70","Regina",N,N,"",1,364,"Goodale","","Ralph","Liberal","Libéral",Y,Y,133
47009,"Regina--Wascana ","Regina--Wascana "," 70","Regina",N,N,"",1,364,"Kram","","Michael","Conservative","Conservateur",N,N,42
47009,"Regina--Wascana ","Regina--Wascana "," 70","Regina",N,N,"",1,364,"Simonson","","Frances","Green Party","Parti Vert",N,N,8
47009,"Regina--Wascana ","Regina--Wascana "," 71","Regina",N,N,"",1,352,"Bourgeois","","April","NDP-New Democratic Party","NPD-Nouveau Parti démocratique",N,N,40
47009,"Regina--Wascana ","Regina--Wascana "," 71","Regina",N,N,"",1,352,"Goodale","","Ralph","Liberal","Libéral",Y,Y,129
47009,"Regina--Wascana ","Regina--Wascana "," 71","Regina",N,N,"",1,352,"Kram","","Michael","Conservative","Conservateur",N,N,48
47009,"Regina--Wascana ","Regina--Wascana "," 71","Regina",N,N,"",1,352,"Simonson","","Frances","Green Party","Parti Vert",N,N,5
47009,"Regina--Wascana ","Regina--Wascana "," 72","Regina",N,N,"",1,434,"Bourgeois","","April","NDP-New Democratic Party","NPD-Nouveau Parti démocratique",N,N,39
47009,"Regina--Wascana ","Regina--Wascana "," 72","Regina",N,N,"",1,434,"Goodale","","Ralph","Liberal","Libéral",Y,Y,141
47009,"Regina--Wascana ","Regina--Wascana "," 72","Regina",N,N,"",1,434,"Kram","","Michael","Conservative","Conservateur",N,N,66
47009,"Regina--Wascana ","Regina--Wascana "," 72","Regina",N,N,"",1,434,"Simonson","","Frances","Green Party","Parti Vert",N,N,15
47009,"Regina--Wascana ","Regina--Wascana "," 73","Regina",N,N,"",0,384,"Bourgeois","","April","NDP-New Democratic Party","NPD-Nouveau Parti démocratique",N,N,46
47009,"Regina--Wascana ","Regina--Wascana "," 73","Regina",N,N,"",0,384,"Goodale","","Ralph","Liberal","Libéral",Y,Y,148
47009,"Regina--Wascana ","Regina--Wascana "," 73","Regina",N,N,"",0,384,"Kram","","Michael","Conservative","Conservateur",N,N,53
47009,"Regina--Wascana ","Regina--Wascana "," 73","Regina",N,N,"",0,384,"Simonson","","Frances","Green Party","Parti Vert",N,N,4
47009,"Regina--Wascana ","Regina--Wascana "," 74","Regina",N,N,"",1,305,"Bourgeois","","April","NDP-New Democratic Party","NPD-Nouveau Parti démocratique",N,N,22
47009,"Regina--Wascana ","Regina--Wascana "," 74","Regina",N,N,"",1,305,"Goodale","","Ralph","Liberal","Libéral",Y,Y,110
47009,"Regina--Wascana ","Regina--Wascana "," 74","Regina",N,N,"",1,305,"Kram","","Michael","Conservative","Conservateur",N,N,51
47009,"Regina--Wascana ","Regina--Wascana "," 74","Regina",N,N,"",1,305,"Simonson","","Frances","Green Party","Parti Vert",N,N,8
47009,"Regina--Wascana ","Regina--Wascana "," 75","Regina",N,N,"",0,384,"Bourgeois","","April","NDP-New Democratic Party","NPD-Nouveau Parti démocratique",N,N,32
47009,"Regina--Wascana ","Regina--Wascana "," 75","Regina",N,N,"",0,384,"Goodale","","Ralph","Liberal","Libéral",Y,Y,131
47009,"Regina--Wascana ","Regina--Wascana "," 75","Regina",N,N,"",0,384,"Kram","","Michael","Conservative","Conservateur",N,N,72
47009,"Regina--Wascana ","Regina--Wascana "," 75","Regina",N,N,"",0,384,"Simonson","","Frances","Green Party","Parti Vert",N,N,5
47009,"Regina--Wascana ","Regina--Wascana "," 76","Regina",N,N,"",0,301,"Bourgeois","","April","NDP-New Democratic Party","NPD-Nouveau Parti démocratique",N,N,27
47009,"Regina--Wascana ","Regina--Wascana "," 76","Regina",N,N,"",0,301,"Goodale","","Ralph","Liberal","Libéral",Y,Y,117
47009,"Regina--Wascana ","Regina--Wascana "," 76","Regina",N,N,"",0,301,"Kram","","Michael","Conservative","Conservateur",N,N,45
47009,"Regina--Wascana ","Regina--Wascana "," 76","Regina",N,N,"",0,301,"Simonson","","Frances","Green Party","Parti Vert",N,N,5
47009,"Regina--Wascana ","Regina--Wascana "," 77","Regina",N,N,"",0,305,"Bourgeois","","April","NDP-New Democratic Party","NPD-Nouveau Parti démocratique",N,N,30
47009,"Regina--Wascana ","Regina--Wascana "," 77","Regina",N,N,"",0,305,"Goodale","","Ralph","Liberal","Libéral",Y,Y,114
47009,"Regina--Wascana ","Regina--Wascana "," 77","Regina",N,N,"",0,305,"Kram","","Michael","Conservative","Conservateur",N,N,36
47009,"Regina--Wascana ","Regina--Wascana "," 77","Regina",N,N,"",0,305,"Simonson","","Frances","Green Party","Parti Vert",N,N,9
47009,"Regina--Wascana ","Regina--Wascana "," 78","Regina",N,N,"",1,276,"Bourgeois","","April","NDP-New Democratic Party","NPD-Nouveau Parti démocratique",N,N,12
47009,"Regina--Wascana ","Regina--Wascana "," 78","Regina",N,N,"",1,276,"Goodale","","Ralph","Liberal","Libéral",Y,Y,98
47009,"Regina--Wascana ","Regina--Wascana "," 78","Regina",N,N,"",1,276,"Kram","","Michael","Conservative","Conservateur",N,N,57
47009,"Regina--Wascana ","Regina--Wascana "," 78","Regina",N,N,"",1,276,"Simonson","","Frances","Green Party","Parti Vert",N,N,3
47009,"Regina--Wascana ","Regina--Wascana "," 79","Regina",N,N,"",0,297,"Bourgeois","","April","NDP-New Democratic Party","NPD-Nouveau Parti démocratique",N,N,12
47009,"Regina--Wascana ","Regina--Wascana "," 79","Regina",N,N,"",0,297,"Goodale","","Ralph","Liberal","Libéral",Y,Y,95
47009,"Regina--Wascana ","Regina--Wascana "," 79","Regina",N,N,"",0,297,"Kram","","Michael","Conservative","Conservateur",N,N,79
47009,"Regina--Wascana ","Regina--Wascana "," 79","Regina",N,N,"",0,297,"Simonson","","Frances","Green Party","Parti Vert",N,N,7
47009,"Regina--Wascana ","Regina--Wascana "," 80","Regina",N,N,"",0,407,"Bourgeois","","April","NDP-New Democratic Party","NPD-Nouveau Parti démocratique",N,N,13
47009,"Regina--Wascana ","Regina--Wascana "," 80","Regina",N,N,"",0,407,"Goodale","","Ralph","Liberal","Libéral",Y,Y,127
47009,"Regina--Wascana ","Regina--Wascana "," 80","Regina",N,N,"",0,407,"Kram","","Michael","Conservative","Conservateur",N,N,83
47009,"Regina--Wascana ","Regina--Wascana "," 80","Regina",N,N,"",0,407,"Simonson","","Frances","Green Party","Parti Vert",N,N,1
47009,"Regina--Wascana ","Regina--Wascana "," 81","Regina",N,N,"",0,337,"Bourgeois","","April","NDP-New Democratic Party","NPD-Nouveau Parti démocratique",N,N,9
47009,"Regina--Wascana ","Regina--Wascana "," 81","Regina",N,N,"",0,337,"Goodale","","Ralph","Liberal","Libéral",Y,Y,94
47009,"Regina--Wascana ","Regina--Wascana "," 81","Regina",N,N,"",0,337,"Kram","","Michael","Conservative","Conservateur",N,N,51
47009,"Regina--Wascana ","Regina--Wascana "," 81","Regina",N,N,"",0,337,"Simonson","","Frances","Green Party","Parti Vert",N,N,4
47009,"Regina--Wascana ","Regina--Wascana "," 82","Regina",N,N,"",1,383,"Bourgeois","","April","NDP-New Democratic Party","NPD-Nouveau Parti démocratique",N,N,8
47009,"Regina--Wascana ","Regina--Wascana "," 82","Regina",N,N,"",1,383,"Goodale","","Ralph","Liberal","Libéral",Y,Y,135
47009,"Regina--Wascana ","Regina--Wascana "," 82","Regina",N,N,"",1,383,"Kram","","Michael","Conservative","Conservateur",N,N,95
47009,"Regina--Wascana ","Regina--Wascana "," 82","Regina",N,N,"",1,383,"Simonson","","Frances","Green Party","Parti Vert",N,N,1
47009,"Regina--Wascana ","Regina--Wascana "," 83","Regina",N,N,"",2,395,"Bourgeois","","April","NDP-New Democratic Party","NPD-Nouveau Parti démocratique",N,N,6
47009,"Regina--Wascana ","Regina--Wascana "," 83","Regina",N,N,"",2,395,"Goodale","","Ralph","Liberal","Libéral",Y,Y,134
47009,"Regina--Wascana ","Regina--Wascana "," 83","Regina",N,N,"",2,395,"Kram","","Michael","Conservative","Conservateur",N,N,97
47009,"Regina--Wascana ","Regina--Wascana "," 83","Regina",N,N,"",2,395,"Simonson","","Frances","Green Party","Parti Vert",N,N,5
47009,"Regina--Wascana ","Regina--Wascana "," 84","Regina",N,N,"",0,374,"Bourgeois","","April","NDP-New Democratic Party","NPD-Nouveau Parti démocratique",N,N,5
47009,"Regina--Wascana ","Regina--Wascana "," 84","Regina",N,N,"",0,374,"Goodale","","Ralph","Liberal","Libéral",Y,Y,124
47009,"Regina--Wascana ","Regina--Wascana "," 84","Regina",N,N,"",0,374,"Kram","","Michael","Conservative","Conservateur",N,N,76
47009,"Regina--Wascana ","Regina--Wascana "," 84","Regina",N,N,"",0,374,"Simonson","","Frances","Green Party","Parti Vert",N,N,4
47009,"Regina--Wascana ","Regina--Wascana "," 85","Regina",N,N,"",0,400,"Bourgeois","","April","NDP-New Democratic Party","NPD-Nouveau Parti démocratique",N,N,17
47009,"Regina--Wascana ","Regina--Wascana "," 85","Regina",N,N,"",0,400,"Goodale","","Ralph","Liberal","Libéral",Y,Y,165
47009,"Regina--Wascana ","Regina--Wascana "," 85","Regina",N,N,"",0,400,"Kram","","Michael","Conservative","Conservateur",N,N,74
47009,"Regina--Wascana ","Regina--Wascana "," 85","Regina",N,N,"",0,400,"Simonson","","Frances","Green Party","Parti Vert",N,N,3
47009,"Regina--Wascana ","Regina--Wascana "," 86","Regina",N,N,"",0,395,"Bourgeois","","April","NDP-New Democratic Party","NPD-Nouveau Parti démocratique",N,N,21
47009,"Regina--Wascana ","Regina--Wascana "," 86","Regina",N,N,"",0,395,"Goodale","","Ralph","Liberal","Libéral",Y,Y,135
47009,"Regina--Wascana ","Regina--Wascana "," 86","Regina",N,N,"",0,395,"Kram","","Michael","Conservative","Conservateur",N,N,76
47009,"Regina--Wascana ","Regina--Wascana "," 86","Regina",N,N,"",0,395,"Simonson","","Frances","Green Party","Parti Vert",N,N,5
47009,"Regina--Wascana ","Regina--Wascana "," 87","Regina",N,N,"",1,386,"Bourgeois","","April","NDP-New Democratic Party","NPD-Nouveau Parti démocratique",N,N,15
47009,"Regina--Wascana ","Regina--Wascana "," 87","Regina",N,N,"",1,386,"Goodale","","Ralph","Liberal","Libéral",Y,Y,137
47009,"Regina--Wascana ","Regina--Wascana "," 87","Regina",N,N,"",1,386,"Kram","","Michael","Conservative","Conservateur",N,N,82
47009,"Regina--Wascana ","Regina--Wascana "," 87","Regina",N,N,"",1,386,"Simonson","","Frances","Green Party","Parti Vert",N,N,2
47009,"Regina--Wascana ","Regina--Wascana "," 88","Regina",N,N,"",0,466,"Bourgeois","","April","NDP-New Democratic Party","NPD-Nouveau Parti démocratique",N,N,21
47009,"Regina--Wascana ","Regina--Wascana "," 88","Regina",N,N,"",0,466,"Goodale","","Ralph","Liberal","Libéral",Y,Y,167
47009,"Regina--Wascana ","Regina--Wascana "," 88","Regina",N,N,"",0,466,"Kram","","Michael","Conservative","Conservateur",N,N,93
47009,"Regina--Wascana ","Regina--Wascana "," 88","Regina",N,N,"",0,466,"Simonson","","Frances","Green Party","Parti Vert",N,N,5
47009,"Regina--Wascana ","Regina--Wascana "," 89","Regina",N,N,"",1,430,"Bourgeois","","April","NDP-New Democratic Party","NPD-Nouveau Parti démocratique",N,N,22
47009,"Regina--Wascana ","Regina--Wascana "," 89","Regina",N,N,"",1,430,"Goodale","","Ralph","Liberal","Libéral",Y,Y,160
47009,"Regina--Wascana ","Regina--Wascana "," 89","Regina",N,N,"",1,430,"Kram","","Michael","Conservative","Conservateur",N,N,92
47009,"Regina--Wascana ","Regina--Wascana "," 89","Regina",N,N,"",1,430,"Simonson","","Frances","Green Party","Parti Vert",N,N,6
47009,"Regina--Wascana ","Regina--Wascana "," 90","Regina",N,N,"",0,382,"Bourgeois","","April","NDP-New Democratic Party","NPD-Nouveau Parti démocratique",N,N,24
47009,"Regina--Wascana ","Regina--Wascana "," 90","Regina",N,N,"",0,382,"Goodale","","Ralph","Liberal","Libéral",Y,Y,131
47009,"Regina--Wascana ","Regina--Wascana "," 90","Regina",N,N,"",0,382,"Kram","","Michael","Conservative","Conservateur",N,N,94
47009,"Regina--Wascana ","Regina--Wascana "," 90","Regina",N,N,"",0,382,"Simonson","","Frances","Green Party","Parti Vert",N,N,2
47009,"Regina--Wascana ","Regina--Wascana "," 91A","Regina",N,N,"",2,397,"Bourgeois","","April","NDP-New Democratic Party","NPD-Nouveau Parti démocratique",N,N,9
47009,"Regina--Wascana ","Regina--Wascana "," 91A","Regina",N,N,"",2,397,"Goodale","","Ralph","Liberal","Libéral",Y,Y,125
47009,"Regina--Wascana ","Regina--Wascana "," 91A","Regina",N,N,"",2,397,"Kram","","Michael","Conservative","Conservateur",N,N,87
47009,"Regina--Wascana ","Regina--Wascana "," 91A","Regina",N,N,"",2,397,"Simonson","","Frances","Green Party","Parti Vert",N,N,1
47009,"Regina--Wascana ","Regina--Wascana "," 91B","Mobile poll/Bureau itinérant",N,N,"506",0,9,"Bourgeois","","April","NDP-New Democratic Party","NPD-Nouveau Parti démocratique",N,N,0
47009,"Regina--Wascana ","Regina--Wascana "," 91B","Mobile poll/Bureau itinérant",N,N,"506",0,9,"Goodale","","Ralph","Liberal","Libéral",Y,Y,0
47009,"Regina--Wascana ","Regina--Wascana "," 91B","Mobile poll/Bureau itinérant",N,N,"506",0,9,"Kram","","Michael","Conservative","Conservateur",N,N,0
47009,"Regina--Wascana ","Regina--Wascana "," 91B","Mobile poll/Bureau itinérant",N,N,"506",0,9,"Simonson","","Frances","Green Party","Parti Vert",N,N,0
47009,"Regina--Wascana ","Regina--Wascana "," 92","Regina",N,N,"",0,389,"Bourgeois","","April","NDP-New Democratic Party","NPD-Nouveau Parti démocratique",N,N,19
47009,"Regina--Wascana ","Regina--Wascana "," 92","Regina",N,N,"",0,389,"Goodale","","Ralph","Liberal","Libéral",Y,Y,93
47009,"Regina--Wascana ","Regina--Wascana "," 92","Regina",N,N,"",0,389,"Kram","","Michael","Conservative","Conservateur",N,N,100
47009,"Regina--Wascana ","Regina--Wascana "," 92","Regina",N,N,"",0,389,"Simonson","","Frances","Green Party","Parti Vert",N,N,0
47009,"Regina--Wascana ","Regina--Wascana "," 93","Regina",N,N,"",0,393,"Bourgeois","","April","NDP-New Democratic Party","NPD-Nouveau Parti démocratique",N,N,35
47009,"Regina--Wascana ","Regina--Wascana "," 93","Regina",N,N,"",0,393,"Goodale","","Ralph","Liberal","Libéral",Y,Y,121
47009,"Regina--Wascana ","Regina--Wascana "," 93","Regina",N,N,"",0,393,"Kram","","Michael","Conservative","Conservateur",N,N,95
47009,"Regina--Wascana ","Regina--Wascana "," 93","Regina",N,N,"",0,393,"Simonson","","Frances","Green Party","Parti Vert",N,N,2
47009,"Regina--Wascana ","Regina--Wascana "," 94","Regina",N,N,"",0,420,"Bourgeois","","April","NDP-New Democratic Party","NPD-Nouveau Parti démocratique",N,N,26
47009,"Regina--Wascana ","Regina--Wascana "," 94","Regina",N,N,"",0,420,"Goodale","","Ralph","Liberal","Libéral",Y,Y,155
47009,"Regina--Wascana ","Regina--Wascana "," 94","Regina",N,N,"",0,420,"Kram","","Michael","Conservative","Conservateur",N,N,98
47009,"Regina--Wascana ","Regina--Wascana "," 94","Regina",N,N,"",0,420,"Simonson","","Frances","Green Party","Parti Vert",N,N,2
47009,"Regina--Wascana ","Regina--Wascana "," 95","Regina",N,N,"",0,408,"Bourgeois","","April","NDP-New Democratic Party","NPD-Nouveau Parti démocratique",N,N,30
47009,"Regina--Wascana ","Regina--Wascana "," 95","Regina",N,N,"",0,408,"Goodale","","Ralph","Liberal","Libéral",Y,Y,133
47009,"Regina--Wascana ","Regina--Wascana "," 95","Regina",N,N,"",0,408,"Kram","","Michael","Conservative","Conservateur",N,N,79
47009,"Regina--Wascana ","Regina--Wascana "," 95","Regina",N,N,"",0,408,"Simonson","","Frances","Green Party","Parti Vert",N,N,5
47009,"Regina--Wascana ","Regina--Wascana "," 96","Regina",N,N,"",0,346,"Bourgeois","","April","NDP-New Democratic Party","NPD-Nouveau Parti démocratique",N,N,16
47009,"Regina--Wascana ","Regina--Wascana "," 96","Regina",N,N,"",0,346,"Goodale","","Ralph","Liberal","Libéral",Y,Y,112
47009,"Regina--Wascana ","Regina--Wascana "," 96","Regina",N,N,"",0,346,"Kram","","Michael","Conservative","Conservateur",N,N,83
47009,"Regina--Wascana ","Regina--Wascana "," 96","Regina",N,N,"",0,346,"Simonson","","Frances","Green Party","Parti Vert",N,N,5
47009,"Regina--Wascana ","Regina--Wascana "," 97","Regina",N,N,"",0,312,"Bourgeois","","April","NDP-New Democratic Party","NPD-Nouveau Parti démocratique",N,N,29
47009,"Regina--Wascana ","Regina--Wascana "," 97","Regina",N,N,"",0,312,"Goodale","","Ralph","Liberal","Libéral",Y,Y,94
47009,"Regina--Wascana ","Regina--Wascana "," 97","Regina",N,N,"",0,312,"Kram","","Michael","Conservative","Conservateur",N,N,51
47009,"Regina--Wascana ","Regina--Wascana "," 97","Regina",N,N,"",0,312,"Simonson","","Frances","Green Party","Parti Vert",N,N,4
47009,"Regina--Wascana ","Regina--Wascana "," 98","Regina",N,N,"",0,526,"Bourgeois","","April","NDP-New Democratic Party","NPD-Nouveau Parti démocratique",N,N,21
47009,"Regina--Wascana ","Regina--Wascana "," 98","Regina",N,N,"",0,526,"Goodale","","Ralph","Liberal","Libéral",Y,Y,178
47009,"Regina--Wascana ","Regina--Wascana "," 98","Regina",N,N,"",0,526,"Kram","","Michael","Conservative","Conservateur",N,N,125
47009,"Regina--Wascana ","Regina--Wascana "," 98","Regina",N,N,"",0,526,"Simonson","","Frances","Green Party","Parti Vert",N,N,1
47009,"Regina--Wascana ","Regina--Wascana "," 99","Regina",N,N,"",0,522,"Bourgeois","","April","NDP-New Democratic Party","NPD-Nouveau Parti démocratique",N,N,27
47009,"Regina--Wascana ","Regina--Wascana "," 99","Regina",N,N,"",0,522,"Goodale","","Ralph","Liberal","Libéral",Y,Y,129
47009,"Regina--Wascana ","Regina--Wascana "," 99","Regina",N,N,"",0,522,"Kram","","Michael","Conservative","Conservateur",N,N,153
47009,"Regina--Wascana ","Regina--Wascana "," 99","Regina",N,N,"",0,522,"Simonson","","Frances","Green Party","Parti Vert",N,N,0
47009,"Regina--Wascana ","Regina--Wascana "," 100","Regina",N,N,"",1,442,"Bourgeois","","April","NDP-New Democratic Party","NPD-Nouveau Parti démocratique",N,N,7
47009,"Regina--Wascana ","Regina--Wascana "," 100","Regina",N,N,"",1,442,"Goodale","","Ralph","Liberal","Libéral",Y,Y,139
47009,"Regina--Wascana ","Regina--Wascana "," 100","Regina",N,N,"",1,442,"Kram","","Michael","Conservative","Conservateur",N,N,92
47009,"Regina--Wascana ","Regina--Wascana "," 100","Regina",N,N,"",1,442,"Simonson","","Frances","Green Party","Parti Vert",N,N,4
47009,"Regina--Wascana ","Regina--Wascana "," 101","Regina",N,N,"",0,426,"Bourgeois","","April","NDP-New Democratic Party","NPD-Nouveau Parti démocratique",N,N,11
47009,"Regina--Wascana ","Regina--Wascana "," 101","Regina",N,N,"",0,426,"Goodale","","Ralph","Liberal","Libéral",Y,Y,147
47009,"Regina--Wascana ","Regina--Wascana "," 101","Regina",N,N,"",0,426,"Kram","","Michael","Conservative","Conservateur",N,N,112
47009,"Regina--Wascana ","Regina--Wascana "," 101","Regina",N,N,"",0,426,"Simonson","","Frances","Green Party","Parti Vert",N,N,2
47009,"Regina--Wascana ","Regina--Wascana "," 102","Regina",N,N,"",0,445,"Bourgeois","","April","NDP-New Democratic Party","NPD-Nouveau Parti démocratique",N,N,13
47009,"Regina--Wascana ","Regina--Wascana "," 102","Regina",N,N,"",0,445,"Goodale","","Ralph","Liberal","Libéral",Y,Y,131
47009,"Regina--Wascana ","Regina--Wascana "," 102","Regina",N,N,"",0,445,"Kram","","Michael","Conservative","Conservateur",N,N,84
47009,"Regina--Wascana ","Regina--Wascana "," 102","Regina",N,N,"",0,445,"Simonson","","Frances","Green Party","Parti Vert",N,N,2
47009,"Regina--Wascana ","Regina--Wascana "," 103","Regina",N,N,"",3,384,"Bourgeois","","April","NDP-New Democratic Party","NPD-Nouveau Parti démocratique",N,N,16
47009,"Regina--Wascana ","Regina--Wascana "," 103","Regina",N,N,"",3,384,"Goodale","","Ralph","Liberal","Libéral",Y,Y,119
47009,"Regina--Wascana ","Regina--Wascana "," 103","Regina",N,N,"",3,384,"Kram","","Michael","Conservative","Conservateur",N,N,95
47009,"Regina--Wascana ","Regina--Wascana "," 103","Regina",N,N,"",3,384,"Simonson","","Frances","Green Party","Parti Vert",N,N,5
47009,"Regina--Wascana ","Regina--Wascana "," 104","Regina",N,N,"",0,379,"Bourgeois","","April","NDP-New Democratic Party","NPD-Nouveau Parti démocratique",N,N,17
47009,"Regina--Wascana ","Regina--Wascana "," 104","Regina",N,N,"",0,379,"Goodale","","Ralph","Liberal","Libéral",Y,Y,136
47009,"Regina--Wascana ","Regina--Wascana "," 104","Regina",N,N,"",0,379,"Kram","","Michael","Conservative","Conservateur",N,N,98
47009,"Regina--Wascana ","Regina--Wascana "," 104","Regina",N,N,"",0,379,"Simonson","","Frances","Green Party","Parti Vert",N,N,2
47009,"Regina--Wascana ","Regina--Wascana "," 105","Regina",N,N,"",0,342,"Bourgeois","","April","NDP-New Democratic Party","NPD-Nouveau Parti démocratique",N,N,17
47009,"Regina--Wascana ","Regina--Wascana "," 105","Regina",N,N,"",0,342,"Goodale","","Ralph","Liberal","Libéral",Y,Y,113
47009,"Regina--Wascana ","Regina--Wascana "," 105","Regina",N,N,"",0,342,"Kram","","Michael","Conservative","Conservateur",N,N,91
47009,"Regina--Wascana ","Regina--Wascana "," 105","Regina",N,N,"",0,342,"Simonson","","Frances","Green Party","Parti Vert",N,N,2
47009,"Regina--Wascana ","Regina--Wascana "," 106","Regina",N,N,"",0,268,"Bourgeois","","April","NDP-New Democratic Party","NPD-Nouveau Parti démocratique",N,N,20
47009,"Regina--Wascana ","Regina--Wascana "," 106","Regina",N,N,"",0,268,"Goodale","","Ralph","Liberal","Libéral",Y,Y,77
47009,"Regina--Wascana ","Regina--Wascana "," 106","Regina",N,N,"",0,268,"Kram","","Michael","Conservative","Conservateur",N,N,77
47009,"Regina--Wascana ","Regina--Wascana "," 106","Regina",N,N,"",0,268,"Simonson","","Frances","Green Party","Parti Vert",N,N,2
47009,"Regina--Wascana ","Regina--Wascana "," 107","Regina",N,N,"",2,424,"Bourgeois","","April","NDP-New Democratic Party","NPD-Nouveau Parti démocratique",N,N,17
47009,"Regina--Wascana ","Regina--Wascana "," 107","Regina",N,N,"",2,424,"Goodale","","Ralph","Liberal","Libéral",Y,Y,145
47009,"Regina--Wascana ","Regina--Wascana "," 107","Regina",N,N,"",2,424,"Kram","","Michael","Conservative","Conservateur",N,N,82
47009,"Regina--Wascana ","Regina--Wascana "," 107","Regina",N,N,"",2,424,"Simonson","","Frances","Green Party","Parti Vert",N,N,0
47009,"Regina--Wascana ","Regina--Wascana "," 108A","Regina",N,N,"",0,360,"Bourgeois","","April","NDP-New Democratic Party","NPD-Nouveau Parti démocratique",N,N,17
47009,"Regina--Wascana ","Regina--Wascana "," 108A","Regina",N,N,"",0,360,"Goodale","","Ralph","Liberal","Libéral",Y,Y,102
47009,"Regina--Wascana ","Regina--Wascana "," 108A","Regina",N,N,"",0,360,"Kram","","Michael","Conservative","Conservateur",N,N,92
47009,"Regina--Wascana ","Regina--Wascana "," 108A","Regina",N,N,"",0,360,"Simonson","","Frances","Green Party","Parti Vert",N,N,2
47009,"Regina--Wascana ","Regina--Wascana "," 108B","Regina",N,N,"",0,450,"Bourgeois","","April","NDP-New Democratic Party","NPD-Nouveau Parti démocratique",N,N,15
47009,"Regina--Wascana ","Regina--Wascana "," 108B","Regina",N,N,"",0,450,"Goodale","","Ralph","Liberal","Libéral",Y,Y,143
47009,"Regina--Wascana ","Regina--Wascana "," 108B","Regina",N,N,"",0,450,"Kram","","Michael","Conservative","Conservateur",N,N,110
47009,"Regina--Wascana ","Regina--Wascana "," 108B","Regina",N,N,"",0,450,"Simonson","","Frances","Green Party","Parti Vert",N,N,6
47009,"Regina--Wascana ","Regina--Wascana "," 108C","Regina",N,N,"",0,443,"Bourgeois","","April","NDP-New Democratic Party","NPD-Nouveau Parti démocratique",N,N,15
47009,"Regina--Wascana ","Regina--Wascana "," 108C","Regina",N,N,"",0,443,"Goodale","","Ralph","Liberal","Libéral",Y,Y,120
47009,"Regina--Wascana ","Regina--Wascana "," 108C","Regina",N,N,"",0,443,"Kram","","Michael","Conservative","Conservateur",N,N,103
47009,"Regina--Wascana ","Regina--Wascana "," 108C","Regina",N,N,"",0,443,"Simonson","","Frances","Green Party","Parti Vert",N,N,2
47009,"Regina--Wascana ","Regina--Wascana "," 109","Regina",N,N,"",0,361,"Bourgeois","","April","NDP-New Democratic Party","NPD-Nouveau Parti démocratique",N,N,21
47009,"Regina--Wascana ","Regina--Wascana "," 109","Regina",N,N,"",0,361,"Goodale","","Ralph","Liberal","Libéral",Y,Y,124
47009,"Regina--Wascana ","Regina--Wascana "," 109","Regina",N,N,"",0,361,"Kram","","Michael","Conservative","Conservateur",N,N,75
47009,"Regina--Wascana ","Regina--Wascana "," 109","Regina",N,N,"",0,361,"Simonson","","Frances","Green Party","Parti Vert",N,N,4
47009,"Regina--Wascana ","Regina--Wascana "," 110","Regina",N,N,"",0,455,"Bourgeois","","April","NDP-New Democratic Party","NPD-Nouveau Parti démocratique",N,N,18
47009,"Regina--Wascana ","Regina--Wascana "," 110","Regina",N,N,"",0,455,"Goodale","","Ralph","Liberal","Libéral",Y,Y,157
47009,"Regina--Wascana ","Regina--Wascana "," 110","Regina",N,N,"",0,455,"Kram","","Michael","Conservative","Conservateur",N,N,99
47009,"Regina--Wascana ","Regina--Wascana "," 110","Regina",N,N,"",0,455,"Simonson","","Frances","Green Party","Parti Vert",N,N,4
47009,"Regina--Wascana ","Regina--Wascana "," 111","Regina",N,N,"",0,474,"Bourgeois","","April","NDP-New Democratic Party","NPD-Nouveau Parti démocratique",N,N,9
47009,"Regina--Wascana ","Regina--Wascana "," 111","Regina",N,N,"",0,474,"Goodale","","Ralph","Liberal","Libéral",Y,Y,132
47009,"Regina--Wascana ","Regina--Wascana "," 111","Regina",N,N,"",0,474,"Kram","","Michael","Conservative","Conservateur",N,N,96
47009,"Regina--Wascana ","Regina--Wascana "," 111","Regina",N,N,"",0,474,"Simonson","","Frances","Green Party","Parti Vert",N,N,5
47009,"Regina--Wascana ","Regina--Wascana "," 112","Regina",N,N,"",1,510,"Bourgeois","","April","NDP-New Democratic Party","NPD-Nouveau Parti démocratique",N,N,18
47009,"Regina--Wascana ","Regina--Wascana "," 112","Regina",N,N,"",1,510,"Goodale","","Ralph","Liberal","Libéral",Y,Y,142
47009,"Regina--Wascana ","Regina--Wascana "," 112","Regina",N,N,"",1,510,"Kram","","Michael","Conservative","Conservateur",N,N,130
47009,"Regina--Wascana ","Regina--Wascana "," 112","Regina",N,N,"",1,510,"Simonson","","Frances","Green Party","Parti Vert",N,N,7
47009,"Regina--Wascana ","Regina--Wascana "," 113","Regina",N,N,"",0,450,"Bourgeois","","April","NDP-New Democratic Party","NPD-Nouveau Parti démocratique",N,N,20
47009,"Regina--Wascana ","Regina--Wascana "," 113","Regina",N,N,"",0,450,"Goodale","","Ralph","Liberal","Libéral",Y,Y,152
47009,"Regina--Wascana ","Regina--Wascana "," 113","Regina",N,N,"",0,450,"Kram","","Michael","Conservative","Conservateur",N,N,97
47009,"Regina--Wascana ","Regina--Wascana "," 113","Regina",N,N,"",0,450,"Simonson","","Frances","Green Party","Parti Vert",N,N,2
47009,"Regina--Wascana ","Regina--Wascana "," 114","Regina",N,N,"",2,508,"Bourgeois","","April","NDP-New Democratic Party","NPD-Nouveau Parti démocratique",N,N,14
47009,"Regina--Wascana ","Regina--Wascana "," 114","Regina",N,N,"",2,508,"Goodale","","Ralph","Liberal","Libéral",Y,Y,133
47009,"Regina--Wascana ","Regina--Wascana "," 114","Regina",N,N,"",2,508,"Kram","","Michael","Conservative","Conservateur",N,N,117
47009,"Regina--Wascana ","Regina--Wascana "," 114","Regina",N,N,"",2,508,"Simonson","","Frances","Green Party","Parti Vert",N,N,3
47009,"Regina--Wascana ","Regina--Wascana "," 115","Regina",N,N,"",0,460,"Bourgeois","","April","NDP-New Democratic Party","NPD-Nouveau Parti démocratique",N,N,15
47009,"Regina--Wascana ","Regina--Wascana "," 115","Regina",N,N,"",0,460,"Goodale","","Ralph","Liberal","Libéral",Y,Y,115
47009,"Regina--Wascana ","Regina--Wascana "," 115","Regina",N,N,"",0,460,"Kram","","Michael","Conservative","Conservateur",N,N,107
47009,"Regina--Wascana ","Regina--Wascana "," 115","Regina",N,N,"",0,460,"Simonson","","Frances","Green Party","Parti Vert",N,N,2
47009,"Regina--Wascana ","Regina--Wascana "," 116","Regina",N,N,"",0,434,"Bourgeois","","April","NDP-New Democratic Party","NPD-Nouveau Parti démocratique",N,N,12
47009,"Regina--Wascana ","Regina--Wascana "," 116","Regina",N,N,"",0,434,"Goodale","","Ralph","Liberal","Libéral",Y,Y,113
47009,"Regina--Wascana ","Regina--Wascana "," 116","Regina",N,N,"",0,434,"Kram","","Michael","Conservative","Conservateur",N,N,102
47009,"Regina--Wascana ","Regina--Wascana "," 116","Regina",N,N,"",0,434,"Simonson","","Frances","Green Party","Parti Vert",N,N,1
47009,"Regina--Wascana ","Regina--Wascana "," 117A","Regina",N,N,"",0,358,"Bourgeois","","April","NDP-New Democratic Party","NPD-Nouveau Parti démocratique",N,N,11
47009,"Regina--Wascana ","Regina--Wascana "," 117A","Regina",N,N,"",0,358,"Goodale","","Ralph","Liberal","Libéral",Y,Y,93
47009,"Regina--Wascana ","Regina--Wascana "," 117A","Regina",N,N,"",0,358,"Kram","","Michael","Conservative","Conservateur",N,N,101
47009,"Regina--Wascana ","Regina--Wascana "," 117A","Regina",N,N,"",0,358,"Simonson","","Frances","Green Party","Parti Vert",N,N,3
47009,"Regina--Wascana ","Regina--Wascana "," 117B","Regina",N,N,"",0,369,"Bourgeois","","April","NDP-New Democratic Party","NPD-Nouveau Parti démocratique",N,N,5
47009,"Regina--Wascana ","Regina--Wascana "," 117B","Regina",N,N,"",0,369,"Goodale","","Ralph","Liberal","Libéral",Y,Y,107
47009,"Regina--Wascana ","Regina--Wascana "," 117B","Regina",N,N,"",0,369,"Kram","","Michael","Conservative","Conservateur",N,N,123
47009,"Regina--Wascana ","Regina--Wascana "," 117B","Regina",N,N,"",0,369,"Simonson","","Frances","Green Party","Parti Vert",N,N,2
47009,"Regina--Wascana ","Regina--Wascana "," 118","Regina",N,N,"",0,682,"Bourgeois","","April","NDP-New Democratic Party","NPD-Nouveau Parti démocratique",N,N,88
47009,"Regina--Wascana ","Regina--Wascana "," 118","Regina",N,N,"",0,682,"Goodale","","Ralph","Liberal","Libéral",Y,Y,253
47009,"Regina--Wascana ","Regina--Wascana "," 118","Regina",N,N,"",0,682,"Kram","","Michael","Conservative","Conservateur",N,N,117
47009,"Regina--Wascana ","Regina--Wascana "," 118","Regina",N,N,"",0,682,"Simonson","","Frances","Green Party","Parti Vert",N,N,11
47009,"Regina--Wascana ","Regina--Wascana "," 119A","Regina",N,N,"",1,354,"Bourgeois","","April","NDP-New Democratic Party","NPD-Nouveau Parti démocratique",N,N,24
47009,"Regina--Wascana ","Regina--Wascana "," 119A","Regina",N,N,"",1,354,"Goodale","","Ralph","Liberal","Libéral",Y,Y,133
47009,"Regina--Wascana ","Regina--Wascana "," 119A","Regina",N,N,"",1,354,"Kram","","Michael","Conservative","Conservateur",N,N,58
47009,"Regina--Wascana ","Regina--Wascana "," 119A","Regina",N,N,"",1,354,"Simonson","","Frances","Green Party","Parti Vert",N,N,4
47009,"Regina--Wascana ","Regina--Wascana "," 119B","Regina",N,N,"502B",0,75,"Bourgeois","","April","NDP-New Democratic Party","NPD-Nouveau Parti démocratique",N,N,0
47009,"Regina--Wascana ","Regina--Wascana "," 119B","Regina",N,N,"502B",0,75,"Goodale","","Ralph","Liberal","Libéral",Y,Y,0
47009,"Regina--Wascana ","Regina--Wascana "," 119B","Regina",N,N,"502B",0,75,"Kram","","Michael","Conservative","Conservateur",N,N,0
47009,"Regina--Wascana ","Regina--Wascana "," 119B","Regina",N,N,"502B",0,75,"Simonson","","Frances","Green Party","Parti Vert",N,N,0
47009,"Regina--Wascana ","Regina--Wascana "," 120","Regina",N,N,"",0,336,"Bourgeois","","April","NDP-New Democratic Party","NPD-Nouveau Parti démocratique",N,N,28
47009,"Regina--Wascana ","Regina--Wascana "," 120","Regina",N,N,"",0,336,"Goodale","","Ralph","Liberal","Libéral",Y,Y,71
47009,"Regina--Wascana ","Regina--Wascana "," 120","Regina",N,N,"",0,336,"Kram","","Michael","Conservative","Conservateur",N,N,29
47009,"Regina--Wascana ","Regina--Wascana "," 120","Regina",N,N,"",0,336,"Simonson","","Frances","Green Party","Parti Vert",N,N,7
47009,"Regina--Wascana ","Regina--Wascana "," 121","Regina",N,N,"",1,335,"Bourgeois","","April","NDP-New Democratic Party","NPD-Nouveau Parti démocratique",N,N,16
47009,"Regina--Wascana ","Regina--Wascana "," 121","Regina",N,N,"",1,335,"Goodale","","Ralph","Liberal","Libéral",Y,Y,117
47009,"Regina--Wascana ","Regina--Wascana "," 121","Regina",N,N,"",1,335,"Kram","","Michael","Conservative","Conservateur",N,N,60
47009,"Regina--Wascana ","Regina--Wascana "," 121","Regina",N,N,"",1,335,"Simonson","","Frances","Green Party","Parti Vert",N,N,6
47009,"Regina--Wascana ","Regina--Wascana "," 122","Regina",N,N,"",1,227,"Bourgeois","","April","NDP-New Democratic Party","NPD-Nouveau Parti démocratique",N,N,10
47009,"Regina--Wascana ","Regina--Wascana "," 122","Regina",N,N,"",1,227,"Goodale","","Ralph","Liberal","Libéral",Y,Y,101
47009,"Regina--Wascana ","Regina--Wascana "," 122","Regina",N,N,"",1,227,"Kram","","Michael","Conservative","Conservateur",N,N,34
47009,"Regina--Wascana ","Regina--Wascana "," 122","Regina",N,N,"",1,227,"Simonson","","Frances","Green Party","Parti Vert",N,N,2
47009,"Regina--Wascana ","Regina--Wascana "," 122-1","Regina",N,N,"",2,348,"Bourgeois","","April","NDP-New Democratic Party","NPD-Nouveau Parti démocratique",N,N,31
47009,"Regina--Wascana ","Regina--Wascana "," 122-1","Regina",N,N,"",2,348,"Goodale","","Ralph","Liberal","Libéral",Y,Y,133
47009,"Regina--Wascana ","Regina--Wascana "," 122-1","Regina",N,N,"",2,348,"Kram","","Michael","Conservative","Conservateur",N,N,69
47009,"Regina--Wascana ","Regina--Wascana "," 122-1","Regina",N,N,"",2,348,"Simonson","","Frances","Green Party","Parti Vert",N,N,1
47009,"Regina--Wascana ","Regina--Wascana "," 123","Regina",N,N,"",1,375,"Bourgeois","","April","NDP-New Democratic Party","NPD-Nouveau Parti démocratique",N,N,19
47009,"Regina--Wascana ","Regina--Wascana "," 123","Regina",N,N,"",1,375,"Goodale","","Ralph","Liberal","Libéral",Y,Y,144
47009,"Regina--Wascana ","Regina--Wascana "," 123","Regina",N,N,"",1,375,"Kram","","Michael","Conservative","Conservateur",N,N,63
47009,"Regina--Wascana ","Regina--Wascana "," 123","Regina",N,N,"",1,375,"Simonson","","Frances","Green Party","Parti Vert",N,N,3
47009,"Regina--Wascana ","Regina--Wascana "," 124","Regina",N,N,"",2,466,"Bourgeois","","April","NDP-New Democratic Party","NPD-Nouveau Parti démocratique",N,N,42
47009,"Regina--Wascana ","Regina--Wascana "," 124","Regina",N,N,"",2,466,"Goodale","","Ralph","Liberal","Libéral",Y,Y,117
47009,"Regina--Wascana ","Regina--Wascana "," 124","Regina",N,N,"",2,466,"Kram","","Michael","Conservative","Conservateur",N,N,70
47009,"Regina--Wascana ","Regina--Wascana "," 124","Regina",N,N,"",2,466,"Simonson","","Frances","Green Party","Parti Vert",N,N,3
47009,"Regina--Wascana ","Regina--Wascana "," 125","Regina",N,N,"",0,358,"Bourgeois","","April","NDP-New Democratic Party","NPD-Nouveau Parti démocratique",N,N,19
47009,"Regina--Wascana ","Regina--Wascana "," 125","Regina",N,N,"",0,358,"Goodale","","Ralph","Liberal","Libéral",Y,Y,136
47009,"Regina--Wascana ","Regina--Wascana "," 125","Regina",N,N,"",0,358,"Kram","","Michael","Conservative","Conservateur",N,N,45
47009,"Regina--Wascana ","Regina--Wascana "," 125","Regina",N,N,"",0,358,"Simonson","","Frances","Green Party","Parti Vert",N,N,6
47009,"Regina--Wascana ","Regina--Wascana "," 126","Regina",N,N,"",1,467,"Bourgeois","","April","NDP-New Democratic Party","NPD-Nouveau Parti démocratique",N,N,15
47009,"Regina--Wascana ","Regina--Wascana "," 126","Regina",N,N,"",1,467,"Goodale","","Ralph","Liberal","Libéral",Y,Y,144
47009,"Regina--Wascana ","Regina--Wascana "," 126","Regina",N,N,"",1,467,"Kram","","Michael","Conservative","Conservateur",N,N,87
47009,"Regina--Wascana ","Regina--Wascana "," 126","Regina",N,N,"",1,467,"Simonson","","Frances","Green Party","Parti Vert",N,N,7
47009,"Regina--Wascana ","Regina--Wascana "," 127","Regina",N,N,"",2,395,"Bourgeois","","April","NDP-New Democratic Party","NPD-Nouveau Parti démocratique",N,N,14
47009,"Regina--Wascana ","Regina--Wascana "," 127","Regina",N,N,"",2,395,"Goodale","","Ralph","Liberal","Libéral",Y,Y,125
47009,"Regina--Wascana ","Regina--Wascana "," 127","Regina",N,N,"",2,395,"Kram","","Michael","Conservative","Conservateur",N,N,46
47009,"Regina--Wascana ","Regina--Wascana "," 127","Regina",N,N,"",2,395,"Simonson","","Frances","Green Party","Parti Vert",N,N,4
47009,"Regina--Wascana ","Regina--Wascana "," 128","Regina",N,N,"",1,473,"Bourgeois","","April","NDP-New Democratic Party","NPD-Nouveau Parti démocratique",N,N,22
47009,"Regina--Wascana ","Regina--Wascana "," 128","Regina",N,N,"",1,473,"Goodale","","Ralph","Liberal","Libéral",Y,Y,162
47009,"Regina--Wascana ","Regina--Wascana "," 128","Regina",N,N,"",1,473,"Kram","","Michael","Conservative","Conservateur",N,N,67
47009,"Regina--Wascana ","Regina--Wascana "," 128","Regina",N,N,"",1,473,"Simonson","","Frances","Green Party","Parti Vert",N,N,5
47009,"Regina--Wascana ","Regina--Wascana "," 129","Regina",N,N,"",0,371,"Bourgeois","","April","NDP-New Democratic Party","NPD-Nouveau Parti démocratique",N,N,33
47009,"Regina--Wascana ","Regina--Wascana "," 129","Regina",N,N,"",0,371,"Goodale","","Ralph","Liberal","Libéral",Y,Y,142
47009,"Regina--Wascana ","Regina--Wascana "," 129","Regina",N,N,"",0,371,"Kram","","Michael","Conservative","Conservateur",N,N,41
47009,"Regina--Wascana ","Regina--Wascana "," 129","Regina",N,N,"",0,371,"Simonson","","Frances","Green Party","Parti Vert",N,N,8
47009,"Regina--Wascana ","Regina--Wascana "," 130","Regina",N,N,"",0,396,"Bourgeois","","April","NDP-New Democratic Party","NPD-Nouveau Parti démocratique",N,N,17
47009,"Regina--Wascana ","Regina--Wascana "," 130","Regina",N,N,"",0,396,"Goodale","","Ralph","Liberal","Libéral",Y,Y,149
47009,"Regina--Wascana ","Regina--Wascana "," 130","Regina",N,N,"",0,396,"Kram","","Michael","Conservative","Conservateur",N,N,76
47009,"Regina--Wascana ","Regina--Wascana "," 130","Regina",N,N,"",0,396,"Simonson","","Frances","Green Party","Parti Vert",N,N,1
47009,"Regina--Wascana ","Regina--Wascana "," 131","Regina",N,N,"",0,376,"Bourgeois","","April","NDP-New Democratic Party","NPD-Nouveau Parti démocratique",N,N,22
47009,"Regina--Wascana ","Regina--Wascana "," 131","Regina",N,N,"",0,376,"Goodale","","Ralph","Liberal","Libéral",Y,Y,154
47009,"Regina--Wascana ","Regina--Wascana "," 131","Regina",N,N,"",0,376,"Kram","","Michael","Conservative","Conservateur",N,N,59
47009,"Regina--Wascana ","Regina--Wascana "," 131","Regina",N,N,"",0,376,"Simonson","","Frances","Green Party","Parti Vert",N,N,5
47009,"Regina--Wascana ","Regina--Wascana "," 132","Regina",N,N,"",0,454,"Bourgeois","","April","NDP-New Democratic Party","NPD-Nouveau Parti démocratique",N,N,28
47009,"Regina--Wascana ","Regina--Wascana "," 132","Regina",N,N,"",0,454,"Goodale","","Ralph","Liberal","Libéral",Y,Y,162
47009,"Regina--Wascana ","Regina--Wascana "," 132","Regina",N,N,"",0,454,"Kram","","Michael","Conservative","Conservateur",N,N,81
47009,"Regina--Wascana ","Regina--Wascana "," 132","Regina",N,N,"",0,454,"Simonson","","Frances","Green Party","Parti Vert",N,N,8
47009,"Regina--Wascana ","Regina--Wascana "," 133","Regina",N,N,"",0,425,"Bourgeois","","April","NDP-New Democratic Party","NPD-Nouveau Parti démocratique",N,N,27
47009,"Regina--Wascana ","Regina--Wascana "," 133","Regina",N,N,"",0,425,"Goodale","","Ralph","Liberal","Libéral",Y,Y,172
47009,"Regina--Wascana ","Regina--Wascana "," 133","Regina",N,N,"",0,425,"Kram","","Michael","Conservative","Conservateur",N,N,67
47009,"Regina--Wascana ","Regina--Wascana "," 133","Regina",N,N,"",0,425,"Simonson","","Frances","Green Party","Parti Vert",N,N,8
47009,"Regina--Wascana ","Regina--Wascana "," 134","Regina",N,N,"",0,421,"Bourgeois","","April","NDP-New Democratic Party","NPD-Nouveau Parti démocratique",N,N,30
47009,"Regina--Wascana ","Regina--Wascana "," 134","Regina",N,N,"",0,421,"Goodale","","Ralph","Liberal","Libéral",Y,Y,160
47009,"Regina--Wascana ","Regina--Wascana "," 134","Regina",N,N,"",0,421,"Kram","","Michael","Conservative","Conservateur",N,N,64
47009,"Regina--Wascana ","Regina--Wascana "," 134","Regina",N,N,"",0,421,"Simonson","","Frances","Green Party","Parti Vert",N,N,8
47009,"Regina--Wascana ","Regina--Wascana "," 135","Regina",N,N,"",0,415,"Bourgeois","","April","NDP-New Democratic Party","NPD-Nouveau Parti démocratique",N,N,27
47009,"Regina--Wascana ","Regina--Wascana "," 135","Regina",N,N,"",0,415,"Goodale","","Ralph","Liberal","Libéral",Y,Y,157
47009,"Regina--Wascana ","Regina--Wascana "," 135","Regina",N,N,"",0,415,"Kram","","Michael","Conservative","Conservateur",N,N,86
47009,"Regina--Wascana ","Regina--Wascana "," 135","Regina",N,N,"",0,415,"Simonson","","Frances","Green Party","Parti Vert",N,N,6
47009,"Regina--Wascana ","Regina--Wascana "," 400","Regina",N,N,"",0,159,"Bourgeois","","April","NDP-New Democratic Party","NPD-Nouveau Parti démocratique",N,N,14
47009,"Regina--Wascana ","Regina--Wascana "," 400","Regina",N,N,"",0,159,"Goodale","","Ralph","Liberal","Libéral",Y,Y,75
47009,"Regina--Wascana ","Regina--Wascana "," 400","Regina",N,N,"",0,159,"Kram","","Michael","Conservative","Conservateur",N,N,38
47009,"Regina--Wascana ","Regina--Wascana "," 400","Regina",N,N,"",0,159,"Simonson","","Frances","Green Party","Parti Vert",N,N,1
47009,"Regina--Wascana ","Regina--Wascana "," 401","Regina",N,N,"",1,148,"Bourgeois","","April","NDP-New Democratic Party","NPD-Nouveau Parti démocratique",N,N,26
47009,"Regina--Wascana ","Regina--Wascana "," 401","Regina",N,N,"",1,148,"Goodale","","Ralph","Liberal","Libéral",Y,Y,51
47009,"Regina--Wascana ","Regina--Wascana "," 401","Regina",N,N,"",1,148,"Kram","","Michael","Conservative","Conservateur",N,N,37
47009,"Regina--Wascana ","Regina--Wascana "," 401","Regina",N,N,"",1,148,"Simonson","","Frances","Green Party","Parti Vert",N,N,1
47009,"Regina--Wascana ","Regina--Wascana "," 402","Regina",N,N,"",3,149,"Bourgeois","","April","NDP-New Democratic Party","NPD-Nouveau Parti démocratique",N,N,25
47009,"Regina--Wascana ","Regina--Wascana "," 402","Regina",N,N,"",3,149,"Goodale","","Ralph","Liberal","Libéral",Y,Y,63
47009,"Regina--Wascana ","Regina--Wascana "," 402","Regina",N,N,"",3,149,"Kram","","Michael","Conservative","Conservateur",N,N,14
47009,"Regina--Wascana ","Regina--Wascana "," 402","Regina",N,N,"",3,149,"Simonson","","Frances","Green Party","Parti Vert",N,N,4
47009,"Regina--Wascana ","Regina--Wascana "," 403","Regina",N,N,"",1,145,"Bourgeois","","April","NDP-New Democratic Party","NPD-Nouveau Parti démocratique",N,N,18
47009,"Regina--Wascana ","Regina--Wascana "," 403","Regina",N,N,"",1,145,"Goodale","","Ralph","Liberal","Libéral",Y,Y,62
47009,"Regina--Wascana ","Regina--Wascana "," 403","Regina",N,N,"",1,145,"Kram","","Michael","Conservative","Conservateur",N,N,38
47009,"Regina--Wascana ","Regina--Wascana "," 403","Regina",N,N,"",1,145,"Simonson","","Frances","Green Party","Parti Vert",N,N,0
47009,"Regina--Wascana ","Regina--Wascana "," 404","Regina",N,N,"",2,132,"Bourgeois","","April","NDP-New Democratic Party","NPD-Nouveau Parti démocratique",N,N,25
47009,"Regina--Wascana ","Regina--Wascana "," 404","Regina",N,N,"",2,132,"Goodale","","Ralph","Liberal","Libéral",Y,Y,41
47009,"Regina--Wascana ","Regina--Wascana "," 404","Regina",N,N,"",2,132,"Kram","","Michael","Conservative","Conservateur",N,N,26
47009,"Regina--Wascana ","Regina--Wascana "," 404","Regina",N,N,"",2,132,"Simonson","","Frances","Green Party","Parti Vert",N,N,1
47009,"Regina--Wascana ","Regina--Wascana "," 405","Regina",N,N,"",29,149,"Bourgeois","","April","NDP-New Democratic Party","NPD-Nouveau Parti démocratique",N,N,21
47009,"Regina--Wascana ","Regina--Wascana "," 405","Regina",N,N,"",29,149,"Goodale","","Ralph","Liberal","Libéral",Y,Y,90
47009,"Regina--Wascana ","Regina--Wascana "," 405","Regina",N,N,"",29,149,"Kram","","Michael","Conservative","Conservateur",N,N,35
47009,"Regina--Wascana ","Regina--Wascana "," 405","Regina",N,N,"",29,149,"Simonson","","Frances","Green Party","Parti Vert",N,N,0
47009,"Regina--Wascana ","Regina--Wascana "," 406","Regina",N,N,"",0,124,"Bourgeois","","April","NDP-New Democratic Party","NPD-Nouveau Parti démocratique",N,N,11
47009,"Regina--Wascana ","Regina--Wascana "," 406","Regina",N,N,"",0,124,"Goodale","","Ralph","Liberal","Libéral",Y,Y,52
47009,"Regina--Wascana ","Regina--Wascana "," 406","Regina",N,N,"",0,124,"Kram","","Michael","Conservative","Conservateur",N,N,41
47009,"Regina--Wascana ","Regina--Wascana "," 406","Regina",N,N,"",0,124,"Simonson","","Frances","Green Party","Parti Vert",N,N,5
47009,"Regina--Wascana ","Regina--Wascana "," 407","Regina",N,N,"",1,241,"Bourgeois","","April","NDP-New Democratic Party","NPD-Nouveau Parti démocratique",N,N,25
47009,"Regina--Wascana ","Regina--Wascana "," 407","Regina",N,N,"",1,241,"Goodale","","Ralph","Liberal","Libéral",Y,Y,65
47009,"Regina--Wascana ","Regina--Wascana "," 407","Regina",N,N,"",1,241,"Kram","","Michael","Conservative","Conservateur",N,N,25
47009,"Regina--Wascana ","Regina--Wascana "," 407","Regina",N,N,"",1,241,"Simonson","","Frances","Green Party","Parti Vert",N,N,8
47009,"Regina--Wascana ","Regina--Wascana "," 500","Mobile poll/Bureau itinérant",N,N,"",2,141,"Bourgeois","","April","NDP-New Democratic Party","NPD-Nouveau Parti démocratique",N,N,23
47009,"Regina--Wascana ","Regina--Wascana "," 500","Mobile poll/Bureau itinérant",N,N,"",2,141,"Goodale","","Ralph","Liberal","Libéral",Y,Y,32
47009,"Regina--Wascana ","Regina--Wascana "," 500","Mobile poll/Bureau itinérant",N,N,"",2,141,"Kram","","Michael","Conservative","Conservateur",N,N,45
47009,"Regina--Wascana ","Regina--Wascana "," 500","Mobile poll/Bureau itinérant",N,N,"",2,141,"Simonson","","Frances","Green Party","Parti Vert",N,N,1
47009,"Regina--Wascana ","Regina--Wascana "," 501","Mobile poll/Bureau itinérant",N,N,"",1,204,"Bourgeois","","April","NDP-New Democratic Party","NPD-Nouveau Parti démocratique",N,N,25
47009,"Regina--Wascana ","Regina--Wascana "," 501","Mobile poll/Bureau itinérant",N,N,"",1,204,"Goodale","","Ralph","Liberal","Libéral",Y,Y,67
47009,"Regina--Wascana ","Regina--Wascana "," 501","Mobile poll/Bureau itinérant",N,N,"",1,204,"Kram","","Michael","Conservative","Conservateur",N,N,61
47009,"Regina--Wascana ","Regina--Wascana "," 501","Mobile poll/Bureau itinérant",N,N,"",1,204,"Simonson","","Frances","Green Party","Parti Vert",N,N,3
47009,"Regina--Wascana ","Regina--Wascana "," 502A","Mobile poll/Bureau itinérant",N,N,"",0,61,"Bourgeois","","April","NDP-New Democratic Party","NPD-Nouveau Parti démocratique",N,N,11
47009,"Regina--Wascana ","Regina--Wascana "," 502A","Mobile poll/Bureau itinérant",N,N,"",0,61,"Goodale","","Ralph","Liberal","Libéral",Y,Y,51
47009,"Regina--Wascana ","Regina--Wascana "," 502A","Mobile poll/Bureau itinérant",N,N,"",0,61,"Kram","","Michael","Conservative","Conservateur",N,N,48
47009,"Regina--Wascana ","Regina--Wascana "," 502A","Mobile poll/Bureau itinérant",N,N,"",0,61,"Simonson","","Frances","Green Party","Parti Vert",N,N,0
47009,"Regina--Wascana ","Regina--Wascana "," 502B","Regina",N,N,"",0,20,"Bourgeois","","April","NDP-New Democratic Party","NPD-Nouveau Parti démocratique",N,N,13
47009,"Regina--Wascana ","Regina--Wascana "," 502B","Regina",N,N,"",0,20,"Goodale","","Ralph","Liberal","Libéral",Y,Y,39
47009,"Regina--Wascana ","Regina--Wascana "," 502B","Regina",N,N,"",0,20,"Kram","","Michael","Conservative","Conservateur",N,N,23
47009,"Regina--Wascana ","Regina--Wascana "," 502B","Regina",N,N,"",0,20,"Simonson","","Frances","Green Party","Parti Vert",N,N,2
47009,"Regina--Wascana ","Regina--Wascana "," 503","Mobile poll/Bureau itinérant",N,N,"",1,172,"Bourgeois","","April","NDP-New Democratic Party","NPD-Nouveau Parti démocratique",N,N,21
47009,"Regina--Wascana ","Regina--Wascana "," 503","Mobile poll/Bureau itinérant",N,N,"",1,172,"Goodale","","Ralph","Liberal","Libéral",Y,Y,57
47009,"Regina--Wascana ","Regina--Wascana "," 503","Mobile poll/Bureau itinérant",N,N,"",1,172,"Kram","","Michael","Conservative","Conservateur",N,N,22
47009,"Regina--Wascana ","Regina--Wascana "," 503","Mobile poll/Bureau itinérant",N,N,"",1,172,"Simonson","","Frances","Green Party","Parti Vert",N,N,3
47009,"Regina--Wascana ","Regina--Wascana "," 504","Mobile poll/Bureau itinérant",N,N,"",0,152,"Bourgeois","","April","NDP-New Democratic Party","NPD-Nouveau Parti démocratique",N,N,16
47009,"Regina--Wascana ","Regina--Wascana "," 504","Mobile poll/Bureau itinérant",N,N,"",0,152,"Goodale","","Ralph","Liberal","Libéral",Y,Y,48
47009,"Regina--Wascana ","Regina--Wascana "," 504","Mobile poll/Bureau itinérant",N,N,"",0,152,"Kram","","Michael","Conservative","Conservateur",N,N,47
47009,"Regina--Wascana ","Regina--Wascana "," 504","Mobile poll/Bureau itinérant",N,N,"",0,152,"Simonson","","Frances","Green Party","Parti Vert",N,N,0
47009,"Regina--Wascana ","Regina--Wascana "," 505","Mobile poll/Bureau itinérant",N,N,"",2,151,"Bourgeois","","April","NDP-New Democratic Party","NPD-Nouveau Parti démocratique",N,N,26
47009,"Regina--Wascana ","Regina--Wascana "," 505","Mobile poll/Bureau itinérant",N,N,"",2,151,"Goodale","","Ralph","Liberal","Libéral",Y,Y,38
47009,"Regina--Wascana ","Regina--Wascana "," 505","Mobile poll/Bureau itinérant",N,N,"",2,151,"Kram","","Michael","Conservative","Conservateur",N,N,16
47009,"Regina--Wascana ","Regina--Wascana "," 505","Mobile poll/Bureau itinérant",N,N,"",2,151,"Simonson","","Frances","Green Party","Parti Vert",N,N,5
47009,"Regina--Wascana ","Regina--Wascana "," 506","Mobile poll/Bureau itinérant",N,N,"",1,187,"Bourgeois","","April","NDP-New Democratic Party","NPD-Nouveau Parti démocratique",N,N,21
47009,"Regina--Wascana ","Regina--Wascana "," 506","Mobile poll/Bureau itinérant",N,N,"",1,187,"Goodale","","Ralph","Liberal","Libéral",Y,Y,80
47009,"Regina--Wascana ","Regina--Wascana "," 506","Mobile poll/Bureau itinérant",N,N,"",1,187,"Kram","","Michael","Conservative","Conservateur",N,N,47
47009,"Regina--Wascana ","Regina--Wascana "," 506","Mobile poll/Bureau itinérant",N,N,"",1,187,"Simonson","","Frances","Green Party","Parti Vert",N,N,0
47009,"Regina--Wascana ","Regina--Wascana "," 507","Mobile poll/Bureau itinérant",N,N,"",2,168,"Bourgeois","","April","NDP-New Democratic Party","NPD-Nouveau Parti démocratique",N,N,27
47009,"Regina--Wascana ","Regina--Wascana "," 507","Mobile poll/Bureau itinérant",N,N,"",2,168,"Goodale","","Ralph","Liberal","Libéral",Y,Y,57
47009,"Regina--Wascana ","Regina--Wascana "," 507","Mobile poll/Bureau itinérant",N,N,"",2,168,"Kram","","Michael","Conservative","Conservateur",N,N,33
47009,"Regina--Wascana ","Regina--Wascana "," 507","Mobile poll/Bureau itinérant",N,N,"",2,168,"Simonson","","Frances","Green Party","Parti Vert",N,N,0
47009,"Regina--Wascana ","Regina--Wascana "," 600","Regina",N,N,"",0,0,"Bourgeois","","April","NDP-New Democratic Party","NPD-Nouveau Parti démocratique",N,N,117
47009,"Regina--Wascana ","Regina--Wascana "," 600","Regina",N,N,"",0,0,"Goodale","","Ralph","Liberal","Libéral",Y,Y,321
47009,"Regina--Wascana ","Regina--Wascana "," 600","Regina",N,N,"",0,0,"Kram","","Michael","Conservative","Conservateur",N,N,89
47009,"Regina--Wascana ","Regina--Wascana "," 600","Regina",N,N,"",0,0,"Simonson","","Frances","Green Party","Parti Vert",N,N,30
47009,"Regina--Wascana ","Regina--Wascana "," 601","Regina",N,N,"",0,0,"Bourgeois","","April","NDP-New Democratic Party","NPD-Nouveau Parti démocratique",N,N,94
47009,"Regina--Wascana ","Regina--Wascana "," 601","Regina",N,N,"",0,0,"Goodale","","Ralph","Liberal","Libéral",Y,Y,254
47009,"Regina--Wascana ","Regina--Wascana "," 601","Regina",N,N,"",0,0,"Kram","","Michael","Conservative","Conservateur",N,N,156
47009,"Regina--Wascana ","Regina--Wascana "," 601","Regina",N,N,"",0,0,"Simonson","","Frances","Green Party","Parti Vert",N,N,11
47009,"Regina--Wascana ","Regina--Wascana "," 602","Regina",N,N,"",2,0,"Bourgeois","","April","NDP-New Democratic Party","NPD-Nouveau Parti démocratique",N,N,91
47009,"Regina--Wascana ","Regina--Wascana "," 602","Regina",N,N,"",2,0,"Goodale","","Ralph","Liberal","Libéral",Y,Y,344
47009,"Regina--Wascana ","Regina--Wascana "," 602","Regina",N,N,"",2,0,"Kram","","Michael","Conservative","Conservateur",N,N,262
47009,"Regina--Wascana ","Regina--Wascana "," 602","Regina",N,N,"",2,0,"Simonson","","Frances","Green Party","Parti Vert",N,N,19
47009,"Regina--Wascana ","Regina--Wascana "," 603","Regina",N,N,"",3,0,"Bourgeois","","April","NDP-New Democratic Party","NPD-Nouveau Parti démocratique",N,N,87
47009,"Regina--Wascana ","Regina--Wascana "," 603","Regina",N,N,"",3,0,"Goodale","","Ralph","Liberal","Libéral",Y,Y,593
47009,"Regina--Wascana ","Regina--Wascana "," 603","Regina",N,N,"",3,0,"Kram","","Michael","Conservative","Conservateur",N,N,324
47009,"Regina--Wascana ","Regina--Wascana "," 603","Regina",N,N,"",3,0,"Simonson","","Frances","Green Party","Parti Vert",N,N,11
47009,"Regina--Wascana ","Regina--Wascana "," 604","Regina",N,N,"",1,0,"Bourgeois","","April","NDP-New Democratic Party","NPD-Nouveau Parti démocratique",N,N,128
47009,"Regina--Wascana ","Regina--Wascana "," 604","Regina",N,N,"",1,0,"Goodale","","Ralph","Liberal","Libéral",Y,Y,370
47009,"Regina--Wascana ","Regina--Wascana "," 604","Regina",N,N,"",1,0,"Kram","","Michael","Conservative","Conservateur",N,N,150
47009,"Regina--Wascana ","Regina--Wascana "," 604","Regina",N,N,"",1,0,"Simonson","","Frances","Green Party","Parti Vert",N,N,18
47009,"Regina--Wascana ","Regina--Wascana "," 605","Regina",N,N,"",1,0,"Bourgeois","","April","NDP-New Democratic Party","NPD-Nouveau Parti démocratique",N,N,90
47009,"Regina--Wascana ","Regina--Wascana "," 605","Regina",N,N,"",1,0,"Goodale","","Ralph","Liberal","Libéral",Y,Y,540
47009,"Regina--Wascana ","Regina--Wascana "," 605","Regina",N,N,"",1,0,"Kram","","Michael","Conservative","Conservateur",N,N,199
47009,"Regina--Wascana ","Regina--Wascana "," 605","Regina",N,N,"",1,0,"Simonson","","Frances","Green Party","Parti Vert",N,N,15
47009,"Regina--Wascana ","Regina--Wascana "," 606","Regina",N,N,"",1,0,"Bourgeois","","April","NDP-New Democratic Party","NPD-Nouveau Parti démocratique",N,N,101
47009,"Regina--Wascana ","Regina--Wascana "," 606","Regina",N,N,"",1,0,"Goodale","","Ralph","Liberal","Libéral",Y,Y,580
47009,"Regina--Wascana ","Regina--Wascana "," 606","Regina",N,N,"",1,0,"Kram","","Michael","Conservative","Conservateur",N,N,231
47009,"Regina--Wascana ","Regina--Wascana "," 606","Regina",N,N,"",1,0,"Simonson","","Frances","Green Party","Parti Vert",N,N,15
47009,"Regina--Wascana ","Regina--Wascana "," 607","Regina",N,N,"",2,0,"Bourgeois","","April","NDP-New Democratic Party","NPD-Nouveau Parti démocratique",N,N,56
47009,"Regina--Wascana ","Regina--Wascana "," 607","Regina",N,N,"",2,0,"Goodale","","Ralph","Liberal","Libéral",Y,Y,718
47009,"Regina--Wascana ","Regina--Wascana "," 607","Regina",N,N,"",2,0,"Kram","","Michael","Conservative","Conservateur",N,N,456
47009,"Regina--Wascana ","Regina--Wascana "," 607","Regina",N,N,"",2,0,"Simonson","","Frances","Green Party","Parti Vert",N,N,15
47009,"Regina--Wascana ","Regina--Wascana "," 608","Regina",N,N,"",1,0,"Bourgeois","","April","NDP-New Democratic Party","NPD-Nouveau Parti démocratique",N,N,88
47009,"Regina--Wascana ","Regina--Wascana "," 608","Regina",N,N,"",1,0,"Goodale","","Ralph","Liberal","Libéral",Y,Y,585
47009,"Regina--Wascana ","Regina--Wascana "," 608","Regina",N,N,"",1,0,"Kram","","Michael","Conservative","Conservateur",N,N,494
47009,"Regina--Wascana ","Regina--Wascana "," 608","Regina",N,N,"",1,0,"Simonson","","Frances","Green Party","Parti Vert",N,N,14
47009,"Regina--Wascana ","Regina--Wascana "," S/R 1","SVR Group 1/RÉS Groupe 1",N,N,"",11,122,"Bourgeois","","April","NDP-New Democratic Party","NPD-Nouveau Parti démocratique",N,N,15
47009,"Regina--Wascana ","Regina--Wascana "," S/R 1","SVR Group 1/RÉS Groupe 1",N,N,"",11,122,"Goodale","","Ralph","Liberal","Libéral",Y,Y,81
47009,"Regina--Wascana ","Regina--Wascana "," S/R 1","SVR Group 1/RÉS Groupe 1",N,N,"",11,122,"Kram","","Michael","Conservative","Conservateur",N,N,13
47009,"Regina--Wascana ","Regina--Wascana "," S/R 1","SVR Group 1/RÉS Groupe 1",N,N,"",11,122,"Simonson","","Frances","Green Party","Parti Vert",N,N,7
47009,"Regina--Wascana ","Regina--Wascana "," S/R 2","SVR Group 2/RÉS Groupe 2",N,N,"",21,0,"Bourgeois","","April","NDP-New Democratic Party","NPD-Nouveau Parti démocratique",N,N,214
47009,"Regina--Wascana ","Regina--Wascana "," S/R 2","SVR Group 2/RÉS Groupe 2",N,N,"",21,0,"Goodale","","Ralph","Liberal","Libéral",Y,Y,861
47009,"Regina--Wascana ","Regina--Wascana "," S/R 2","SVR Group 2/RÉS Groupe 2",N,N,"",21,0,"Kram","","Michael","Conservative","Conservateur",N,N,365
47009,"Regina--Wascana ","Regina--Wascana "," S/R 2","SVR Group 2/RÉS Groupe 2",N,N,"",21,0,"Simonson","","Frances","Green Party","Parti Vert",N,N,34
