﻿Electoral District Number/Numéro de circonscription,Electoral District Name_English/Nom de circonscription_Anglais,Electoral District Name_French/Nom de circonscription_Français,Polling Station Number/Numéro du bureau de scrutin,Polling Station Name/Nom du bureau de scrutin,Void Poll Indicator/Indicateur de bureau supprimé,No Poll Held Indicator/Indicateur de bureau sans scrutin,Merge With/Fusionné avec,Rejected Ballots for Polling Station/Bulletins rejetés du bureau,Electors for Polling Station/Électeurs du bureau,Candidate’s Family Name/Nom de famille du candidat,Candidate’s Middle Name/Second prénom du candidat,Candidate’s First Name/Prénom du candidat,Political Affiliation Name_English/Appartenance politique_Anglais,Political Affiliation Name_French/Appartenance politique_Français,Incumbent Indicator/Indicateur_Candidat sortant,Elected Candidate Indicator/Indicateur du candidat élu,Candidate Poll Votes Count/Votes du candidat pour le bureau
35012,"Brampton West","Brampton-Ouest"," 1","Brampton",N,N,"",0,412,"Gobinath","","Karthika","Green Party","Parti Vert",N,N,5
35012,"Brampton West","Brampton-Ouest"," 1","Brampton",N,N,"",0,412,"Khera","","Kamal","Liberal","Libéral",N,Y,120
35012,"Brampton West","Brampton-Ouest"," 1","Brampton",N,N,"",0,412,"Patterson","","Adaoma","NDP-New Democratic Party","NPD-Nouveau Parti démocratique",N,N,16
35012,"Brampton West","Brampton-Ouest"," 1","Brampton",N,N,"",0,412,"Thind","","Ninder","Conservative","Conservateur",N,N,50
35012,"Brampton West","Brampton-Ouest"," 2","Brampton",N,N,"",3,452,"Gobinath","","Karthika","Green Party","Parti Vert",N,N,4
35012,"Brampton West","Brampton-Ouest"," 2","Brampton",N,N,"",3,452,"Khera","","Kamal","Liberal","Libéral",N,Y,113
35012,"Brampton West","Brampton-Ouest"," 2","Brampton",N,N,"",3,452,"Patterson","","Adaoma","NDP-New Democratic Party","NPD-Nouveau Parti démocratique",N,N,31
35012,"Brampton West","Brampton-Ouest"," 2","Brampton",N,N,"",3,452,"Thind","","Ninder","Conservative","Conservateur",N,N,74
35012,"Brampton West","Brampton-Ouest"," 3","Brampton",N,N,"",0,469,"Gobinath","","Karthika","Green Party","Parti Vert",N,N,3
35012,"Brampton West","Brampton-Ouest"," 3","Brampton",N,N,"",0,469,"Khera","","Kamal","Liberal","Libéral",N,Y,91
35012,"Brampton West","Brampton-Ouest"," 3","Brampton",N,N,"",0,469,"Patterson","","Adaoma","NDP-New Democratic Party","NPD-Nouveau Parti démocratique",N,N,12
35012,"Brampton West","Brampton-Ouest"," 3","Brampton",N,N,"",0,469,"Thind","","Ninder","Conservative","Conservateur",N,N,84
35012,"Brampton West","Brampton-Ouest"," 4","Brampton",N,N,"",3,471,"Gobinath","","Karthika","Green Party","Parti Vert",N,N,5
35012,"Brampton West","Brampton-Ouest"," 4","Brampton",N,N,"",3,471,"Khera","","Kamal","Liberal","Libéral",N,Y,130
35012,"Brampton West","Brampton-Ouest"," 4","Brampton",N,N,"",3,471,"Patterson","","Adaoma","NDP-New Democratic Party","NPD-Nouveau Parti démocratique",N,N,18
35012,"Brampton West","Brampton-Ouest"," 4","Brampton",N,N,"",3,471,"Thind","","Ninder","Conservative","Conservateur",N,N,73
35012,"Brampton West","Brampton-Ouest"," 5","Brampton",N,N,"",1,510,"Gobinath","","Karthika","Green Party","Parti Vert",N,N,2
35012,"Brampton West","Brampton-Ouest"," 5","Brampton",N,N,"",1,510,"Khera","","Kamal","Liberal","Libéral",N,Y,138
35012,"Brampton West","Brampton-Ouest"," 5","Brampton",N,N,"",1,510,"Patterson","","Adaoma","NDP-New Democratic Party","NPD-Nouveau Parti démocratique",N,N,27
35012,"Brampton West","Brampton-Ouest"," 5","Brampton",N,N,"",1,510,"Thind","","Ninder","Conservative","Conservateur",N,N,73
35012,"Brampton West","Brampton-Ouest"," 6","Brampton",N,N,"",1,464,"Gobinath","","Karthika","Green Party","Parti Vert",N,N,3
35012,"Brampton West","Brampton-Ouest"," 6","Brampton",N,N,"",1,464,"Khera","","Kamal","Liberal","Libéral",N,Y,144
35012,"Brampton West","Brampton-Ouest"," 6","Brampton",N,N,"",1,464,"Patterson","","Adaoma","NDP-New Democratic Party","NPD-Nouveau Parti démocratique",N,N,25
35012,"Brampton West","Brampton-Ouest"," 6","Brampton",N,N,"",1,464,"Thind","","Ninder","Conservative","Conservateur",N,N,45
35012,"Brampton West","Brampton-Ouest"," 7","Brampton",N,N,"",2,355,"Gobinath","","Karthika","Green Party","Parti Vert",N,N,5
35012,"Brampton West","Brampton-Ouest"," 7","Brampton",N,N,"",2,355,"Khera","","Kamal","Liberal","Libéral",N,Y,101
35012,"Brampton West","Brampton-Ouest"," 7","Brampton",N,N,"",2,355,"Patterson","","Adaoma","NDP-New Democratic Party","NPD-Nouveau Parti démocratique",N,N,36
35012,"Brampton West","Brampton-Ouest"," 7","Brampton",N,N,"",2,355,"Thind","","Ninder","Conservative","Conservateur",N,N,50
35012,"Brampton West","Brampton-Ouest"," 8","Brampton",N,N,"",0,495,"Gobinath","","Karthika","Green Party","Parti Vert",N,N,3
35012,"Brampton West","Brampton-Ouest"," 8","Brampton",N,N,"",0,495,"Khera","","Kamal","Liberal","Libéral",N,Y,119
35012,"Brampton West","Brampton-Ouest"," 8","Brampton",N,N,"",0,495,"Patterson","","Adaoma","NDP-New Democratic Party","NPD-Nouveau Parti démocratique",N,N,37
35012,"Brampton West","Brampton-Ouest"," 8","Brampton",N,N,"",0,495,"Thind","","Ninder","Conservative","Conservateur",N,N,86
35012,"Brampton West","Brampton-Ouest"," 9","Brampton",N,N,"",0,447,"Gobinath","","Karthika","Green Party","Parti Vert",N,N,1
35012,"Brampton West","Brampton-Ouest"," 9","Brampton",N,N,"",0,447,"Khera","","Kamal","Liberal","Libéral",N,Y,115
35012,"Brampton West","Brampton-Ouest"," 9","Brampton",N,N,"",0,447,"Patterson","","Adaoma","NDP-New Democratic Party","NPD-Nouveau Parti démocratique",N,N,33
35012,"Brampton West","Brampton-Ouest"," 9","Brampton",N,N,"",0,447,"Thind","","Ninder","Conservative","Conservateur",N,N,44
35012,"Brampton West","Brampton-Ouest"," 10","Brampton",N,N,"",0,416,"Gobinath","","Karthika","Green Party","Parti Vert",N,N,6
35012,"Brampton West","Brampton-Ouest"," 10","Brampton",N,N,"",0,416,"Khera","","Kamal","Liberal","Libéral",N,Y,107
35012,"Brampton West","Brampton-Ouest"," 10","Brampton",N,N,"",0,416,"Patterson","","Adaoma","NDP-New Democratic Party","NPD-Nouveau Parti démocratique",N,N,20
35012,"Brampton West","Brampton-Ouest"," 10","Brampton",N,N,"",0,416,"Thind","","Ninder","Conservative","Conservateur",N,N,56
35012,"Brampton West","Brampton-Ouest"," 11","Brampton",N,N,"",1,485,"Gobinath","","Karthika","Green Party","Parti Vert",N,N,5
35012,"Brampton West","Brampton-Ouest"," 11","Brampton",N,N,"",1,485,"Khera","","Kamal","Liberal","Libéral",N,Y,108
35012,"Brampton West","Brampton-Ouest"," 11","Brampton",N,N,"",1,485,"Patterson","","Adaoma","NDP-New Democratic Party","NPD-Nouveau Parti démocratique",N,N,34
35012,"Brampton West","Brampton-Ouest"," 11","Brampton",N,N,"",1,485,"Thind","","Ninder","Conservative","Conservateur",N,N,71
35012,"Brampton West","Brampton-Ouest"," 12","Brampton",N,N,"",0,288,"Gobinath","","Karthika","Green Party","Parti Vert",N,N,0
35012,"Brampton West","Brampton-Ouest"," 12","Brampton",N,N,"",0,288,"Khera","","Kamal","Liberal","Libéral",N,Y,80
35012,"Brampton West","Brampton-Ouest"," 12","Brampton",N,N,"",0,288,"Patterson","","Adaoma","NDP-New Democratic Party","NPD-Nouveau Parti démocratique",N,N,15
35012,"Brampton West","Brampton-Ouest"," 12","Brampton",N,N,"",0,288,"Thind","","Ninder","Conservative","Conservateur",N,N,42
35012,"Brampton West","Brampton-Ouest"," 13","Brampton",N,N,"",3,412,"Gobinath","","Karthika","Green Party","Parti Vert",N,N,3
35012,"Brampton West","Brampton-Ouest"," 13","Brampton",N,N,"",3,412,"Khera","","Kamal","Liberal","Libéral",N,Y,100
35012,"Brampton West","Brampton-Ouest"," 13","Brampton",N,N,"",3,412,"Patterson","","Adaoma","NDP-New Democratic Party","NPD-Nouveau Parti démocratique",N,N,28
35012,"Brampton West","Brampton-Ouest"," 13","Brampton",N,N,"",3,412,"Thind","","Ninder","Conservative","Conservateur",N,N,61
35012,"Brampton West","Brampton-Ouest"," 14","Brampton",N,N,"",1,386,"Gobinath","","Karthika","Green Party","Parti Vert",N,N,4
35012,"Brampton West","Brampton-Ouest"," 14","Brampton",N,N,"",1,386,"Khera","","Kamal","Liberal","Libéral",N,Y,101
35012,"Brampton West","Brampton-Ouest"," 14","Brampton",N,N,"",1,386,"Patterson","","Adaoma","NDP-New Democratic Party","NPD-Nouveau Parti démocratique",N,N,15
35012,"Brampton West","Brampton-Ouest"," 14","Brampton",N,N,"",1,386,"Thind","","Ninder","Conservative","Conservateur",N,N,59
35012,"Brampton West","Brampton-Ouest"," 15","Brampton",N,N,"",1,348,"Gobinath","","Karthika","Green Party","Parti Vert",N,N,2
35012,"Brampton West","Brampton-Ouest"," 15","Brampton",N,N,"",1,348,"Khera","","Kamal","Liberal","Libéral",N,Y,80
35012,"Brampton West","Brampton-Ouest"," 15","Brampton",N,N,"",1,348,"Patterson","","Adaoma","NDP-New Democratic Party","NPD-Nouveau Parti démocratique",N,N,22
35012,"Brampton West","Brampton-Ouest"," 15","Brampton",N,N,"",1,348,"Thind","","Ninder","Conservative","Conservateur",N,N,47
35012,"Brampton West","Brampton-Ouest"," 16","Brampton",N,N,"",3,543,"Gobinath","","Karthika","Green Party","Parti Vert",N,N,1
35012,"Brampton West","Brampton-Ouest"," 16","Brampton",N,N,"",3,543,"Khera","","Kamal","Liberal","Libéral",N,Y,149
35012,"Brampton West","Brampton-Ouest"," 16","Brampton",N,N,"",3,543,"Patterson","","Adaoma","NDP-New Democratic Party","NPD-Nouveau Parti démocratique",N,N,31
35012,"Brampton West","Brampton-Ouest"," 16","Brampton",N,N,"",3,543,"Thind","","Ninder","Conservative","Conservateur",N,N,70
35012,"Brampton West","Brampton-Ouest"," 17","Brampton",N,N,"",3,507,"Gobinath","","Karthika","Green Party","Parti Vert",N,N,4
35012,"Brampton West","Brampton-Ouest"," 17","Brampton",N,N,"",3,507,"Khera","","Kamal","Liberal","Libéral",N,Y,124
35012,"Brampton West","Brampton-Ouest"," 17","Brampton",N,N,"",3,507,"Patterson","","Adaoma","NDP-New Democratic Party","NPD-Nouveau Parti démocratique",N,N,40
35012,"Brampton West","Brampton-Ouest"," 17","Brampton",N,N,"",3,507,"Thind","","Ninder","Conservative","Conservateur",N,N,72
35012,"Brampton West","Brampton-Ouest"," 18","Brampton",N,N,"",1,406,"Gobinath","","Karthika","Green Party","Parti Vert",N,N,8
35012,"Brampton West","Brampton-Ouest"," 18","Brampton",N,N,"",1,406,"Khera","","Kamal","Liberal","Libéral",N,Y,113
35012,"Brampton West","Brampton-Ouest"," 18","Brampton",N,N,"",1,406,"Patterson","","Adaoma","NDP-New Democratic Party","NPD-Nouveau Parti démocratique",N,N,19
35012,"Brampton West","Brampton-Ouest"," 18","Brampton",N,N,"",1,406,"Thind","","Ninder","Conservative","Conservateur",N,N,44
35012,"Brampton West","Brampton-Ouest"," 19","Brampton",N,N,"",1,415,"Gobinath","","Karthika","Green Party","Parti Vert",N,N,7
35012,"Brampton West","Brampton-Ouest"," 19","Brampton",N,N,"",1,415,"Khera","","Kamal","Liberal","Libéral",N,Y,110
35012,"Brampton West","Brampton-Ouest"," 19","Brampton",N,N,"",1,415,"Patterson","","Adaoma","NDP-New Democratic Party","NPD-Nouveau Parti démocratique",N,N,36
35012,"Brampton West","Brampton-Ouest"," 19","Brampton",N,N,"",1,415,"Thind","","Ninder","Conservative","Conservateur",N,N,66
35012,"Brampton West","Brampton-Ouest"," 20","Brampton",N,N,"",0,481,"Gobinath","","Karthika","Green Party","Parti Vert",N,N,4
35012,"Brampton West","Brampton-Ouest"," 20","Brampton",N,N,"",0,481,"Khera","","Kamal","Liberal","Libéral",N,Y,102
35012,"Brampton West","Brampton-Ouest"," 20","Brampton",N,N,"",0,481,"Patterson","","Adaoma","NDP-New Democratic Party","NPD-Nouveau Parti démocratique",N,N,32
35012,"Brampton West","Brampton-Ouest"," 20","Brampton",N,N,"",0,481,"Thind","","Ninder","Conservative","Conservateur",N,N,53
35012,"Brampton West","Brampton-Ouest"," 21","Brampton",N,N,"",0,550,"Gobinath","","Karthika","Green Party","Parti Vert",N,N,4
35012,"Brampton West","Brampton-Ouest"," 21","Brampton",N,N,"",0,550,"Khera","","Kamal","Liberal","Libéral",N,Y,144
35012,"Brampton West","Brampton-Ouest"," 21","Brampton",N,N,"",0,550,"Patterson","","Adaoma","NDP-New Democratic Party","NPD-Nouveau Parti démocratique",N,N,37
35012,"Brampton West","Brampton-Ouest"," 21","Brampton",N,N,"",0,550,"Thind","","Ninder","Conservative","Conservateur",N,N,82
35012,"Brampton West","Brampton-Ouest"," 22","Brampton",N,N,"",0,415,"Gobinath","","Karthika","Green Party","Parti Vert",N,N,4
35012,"Brampton West","Brampton-Ouest"," 22","Brampton",N,N,"",0,415,"Khera","","Kamal","Liberal","Libéral",N,Y,102
35012,"Brampton West","Brampton-Ouest"," 22","Brampton",N,N,"",0,415,"Patterson","","Adaoma","NDP-New Democratic Party","NPD-Nouveau Parti démocratique",N,N,9
35012,"Brampton West","Brampton-Ouest"," 22","Brampton",N,N,"",0,415,"Thind","","Ninder","Conservative","Conservateur",N,N,69
35012,"Brampton West","Brampton-Ouest"," 23","Brampton",N,N,"",3,525,"Gobinath","","Karthika","Green Party","Parti Vert",N,N,0
35012,"Brampton West","Brampton-Ouest"," 23","Brampton",N,N,"",3,525,"Khera","","Kamal","Liberal","Libéral",N,Y,127
35012,"Brampton West","Brampton-Ouest"," 23","Brampton",N,N,"",3,525,"Patterson","","Adaoma","NDP-New Democratic Party","NPD-Nouveau Parti démocratique",N,N,18
35012,"Brampton West","Brampton-Ouest"," 23","Brampton",N,N,"",3,525,"Thind","","Ninder","Conservative","Conservateur",N,N,65
35012,"Brampton West","Brampton-Ouest"," 24","Brampton",N,N,"",1,359,"Gobinath","","Karthika","Green Party","Parti Vert",N,N,1
35012,"Brampton West","Brampton-Ouest"," 24","Brampton",N,N,"",1,359,"Khera","","Kamal","Liberal","Libéral",N,Y,102
35012,"Brampton West","Brampton-Ouest"," 24","Brampton",N,N,"",1,359,"Patterson","","Adaoma","NDP-New Democratic Party","NPD-Nouveau Parti démocratique",N,N,8
35012,"Brampton West","Brampton-Ouest"," 24","Brampton",N,N,"",1,359,"Thind","","Ninder","Conservative","Conservateur",N,N,54
35012,"Brampton West","Brampton-Ouest"," 25","Brampton",N,N,"",4,372,"Gobinath","","Karthika","Green Party","Parti Vert",N,N,1
35012,"Brampton West","Brampton-Ouest"," 25","Brampton",N,N,"",4,372,"Khera","","Kamal","Liberal","Libéral",N,Y,85
35012,"Brampton West","Brampton-Ouest"," 25","Brampton",N,N,"",4,372,"Patterson","","Adaoma","NDP-New Democratic Party","NPD-Nouveau Parti démocratique",N,N,21
35012,"Brampton West","Brampton-Ouest"," 25","Brampton",N,N,"",4,372,"Thind","","Ninder","Conservative","Conservateur",N,N,41
35012,"Brampton West","Brampton-Ouest"," 26","Brampton",N,N,"",3,462,"Gobinath","","Karthika","Green Party","Parti Vert",N,N,2
35012,"Brampton West","Brampton-Ouest"," 26","Brampton",N,N,"",3,462,"Khera","","Kamal","Liberal","Libéral",N,Y,116
35012,"Brampton West","Brampton-Ouest"," 26","Brampton",N,N,"",3,462,"Patterson","","Adaoma","NDP-New Democratic Party","NPD-Nouveau Parti démocratique",N,N,31
35012,"Brampton West","Brampton-Ouest"," 26","Brampton",N,N,"",3,462,"Thind","","Ninder","Conservative","Conservateur",N,N,55
35012,"Brampton West","Brampton-Ouest"," 27","Brampton",N,N,"",0,297,"Gobinath","","Karthika","Green Party","Parti Vert",N,N,1
35012,"Brampton West","Brampton-Ouest"," 27","Brampton",N,N,"",0,297,"Khera","","Kamal","Liberal","Libéral",N,Y,60
35012,"Brampton West","Brampton-Ouest"," 27","Brampton",N,N,"",0,297,"Patterson","","Adaoma","NDP-New Democratic Party","NPD-Nouveau Parti démocratique",N,N,27
35012,"Brampton West","Brampton-Ouest"," 27","Brampton",N,N,"",0,297,"Thind","","Ninder","Conservative","Conservateur",N,N,28
35012,"Brampton West","Brampton-Ouest"," 28","Brampton",N,N,"",5,463,"Gobinath","","Karthika","Green Party","Parti Vert",N,N,5
35012,"Brampton West","Brampton-Ouest"," 28","Brampton",N,N,"",5,463,"Khera","","Kamal","Liberal","Libéral",N,Y,92
35012,"Brampton West","Brampton-Ouest"," 28","Brampton",N,N,"",5,463,"Patterson","","Adaoma","NDP-New Democratic Party","NPD-Nouveau Parti démocratique",N,N,30
35012,"Brampton West","Brampton-Ouest"," 28","Brampton",N,N,"",5,463,"Thind","","Ninder","Conservative","Conservateur",N,N,45
35012,"Brampton West","Brampton-Ouest"," 29","Brampton",N,N,"",2,554,"Gobinath","","Karthika","Green Party","Parti Vert",N,N,1
35012,"Brampton West","Brampton-Ouest"," 29","Brampton",N,N,"",2,554,"Khera","","Kamal","Liberal","Libéral",N,Y,128
35012,"Brampton West","Brampton-Ouest"," 29","Brampton",N,N,"",2,554,"Patterson","","Adaoma","NDP-New Democratic Party","NPD-Nouveau Parti démocratique",N,N,22
35012,"Brampton West","Brampton-Ouest"," 29","Brampton",N,N,"",2,554,"Thind","","Ninder","Conservative","Conservateur",N,N,47
35012,"Brampton West","Brampton-Ouest"," 30","Brampton",N,N,"",2,478,"Gobinath","","Karthika","Green Party","Parti Vert",N,N,1
35012,"Brampton West","Brampton-Ouest"," 30","Brampton",N,N,"",2,478,"Khera","","Kamal","Liberal","Libéral",N,Y,111
35012,"Brampton West","Brampton-Ouest"," 30","Brampton",N,N,"",2,478,"Patterson","","Adaoma","NDP-New Democratic Party","NPD-Nouveau Parti démocratique",N,N,12
35012,"Brampton West","Brampton-Ouest"," 30","Brampton",N,N,"",2,478,"Thind","","Ninder","Conservative","Conservateur",N,N,35
35012,"Brampton West","Brampton-Ouest"," 31","Brampton",N,N,"",1,470,"Gobinath","","Karthika","Green Party","Parti Vert",N,N,1
35012,"Brampton West","Brampton-Ouest"," 31","Brampton",N,N,"",1,470,"Khera","","Kamal","Liberal","Libéral",N,Y,116
35012,"Brampton West","Brampton-Ouest"," 31","Brampton",N,N,"",1,470,"Patterson","","Adaoma","NDP-New Democratic Party","NPD-Nouveau Parti démocratique",N,N,26
35012,"Brampton West","Brampton-Ouest"," 31","Brampton",N,N,"",1,470,"Thind","","Ninder","Conservative","Conservateur",N,N,50
35012,"Brampton West","Brampton-Ouest"," 32","Brampton",N,N,"",2,380,"Gobinath","","Karthika","Green Party","Parti Vert",N,N,2
35012,"Brampton West","Brampton-Ouest"," 32","Brampton",N,N,"",2,380,"Khera","","Kamal","Liberal","Libéral",N,Y,97
35012,"Brampton West","Brampton-Ouest"," 32","Brampton",N,N,"",2,380,"Patterson","","Adaoma","NDP-New Democratic Party","NPD-Nouveau Parti démocratique",N,N,16
35012,"Brampton West","Brampton-Ouest"," 32","Brampton",N,N,"",2,380,"Thind","","Ninder","Conservative","Conservateur",N,N,42
35012,"Brampton West","Brampton-Ouest"," 33","Brampton",N,N,"",1,311,"Gobinath","","Karthika","Green Party","Parti Vert",N,N,3
35012,"Brampton West","Brampton-Ouest"," 33","Brampton",N,N,"",1,311,"Khera","","Kamal","Liberal","Libéral",N,Y,85
35012,"Brampton West","Brampton-Ouest"," 33","Brampton",N,N,"",1,311,"Patterson","","Adaoma","NDP-New Democratic Party","NPD-Nouveau Parti démocratique",N,N,11
35012,"Brampton West","Brampton-Ouest"," 33","Brampton",N,N,"",1,311,"Thind","","Ninder","Conservative","Conservateur",N,N,35
35012,"Brampton West","Brampton-Ouest"," 34","Brampton",N,N,"",0,416,"Gobinath","","Karthika","Green Party","Parti Vert",N,N,2
35012,"Brampton West","Brampton-Ouest"," 34","Brampton",N,N,"",0,416,"Khera","","Kamal","Liberal","Libéral",N,Y,107
35012,"Brampton West","Brampton-Ouest"," 34","Brampton",N,N,"",0,416,"Patterson","","Adaoma","NDP-New Democratic Party","NPD-Nouveau Parti démocratique",N,N,16
35012,"Brampton West","Brampton-Ouest"," 34","Brampton",N,N,"",0,416,"Thind","","Ninder","Conservative","Conservateur",N,N,53
35012,"Brampton West","Brampton-Ouest"," 35","Brampton",N,N,"",0,472,"Gobinath","","Karthika","Green Party","Parti Vert",N,N,3
35012,"Brampton West","Brampton-Ouest"," 35","Brampton",N,N,"",0,472,"Khera","","Kamal","Liberal","Libéral",N,Y,98
35012,"Brampton West","Brampton-Ouest"," 35","Brampton",N,N,"",0,472,"Patterson","","Adaoma","NDP-New Democratic Party","NPD-Nouveau Parti démocratique",N,N,38
35012,"Brampton West","Brampton-Ouest"," 35","Brampton",N,N,"",0,472,"Thind","","Ninder","Conservative","Conservateur",N,N,50
35012,"Brampton West","Brampton-Ouest"," 36","Brampton",N,N,"",1,549,"Gobinath","","Karthika","Green Party","Parti Vert",N,N,2
35012,"Brampton West","Brampton-Ouest"," 36","Brampton",N,N,"",1,549,"Khera","","Kamal","Liberal","Libéral",N,Y,108
35012,"Brampton West","Brampton-Ouest"," 36","Brampton",N,N,"",1,549,"Patterson","","Adaoma","NDP-New Democratic Party","NPD-Nouveau Parti démocratique",N,N,23
35012,"Brampton West","Brampton-Ouest"," 36","Brampton",N,N,"",1,549,"Thind","","Ninder","Conservative","Conservateur",N,N,111
35012,"Brampton West","Brampton-Ouest"," 37","Brampton",N,N,"",1,531,"Gobinath","","Karthika","Green Party","Parti Vert",N,N,6
35012,"Brampton West","Brampton-Ouest"," 37","Brampton",N,N,"",1,531,"Khera","","Kamal","Liberal","Libéral",N,Y,124
35012,"Brampton West","Brampton-Ouest"," 37","Brampton",N,N,"",1,531,"Patterson","","Adaoma","NDP-New Democratic Party","NPD-Nouveau Parti démocratique",N,N,19
35012,"Brampton West","Brampton-Ouest"," 37","Brampton",N,N,"",1,531,"Thind","","Ninder","Conservative","Conservateur",N,N,72
35012,"Brampton West","Brampton-Ouest"," 38","Brampton",N,N,"",0,461,"Gobinath","","Karthika","Green Party","Parti Vert",N,N,5
35012,"Brampton West","Brampton-Ouest"," 38","Brampton",N,N,"",0,461,"Khera","","Kamal","Liberal","Libéral",N,Y,109
35012,"Brampton West","Brampton-Ouest"," 38","Brampton",N,N,"",0,461,"Patterson","","Adaoma","NDP-New Democratic Party","NPD-Nouveau Parti démocratique",N,N,23
35012,"Brampton West","Brampton-Ouest"," 38","Brampton",N,N,"",0,461,"Thind","","Ninder","Conservative","Conservateur",N,N,37
35012,"Brampton West","Brampton-Ouest"," 39","Brampton",N,N,"",0,437,"Gobinath","","Karthika","Green Party","Parti Vert",N,N,3
35012,"Brampton West","Brampton-Ouest"," 39","Brampton",N,N,"",0,437,"Khera","","Kamal","Liberal","Libéral",N,Y,110
35012,"Brampton West","Brampton-Ouest"," 39","Brampton",N,N,"",0,437,"Patterson","","Adaoma","NDP-New Democratic Party","NPD-Nouveau Parti démocratique",N,N,21
35012,"Brampton West","Brampton-Ouest"," 39","Brampton",N,N,"",0,437,"Thind","","Ninder","Conservative","Conservateur",N,N,65
35012,"Brampton West","Brampton-Ouest"," 40","Brampton",N,N,"",0,460,"Gobinath","","Karthika","Green Party","Parti Vert",N,N,6
35012,"Brampton West","Brampton-Ouest"," 40","Brampton",N,N,"",0,460,"Khera","","Kamal","Liberal","Libéral",N,Y,130
35012,"Brampton West","Brampton-Ouest"," 40","Brampton",N,N,"",0,460,"Patterson","","Adaoma","NDP-New Democratic Party","NPD-Nouveau Parti démocratique",N,N,26
35012,"Brampton West","Brampton-Ouest"," 40","Brampton",N,N,"",0,460,"Thind","","Ninder","Conservative","Conservateur",N,N,67
35012,"Brampton West","Brampton-Ouest"," 41","Brampton",N,N,"",2,465,"Gobinath","","Karthika","Green Party","Parti Vert",N,N,3
35012,"Brampton West","Brampton-Ouest"," 41","Brampton",N,N,"",2,465,"Khera","","Kamal","Liberal","Libéral",N,Y,130
35012,"Brampton West","Brampton-Ouest"," 41","Brampton",N,N,"",2,465,"Patterson","","Adaoma","NDP-New Democratic Party","NPD-Nouveau Parti démocratique",N,N,22
35012,"Brampton West","Brampton-Ouest"," 41","Brampton",N,N,"",2,465,"Thind","","Ninder","Conservative","Conservateur",N,N,89
35012,"Brampton West","Brampton-Ouest"," 42","Brampton",N,N,"",3,434,"Gobinath","","Karthika","Green Party","Parti Vert",N,N,5
35012,"Brampton West","Brampton-Ouest"," 42","Brampton",N,N,"",3,434,"Khera","","Kamal","Liberal","Libéral",N,Y,106
35012,"Brampton West","Brampton-Ouest"," 42","Brampton",N,N,"",3,434,"Patterson","","Adaoma","NDP-New Democratic Party","NPD-Nouveau Parti démocratique",N,N,28
35012,"Brampton West","Brampton-Ouest"," 42","Brampton",N,N,"",3,434,"Thind","","Ninder","Conservative","Conservateur",N,N,92
35012,"Brampton West","Brampton-Ouest"," 43","Brampton",N,N,"",1,388,"Gobinath","","Karthika","Green Party","Parti Vert",N,N,5
35012,"Brampton West","Brampton-Ouest"," 43","Brampton",N,N,"",1,388,"Khera","","Kamal","Liberal","Libéral",N,Y,84
35012,"Brampton West","Brampton-Ouest"," 43","Brampton",N,N,"",1,388,"Patterson","","Adaoma","NDP-New Democratic Party","NPD-Nouveau Parti démocratique",N,N,24
35012,"Brampton West","Brampton-Ouest"," 43","Brampton",N,N,"",1,388,"Thind","","Ninder","Conservative","Conservateur",N,N,60
35012,"Brampton West","Brampton-Ouest"," 44","Brampton",N,N,"",2,489,"Gobinath","","Karthika","Green Party","Parti Vert",N,N,3
35012,"Brampton West","Brampton-Ouest"," 44","Brampton",N,N,"",2,489,"Khera","","Kamal","Liberal","Libéral",N,Y,156
35012,"Brampton West","Brampton-Ouest"," 44","Brampton",N,N,"",2,489,"Patterson","","Adaoma","NDP-New Democratic Party","NPD-Nouveau Parti démocratique",N,N,27
35012,"Brampton West","Brampton-Ouest"," 44","Brampton",N,N,"",2,489,"Thind","","Ninder","Conservative","Conservateur",N,N,55
35012,"Brampton West","Brampton-Ouest"," 45","Brampton",N,N,"",0,414,"Gobinath","","Karthika","Green Party","Parti Vert",N,N,5
35012,"Brampton West","Brampton-Ouest"," 45","Brampton",N,N,"",0,414,"Khera","","Kamal","Liberal","Libéral",N,Y,120
35012,"Brampton West","Brampton-Ouest"," 45","Brampton",N,N,"",0,414,"Patterson","","Adaoma","NDP-New Democratic Party","NPD-Nouveau Parti démocratique",N,N,13
35012,"Brampton West","Brampton-Ouest"," 45","Brampton",N,N,"",0,414,"Thind","","Ninder","Conservative","Conservateur",N,N,57
35012,"Brampton West","Brampton-Ouest"," 46","Brampton",N,N,"",0,302,"Gobinath","","Karthika","Green Party","Parti Vert",N,N,5
35012,"Brampton West","Brampton-Ouest"," 46","Brampton",N,N,"",0,302,"Khera","","Kamal","Liberal","Libéral",N,Y,87
35012,"Brampton West","Brampton-Ouest"," 46","Brampton",N,N,"",0,302,"Patterson","","Adaoma","NDP-New Democratic Party","NPD-Nouveau Parti démocratique",N,N,21
35012,"Brampton West","Brampton-Ouest"," 46","Brampton",N,N,"",0,302,"Thind","","Ninder","Conservative","Conservateur",N,N,59
35012,"Brampton West","Brampton-Ouest"," 47","Brampton",N,N,"",4,425,"Gobinath","","Karthika","Green Party","Parti Vert",N,N,1
35012,"Brampton West","Brampton-Ouest"," 47","Brampton",N,N,"",4,425,"Khera","","Kamal","Liberal","Libéral",N,Y,119
35012,"Brampton West","Brampton-Ouest"," 47","Brampton",N,N,"",4,425,"Patterson","","Adaoma","NDP-New Democratic Party","NPD-Nouveau Parti démocratique",N,N,20
35012,"Brampton West","Brampton-Ouest"," 47","Brampton",N,N,"",4,425,"Thind","","Ninder","Conservative","Conservateur",N,N,78
35012,"Brampton West","Brampton-Ouest"," 48","Brampton",N,N,"",1,326,"Gobinath","","Karthika","Green Party","Parti Vert",N,N,4
35012,"Brampton West","Brampton-Ouest"," 48","Brampton",N,N,"",1,326,"Khera","","Kamal","Liberal","Libéral",N,Y,109
35012,"Brampton West","Brampton-Ouest"," 48","Brampton",N,N,"",1,326,"Patterson","","Adaoma","NDP-New Democratic Party","NPD-Nouveau Parti démocratique",N,N,18
35012,"Brampton West","Brampton-Ouest"," 48","Brampton",N,N,"",1,326,"Thind","","Ninder","Conservative","Conservateur",N,N,37
35012,"Brampton West","Brampton-Ouest"," 49","Brampton",N,N,"",0,378,"Gobinath","","Karthika","Green Party","Parti Vert",N,N,2
35012,"Brampton West","Brampton-Ouest"," 49","Brampton",N,N,"",0,378,"Khera","","Kamal","Liberal","Libéral",N,Y,79
35012,"Brampton West","Brampton-Ouest"," 49","Brampton",N,N,"",0,378,"Patterson","","Adaoma","NDP-New Democratic Party","NPD-Nouveau Parti démocratique",N,N,36
35012,"Brampton West","Brampton-Ouest"," 49","Brampton",N,N,"",0,378,"Thind","","Ninder","Conservative","Conservateur",N,N,48
35012,"Brampton West","Brampton-Ouest"," 50","Brampton",N,N,"",1,360,"Gobinath","","Karthika","Green Party","Parti Vert",N,N,2
35012,"Brampton West","Brampton-Ouest"," 50","Brampton",N,N,"",1,360,"Khera","","Kamal","Liberal","Libéral",N,Y,129
35012,"Brampton West","Brampton-Ouest"," 50","Brampton",N,N,"",1,360,"Patterson","","Adaoma","NDP-New Democratic Party","NPD-Nouveau Parti démocratique",N,N,19
35012,"Brampton West","Brampton-Ouest"," 50","Brampton",N,N,"",1,360,"Thind","","Ninder","Conservative","Conservateur",N,N,44
35012,"Brampton West","Brampton-Ouest"," 51","Brampton",N,N,"",0,467,"Gobinath","","Karthika","Green Party","Parti Vert",N,N,8
35012,"Brampton West","Brampton-Ouest"," 51","Brampton",N,N,"",0,467,"Khera","","Kamal","Liberal","Libéral",N,Y,126
35012,"Brampton West","Brampton-Ouest"," 51","Brampton",N,N,"",0,467,"Patterson","","Adaoma","NDP-New Democratic Party","NPD-Nouveau Parti démocratique",N,N,26
35012,"Brampton West","Brampton-Ouest"," 51","Brampton",N,N,"",0,467,"Thind","","Ninder","Conservative","Conservateur",N,N,70
35012,"Brampton West","Brampton-Ouest"," 52","Brampton",N,N,"",0,462,"Gobinath","","Karthika","Green Party","Parti Vert",N,N,2
35012,"Brampton West","Brampton-Ouest"," 52","Brampton",N,N,"",0,462,"Khera","","Kamal","Liberal","Libéral",N,Y,118
35012,"Brampton West","Brampton-Ouest"," 52","Brampton",N,N,"",0,462,"Patterson","","Adaoma","NDP-New Democratic Party","NPD-Nouveau Parti démocratique",N,N,35
35012,"Brampton West","Brampton-Ouest"," 52","Brampton",N,N,"",0,462,"Thind","","Ninder","Conservative","Conservateur",N,N,79
35012,"Brampton West","Brampton-Ouest"," 53","Brampton",N,N,"",4,445,"Gobinath","","Karthika","Green Party","Parti Vert",N,N,2
35012,"Brampton West","Brampton-Ouest"," 53","Brampton",N,N,"",4,445,"Khera","","Kamal","Liberal","Libéral",N,Y,111
35012,"Brampton West","Brampton-Ouest"," 53","Brampton",N,N,"",4,445,"Patterson","","Adaoma","NDP-New Democratic Party","NPD-Nouveau Parti démocratique",N,N,31
35012,"Brampton West","Brampton-Ouest"," 53","Brampton",N,N,"",4,445,"Thind","","Ninder","Conservative","Conservateur",N,N,71
35012,"Brampton West","Brampton-Ouest"," 54","Brampton",N,N,"",0,414,"Gobinath","","Karthika","Green Party","Parti Vert",N,N,7
35012,"Brampton West","Brampton-Ouest"," 54","Brampton",N,N,"",0,414,"Khera","","Kamal","Liberal","Libéral",N,Y,105
35012,"Brampton West","Brampton-Ouest"," 54","Brampton",N,N,"",0,414,"Patterson","","Adaoma","NDP-New Democratic Party","NPD-Nouveau Parti démocratique",N,N,27
35012,"Brampton West","Brampton-Ouest"," 54","Brampton",N,N,"",0,414,"Thind","","Ninder","Conservative","Conservateur",N,N,63
35012,"Brampton West","Brampton-Ouest"," 55","Brampton",N,N,"",2,437,"Gobinath","","Karthika","Green Party","Parti Vert",N,N,3
35012,"Brampton West","Brampton-Ouest"," 55","Brampton",N,N,"",2,437,"Khera","","Kamal","Liberal","Libéral",N,Y,129
35012,"Brampton West","Brampton-Ouest"," 55","Brampton",N,N,"",2,437,"Patterson","","Adaoma","NDP-New Democratic Party","NPD-Nouveau Parti démocratique",N,N,27
35012,"Brampton West","Brampton-Ouest"," 55","Brampton",N,N,"",2,437,"Thind","","Ninder","Conservative","Conservateur",N,N,76
35012,"Brampton West","Brampton-Ouest"," 56","Brampton",N,N,"",0,420,"Gobinath","","Karthika","Green Party","Parti Vert",N,N,1
35012,"Brampton West","Brampton-Ouest"," 56","Brampton",N,N,"",0,420,"Khera","","Kamal","Liberal","Libéral",N,Y,87
35012,"Brampton West","Brampton-Ouest"," 56","Brampton",N,N,"",0,420,"Patterson","","Adaoma","NDP-New Democratic Party","NPD-Nouveau Parti démocratique",N,N,31
35012,"Brampton West","Brampton-Ouest"," 56","Brampton",N,N,"",0,420,"Thind","","Ninder","Conservative","Conservateur",N,N,82
35012,"Brampton West","Brampton-Ouest"," 57","Brampton",N,N,"",5,390,"Gobinath","","Karthika","Green Party","Parti Vert",N,N,4
35012,"Brampton West","Brampton-Ouest"," 57","Brampton",N,N,"",5,390,"Khera","","Kamal","Liberal","Libéral",N,Y,115
35012,"Brampton West","Brampton-Ouest"," 57","Brampton",N,N,"",5,390,"Patterson","","Adaoma","NDP-New Democratic Party","NPD-Nouveau Parti démocratique",N,N,9
35012,"Brampton West","Brampton-Ouest"," 57","Brampton",N,N,"",5,390,"Thind","","Ninder","Conservative","Conservateur",N,N,59
35012,"Brampton West","Brampton-Ouest"," 58","Brampton",N,N,"",0,418,"Gobinath","","Karthika","Green Party","Parti Vert",N,N,3
35012,"Brampton West","Brampton-Ouest"," 58","Brampton",N,N,"",0,418,"Khera","","Kamal","Liberal","Libéral",N,Y,92
35012,"Brampton West","Brampton-Ouest"," 58","Brampton",N,N,"",0,418,"Patterson","","Adaoma","NDP-New Democratic Party","NPD-Nouveau Parti démocratique",N,N,16
35012,"Brampton West","Brampton-Ouest"," 58","Brampton",N,N,"",0,418,"Thind","","Ninder","Conservative","Conservateur",N,N,47
35012,"Brampton West","Brampton-Ouest"," 59A","Brampton",N,N,"",0,254,"Gobinath","","Karthika","Green Party","Parti Vert",N,N,3
35012,"Brampton West","Brampton-Ouest"," 59A","Brampton",N,N,"",0,254,"Khera","","Kamal","Liberal","Libéral",N,Y,44
35012,"Brampton West","Brampton-Ouest"," 59A","Brampton",N,N,"",0,254,"Patterson","","Adaoma","NDP-New Democratic Party","NPD-Nouveau Parti démocratique",N,N,7
35012,"Brampton West","Brampton-Ouest"," 59A","Brampton",N,N,"",0,254,"Thind","","Ninder","Conservative","Conservateur",N,N,23
35012,"Brampton West","Brampton-Ouest"," 59B","Mobile poll/Bureau itinérant",N,N,"500",0,113,"Gobinath","","Karthika","Green Party","Parti Vert",N,N,0
35012,"Brampton West","Brampton-Ouest"," 59B","Mobile poll/Bureau itinérant",N,N,"500",0,113,"Khera","","Kamal","Liberal","Libéral",N,Y,0
35012,"Brampton West","Brampton-Ouest"," 59B","Mobile poll/Bureau itinérant",N,N,"500",0,113,"Patterson","","Adaoma","NDP-New Democratic Party","NPD-Nouveau Parti démocratique",N,N,0
35012,"Brampton West","Brampton-Ouest"," 59B","Mobile poll/Bureau itinérant",N,N,"500",0,113,"Thind","","Ninder","Conservative","Conservateur",N,N,0
35012,"Brampton West","Brampton-Ouest"," 60","Brampton",N,N,"",0,414,"Gobinath","","Karthika","Green Party","Parti Vert",N,N,1
35012,"Brampton West","Brampton-Ouest"," 60","Brampton",N,N,"",0,414,"Khera","","Kamal","Liberal","Libéral",N,Y,105
35012,"Brampton West","Brampton-Ouest"," 60","Brampton",N,N,"",0,414,"Patterson","","Adaoma","NDP-New Democratic Party","NPD-Nouveau Parti démocratique",N,N,21
35012,"Brampton West","Brampton-Ouest"," 60","Brampton",N,N,"",0,414,"Thind","","Ninder","Conservative","Conservateur",N,N,48
35012,"Brampton West","Brampton-Ouest"," 61","Brampton",N,N,"",1,492,"Gobinath","","Karthika","Green Party","Parti Vert",N,N,8
35012,"Brampton West","Brampton-Ouest"," 61","Brampton",N,N,"",1,492,"Khera","","Kamal","Liberal","Libéral",N,Y,96
35012,"Brampton West","Brampton-Ouest"," 61","Brampton",N,N,"",1,492,"Patterson","","Adaoma","NDP-New Democratic Party","NPD-Nouveau Parti démocratique",N,N,27
35012,"Brampton West","Brampton-Ouest"," 61","Brampton",N,N,"",1,492,"Thind","","Ninder","Conservative","Conservateur",N,N,63
35012,"Brampton West","Brampton-Ouest"," 62","Brampton",N,N,"",2,497,"Gobinath","","Karthika","Green Party","Parti Vert",N,N,4
35012,"Brampton West","Brampton-Ouest"," 62","Brampton",N,N,"",2,497,"Khera","","Kamal","Liberal","Libéral",N,Y,112
35012,"Brampton West","Brampton-Ouest"," 62","Brampton",N,N,"",2,497,"Patterson","","Adaoma","NDP-New Democratic Party","NPD-Nouveau Parti démocratique",N,N,27
35012,"Brampton West","Brampton-Ouest"," 62","Brampton",N,N,"",2,497,"Thind","","Ninder","Conservative","Conservateur",N,N,70
35012,"Brampton West","Brampton-Ouest"," 63","Brampton",N,N,"",0,289,"Gobinath","","Karthika","Green Party","Parti Vert",N,N,5
35012,"Brampton West","Brampton-Ouest"," 63","Brampton",N,N,"",0,289,"Khera","","Kamal","Liberal","Libéral",N,Y,80
35012,"Brampton West","Brampton-Ouest"," 63","Brampton",N,N,"",0,289,"Patterson","","Adaoma","NDP-New Democratic Party","NPD-Nouveau Parti démocratique",N,N,11
35012,"Brampton West","Brampton-Ouest"," 63","Brampton",N,N,"",0,289,"Thind","","Ninder","Conservative","Conservateur",N,N,34
35012,"Brampton West","Brampton-Ouest"," 64","Brampton",N,N,"",1,397,"Gobinath","","Karthika","Green Party","Parti Vert",N,N,2
35012,"Brampton West","Brampton-Ouest"," 64","Brampton",N,N,"",1,397,"Khera","","Kamal","Liberal","Libéral",N,Y,124
35012,"Brampton West","Brampton-Ouest"," 64","Brampton",N,N,"",1,397,"Patterson","","Adaoma","NDP-New Democratic Party","NPD-Nouveau Parti démocratique",N,N,21
35012,"Brampton West","Brampton-Ouest"," 64","Brampton",N,N,"",1,397,"Thind","","Ninder","Conservative","Conservateur",N,N,51
35012,"Brampton West","Brampton-Ouest"," 65","Brampton",N,N,"",0,340,"Gobinath","","Karthika","Green Party","Parti Vert",N,N,1
35012,"Brampton West","Brampton-Ouest"," 65","Brampton",N,N,"",0,340,"Khera","","Kamal","Liberal","Libéral",N,Y,97
35012,"Brampton West","Brampton-Ouest"," 65","Brampton",N,N,"",0,340,"Patterson","","Adaoma","NDP-New Democratic Party","NPD-Nouveau Parti démocratique",N,N,27
35012,"Brampton West","Brampton-Ouest"," 65","Brampton",N,N,"",0,340,"Thind","","Ninder","Conservative","Conservateur",N,N,39
35012,"Brampton West","Brampton-Ouest"," 66","Brampton",N,N,"",1,477,"Gobinath","","Karthika","Green Party","Parti Vert",N,N,0
35012,"Brampton West","Brampton-Ouest"," 66","Brampton",N,N,"",1,477,"Khera","","Kamal","Liberal","Libéral",N,Y,133
35012,"Brampton West","Brampton-Ouest"," 66","Brampton",N,N,"",1,477,"Patterson","","Adaoma","NDP-New Democratic Party","NPD-Nouveau Parti démocratique",N,N,31
35012,"Brampton West","Brampton-Ouest"," 66","Brampton",N,N,"",1,477,"Thind","","Ninder","Conservative","Conservateur",N,N,56
35012,"Brampton West","Brampton-Ouest"," 67","Brampton",N,N,"",0,315,"Gobinath","","Karthika","Green Party","Parti Vert",N,N,4
35012,"Brampton West","Brampton-Ouest"," 67","Brampton",N,N,"",0,315,"Khera","","Kamal","Liberal","Libéral",N,Y,105
35012,"Brampton West","Brampton-Ouest"," 67","Brampton",N,N,"",0,315,"Patterson","","Adaoma","NDP-New Democratic Party","NPD-Nouveau Parti démocratique",N,N,10
35012,"Brampton West","Brampton-Ouest"," 67","Brampton",N,N,"",0,315,"Thind","","Ninder","Conservative","Conservateur",N,N,40
35012,"Brampton West","Brampton-Ouest"," 68","Brampton",N,N,"",0,470,"Gobinath","","Karthika","Green Party","Parti Vert",N,N,1
35012,"Brampton West","Brampton-Ouest"," 68","Brampton",N,N,"",0,470,"Khera","","Kamal","Liberal","Libéral",N,Y,129
35012,"Brampton West","Brampton-Ouest"," 68","Brampton",N,N,"",0,470,"Patterson","","Adaoma","NDP-New Democratic Party","NPD-Nouveau Parti démocratique",N,N,35
35012,"Brampton West","Brampton-Ouest"," 68","Brampton",N,N,"",0,470,"Thind","","Ninder","Conservative","Conservateur",N,N,53
35012,"Brampton West","Brampton-Ouest"," 69","Brampton",N,N,"",3,437,"Gobinath","","Karthika","Green Party","Parti Vert",N,N,2
35012,"Brampton West","Brampton-Ouest"," 69","Brampton",N,N,"",3,437,"Khera","","Kamal","Liberal","Libéral",N,Y,126
35012,"Brampton West","Brampton-Ouest"," 69","Brampton",N,N,"",3,437,"Patterson","","Adaoma","NDP-New Democratic Party","NPD-Nouveau Parti démocratique",N,N,15
35012,"Brampton West","Brampton-Ouest"," 69","Brampton",N,N,"",3,437,"Thind","","Ninder","Conservative","Conservateur",N,N,55
35012,"Brampton West","Brampton-Ouest"," 70","Brampton",N,N,"",1,395,"Gobinath","","Karthika","Green Party","Parti Vert",N,N,7
35012,"Brampton West","Brampton-Ouest"," 70","Brampton",N,N,"",1,395,"Khera","","Kamal","Liberal","Libéral",N,Y,64
35012,"Brampton West","Brampton-Ouest"," 70","Brampton",N,N,"",1,395,"Patterson","","Adaoma","NDP-New Democratic Party","NPD-Nouveau Parti démocratique",N,N,18
35012,"Brampton West","Brampton-Ouest"," 70","Brampton",N,N,"",1,395,"Thind","","Ninder","Conservative","Conservateur",N,N,66
35012,"Brampton West","Brampton-Ouest"," 71","Brampton",N,N,"",0,408,"Gobinath","","Karthika","Green Party","Parti Vert",N,N,1
35012,"Brampton West","Brampton-Ouest"," 71","Brampton",N,N,"",0,408,"Khera","","Kamal","Liberal","Libéral",N,Y,88
35012,"Brampton West","Brampton-Ouest"," 71","Brampton",N,N,"",0,408,"Patterson","","Adaoma","NDP-New Democratic Party","NPD-Nouveau Parti démocratique",N,N,27
35012,"Brampton West","Brampton-Ouest"," 71","Brampton",N,N,"",0,408,"Thind","","Ninder","Conservative","Conservateur",N,N,32
35012,"Brampton West","Brampton-Ouest"," 72","Brampton",N,N,"",0,455,"Gobinath","","Karthika","Green Party","Parti Vert",N,N,3
35012,"Brampton West","Brampton-Ouest"," 72","Brampton",N,N,"",0,455,"Khera","","Kamal","Liberal","Libéral",N,Y,116
35012,"Brampton West","Brampton-Ouest"," 72","Brampton",N,N,"",0,455,"Patterson","","Adaoma","NDP-New Democratic Party","NPD-Nouveau Parti démocratique",N,N,24
35012,"Brampton West","Brampton-Ouest"," 72","Brampton",N,N,"",0,455,"Thind","","Ninder","Conservative","Conservateur",N,N,55
35012,"Brampton West","Brampton-Ouest"," 73","Brampton",N,N,"",0,410,"Gobinath","","Karthika","Green Party","Parti Vert",N,N,4
35012,"Brampton West","Brampton-Ouest"," 73","Brampton",N,N,"",0,410,"Khera","","Kamal","Liberal","Libéral",N,Y,102
35012,"Brampton West","Brampton-Ouest"," 73","Brampton",N,N,"",0,410,"Patterson","","Adaoma","NDP-New Democratic Party","NPD-Nouveau Parti démocratique",N,N,38
35012,"Brampton West","Brampton-Ouest"," 73","Brampton",N,N,"",0,410,"Thind","","Ninder","Conservative","Conservateur",N,N,39
35012,"Brampton West","Brampton-Ouest"," 74","Brampton",N,N,"",0,308,"Gobinath","","Karthika","Green Party","Parti Vert",N,N,3
35012,"Brampton West","Brampton-Ouest"," 74","Brampton",N,N,"",0,308,"Khera","","Kamal","Liberal","Libéral",N,Y,72
35012,"Brampton West","Brampton-Ouest"," 74","Brampton",N,N,"",0,308,"Patterson","","Adaoma","NDP-New Democratic Party","NPD-Nouveau Parti démocratique",N,N,21
35012,"Brampton West","Brampton-Ouest"," 74","Brampton",N,N,"",0,308,"Thind","","Ninder","Conservative","Conservateur",N,N,37
35012,"Brampton West","Brampton-Ouest"," 75","Brampton",N,N,"",2,398,"Gobinath","","Karthika","Green Party","Parti Vert",N,N,6
35012,"Brampton West","Brampton-Ouest"," 75","Brampton",N,N,"",2,398,"Khera","","Kamal","Liberal","Libéral",N,Y,94
35012,"Brampton West","Brampton-Ouest"," 75","Brampton",N,N,"",2,398,"Patterson","","Adaoma","NDP-New Democratic Party","NPD-Nouveau Parti démocratique",N,N,24
35012,"Brampton West","Brampton-Ouest"," 75","Brampton",N,N,"",2,398,"Thind","","Ninder","Conservative","Conservateur",N,N,60
35012,"Brampton West","Brampton-Ouest"," 76","Brampton",N,N,"",2,382,"Gobinath","","Karthika","Green Party","Parti Vert",N,N,2
35012,"Brampton West","Brampton-Ouest"," 76","Brampton",N,N,"",2,382,"Khera","","Kamal","Liberal","Libéral",N,Y,111
35012,"Brampton West","Brampton-Ouest"," 76","Brampton",N,N,"",2,382,"Patterson","","Adaoma","NDP-New Democratic Party","NPD-Nouveau Parti démocratique",N,N,11
35012,"Brampton West","Brampton-Ouest"," 76","Brampton",N,N,"",2,382,"Thind","","Ninder","Conservative","Conservateur",N,N,48
35012,"Brampton West","Brampton-Ouest"," 77","Brampton",N,N,"",0,423,"Gobinath","","Karthika","Green Party","Parti Vert",N,N,3
35012,"Brampton West","Brampton-Ouest"," 77","Brampton",N,N,"",0,423,"Khera","","Kamal","Liberal","Libéral",N,Y,114
35012,"Brampton West","Brampton-Ouest"," 77","Brampton",N,N,"",0,423,"Patterson","","Adaoma","NDP-New Democratic Party","NPD-Nouveau Parti démocratique",N,N,23
35012,"Brampton West","Brampton-Ouest"," 77","Brampton",N,N,"",0,423,"Thind","","Ninder","Conservative","Conservateur",N,N,50
35012,"Brampton West","Brampton-Ouest"," 78","Brampton",N,N,"",3,330,"Gobinath","","Karthika","Green Party","Parti Vert",N,N,3
35012,"Brampton West","Brampton-Ouest"," 78","Brampton",N,N,"",3,330,"Khera","","Kamal","Liberal","Libéral",N,Y,57
35012,"Brampton West","Brampton-Ouest"," 78","Brampton",N,N,"",3,330,"Patterson","","Adaoma","NDP-New Democratic Party","NPD-Nouveau Parti démocratique",N,N,24
35012,"Brampton West","Brampton-Ouest"," 78","Brampton",N,N,"",3,330,"Thind","","Ninder","Conservative","Conservateur",N,N,72
35012,"Brampton West","Brampton-Ouest"," 79","Brampton",N,N,"",0,358,"Gobinath","","Karthika","Green Party","Parti Vert",N,N,4
35012,"Brampton West","Brampton-Ouest"," 79","Brampton",N,N,"",0,358,"Khera","","Kamal","Liberal","Libéral",N,Y,77
35012,"Brampton West","Brampton-Ouest"," 79","Brampton",N,N,"",0,358,"Patterson","","Adaoma","NDP-New Democratic Party","NPD-Nouveau Parti démocratique",N,N,37
35012,"Brampton West","Brampton-Ouest"," 79","Brampton",N,N,"",0,358,"Thind","","Ninder","Conservative","Conservateur",N,N,74
35012,"Brampton West","Brampton-Ouest"," 80","Brampton",N,N,"",1,297,"Gobinath","","Karthika","Green Party","Parti Vert",N,N,4
35012,"Brampton West","Brampton-Ouest"," 80","Brampton",N,N,"",1,297,"Khera","","Kamal","Liberal","Libéral",N,Y,80
35012,"Brampton West","Brampton-Ouest"," 80","Brampton",N,N,"",1,297,"Patterson","","Adaoma","NDP-New Democratic Party","NPD-Nouveau Parti démocratique",N,N,18
35012,"Brampton West","Brampton-Ouest"," 80","Brampton",N,N,"",1,297,"Thind","","Ninder","Conservative","Conservateur",N,N,64
35012,"Brampton West","Brampton-Ouest"," 81","Brampton",N,N,"",1,408,"Gobinath","","Karthika","Green Party","Parti Vert",N,N,11
35012,"Brampton West","Brampton-Ouest"," 81","Brampton",N,N,"",1,408,"Khera","","Kamal","Liberal","Libéral",N,Y,88
35012,"Brampton West","Brampton-Ouest"," 81","Brampton",N,N,"",1,408,"Patterson","","Adaoma","NDP-New Democratic Party","NPD-Nouveau Parti démocratique",N,N,23
35012,"Brampton West","Brampton-Ouest"," 81","Brampton",N,N,"",1,408,"Thind","","Ninder","Conservative","Conservateur",N,N,69
35012,"Brampton West","Brampton-Ouest"," 82","Brampton",N,N,"",0,319,"Gobinath","","Karthika","Green Party","Parti Vert",N,N,3
35012,"Brampton West","Brampton-Ouest"," 82","Brampton",N,N,"",0,319,"Khera","","Kamal","Liberal","Libéral",N,Y,67
35012,"Brampton West","Brampton-Ouest"," 82","Brampton",N,N,"",0,319,"Patterson","","Adaoma","NDP-New Democratic Party","NPD-Nouveau Parti démocratique",N,N,15
35012,"Brampton West","Brampton-Ouest"," 82","Brampton",N,N,"",0,319,"Thind","","Ninder","Conservative","Conservateur",N,N,61
35012,"Brampton West","Brampton-Ouest"," 83","Brampton",N,N,"",1,465,"Gobinath","","Karthika","Green Party","Parti Vert",N,N,2
35012,"Brampton West","Brampton-Ouest"," 83","Brampton",N,N,"",1,465,"Khera","","Kamal","Liberal","Libéral",N,Y,103
35012,"Brampton West","Brampton-Ouest"," 83","Brampton",N,N,"",1,465,"Patterson","","Adaoma","NDP-New Democratic Party","NPD-Nouveau Parti démocratique",N,N,19
35012,"Brampton West","Brampton-Ouest"," 83","Brampton",N,N,"",1,465,"Thind","","Ninder","Conservative","Conservateur",N,N,99
35012,"Brampton West","Brampton-Ouest"," 84","Brampton",N,N,"",0,439,"Gobinath","","Karthika","Green Party","Parti Vert",N,N,6
35012,"Brampton West","Brampton-Ouest"," 84","Brampton",N,N,"",0,439,"Khera","","Kamal","Liberal","Libéral",N,Y,112
35012,"Brampton West","Brampton-Ouest"," 84","Brampton",N,N,"",0,439,"Patterson","","Adaoma","NDP-New Democratic Party","NPD-Nouveau Parti démocratique",N,N,35
35012,"Brampton West","Brampton-Ouest"," 84","Brampton",N,N,"",0,439,"Thind","","Ninder","Conservative","Conservateur",N,N,79
35012,"Brampton West","Brampton-Ouest"," 85","Brampton",N,N,"",0,415,"Gobinath","","Karthika","Green Party","Parti Vert",N,N,2
35012,"Brampton West","Brampton-Ouest"," 85","Brampton",N,N,"",0,415,"Khera","","Kamal","Liberal","Libéral",N,Y,94
35012,"Brampton West","Brampton-Ouest"," 85","Brampton",N,N,"",0,415,"Patterson","","Adaoma","NDP-New Democratic Party","NPD-Nouveau Parti démocratique",N,N,17
35012,"Brampton West","Brampton-Ouest"," 85","Brampton",N,N,"",0,415,"Thind","","Ninder","Conservative","Conservateur",N,N,68
35012,"Brampton West","Brampton-Ouest"," 86","Brampton",N,N,"",1,484,"Gobinath","","Karthika","Green Party","Parti Vert",N,N,2
35012,"Brampton West","Brampton-Ouest"," 86","Brampton",N,N,"",1,484,"Khera","","Kamal","Liberal","Libéral",N,Y,115
35012,"Brampton West","Brampton-Ouest"," 86","Brampton",N,N,"",1,484,"Patterson","","Adaoma","NDP-New Democratic Party","NPD-Nouveau Parti démocratique",N,N,22
35012,"Brampton West","Brampton-Ouest"," 86","Brampton",N,N,"",1,484,"Thind","","Ninder","Conservative","Conservateur",N,N,79
35012,"Brampton West","Brampton-Ouest"," 87","Brampton",N,N,"",0,451,"Gobinath","","Karthika","Green Party","Parti Vert",N,N,4
35012,"Brampton West","Brampton-Ouest"," 87","Brampton",N,N,"",0,451,"Khera","","Kamal","Liberal","Libéral",N,Y,126
35012,"Brampton West","Brampton-Ouest"," 87","Brampton",N,N,"",0,451,"Patterson","","Adaoma","NDP-New Democratic Party","NPD-Nouveau Parti démocratique",N,N,19
35012,"Brampton West","Brampton-Ouest"," 87","Brampton",N,N,"",0,451,"Thind","","Ninder","Conservative","Conservateur",N,N,74
35012,"Brampton West","Brampton-Ouest"," 88","Brampton",N,N,"",0,519,"Gobinath","","Karthika","Green Party","Parti Vert",N,N,8
35012,"Brampton West","Brampton-Ouest"," 88","Brampton",N,N,"",0,519,"Khera","","Kamal","Liberal","Libéral",N,Y,141
35012,"Brampton West","Brampton-Ouest"," 88","Brampton",N,N,"",0,519,"Patterson","","Adaoma","NDP-New Democratic Party","NPD-Nouveau Parti démocratique",N,N,33
35012,"Brampton West","Brampton-Ouest"," 88","Brampton",N,N,"",0,519,"Thind","","Ninder","Conservative","Conservateur",N,N,64
35012,"Brampton West","Brampton-Ouest"," 89","Brampton",N,N,"",0,387,"Gobinath","","Karthika","Green Party","Parti Vert",N,N,4
35012,"Brampton West","Brampton-Ouest"," 89","Brampton",N,N,"",0,387,"Khera","","Kamal","Liberal","Libéral",N,Y,116
35012,"Brampton West","Brampton-Ouest"," 89","Brampton",N,N,"",0,387,"Patterson","","Adaoma","NDP-New Democratic Party","NPD-Nouveau Parti démocratique",N,N,23
35012,"Brampton West","Brampton-Ouest"," 89","Brampton",N,N,"",0,387,"Thind","","Ninder","Conservative","Conservateur",N,N,53
35012,"Brampton West","Brampton-Ouest"," 90","Brampton",N,N,"",1,472,"Gobinath","","Karthika","Green Party","Parti Vert",N,N,3
35012,"Brampton West","Brampton-Ouest"," 90","Brampton",N,N,"",1,472,"Khera","","Kamal","Liberal","Libéral",N,Y,137
35012,"Brampton West","Brampton-Ouest"," 90","Brampton",N,N,"",1,472,"Patterson","","Adaoma","NDP-New Democratic Party","NPD-Nouveau Parti démocratique",N,N,37
35012,"Brampton West","Brampton-Ouest"," 90","Brampton",N,N,"",1,472,"Thind","","Ninder","Conservative","Conservateur",N,N,56
35012,"Brampton West","Brampton-Ouest"," 91","Brampton",N,N,"",2,455,"Gobinath","","Karthika","Green Party","Parti Vert",N,N,3
35012,"Brampton West","Brampton-Ouest"," 91","Brampton",N,N,"",2,455,"Khera","","Kamal","Liberal","Libéral",N,Y,115
35012,"Brampton West","Brampton-Ouest"," 91","Brampton",N,N,"",2,455,"Patterson","","Adaoma","NDP-New Democratic Party","NPD-Nouveau Parti démocratique",N,N,29
35012,"Brampton West","Brampton-Ouest"," 91","Brampton",N,N,"",2,455,"Thind","","Ninder","Conservative","Conservateur",N,N,42
35012,"Brampton West","Brampton-Ouest"," 92","Brampton",N,N,"",2,496,"Gobinath","","Karthika","Green Party","Parti Vert",N,N,2
35012,"Brampton West","Brampton-Ouest"," 92","Brampton",N,N,"",2,496,"Khera","","Kamal","Liberal","Libéral",N,Y,97
35012,"Brampton West","Brampton-Ouest"," 92","Brampton",N,N,"",2,496,"Patterson","","Adaoma","NDP-New Democratic Party","NPD-Nouveau Parti démocratique",N,N,24
35012,"Brampton West","Brampton-Ouest"," 92","Brampton",N,N,"",2,496,"Thind","","Ninder","Conservative","Conservateur",N,N,46
35012,"Brampton West","Brampton-Ouest"," 93","Brampton",N,N,"",2,553,"Gobinath","","Karthika","Green Party","Parti Vert",N,N,4
35012,"Brampton West","Brampton-Ouest"," 93","Brampton",N,N,"",2,553,"Khera","","Kamal","Liberal","Libéral",N,Y,129
35012,"Brampton West","Brampton-Ouest"," 93","Brampton",N,N,"",2,553,"Patterson","","Adaoma","NDP-New Democratic Party","NPD-Nouveau Parti démocratique",N,N,32
35012,"Brampton West","Brampton-Ouest"," 93","Brampton",N,N,"",2,553,"Thind","","Ninder","Conservative","Conservateur",N,N,52
35012,"Brampton West","Brampton-Ouest"," 94A","Brampton",N,N,"",0,436,"Gobinath","","Karthika","Green Party","Parti Vert",N,N,1
35012,"Brampton West","Brampton-Ouest"," 94A","Brampton",N,N,"",0,436,"Khera","","Kamal","Liberal","Libéral",N,Y,114
35012,"Brampton West","Brampton-Ouest"," 94A","Brampton",N,N,"",0,436,"Patterson","","Adaoma","NDP-New Democratic Party","NPD-Nouveau Parti démocratique",N,N,21
35012,"Brampton West","Brampton-Ouest"," 94A","Brampton",N,N,"",0,436,"Thind","","Ninder","Conservative","Conservateur",N,N,40
35012,"Brampton West","Brampton-Ouest"," 94B","Brampton",N,N,"",5,481,"Gobinath","","Karthika","Green Party","Parti Vert",N,N,1
35012,"Brampton West","Brampton-Ouest"," 94B","Brampton",N,N,"",5,481,"Khera","","Kamal","Liberal","Libéral",N,Y,92
35012,"Brampton West","Brampton-Ouest"," 94B","Brampton",N,N,"",5,481,"Patterson","","Adaoma","NDP-New Democratic Party","NPD-Nouveau Parti démocratique",N,N,22
35012,"Brampton West","Brampton-Ouest"," 94B","Brampton",N,N,"",5,481,"Thind","","Ninder","Conservative","Conservateur",N,N,59
35012,"Brampton West","Brampton-Ouest"," 94C","Brampton",N,N,"",1,499,"Gobinath","","Karthika","Green Party","Parti Vert",N,N,4
35012,"Brampton West","Brampton-Ouest"," 94C","Brampton",N,N,"",1,499,"Khera","","Kamal","Liberal","Libéral",N,Y,154
35012,"Brampton West","Brampton-Ouest"," 94C","Brampton",N,N,"",1,499,"Patterson","","Adaoma","NDP-New Democratic Party","NPD-Nouveau Parti démocratique",N,N,19
35012,"Brampton West","Brampton-Ouest"," 94C","Brampton",N,N,"",1,499,"Thind","","Ninder","Conservative","Conservateur",N,N,50
35012,"Brampton West","Brampton-Ouest"," 95","Brampton",N,N,"",3,650,"Gobinath","","Karthika","Green Party","Parti Vert",N,N,4
35012,"Brampton West","Brampton-Ouest"," 95","Brampton",N,N,"",3,650,"Khera","","Kamal","Liberal","Libéral",N,Y,192
35012,"Brampton West","Brampton-Ouest"," 95","Brampton",N,N,"",3,650,"Patterson","","Adaoma","NDP-New Democratic Party","NPD-Nouveau Parti démocratique",N,N,35
35012,"Brampton West","Brampton-Ouest"," 95","Brampton",N,N,"",3,650,"Thind","","Ninder","Conservative","Conservateur",N,N,90
35012,"Brampton West","Brampton-Ouest"," 96A","Brampton",N,N,"",1,469,"Gobinath","","Karthika","Green Party","Parti Vert",N,N,1
35012,"Brampton West","Brampton-Ouest"," 96A","Brampton",N,N,"",1,469,"Khera","","Kamal","Liberal","Libéral",N,Y,131
35012,"Brampton West","Brampton-Ouest"," 96A","Brampton",N,N,"",1,469,"Patterson","","Adaoma","NDP-New Democratic Party","NPD-Nouveau Parti démocratique",N,N,31
35012,"Brampton West","Brampton-Ouest"," 96A","Brampton",N,N,"",1,469,"Thind","","Ninder","Conservative","Conservateur",N,N,56
35012,"Brampton West","Brampton-Ouest"," 96B","Brampton",N,N,"",1,553,"Gobinath","","Karthika","Green Party","Parti Vert",N,N,4
35012,"Brampton West","Brampton-Ouest"," 96B","Brampton",N,N,"",1,553,"Khera","","Kamal","Liberal","Libéral",N,Y,178
35012,"Brampton West","Brampton-Ouest"," 96B","Brampton",N,N,"",1,553,"Patterson","","Adaoma","NDP-New Democratic Party","NPD-Nouveau Parti démocratique",N,N,43
35012,"Brampton West","Brampton-Ouest"," 96B","Brampton",N,N,"",1,553,"Thind","","Ninder","Conservative","Conservateur",N,N,56
35012,"Brampton West","Brampton-Ouest"," 96C","Brampton",N,N,"",0,522,"Gobinath","","Karthika","Green Party","Parti Vert",N,N,6
35012,"Brampton West","Brampton-Ouest"," 96C","Brampton",N,N,"",0,522,"Khera","","Kamal","Liberal","Libéral",N,Y,152
35012,"Brampton West","Brampton-Ouest"," 96C","Brampton",N,N,"",0,522,"Patterson","","Adaoma","NDP-New Democratic Party","NPD-Nouveau Parti démocratique",N,N,25
35012,"Brampton West","Brampton-Ouest"," 96C","Brampton",N,N,"",0,522,"Thind","","Ninder","Conservative","Conservateur",N,N,61
35012,"Brampton West","Brampton-Ouest"," 97","Brampton",N,N,"",0,454,"Gobinath","","Karthika","Green Party","Parti Vert",N,N,2
35012,"Brampton West","Brampton-Ouest"," 97","Brampton",N,N,"",0,454,"Khera","","Kamal","Liberal","Libéral",N,Y,118
35012,"Brampton West","Brampton-Ouest"," 97","Brampton",N,N,"",0,454,"Patterson","","Adaoma","NDP-New Democratic Party","NPD-Nouveau Parti démocratique",N,N,26
35012,"Brampton West","Brampton-Ouest"," 97","Brampton",N,N,"",0,454,"Thind","","Ninder","Conservative","Conservateur",N,N,57
35012,"Brampton West","Brampton-Ouest"," 98","Brampton",N,N,"",1,467,"Gobinath","","Karthika","Green Party","Parti Vert",N,N,0
35012,"Brampton West","Brampton-Ouest"," 98","Brampton",N,N,"",1,467,"Khera","","Kamal","Liberal","Libéral",N,Y,110
35012,"Brampton West","Brampton-Ouest"," 98","Brampton",N,N,"",1,467,"Patterson","","Adaoma","NDP-New Democratic Party","NPD-Nouveau Parti démocratique",N,N,14
35012,"Brampton West","Brampton-Ouest"," 98","Brampton",N,N,"",1,467,"Thind","","Ninder","Conservative","Conservateur",N,N,63
35012,"Brampton West","Brampton-Ouest"," 99","Brampton",N,N,"",0,628,"Gobinath","","Karthika","Green Party","Parti Vert",N,N,3
35012,"Brampton West","Brampton-Ouest"," 99","Brampton",N,N,"",0,628,"Khera","","Kamal","Liberal","Libéral",N,Y,178
35012,"Brampton West","Brampton-Ouest"," 99","Brampton",N,N,"",0,628,"Patterson","","Adaoma","NDP-New Democratic Party","NPD-Nouveau Parti démocratique",N,N,21
35012,"Brampton West","Brampton-Ouest"," 99","Brampton",N,N,"",0,628,"Thind","","Ninder","Conservative","Conservateur",N,N,120
35012,"Brampton West","Brampton-Ouest"," 100","Brampton",N,N,"",1,498,"Gobinath","","Karthika","Green Party","Parti Vert",N,N,5
35012,"Brampton West","Brampton-Ouest"," 100","Brampton",N,N,"",1,498,"Khera","","Kamal","Liberal","Libéral",N,Y,160
35012,"Brampton West","Brampton-Ouest"," 100","Brampton",N,N,"",1,498,"Patterson","","Adaoma","NDP-New Democratic Party","NPD-Nouveau Parti démocratique",N,N,17
35012,"Brampton West","Brampton-Ouest"," 100","Brampton",N,N,"",1,498,"Thind","","Ninder","Conservative","Conservateur",N,N,101
35012,"Brampton West","Brampton-Ouest"," 101","Brampton",N,N,"",0,550,"Gobinath","","Karthika","Green Party","Parti Vert",N,N,1
35012,"Brampton West","Brampton-Ouest"," 101","Brampton",N,N,"",0,550,"Khera","","Kamal","Liberal","Libéral",N,Y,165
35012,"Brampton West","Brampton-Ouest"," 101","Brampton",N,N,"",0,550,"Patterson","","Adaoma","NDP-New Democratic Party","NPD-Nouveau Parti démocratique",N,N,32
35012,"Brampton West","Brampton-Ouest"," 101","Brampton",N,N,"",0,550,"Thind","","Ninder","Conservative","Conservateur",N,N,75
35012,"Brampton West","Brampton-Ouest"," 102","Brampton",N,N,"",0,492,"Gobinath","","Karthika","Green Party","Parti Vert",N,N,1
35012,"Brampton West","Brampton-Ouest"," 102","Brampton",N,N,"",0,492,"Khera","","Kamal","Liberal","Libéral",N,Y,163
35012,"Brampton West","Brampton-Ouest"," 102","Brampton",N,N,"",0,492,"Patterson","","Adaoma","NDP-New Democratic Party","NPD-Nouveau Parti démocratique",N,N,26
35012,"Brampton West","Brampton-Ouest"," 102","Brampton",N,N,"",0,492,"Thind","","Ninder","Conservative","Conservateur",N,N,94
35012,"Brampton West","Brampton-Ouest"," 103","Brampton",N,N,"",0,538,"Gobinath","","Karthika","Green Party","Parti Vert",N,N,2
35012,"Brampton West","Brampton-Ouest"," 103","Brampton",N,N,"",0,538,"Khera","","Kamal","Liberal","Libéral",N,Y,163
35012,"Brampton West","Brampton-Ouest"," 103","Brampton",N,N,"",0,538,"Patterson","","Adaoma","NDP-New Democratic Party","NPD-Nouveau Parti démocratique",N,N,21
35012,"Brampton West","Brampton-Ouest"," 103","Brampton",N,N,"",0,538,"Thind","","Ninder","Conservative","Conservateur",N,N,92
35012,"Brampton West","Brampton-Ouest"," 104A","Brampton",N,N,"",0,382,"Gobinath","","Karthika","Green Party","Parti Vert",N,N,0
35012,"Brampton West","Brampton-Ouest"," 104A","Brampton",N,N,"",0,382,"Khera","","Kamal","Liberal","Libéral",N,Y,129
35012,"Brampton West","Brampton-Ouest"," 104A","Brampton",N,N,"",0,382,"Patterson","","Adaoma","NDP-New Democratic Party","NPD-Nouveau Parti démocratique",N,N,12
35012,"Brampton West","Brampton-Ouest"," 104A","Brampton",N,N,"",0,382,"Thind","","Ninder","Conservative","Conservateur",N,N,42
35012,"Brampton West","Brampton-Ouest"," 104B","Brampton",N,N,"",0,308,"Gobinath","","Karthika","Green Party","Parti Vert",N,N,0
35012,"Brampton West","Brampton-Ouest"," 104B","Brampton",N,N,"",0,308,"Khera","","Kamal","Liberal","Libéral",N,Y,87
35012,"Brampton West","Brampton-Ouest"," 104B","Brampton",N,N,"",0,308,"Patterson","","Adaoma","NDP-New Democratic Party","NPD-Nouveau Parti démocratique",N,N,10
35012,"Brampton West","Brampton-Ouest"," 104B","Brampton",N,N,"",0,308,"Thind","","Ninder","Conservative","Conservateur",N,N,48
35012,"Brampton West","Brampton-Ouest"," 105","Brampton",N,N,"",0,362,"Gobinath","","Karthika","Green Party","Parti Vert",N,N,1
35012,"Brampton West","Brampton-Ouest"," 105","Brampton",N,N,"",0,362,"Khera","","Kamal","Liberal","Libéral",N,Y,93
35012,"Brampton West","Brampton-Ouest"," 105","Brampton",N,N,"",0,362,"Patterson","","Adaoma","NDP-New Democratic Party","NPD-Nouveau Parti démocratique",N,N,14
35012,"Brampton West","Brampton-Ouest"," 105","Brampton",N,N,"",0,362,"Thind","","Ninder","Conservative","Conservateur",N,N,52
35012,"Brampton West","Brampton-Ouest"," 106","Brampton",N,N,"",3,320,"Gobinath","","Karthika","Green Party","Parti Vert",N,N,3
35012,"Brampton West","Brampton-Ouest"," 106","Brampton",N,N,"",3,320,"Khera","","Kamal","Liberal","Libéral",N,Y,85
35012,"Brampton West","Brampton-Ouest"," 106","Brampton",N,N,"",3,320,"Patterson","","Adaoma","NDP-New Democratic Party","NPD-Nouveau Parti démocratique",N,N,22
35012,"Brampton West","Brampton-Ouest"," 106","Brampton",N,N,"",3,320,"Thind","","Ninder","Conservative","Conservateur",N,N,35
35012,"Brampton West","Brampton-Ouest"," 107","Brampton",N,N,"",3,380,"Gobinath","","Karthika","Green Party","Parti Vert",N,N,3
35012,"Brampton West","Brampton-Ouest"," 107","Brampton",N,N,"",3,380,"Khera","","Kamal","Liberal","Libéral",N,Y,101
35012,"Brampton West","Brampton-Ouest"," 107","Brampton",N,N,"",3,380,"Patterson","","Adaoma","NDP-New Democratic Party","NPD-Nouveau Parti démocratique",N,N,15
35012,"Brampton West","Brampton-Ouest"," 107","Brampton",N,N,"",3,380,"Thind","","Ninder","Conservative","Conservateur",N,N,28
35012,"Brampton West","Brampton-Ouest"," 108","Brampton",N,N,"",1,549,"Gobinath","","Karthika","Green Party","Parti Vert",N,N,3
35012,"Brampton West","Brampton-Ouest"," 108","Brampton",N,N,"",1,549,"Khera","","Kamal","Liberal","Libéral",N,Y,127
35012,"Brampton West","Brampton-Ouest"," 108","Brampton",N,N,"",1,549,"Patterson","","Adaoma","NDP-New Democratic Party","NPD-Nouveau Parti démocratique",N,N,27
35012,"Brampton West","Brampton-Ouest"," 108","Brampton",N,N,"",1,549,"Thind","","Ninder","Conservative","Conservateur",N,N,61
35012,"Brampton West","Brampton-Ouest"," 109","Brampton",N,N,"",2,472,"Gobinath","","Karthika","Green Party","Parti Vert",N,N,2
35012,"Brampton West","Brampton-Ouest"," 109","Brampton",N,N,"",2,472,"Khera","","Kamal","Liberal","Libéral",N,Y,115
35012,"Brampton West","Brampton-Ouest"," 109","Brampton",N,N,"",2,472,"Patterson","","Adaoma","NDP-New Democratic Party","NPD-Nouveau Parti démocratique",N,N,25
35012,"Brampton West","Brampton-Ouest"," 109","Brampton",N,N,"",2,472,"Thind","","Ninder","Conservative","Conservateur",N,N,63
35012,"Brampton West","Brampton-Ouest"," 110","Brampton",N,N,"",0,403,"Gobinath","","Karthika","Green Party","Parti Vert",N,N,2
35012,"Brampton West","Brampton-Ouest"," 110","Brampton",N,N,"",0,403,"Khera","","Kamal","Liberal","Libéral",N,Y,94
35012,"Brampton West","Brampton-Ouest"," 110","Brampton",N,N,"",0,403,"Patterson","","Adaoma","NDP-New Democratic Party","NPD-Nouveau Parti démocratique",N,N,25
35012,"Brampton West","Brampton-Ouest"," 110","Brampton",N,N,"",0,403,"Thind","","Ninder","Conservative","Conservateur",N,N,54
35012,"Brampton West","Brampton-Ouest"," 111","Brampton",N,N,"",5,400,"Gobinath","","Karthika","Green Party","Parti Vert",N,N,1
35012,"Brampton West","Brampton-Ouest"," 111","Brampton",N,N,"",5,400,"Khera","","Kamal","Liberal","Libéral",N,Y,99
35012,"Brampton West","Brampton-Ouest"," 111","Brampton",N,N,"",5,400,"Patterson","","Adaoma","NDP-New Democratic Party","NPD-Nouveau Parti démocratique",N,N,23
35012,"Brampton West","Brampton-Ouest"," 111","Brampton",N,N,"",5,400,"Thind","","Ninder","Conservative","Conservateur",N,N,39
35012,"Brampton West","Brampton-Ouest"," 112","Brampton",N,N,"",0,456,"Gobinath","","Karthika","Green Party","Parti Vert",N,N,1
35012,"Brampton West","Brampton-Ouest"," 112","Brampton",N,N,"",0,456,"Khera","","Kamal","Liberal","Libéral",N,Y,122
35012,"Brampton West","Brampton-Ouest"," 112","Brampton",N,N,"",0,456,"Patterson","","Adaoma","NDP-New Democratic Party","NPD-Nouveau Parti démocratique",N,N,20
35012,"Brampton West","Brampton-Ouest"," 112","Brampton",N,N,"",0,456,"Thind","","Ninder","Conservative","Conservateur",N,N,49
35012,"Brampton West","Brampton-Ouest"," 113","Brampton",N,N,"",0,527,"Gobinath","","Karthika","Green Party","Parti Vert",N,N,1
35012,"Brampton West","Brampton-Ouest"," 113","Brampton",N,N,"",0,527,"Khera","","Kamal","Liberal","Libéral",N,Y,113
35012,"Brampton West","Brampton-Ouest"," 113","Brampton",N,N,"",0,527,"Patterson","","Adaoma","NDP-New Democratic Party","NPD-Nouveau Parti démocratique",N,N,27
35012,"Brampton West","Brampton-Ouest"," 113","Brampton",N,N,"",0,527,"Thind","","Ninder","Conservative","Conservateur",N,N,64
35012,"Brampton West","Brampton-Ouest"," 114","Brampton",N,N,"",1,406,"Gobinath","","Karthika","Green Party","Parti Vert",N,N,1
35012,"Brampton West","Brampton-Ouest"," 114","Brampton",N,N,"",1,406,"Khera","","Kamal","Liberal","Libéral",N,Y,93
35012,"Brampton West","Brampton-Ouest"," 114","Brampton",N,N,"",1,406,"Patterson","","Adaoma","NDP-New Democratic Party","NPD-Nouveau Parti démocratique",N,N,30
35012,"Brampton West","Brampton-Ouest"," 114","Brampton",N,N,"",1,406,"Thind","","Ninder","Conservative","Conservateur",N,N,47
35012,"Brampton West","Brampton-Ouest"," 115","Brampton",N,N,"",2,487,"Gobinath","","Karthika","Green Party","Parti Vert",N,N,3
35012,"Brampton West","Brampton-Ouest"," 115","Brampton",N,N,"",2,487,"Khera","","Kamal","Liberal","Libéral",N,Y,121
35012,"Brampton West","Brampton-Ouest"," 115","Brampton",N,N,"",2,487,"Patterson","","Adaoma","NDP-New Democratic Party","NPD-Nouveau Parti démocratique",N,N,29
35012,"Brampton West","Brampton-Ouest"," 115","Brampton",N,N,"",2,487,"Thind","","Ninder","Conservative","Conservateur",N,N,51
35012,"Brampton West","Brampton-Ouest"," 116","Brampton",N,N,"",0,462,"Gobinath","","Karthika","Green Party","Parti Vert",N,N,5
35012,"Brampton West","Brampton-Ouest"," 116","Brampton",N,N,"",0,462,"Khera","","Kamal","Liberal","Libéral",N,Y,133
35012,"Brampton West","Brampton-Ouest"," 116","Brampton",N,N,"",0,462,"Patterson","","Adaoma","NDP-New Democratic Party","NPD-Nouveau Parti démocratique",N,N,31
35012,"Brampton West","Brampton-Ouest"," 116","Brampton",N,N,"",0,462,"Thind","","Ninder","Conservative","Conservateur",N,N,31
35012,"Brampton West","Brampton-Ouest"," 117","Brampton",N,N,"",2,442,"Gobinath","","Karthika","Green Party","Parti Vert",N,N,3
35012,"Brampton West","Brampton-Ouest"," 117","Brampton",N,N,"",2,442,"Khera","","Kamal","Liberal","Libéral",N,Y,96
35012,"Brampton West","Brampton-Ouest"," 117","Brampton",N,N,"",2,442,"Patterson","","Adaoma","NDP-New Democratic Party","NPD-Nouveau Parti démocratique",N,N,39
35012,"Brampton West","Brampton-Ouest"," 117","Brampton",N,N,"",2,442,"Thind","","Ninder","Conservative","Conservateur",N,N,48
35012,"Brampton West","Brampton-Ouest"," 118","Brampton",N,N,"",0,374,"Gobinath","","Karthika","Green Party","Parti Vert",N,N,1
35012,"Brampton West","Brampton-Ouest"," 118","Brampton",N,N,"",0,374,"Khera","","Kamal","Liberal","Libéral",N,Y,78
35012,"Brampton West","Brampton-Ouest"," 118","Brampton",N,N,"",0,374,"Patterson","","Adaoma","NDP-New Democratic Party","NPD-Nouveau Parti démocratique",N,N,29
35012,"Brampton West","Brampton-Ouest"," 118","Brampton",N,N,"",0,374,"Thind","","Ninder","Conservative","Conservateur",N,N,48
35012,"Brampton West","Brampton-Ouest"," 119","Brampton",N,N,"",2,385,"Gobinath","","Karthika","Green Party","Parti Vert",N,N,0
35012,"Brampton West","Brampton-Ouest"," 119","Brampton",N,N,"",2,385,"Khera","","Kamal","Liberal","Libéral",N,Y,81
35012,"Brampton West","Brampton-Ouest"," 119","Brampton",N,N,"",2,385,"Patterson","","Adaoma","NDP-New Democratic Party","NPD-Nouveau Parti démocratique",N,N,26
35012,"Brampton West","Brampton-Ouest"," 119","Brampton",N,N,"",2,385,"Thind","","Ninder","Conservative","Conservateur",N,N,71
35012,"Brampton West","Brampton-Ouest"," 120","Brampton",N,N,"",1,502,"Gobinath","","Karthika","Green Party","Parti Vert",N,N,3
35012,"Brampton West","Brampton-Ouest"," 120","Brampton",N,N,"",1,502,"Khera","","Kamal","Liberal","Libéral",N,Y,148
35012,"Brampton West","Brampton-Ouest"," 120","Brampton",N,N,"",1,502,"Patterson","","Adaoma","NDP-New Democratic Party","NPD-Nouveau Parti démocratique",N,N,38
35012,"Brampton West","Brampton-Ouest"," 120","Brampton",N,N,"",1,502,"Thind","","Ninder","Conservative","Conservateur",N,N,70
35012,"Brampton West","Brampton-Ouest"," 121","Brampton",N,N,"",0,411,"Gobinath","","Karthika","Green Party","Parti Vert",N,N,2
35012,"Brampton West","Brampton-Ouest"," 121","Brampton",N,N,"",0,411,"Khera","","Kamal","Liberal","Libéral",N,Y,110
35012,"Brampton West","Brampton-Ouest"," 121","Brampton",N,N,"",0,411,"Patterson","","Adaoma","NDP-New Democratic Party","NPD-Nouveau Parti démocratique",N,N,20
35012,"Brampton West","Brampton-Ouest"," 121","Brampton",N,N,"",0,411,"Thind","","Ninder","Conservative","Conservateur",N,N,65
35012,"Brampton West","Brampton-Ouest"," 122","Brampton",N,N,"",2,518,"Gobinath","","Karthika","Green Party","Parti Vert",N,N,6
35012,"Brampton West","Brampton-Ouest"," 122","Brampton",N,N,"",2,518,"Khera","","Kamal","Liberal","Libéral",N,Y,149
35012,"Brampton West","Brampton-Ouest"," 122","Brampton",N,N,"",2,518,"Patterson","","Adaoma","NDP-New Democratic Party","NPD-Nouveau Parti démocratique",N,N,21
35012,"Brampton West","Brampton-Ouest"," 122","Brampton",N,N,"",2,518,"Thind","","Ninder","Conservative","Conservateur",N,N,78
35012,"Brampton West","Brampton-Ouest"," 123","Brampton",N,N,"",0,489,"Gobinath","","Karthika","Green Party","Parti Vert",N,N,3
35012,"Brampton West","Brampton-Ouest"," 123","Brampton",N,N,"",0,489,"Khera","","Kamal","Liberal","Libéral",N,Y,139
35012,"Brampton West","Brampton-Ouest"," 123","Brampton",N,N,"",0,489,"Patterson","","Adaoma","NDP-New Democratic Party","NPD-Nouveau Parti démocratique",N,N,22
35012,"Brampton West","Brampton-Ouest"," 123","Brampton",N,N,"",0,489,"Thind","","Ninder","Conservative","Conservateur",N,N,59
35012,"Brampton West","Brampton-Ouest"," 124","Brampton",N,N,"",4,463,"Gobinath","","Karthika","Green Party","Parti Vert",N,N,7
35012,"Brampton West","Brampton-Ouest"," 124","Brampton",N,N,"",4,463,"Khera","","Kamal","Liberal","Libéral",N,Y,143
35012,"Brampton West","Brampton-Ouest"," 124","Brampton",N,N,"",4,463,"Patterson","","Adaoma","NDP-New Democratic Party","NPD-Nouveau Parti démocratique",N,N,28
35012,"Brampton West","Brampton-Ouest"," 124","Brampton",N,N,"",4,463,"Thind","","Ninder","Conservative","Conservateur",N,N,51
35012,"Brampton West","Brampton-Ouest"," 125","Brampton",N,N,"",2,378,"Gobinath","","Karthika","Green Party","Parti Vert",N,N,1
35012,"Brampton West","Brampton-Ouest"," 125","Brampton",N,N,"",2,378,"Khera","","Kamal","Liberal","Libéral",N,Y,114
35012,"Brampton West","Brampton-Ouest"," 125","Brampton",N,N,"",2,378,"Patterson","","Adaoma","NDP-New Democratic Party","NPD-Nouveau Parti démocratique",N,N,18
35012,"Brampton West","Brampton-Ouest"," 125","Brampton",N,N,"",2,378,"Thind","","Ninder","Conservative","Conservateur",N,N,49
35012,"Brampton West","Brampton-Ouest"," 126","Brampton",N,N,"",0,406,"Gobinath","","Karthika","Green Party","Parti Vert",N,N,5
35012,"Brampton West","Brampton-Ouest"," 126","Brampton",N,N,"",0,406,"Khera","","Kamal","Liberal","Libéral",N,Y,96
35012,"Brampton West","Brampton-Ouest"," 126","Brampton",N,N,"",0,406,"Patterson","","Adaoma","NDP-New Democratic Party","NPD-Nouveau Parti démocratique",N,N,32
35012,"Brampton West","Brampton-Ouest"," 126","Brampton",N,N,"",0,406,"Thind","","Ninder","Conservative","Conservateur",N,N,43
35012,"Brampton West","Brampton-Ouest"," 127","Brampton",N,N,"",2,411,"Gobinath","","Karthika","Green Party","Parti Vert",N,N,3
35012,"Brampton West","Brampton-Ouest"," 127","Brampton",N,N,"",2,411,"Khera","","Kamal","Liberal","Libéral",N,Y,92
35012,"Brampton West","Brampton-Ouest"," 127","Brampton",N,N,"",2,411,"Patterson","","Adaoma","NDP-New Democratic Party","NPD-Nouveau Parti démocratique",N,N,22
35012,"Brampton West","Brampton-Ouest"," 127","Brampton",N,N,"",2,411,"Thind","","Ninder","Conservative","Conservateur",N,N,71
35012,"Brampton West","Brampton-Ouest"," 128","Brampton",N,N,"",0,452,"Gobinath","","Karthika","Green Party","Parti Vert",N,N,5
35012,"Brampton West","Brampton-Ouest"," 128","Brampton",N,N,"",0,452,"Khera","","Kamal","Liberal","Libéral",N,Y,101
35012,"Brampton West","Brampton-Ouest"," 128","Brampton",N,N,"",0,452,"Patterson","","Adaoma","NDP-New Democratic Party","NPD-Nouveau Parti démocratique",N,N,27
35012,"Brampton West","Brampton-Ouest"," 128","Brampton",N,N,"",0,452,"Thind","","Ninder","Conservative","Conservateur",N,N,55
35012,"Brampton West","Brampton-Ouest"," 129","Brampton",N,N,"",0,360,"Gobinath","","Karthika","Green Party","Parti Vert",N,N,0
35012,"Brampton West","Brampton-Ouest"," 129","Brampton",N,N,"",0,360,"Khera","","Kamal","Liberal","Libéral",N,Y,90
35012,"Brampton West","Brampton-Ouest"," 129","Brampton",N,N,"",0,360,"Patterson","","Adaoma","NDP-New Democratic Party","NPD-Nouveau Parti démocratique",N,N,24
35012,"Brampton West","Brampton-Ouest"," 129","Brampton",N,N,"",0,360,"Thind","","Ninder","Conservative","Conservateur",N,N,47
35012,"Brampton West","Brampton-Ouest"," 130","Brampton",N,N,"",0,405,"Gobinath","","Karthika","Green Party","Parti Vert",N,N,1
35012,"Brampton West","Brampton-Ouest"," 130","Brampton",N,N,"",0,405,"Khera","","Kamal","Liberal","Libéral",N,Y,100
35012,"Brampton West","Brampton-Ouest"," 130","Brampton",N,N,"",0,405,"Patterson","","Adaoma","NDP-New Democratic Party","NPD-Nouveau Parti démocratique",N,N,24
35012,"Brampton West","Brampton-Ouest"," 130","Brampton",N,N,"",0,405,"Thind","","Ninder","Conservative","Conservateur",N,N,50
35012,"Brampton West","Brampton-Ouest"," 131","Brampton",N,N,"",0,383,"Gobinath","","Karthika","Green Party","Parti Vert",N,N,2
35012,"Brampton West","Brampton-Ouest"," 131","Brampton",N,N,"",0,383,"Khera","","Kamal","Liberal","Libéral",N,Y,90
35012,"Brampton West","Brampton-Ouest"," 131","Brampton",N,N,"",0,383,"Patterson","","Adaoma","NDP-New Democratic Party","NPD-Nouveau Parti démocratique",N,N,25
35012,"Brampton West","Brampton-Ouest"," 131","Brampton",N,N,"",0,383,"Thind","","Ninder","Conservative","Conservateur",N,N,25
35012,"Brampton West","Brampton-Ouest"," 132","Brampton",N,N,"",0,431,"Gobinath","","Karthika","Green Party","Parti Vert",N,N,1
35012,"Brampton West","Brampton-Ouest"," 132","Brampton",N,N,"",0,431,"Khera","","Kamal","Liberal","Libéral",N,Y,128
35012,"Brampton West","Brampton-Ouest"," 132","Brampton",N,N,"",0,431,"Patterson","","Adaoma","NDP-New Democratic Party","NPD-Nouveau Parti démocratique",N,N,34
35012,"Brampton West","Brampton-Ouest"," 132","Brampton",N,N,"",0,431,"Thind","","Ninder","Conservative","Conservateur",N,N,64
35012,"Brampton West","Brampton-Ouest"," 133","Brampton",N,N,"",1,420,"Gobinath","","Karthika","Green Party","Parti Vert",N,N,2
35012,"Brampton West","Brampton-Ouest"," 133","Brampton",N,N,"",1,420,"Khera","","Kamal","Liberal","Libéral",N,Y,107
35012,"Brampton West","Brampton-Ouest"," 133","Brampton",N,N,"",1,420,"Patterson","","Adaoma","NDP-New Democratic Party","NPD-Nouveau Parti démocratique",N,N,29
35012,"Brampton West","Brampton-Ouest"," 133","Brampton",N,N,"",1,420,"Thind","","Ninder","Conservative","Conservateur",N,N,62
35012,"Brampton West","Brampton-Ouest"," 134","Brampton",N,N,"",1,497,"Gobinath","","Karthika","Green Party","Parti Vert",N,N,1
35012,"Brampton West","Brampton-Ouest"," 134","Brampton",N,N,"",1,497,"Khera","","Kamal","Liberal","Libéral",N,Y,139
35012,"Brampton West","Brampton-Ouest"," 134","Brampton",N,N,"",1,497,"Patterson","","Adaoma","NDP-New Democratic Party","NPD-Nouveau Parti démocratique",N,N,36
35012,"Brampton West","Brampton-Ouest"," 134","Brampton",N,N,"",1,497,"Thind","","Ninder","Conservative","Conservateur",N,N,64
35012,"Brampton West","Brampton-Ouest"," 135","Brampton",N,N,"",3,373,"Gobinath","","Karthika","Green Party","Parti Vert",N,N,3
35012,"Brampton West","Brampton-Ouest"," 135","Brampton",N,N,"",3,373,"Khera","","Kamal","Liberal","Libéral",N,Y,90
35012,"Brampton West","Brampton-Ouest"," 135","Brampton",N,N,"",3,373,"Patterson","","Adaoma","NDP-New Democratic Party","NPD-Nouveau Parti démocratique",N,N,16
35012,"Brampton West","Brampton-Ouest"," 135","Brampton",N,N,"",3,373,"Thind","","Ninder","Conservative","Conservateur",N,N,33
35012,"Brampton West","Brampton-Ouest"," 136","Brampton",N,N,"",1,449,"Gobinath","","Karthika","Green Party","Parti Vert",N,N,1
35012,"Brampton West","Brampton-Ouest"," 136","Brampton",N,N,"",1,449,"Khera","","Kamal","Liberal","Libéral",N,Y,121
35012,"Brampton West","Brampton-Ouest"," 136","Brampton",N,N,"",1,449,"Patterson","","Adaoma","NDP-New Democratic Party","NPD-Nouveau Parti démocratique",N,N,26
35012,"Brampton West","Brampton-Ouest"," 136","Brampton",N,N,"",1,449,"Thind","","Ninder","Conservative","Conservateur",N,N,40
35012,"Brampton West","Brampton-Ouest"," 137","Brampton",N,N,"",2,418,"Gobinath","","Karthika","Green Party","Parti Vert",N,N,0
35012,"Brampton West","Brampton-Ouest"," 137","Brampton",N,N,"",2,418,"Khera","","Kamal","Liberal","Libéral",N,Y,114
35012,"Brampton West","Brampton-Ouest"," 137","Brampton",N,N,"",2,418,"Patterson","","Adaoma","NDP-New Democratic Party","NPD-Nouveau Parti démocratique",N,N,21
35012,"Brampton West","Brampton-Ouest"," 137","Brampton",N,N,"",2,418,"Thind","","Ninder","Conservative","Conservateur",N,N,35
35012,"Brampton West","Brampton-Ouest"," 138","Brampton",N,N,"",0,475,"Gobinath","","Karthika","Green Party","Parti Vert",N,N,6
35012,"Brampton West","Brampton-Ouest"," 138","Brampton",N,N,"",0,475,"Khera","","Kamal","Liberal","Libéral",N,Y,118
35012,"Brampton West","Brampton-Ouest"," 138","Brampton",N,N,"",0,475,"Patterson","","Adaoma","NDP-New Democratic Party","NPD-Nouveau Parti démocratique",N,N,26
35012,"Brampton West","Brampton-Ouest"," 138","Brampton",N,N,"",0,475,"Thind","","Ninder","Conservative","Conservateur",N,N,69
35012,"Brampton West","Brampton-Ouest"," 139A","Brampton",N,N,"",1,600,"Gobinath","","Karthika","Green Party","Parti Vert",N,N,18
35012,"Brampton West","Brampton-Ouest"," 139A","Brampton",N,N,"",1,600,"Khera","","Kamal","Liberal","Libéral",N,Y,144
35012,"Brampton West","Brampton-Ouest"," 139A","Brampton",N,N,"",1,600,"Patterson","","Adaoma","NDP-New Democratic Party","NPD-Nouveau Parti démocratique",N,N,25
35012,"Brampton West","Brampton-Ouest"," 139A","Brampton",N,N,"",1,600,"Thind","","Ninder","Conservative","Conservateur",N,N,80
35012,"Brampton West","Brampton-Ouest"," 139B","Brampton",N,N,"",1,655,"Gobinath","","Karthika","Green Party","Parti Vert",N,N,2
35012,"Brampton West","Brampton-Ouest"," 139B","Brampton",N,N,"",1,655,"Khera","","Kamal","Liberal","Libéral",N,Y,154
35012,"Brampton West","Brampton-Ouest"," 139B","Brampton",N,N,"",1,655,"Patterson","","Adaoma","NDP-New Democratic Party","NPD-Nouveau Parti démocratique",N,N,27
35012,"Brampton West","Brampton-Ouest"," 139B","Brampton",N,N,"",1,655,"Thind","","Ninder","Conservative","Conservateur",N,N,77
35012,"Brampton West","Brampton-Ouest"," 140","Brampton",N,N,"",0,442,"Gobinath","","Karthika","Green Party","Parti Vert",N,N,4
35012,"Brampton West","Brampton-Ouest"," 140","Brampton",N,N,"",0,442,"Khera","","Kamal","Liberal","Libéral",N,Y,104
35012,"Brampton West","Brampton-Ouest"," 140","Brampton",N,N,"",0,442,"Patterson","","Adaoma","NDP-New Democratic Party","NPD-Nouveau Parti démocratique",N,N,16
35012,"Brampton West","Brampton-Ouest"," 140","Brampton",N,N,"",0,442,"Thind","","Ninder","Conservative","Conservateur",N,N,69
35012,"Brampton West","Brampton-Ouest"," 141","Brampton",N,N,"",1,567,"Gobinath","","Karthika","Green Party","Parti Vert",N,N,0
35012,"Brampton West","Brampton-Ouest"," 141","Brampton",N,N,"",1,567,"Khera","","Kamal","Liberal","Libéral",N,Y,127
35012,"Brampton West","Brampton-Ouest"," 141","Brampton",N,N,"",1,567,"Patterson","","Adaoma","NDP-New Democratic Party","NPD-Nouveau Parti démocratique",N,N,32
35012,"Brampton West","Brampton-Ouest"," 141","Brampton",N,N,"",1,567,"Thind","","Ninder","Conservative","Conservateur",N,N,63
35012,"Brampton West","Brampton-Ouest"," 142","Brampton",N,N,"",1,591,"Gobinath","","Karthika","Green Party","Parti Vert",N,N,3
35012,"Brampton West","Brampton-Ouest"," 142","Brampton",N,N,"",1,591,"Khera","","Kamal","Liberal","Libéral",N,Y,152
35012,"Brampton West","Brampton-Ouest"," 142","Brampton",N,N,"",1,591,"Patterson","","Adaoma","NDP-New Democratic Party","NPD-Nouveau Parti démocratique",N,N,37
35012,"Brampton West","Brampton-Ouest"," 142","Brampton",N,N,"",1,591,"Thind","","Ninder","Conservative","Conservateur",N,N,78
35012,"Brampton West","Brampton-Ouest"," 143A","Brampton",N,N,"",0,428,"Gobinath","","Karthika","Green Party","Parti Vert",N,N,2
35012,"Brampton West","Brampton-Ouest"," 143A","Brampton",N,N,"",0,428,"Khera","","Kamal","Liberal","Libéral",N,Y,94
35012,"Brampton West","Brampton-Ouest"," 143A","Brampton",N,N,"",0,428,"Patterson","","Adaoma","NDP-New Democratic Party","NPD-Nouveau Parti démocratique",N,N,21
35012,"Brampton West","Brampton-Ouest"," 143A","Brampton",N,N,"",0,428,"Thind","","Ninder","Conservative","Conservateur",N,N,56
35012,"Brampton West","Brampton-Ouest"," 143B","Brampton",N,N,"",1,567,"Gobinath","","Karthika","Green Party","Parti Vert",N,N,2
35012,"Brampton West","Brampton-Ouest"," 143B","Brampton",N,N,"",1,567,"Khera","","Kamal","Liberal","Libéral",N,Y,139
35012,"Brampton West","Brampton-Ouest"," 143B","Brampton",N,N,"",1,567,"Patterson","","Adaoma","NDP-New Democratic Party","NPD-Nouveau Parti démocratique",N,N,32
35012,"Brampton West","Brampton-Ouest"," 143B","Brampton",N,N,"",1,567,"Thind","","Ninder","Conservative","Conservateur",N,N,48
35012,"Brampton West","Brampton-Ouest"," 143C","Brampton",N,N,"",0,507,"Gobinath","","Karthika","Green Party","Parti Vert",N,N,5
35012,"Brampton West","Brampton-Ouest"," 143C","Brampton",N,N,"",0,507,"Khera","","Kamal","Liberal","Libéral",N,Y,141
35012,"Brampton West","Brampton-Ouest"," 143C","Brampton",N,N,"",0,507,"Patterson","","Adaoma","NDP-New Democratic Party","NPD-Nouveau Parti démocratique",N,N,19
35012,"Brampton West","Brampton-Ouest"," 143C","Brampton",N,N,"",0,507,"Thind","","Ninder","Conservative","Conservateur",N,N,53
35012,"Brampton West","Brampton-Ouest"," 144","Brampton",N,N,"",2,545,"Gobinath","","Karthika","Green Party","Parti Vert",N,N,1
35012,"Brampton West","Brampton-Ouest"," 144","Brampton",N,N,"",2,545,"Khera","","Kamal","Liberal","Libéral",N,Y,125
35012,"Brampton West","Brampton-Ouest"," 144","Brampton",N,N,"",2,545,"Patterson","","Adaoma","NDP-New Democratic Party","NPD-Nouveau Parti démocratique",N,N,27
35012,"Brampton West","Brampton-Ouest"," 144","Brampton",N,N,"",2,545,"Thind","","Ninder","Conservative","Conservateur",N,N,71
35012,"Brampton West","Brampton-Ouest"," 145A","Brampton",N,N,"",2,536,"Gobinath","","Karthika","Green Party","Parti Vert",N,N,7
35012,"Brampton West","Brampton-Ouest"," 145A","Brampton",N,N,"",2,536,"Khera","","Kamal","Liberal","Libéral",N,Y,132
35012,"Brampton West","Brampton-Ouest"," 145A","Brampton",N,N,"",2,536,"Patterson","","Adaoma","NDP-New Democratic Party","NPD-Nouveau Parti démocratique",N,N,25
35012,"Brampton West","Brampton-Ouest"," 145A","Brampton",N,N,"",2,536,"Thind","","Ninder","Conservative","Conservateur",N,N,68
35012,"Brampton West","Brampton-Ouest"," 145B","Brampton",N,N,"",1,559,"Gobinath","","Karthika","Green Party","Parti Vert",N,N,7
35012,"Brampton West","Brampton-Ouest"," 145B","Brampton",N,N,"",1,559,"Khera","","Kamal","Liberal","Libéral",N,Y,143
35012,"Brampton West","Brampton-Ouest"," 145B","Brampton",N,N,"",1,559,"Patterson","","Adaoma","NDP-New Democratic Party","NPD-Nouveau Parti démocratique",N,N,28
35012,"Brampton West","Brampton-Ouest"," 145B","Brampton",N,N,"",1,559,"Thind","","Ninder","Conservative","Conservateur",N,N,80
35012,"Brampton West","Brampton-Ouest"," 146","Brampton",N,N,"",2,447,"Gobinath","","Karthika","Green Party","Parti Vert",N,N,12
35012,"Brampton West","Brampton-Ouest"," 146","Brampton",N,N,"",2,447,"Khera","","Kamal","Liberal","Libéral",N,Y,110
35012,"Brampton West","Brampton-Ouest"," 146","Brampton",N,N,"",2,447,"Patterson","","Adaoma","NDP-New Democratic Party","NPD-Nouveau Parti démocratique",N,N,26
35012,"Brampton West","Brampton-Ouest"," 146","Brampton",N,N,"",2,447,"Thind","","Ninder","Conservative","Conservateur",N,N,124
35012,"Brampton West","Brampton-Ouest"," 147","Brampton",N,N,"",1,501,"Gobinath","","Karthika","Green Party","Parti Vert",N,N,4
35012,"Brampton West","Brampton-Ouest"," 147","Brampton",N,N,"",1,501,"Khera","","Kamal","Liberal","Libéral",N,Y,121
35012,"Brampton West","Brampton-Ouest"," 147","Brampton",N,N,"",1,501,"Patterson","","Adaoma","NDP-New Democratic Party","NPD-Nouveau Parti démocratique",N,N,20
35012,"Brampton West","Brampton-Ouest"," 147","Brampton",N,N,"",1,501,"Thind","","Ninder","Conservative","Conservateur",N,N,70
35012,"Brampton West","Brampton-Ouest"," 148","Brampton",N,N,"",0,483,"Gobinath","","Karthika","Green Party","Parti Vert",N,N,3
35012,"Brampton West","Brampton-Ouest"," 148","Brampton",N,N,"",0,483,"Khera","","Kamal","Liberal","Libéral",N,Y,110
35012,"Brampton West","Brampton-Ouest"," 148","Brampton",N,N,"",0,483,"Patterson","","Adaoma","NDP-New Democratic Party","NPD-Nouveau Parti démocratique",N,N,10
35012,"Brampton West","Brampton-Ouest"," 148","Brampton",N,N,"",0,483,"Thind","","Ninder","Conservative","Conservateur",N,N,51
35012,"Brampton West","Brampton-Ouest"," 149","Brampton",N,N,"",0,430,"Gobinath","","Karthika","Green Party","Parti Vert",N,N,4
35012,"Brampton West","Brampton-Ouest"," 149","Brampton",N,N,"",0,430,"Khera","","Kamal","Liberal","Libéral",N,Y,114
35012,"Brampton West","Brampton-Ouest"," 149","Brampton",N,N,"",0,430,"Patterson","","Adaoma","NDP-New Democratic Party","NPD-Nouveau Parti démocratique",N,N,22
35012,"Brampton West","Brampton-Ouest"," 149","Brampton",N,N,"",0,430,"Thind","","Ninder","Conservative","Conservateur",N,N,33
35012,"Brampton West","Brampton-Ouest"," 150","Brampton",N,N,"",1,423,"Gobinath","","Karthika","Green Party","Parti Vert",N,N,4
35012,"Brampton West","Brampton-Ouest"," 150","Brampton",N,N,"",1,423,"Khera","","Kamal","Liberal","Libéral",N,Y,116
35012,"Brampton West","Brampton-Ouest"," 150","Brampton",N,N,"",1,423,"Patterson","","Adaoma","NDP-New Democratic Party","NPD-Nouveau Parti démocratique",N,N,26
35012,"Brampton West","Brampton-Ouest"," 150","Brampton",N,N,"",1,423,"Thind","","Ninder","Conservative","Conservateur",N,N,68
35012,"Brampton West","Brampton-Ouest"," 151","Brampton",N,N,"",2,404,"Gobinath","","Karthika","Green Party","Parti Vert",N,N,4
35012,"Brampton West","Brampton-Ouest"," 151","Brampton",N,N,"",2,404,"Khera","","Kamal","Liberal","Libéral",N,Y,106
35012,"Brampton West","Brampton-Ouest"," 151","Brampton",N,N,"",2,404,"Patterson","","Adaoma","NDP-New Democratic Party","NPD-Nouveau Parti démocratique",N,N,19
35012,"Brampton West","Brampton-Ouest"," 151","Brampton",N,N,"",2,404,"Thind","","Ninder","Conservative","Conservateur",N,N,81
35012,"Brampton West","Brampton-Ouest"," 152","Brampton",N,N,"",1,363,"Gobinath","","Karthika","Green Party","Parti Vert",N,N,10
35012,"Brampton West","Brampton-Ouest"," 152","Brampton",N,N,"",1,363,"Khera","","Kamal","Liberal","Libéral",N,Y,94
35012,"Brampton West","Brampton-Ouest"," 152","Brampton",N,N,"",1,363,"Patterson","","Adaoma","NDP-New Democratic Party","NPD-Nouveau Parti démocratique",N,N,4
35012,"Brampton West","Brampton-Ouest"," 152","Brampton",N,N,"",1,363,"Thind","","Ninder","Conservative","Conservateur",N,N,62
35012,"Brampton West","Brampton-Ouest"," 153","Brampton",N,N,"",3,415,"Gobinath","","Karthika","Green Party","Parti Vert",N,N,3
35012,"Brampton West","Brampton-Ouest"," 153","Brampton",N,N,"",3,415,"Khera","","Kamal","Liberal","Libéral",N,Y,112
35012,"Brampton West","Brampton-Ouest"," 153","Brampton",N,N,"",3,415,"Patterson","","Adaoma","NDP-New Democratic Party","NPD-Nouveau Parti démocratique",N,N,14
35012,"Brampton West","Brampton-Ouest"," 153","Brampton",N,N,"",3,415,"Thind","","Ninder","Conservative","Conservateur",N,N,76
35012,"Brampton West","Brampton-Ouest"," 500","Mobile poll/Bureau itinérant",N,N,"",1,177,"Gobinath","","Karthika","Green Party","Parti Vert",N,N,6
35012,"Brampton West","Brampton-Ouest"," 500","Mobile poll/Bureau itinérant",N,N,"",1,177,"Khera","","Kamal","Liberal","Libéral",N,Y,63
35012,"Brampton West","Brampton-Ouest"," 500","Mobile poll/Bureau itinérant",N,N,"",1,177,"Patterson","","Adaoma","NDP-New Democratic Party","NPD-Nouveau Parti démocratique",N,N,21
35012,"Brampton West","Brampton-Ouest"," 500","Mobile poll/Bureau itinérant",N,N,"",1,177,"Thind","","Ninder","Conservative","Conservateur",N,N,45
35012,"Brampton West","Brampton-Ouest"," 600","Brampton",N,N,"",0,0,"Gobinath","","Karthika","Green Party","Parti Vert",N,N,14
35012,"Brampton West","Brampton-Ouest"," 600","Brampton",N,N,"",0,0,"Khera","","Kamal","Liberal","Libéral",N,Y,361
35012,"Brampton West","Brampton-Ouest"," 600","Brampton",N,N,"",0,0,"Patterson","","Adaoma","NDP-New Democratic Party","NPD-Nouveau Parti démocratique",N,N,108
35012,"Brampton West","Brampton-Ouest"," 600","Brampton",N,N,"",0,0,"Thind","","Ninder","Conservative","Conservateur",N,N,222
35012,"Brampton West","Brampton-Ouest"," 601","Brampton",N,N,"",5,0,"Gobinath","","Karthika","Green Party","Parti Vert",N,N,13
35012,"Brampton West","Brampton-Ouest"," 601","Brampton",N,N,"",5,0,"Khera","","Kamal","Liberal","Libéral",N,Y,455
35012,"Brampton West","Brampton-Ouest"," 601","Brampton",N,N,"",5,0,"Patterson","","Adaoma","NDP-New Democratic Party","NPD-Nouveau Parti démocratique",N,N,105
35012,"Brampton West","Brampton-Ouest"," 601","Brampton",N,N,"",5,0,"Thind","","Ninder","Conservative","Conservateur",N,N,335
35012,"Brampton West","Brampton-Ouest"," 602","Brampton",N,N,"",9,0,"Gobinath","","Karthika","Green Party","Parti Vert",N,N,10
35012,"Brampton West","Brampton-Ouest"," 602","Brampton",N,N,"",9,0,"Khera","","Kamal","Liberal","Libéral",N,Y,622
35012,"Brampton West","Brampton-Ouest"," 602","Brampton",N,N,"",9,0,"Patterson","","Adaoma","NDP-New Democratic Party","NPD-Nouveau Parti démocratique",N,N,143
35012,"Brampton West","Brampton-Ouest"," 602","Brampton",N,N,"",9,0,"Thind","","Ninder","Conservative","Conservateur",N,N,355
35012,"Brampton West","Brampton-Ouest"," 603","Brampton",N,N,"",7,0,"Gobinath","","Karthika","Green Party","Parti Vert",N,N,8
35012,"Brampton West","Brampton-Ouest"," 603","Brampton",N,N,"",7,0,"Khera","","Kamal","Liberal","Libéral",N,Y,588
35012,"Brampton West","Brampton-Ouest"," 603","Brampton",N,N,"",7,0,"Patterson","","Adaoma","NDP-New Democratic Party","NPD-Nouveau Parti démocratique",N,N,131
35012,"Brampton West","Brampton-Ouest"," 603","Brampton",N,N,"",7,0,"Thind","","Ninder","Conservative","Conservateur",N,N,300
35012,"Brampton West","Brampton-Ouest"," 604","Brampton",N,N,"",5,0,"Gobinath","","Karthika","Green Party","Parti Vert",N,N,6
35012,"Brampton West","Brampton-Ouest"," 604","Brampton",N,N,"",5,0,"Khera","","Kamal","Liberal","Libéral",N,Y,346
35012,"Brampton West","Brampton-Ouest"," 604","Brampton",N,N,"",5,0,"Patterson","","Adaoma","NDP-New Democratic Party","NPD-Nouveau Parti démocratique",N,N,83
35012,"Brampton West","Brampton-Ouest"," 604","Brampton",N,N,"",5,0,"Thind","","Ninder","Conservative","Conservateur",N,N,209
35012,"Brampton West","Brampton-Ouest"," 605","Brampton",N,N,"",4,0,"Gobinath","","Karthika","Green Party","Parti Vert",N,N,9
35012,"Brampton West","Brampton-Ouest"," 605","Brampton",N,N,"",4,0,"Khera","","Kamal","Liberal","Libéral",N,Y,482
35012,"Brampton West","Brampton-Ouest"," 605","Brampton",N,N,"",4,0,"Patterson","","Adaoma","NDP-New Democratic Party","NPD-Nouveau Parti démocratique",N,N,128
35012,"Brampton West","Brampton-Ouest"," 605","Brampton",N,N,"",4,0,"Thind","","Ninder","Conservative","Conservateur",N,N,277
35012,"Brampton West","Brampton-Ouest"," 606","Brampton",N,N,"",2,0,"Gobinath","","Karthika","Green Party","Parti Vert",N,N,3
35012,"Brampton West","Brampton-Ouest"," 606","Brampton",N,N,"",2,0,"Khera","","Kamal","Liberal","Libéral",N,Y,437
35012,"Brampton West","Brampton-Ouest"," 606","Brampton",N,N,"",2,0,"Patterson","","Adaoma","NDP-New Democratic Party","NPD-Nouveau Parti démocratique",N,N,120
35012,"Brampton West","Brampton-Ouest"," 606","Brampton",N,N,"",2,0,"Thind","","Ninder","Conservative","Conservateur",N,N,263
35012,"Brampton West","Brampton-Ouest"," 607","Brampton",N,N,"",9,0,"Gobinath","","Karthika","Green Party","Parti Vert",N,N,28
35012,"Brampton West","Brampton-Ouest"," 607","Brampton",N,N,"",9,0,"Khera","","Kamal","Liberal","Libéral",N,Y,470
35012,"Brampton West","Brampton-Ouest"," 607","Brampton",N,N,"",9,0,"Patterson","","Adaoma","NDP-New Democratic Party","NPD-Nouveau Parti démocratique",N,N,118
35012,"Brampton West","Brampton-Ouest"," 607","Brampton",N,N,"",9,0,"Thind","","Ninder","Conservative","Conservateur",N,N,358
35012,"Brampton West","Brampton-Ouest"," 608","Brampton",N,N,"",6,0,"Gobinath","","Karthika","Green Party","Parti Vert",N,N,14
35012,"Brampton West","Brampton-Ouest"," 608","Brampton",N,N,"",6,0,"Khera","","Kamal","Liberal","Libéral",N,Y,916
35012,"Brampton West","Brampton-Ouest"," 608","Brampton",N,N,"",6,0,"Patterson","","Adaoma","NDP-New Democratic Party","NPD-Nouveau Parti démocratique",N,N,181
35012,"Brampton West","Brampton-Ouest"," 608","Brampton",N,N,"",6,0,"Thind","","Ninder","Conservative","Conservateur",N,N,406
35012,"Brampton West","Brampton-Ouest"," 609","Brampton",N,N,"",9,0,"Gobinath","","Karthika","Green Party","Parti Vert",N,N,17
35012,"Brampton West","Brampton-Ouest"," 609","Brampton",N,N,"",9,0,"Khera","","Kamal","Liberal","Libéral",N,Y,621
35012,"Brampton West","Brampton-Ouest"," 609","Brampton",N,N,"",9,0,"Patterson","","Adaoma","NDP-New Democratic Party","NPD-Nouveau Parti démocratique",N,N,198
35012,"Brampton West","Brampton-Ouest"," 609","Brampton",N,N,"",9,0,"Thind","","Ninder","Conservative","Conservateur",N,N,401
35012,"Brampton West","Brampton-Ouest"," S/R 1","SVR Group 1/RÉS Groupe 1",N,N,"",4,77,"Gobinath","","Karthika","Green Party","Parti Vert",N,N,1
35012,"Brampton West","Brampton-Ouest"," S/R 1","SVR Group 1/RÉS Groupe 1",N,N,"",4,77,"Khera","","Kamal","Liberal","Libéral",N,Y,66
35012,"Brampton West","Brampton-Ouest"," S/R 1","SVR Group 1/RÉS Groupe 1",N,N,"",4,77,"Patterson","","Adaoma","NDP-New Democratic Party","NPD-Nouveau Parti démocratique",N,N,7
35012,"Brampton West","Brampton-Ouest"," S/R 1","SVR Group 1/RÉS Groupe 1",N,N,"",4,77,"Thind","","Ninder","Conservative","Conservateur",N,N,15
35012,"Brampton West","Brampton-Ouest"," S/R 2","SVR Group 2/RÉS Groupe 2",N,N,"",9,0,"Gobinath","","Karthika","Green Party","Parti Vert",N,N,15
35012,"Brampton West","Brampton-Ouest"," S/R 2","SVR Group 2/RÉS Groupe 2",N,N,"",9,0,"Khera","","Kamal","Liberal","Libéral",N,Y,501
35012,"Brampton West","Brampton-Ouest"," S/R 2","SVR Group 2/RÉS Groupe 2",N,N,"",9,0,"Patterson","","Adaoma","NDP-New Democratic Party","NPD-Nouveau Parti démocratique",N,N,165
35012,"Brampton West","Brampton-Ouest"," S/R 2","SVR Group 2/RÉS Groupe 2",N,N,"",9,0,"Thind","","Ninder","Conservative","Conservateur",N,N,239
