﻿Electoral District Number/Numéro de circonscription,Electoral District Name_English/Nom de circonscription_Anglais,Electoral District Name_French/Nom de circonscription_Français,Polling Station Number/Numéro du bureau de scrutin,Polling Station Name/Nom du bureau de scrutin,Void Poll Indicator/Indicateur de bureau supprimé,No Poll Held Indicator/Indicateur de bureau sans scrutin,Merge With/Fusionné avec,Rejected Ballots for Polling Station/Bulletins rejetés du bureau,Electors for Polling Station/Électeurs du bureau,Candidate’s Family Name/Nom de famille du candidat,Candidate’s Middle Name/Second prénom du candidat,Candidate’s First Name/Prénom du candidat,Political Affiliation Name_English/Appartenance politique_Anglais,Political Affiliation Name_French/Appartenance politique_Français,Incumbent Indicator/Indicateur_Candidat sortant,Elected Candidate Indicator/Indicateur du candidat élu,Candidate Poll Votes Count/Votes du candidat pour le bureau
35009,"Brampton East","Brampton-Est"," 1","Brampton",N,N,"",3,391,"Bajaj","","Naval","Conservative","Conservateur",N,N,103
35009,"Brampton East","Brampton-Est"," 1","Brampton",N,N,"",3,391,"Grewal","","Raj","Liberal","Libéral",N,Y,165
35009,"Brampton East","Brampton-Est"," 1","Brampton",N,N,"",3,391,"Kahlon","","Harbaljit Singh","NDP-New Democratic Party","NPD-Nouveau Parti démocratique",N,N,42
35009,"Brampton East","Brampton-Est"," 1","Brampton",N,N,"",3,391,"Lacroix","","Kyle","Green Party","Parti Vert",N,N,6
35009,"Brampton East","Brampton-Est"," 2","Brampton",N,N,"",3,439,"Bajaj","","Naval","Conservative","Conservateur",N,N,62
35009,"Brampton East","Brampton-Est"," 2","Brampton",N,N,"",3,439,"Grewal","","Raj","Liberal","Libéral",N,Y,88
35009,"Brampton East","Brampton-Est"," 2","Brampton",N,N,"",3,439,"Kahlon","","Harbaljit Singh","NDP-New Democratic Party","NPD-Nouveau Parti démocratique",N,N,15
35009,"Brampton East","Brampton-Est"," 2","Brampton",N,N,"",3,439,"Lacroix","","Kyle","Green Party","Parti Vert",N,N,3
35009,"Brampton East","Brampton-Est"," 3","Brampton",N,N,"",1,423,"Bajaj","","Naval","Conservative","Conservateur",N,N,51
35009,"Brampton East","Brampton-Est"," 3","Brampton",N,N,"",1,423,"Grewal","","Raj","Liberal","Libéral",N,Y,92
35009,"Brampton East","Brampton-Est"," 3","Brampton",N,N,"",1,423,"Kahlon","","Harbaljit Singh","NDP-New Democratic Party","NPD-Nouveau Parti démocratique",N,N,17
35009,"Brampton East","Brampton-Est"," 3","Brampton",N,N,"",1,423,"Lacroix","","Kyle","Green Party","Parti Vert",N,N,6
35009,"Brampton East","Brampton-Est"," 4","Brampton",N,N,"",1,397,"Bajaj","","Naval","Conservative","Conservateur",N,N,57
35009,"Brampton East","Brampton-Est"," 4","Brampton",N,N,"",1,397,"Grewal","","Raj","Liberal","Libéral",N,Y,100
35009,"Brampton East","Brampton-Est"," 4","Brampton",N,N,"",1,397,"Kahlon","","Harbaljit Singh","NDP-New Democratic Party","NPD-Nouveau Parti démocratique",N,N,23
35009,"Brampton East","Brampton-Est"," 4","Brampton",N,N,"",1,397,"Lacroix","","Kyle","Green Party","Parti Vert",N,N,3
35009,"Brampton East","Brampton-Est"," 5","Brampton",N,N,"",0,395,"Bajaj","","Naval","Conservative","Conservateur",N,N,62
35009,"Brampton East","Brampton-Est"," 5","Brampton",N,N,"",0,395,"Grewal","","Raj","Liberal","Libéral",N,Y,60
35009,"Brampton East","Brampton-Est"," 5","Brampton",N,N,"",0,395,"Kahlon","","Harbaljit Singh","NDP-New Democratic Party","NPD-Nouveau Parti démocratique",N,N,26
35009,"Brampton East","Brampton-Est"," 5","Brampton",N,N,"",0,395,"Lacroix","","Kyle","Green Party","Parti Vert",N,N,0
35009,"Brampton East","Brampton-Est"," 6A","Brampton",N,N,"",1,410,"Bajaj","","Naval","Conservative","Conservateur",N,N,39
35009,"Brampton East","Brampton-Est"," 6A","Brampton",N,N,"",1,410,"Grewal","","Raj","Liberal","Libéral",N,Y,105
35009,"Brampton East","Brampton-Est"," 6A","Brampton",N,N,"",1,410,"Kahlon","","Harbaljit Singh","NDP-New Democratic Party","NPD-Nouveau Parti démocratique",N,N,34
35009,"Brampton East","Brampton-Est"," 6A","Brampton",N,N,"",1,410,"Lacroix","","Kyle","Green Party","Parti Vert",N,N,1
35009,"Brampton East","Brampton-Est"," 6B","Brampton",N,N,"",0,396,"Bajaj","","Naval","Conservative","Conservateur",N,N,52
35009,"Brampton East","Brampton-Est"," 6B","Brampton",N,N,"",0,396,"Grewal","","Raj","Liberal","Libéral",N,Y,88
35009,"Brampton East","Brampton-Est"," 6B","Brampton",N,N,"",0,396,"Kahlon","","Harbaljit Singh","NDP-New Democratic Party","NPD-Nouveau Parti démocratique",N,N,28
35009,"Brampton East","Brampton-Est"," 6B","Brampton",N,N,"",0,396,"Lacroix","","Kyle","Green Party","Parti Vert",N,N,2
35009,"Brampton East","Brampton-Est"," 7A","Brampton",N,N,"",0,405,"Bajaj","","Naval","Conservative","Conservateur",N,N,48
35009,"Brampton East","Brampton-Est"," 7A","Brampton",N,N,"",0,405,"Grewal","","Raj","Liberal","Libéral",N,Y,77
35009,"Brampton East","Brampton-Est"," 7A","Brampton",N,N,"",0,405,"Kahlon","","Harbaljit Singh","NDP-New Democratic Party","NPD-Nouveau Parti démocratique",N,N,38
35009,"Brampton East","Brampton-Est"," 7A","Brampton",N,N,"",0,405,"Lacroix","","Kyle","Green Party","Parti Vert",N,N,0
35009,"Brampton East","Brampton-Est"," 7B","Brampton",N,N,"",2,418,"Bajaj","","Naval","Conservative","Conservateur",N,N,51
35009,"Brampton East","Brampton-Est"," 7B","Brampton",N,N,"",2,418,"Grewal","","Raj","Liberal","Libéral",N,Y,77
35009,"Brampton East","Brampton-Est"," 7B","Brampton",N,N,"",2,418,"Kahlon","","Harbaljit Singh","NDP-New Democratic Party","NPD-Nouveau Parti démocratique",N,N,37
35009,"Brampton East","Brampton-Est"," 7B","Brampton",N,N,"",2,418,"Lacroix","","Kyle","Green Party","Parti Vert",N,N,0
35009,"Brampton East","Brampton-Est"," 7C","Brampton",N,N,"",2,381,"Bajaj","","Naval","Conservative","Conservateur",N,N,49
35009,"Brampton East","Brampton-Est"," 7C","Brampton",N,N,"",2,381,"Grewal","","Raj","Liberal","Libéral",N,Y,93
35009,"Brampton East","Brampton-Est"," 7C","Brampton",N,N,"",2,381,"Kahlon","","Harbaljit Singh","NDP-New Democratic Party","NPD-Nouveau Parti démocratique",N,N,30
35009,"Brampton East","Brampton-Est"," 7C","Brampton",N,N,"",2,381,"Lacroix","","Kyle","Green Party","Parti Vert",N,N,1
35009,"Brampton East","Brampton-Est"," 8A","Brampton",N,N,"",2,263,"Bajaj","","Naval","Conservative","Conservateur",N,N,22
35009,"Brampton East","Brampton-Est"," 8A","Brampton",N,N,"",2,263,"Grewal","","Raj","Liberal","Libéral",N,Y,57
35009,"Brampton East","Brampton-Est"," 8A","Brampton",N,N,"",2,263,"Kahlon","","Harbaljit Singh","NDP-New Democratic Party","NPD-Nouveau Parti démocratique",N,N,16
35009,"Brampton East","Brampton-Est"," 8A","Brampton",N,N,"",2,263,"Lacroix","","Kyle","Green Party","Parti Vert",N,N,1
35009,"Brampton East","Brampton-Est"," 8B","Brampton",N,N,"",1,271,"Bajaj","","Naval","Conservative","Conservateur",N,N,30
35009,"Brampton East","Brampton-Est"," 8B","Brampton",N,N,"",1,271,"Grewal","","Raj","Liberal","Libéral",N,Y,74
35009,"Brampton East","Brampton-Est"," 8B","Brampton",N,N,"",1,271,"Kahlon","","Harbaljit Singh","NDP-New Democratic Party","NPD-Nouveau Parti démocratique",N,N,18
35009,"Brampton East","Brampton-Est"," 8B","Brampton",N,N,"",1,271,"Lacroix","","Kyle","Green Party","Parti Vert",N,N,0
35009,"Brampton East","Brampton-Est"," 9A","Brampton",N,N,"",0,334,"Bajaj","","Naval","Conservative","Conservateur",N,N,42
35009,"Brampton East","Brampton-Est"," 9A","Brampton",N,N,"",0,334,"Grewal","","Raj","Liberal","Libéral",N,Y,93
35009,"Brampton East","Brampton-Est"," 9A","Brampton",N,N,"",0,334,"Kahlon","","Harbaljit Singh","NDP-New Democratic Party","NPD-Nouveau Parti démocratique",N,N,48
35009,"Brampton East","Brampton-Est"," 9A","Brampton",N,N,"",0,334,"Lacroix","","Kyle","Green Party","Parti Vert",N,N,0
35009,"Brampton East","Brampton-Est"," 9B","Brampton",N,N,"",0,276,"Bajaj","","Naval","Conservative","Conservateur",N,N,58
35009,"Brampton East","Brampton-Est"," 9B","Brampton",N,N,"",0,276,"Grewal","","Raj","Liberal","Libéral",N,Y,59
35009,"Brampton East","Brampton-Est"," 9B","Brampton",N,N,"",0,276,"Kahlon","","Harbaljit Singh","NDP-New Democratic Party","NPD-Nouveau Parti démocratique",N,N,25
35009,"Brampton East","Brampton-Est"," 9B","Brampton",N,N,"",0,276,"Lacroix","","Kyle","Green Party","Parti Vert",N,N,0
35009,"Brampton East","Brampton-Est"," 10A","Brampton",N,N,"",1,367,"Bajaj","","Naval","Conservative","Conservateur",N,N,29
35009,"Brampton East","Brampton-Est"," 10A","Brampton",N,N,"",1,367,"Grewal","","Raj","Liberal","Libéral",N,Y,107
35009,"Brampton East","Brampton-Est"," 10A","Brampton",N,N,"",1,367,"Kahlon","","Harbaljit Singh","NDP-New Democratic Party","NPD-Nouveau Parti démocratique",N,N,55
35009,"Brampton East","Brampton-Est"," 10A","Brampton",N,N,"",1,367,"Lacroix","","Kyle","Green Party","Parti Vert",N,N,0
35009,"Brampton East","Brampton-Est"," 10B","Brampton",N,N,"",4,334,"Bajaj","","Naval","Conservative","Conservateur",N,N,38
35009,"Brampton East","Brampton-Est"," 10B","Brampton",N,N,"",4,334,"Grewal","","Raj","Liberal","Libéral",N,Y,77
35009,"Brampton East","Brampton-Est"," 10B","Brampton",N,N,"",4,334,"Kahlon","","Harbaljit Singh","NDP-New Democratic Party","NPD-Nouveau Parti démocratique",N,N,43
35009,"Brampton East","Brampton-Est"," 10B","Brampton",N,N,"",4,334,"Lacroix","","Kyle","Green Party","Parti Vert",N,N,1
35009,"Brampton East","Brampton-Est"," 11A","Brampton",N,N,"",0,293,"Bajaj","","Naval","Conservative","Conservateur",N,N,43
35009,"Brampton East","Brampton-Est"," 11A","Brampton",N,N,"",0,293,"Grewal","","Raj","Liberal","Libéral",N,Y,52
35009,"Brampton East","Brampton-Est"," 11A","Brampton",N,N,"",0,293,"Kahlon","","Harbaljit Singh","NDP-New Democratic Party","NPD-Nouveau Parti démocratique",N,N,23
35009,"Brampton East","Brampton-Est"," 11A","Brampton",N,N,"",0,293,"Lacroix","","Kyle","Green Party","Parti Vert",N,N,1
35009,"Brampton East","Brampton-Est"," 11B","Brampton",N,N,"",0,253,"Bajaj","","Naval","Conservative","Conservateur",N,N,31
35009,"Brampton East","Brampton-Est"," 11B","Brampton",N,N,"",0,253,"Grewal","","Raj","Liberal","Libéral",N,Y,39
35009,"Brampton East","Brampton-Est"," 11B","Brampton",N,N,"",0,253,"Kahlon","","Harbaljit Singh","NDP-New Democratic Party","NPD-Nouveau Parti démocratique",N,N,12
35009,"Brampton East","Brampton-Est"," 11B","Brampton",N,N,"",0,253,"Lacroix","","Kyle","Green Party","Parti Vert",N,N,1
35009,"Brampton East","Brampton-Est"," 12A","Brampton",N,N,"",0,240,"Bajaj","","Naval","Conservative","Conservateur",N,N,11
35009,"Brampton East","Brampton-Est"," 12A","Brampton",N,N,"",0,240,"Grewal","","Raj","Liberal","Libéral",N,Y,37
35009,"Brampton East","Brampton-Est"," 12A","Brampton",N,N,"",0,240,"Kahlon","","Harbaljit Singh","NDP-New Democratic Party","NPD-Nouveau Parti démocratique",N,N,23
35009,"Brampton East","Brampton-Est"," 12A","Brampton",N,N,"",0,240,"Lacroix","","Kyle","Green Party","Parti Vert",N,N,0
35009,"Brampton East","Brampton-Est"," 12B","Brampton",N,N,"",0,263,"Bajaj","","Naval","Conservative","Conservateur",N,N,27
35009,"Brampton East","Brampton-Est"," 12B","Brampton",N,N,"",0,263,"Grewal","","Raj","Liberal","Libéral",N,Y,32
35009,"Brampton East","Brampton-Est"," 12B","Brampton",N,N,"",0,263,"Kahlon","","Harbaljit Singh","NDP-New Democratic Party","NPD-Nouveau Parti démocratique",N,N,32
35009,"Brampton East","Brampton-Est"," 12B","Brampton",N,N,"",0,263,"Lacroix","","Kyle","Green Party","Parti Vert",N,N,0
35009,"Brampton East","Brampton-Est"," 13","Brampton",N,N,"",2,473,"Bajaj","","Naval","Conservative","Conservateur",N,N,35
35009,"Brampton East","Brampton-Est"," 13","Brampton",N,N,"",2,473,"Grewal","","Raj","Liberal","Libéral",N,Y,106
35009,"Brampton East","Brampton-Est"," 13","Brampton",N,N,"",2,473,"Kahlon","","Harbaljit Singh","NDP-New Democratic Party","NPD-Nouveau Parti démocratique",N,N,35
35009,"Brampton East","Brampton-Est"," 13","Brampton",N,N,"",2,473,"Lacroix","","Kyle","Green Party","Parti Vert",N,N,2
35009,"Brampton East","Brampton-Est"," 14","Brampton",N,N,"",4,491,"Bajaj","","Naval","Conservative","Conservateur",N,N,46
35009,"Brampton East","Brampton-Est"," 14","Brampton",N,N,"",4,491,"Grewal","","Raj","Liberal","Libéral",N,Y,80
35009,"Brampton East","Brampton-Est"," 14","Brampton",N,N,"",4,491,"Kahlon","","Harbaljit Singh","NDP-New Democratic Party","NPD-Nouveau Parti démocratique",N,N,55
35009,"Brampton East","Brampton-Est"," 14","Brampton",N,N,"",4,491,"Lacroix","","Kyle","Green Party","Parti Vert",N,N,1
35009,"Brampton East","Brampton-Est"," 15A","Brampton",N,N,"",1,291,"Bajaj","","Naval","Conservative","Conservateur",N,N,19
35009,"Brampton East","Brampton-Est"," 15A","Brampton",N,N,"",1,291,"Grewal","","Raj","Liberal","Libéral",N,Y,41
35009,"Brampton East","Brampton-Est"," 15A","Brampton",N,N,"",1,291,"Kahlon","","Harbaljit Singh","NDP-New Democratic Party","NPD-Nouveau Parti démocratique",N,N,52
35009,"Brampton East","Brampton-Est"," 15A","Brampton",N,N,"",1,291,"Lacroix","","Kyle","Green Party","Parti Vert",N,N,2
35009,"Brampton East","Brampton-Est"," 15B","Brampton",N,N,"",1,249,"Bajaj","","Naval","Conservative","Conservateur",N,N,22
35009,"Brampton East","Brampton-Est"," 15B","Brampton",N,N,"",1,249,"Grewal","","Raj","Liberal","Libéral",N,Y,56
35009,"Brampton East","Brampton-Est"," 15B","Brampton",N,N,"",1,249,"Kahlon","","Harbaljit Singh","NDP-New Democratic Party","NPD-Nouveau Parti démocratique",N,N,13
35009,"Brampton East","Brampton-Est"," 15B","Brampton",N,N,"",1,249,"Lacroix","","Kyle","Green Party","Parti Vert",N,N,1
35009,"Brampton East","Brampton-Est"," 16","Brampton",N,N,"",0,298,"Bajaj","","Naval","Conservative","Conservateur",N,N,29
35009,"Brampton East","Brampton-Est"," 16","Brampton",N,N,"",0,298,"Grewal","","Raj","Liberal","Libéral",N,Y,49
35009,"Brampton East","Brampton-Est"," 16","Brampton",N,N,"",0,298,"Kahlon","","Harbaljit Singh","NDP-New Democratic Party","NPD-Nouveau Parti démocratique",N,N,37
35009,"Brampton East","Brampton-Est"," 16","Brampton",N,N,"",0,298,"Lacroix","","Kyle","Green Party","Parti Vert",N,N,1
35009,"Brampton East","Brampton-Est"," 17A","Brampton",N,N,"",0,272,"Bajaj","","Naval","Conservative","Conservateur",N,N,19
35009,"Brampton East","Brampton-Est"," 17A","Brampton",N,N,"",0,272,"Grewal","","Raj","Liberal","Libéral",N,Y,68
35009,"Brampton East","Brampton-Est"," 17A","Brampton",N,N,"",0,272,"Kahlon","","Harbaljit Singh","NDP-New Democratic Party","NPD-Nouveau Parti démocratique",N,N,19
35009,"Brampton East","Brampton-Est"," 17A","Brampton",N,N,"",0,272,"Lacroix","","Kyle","Green Party","Parti Vert",N,N,1
35009,"Brampton East","Brampton-Est"," 17B","Brampton",N,N,"",2,272,"Bajaj","","Naval","Conservative","Conservateur",N,N,24
35009,"Brampton East","Brampton-Est"," 17B","Brampton",N,N,"",2,272,"Grewal","","Raj","Liberal","Libéral",N,Y,50
35009,"Brampton East","Brampton-Est"," 17B","Brampton",N,N,"",2,272,"Kahlon","","Harbaljit Singh","NDP-New Democratic Party","NPD-Nouveau Parti démocratique",N,N,24
35009,"Brampton East","Brampton-Est"," 17B","Brampton",N,N,"",2,272,"Lacroix","","Kyle","Green Party","Parti Vert",N,N,2
35009,"Brampton East","Brampton-Est"," 18","Brampton",N,N,"",3,399,"Bajaj","","Naval","Conservative","Conservateur",N,N,44
35009,"Brampton East","Brampton-Est"," 18","Brampton",N,N,"",3,399,"Grewal","","Raj","Liberal","Libéral",N,Y,106
35009,"Brampton East","Brampton-Est"," 18","Brampton",N,N,"",3,399,"Kahlon","","Harbaljit Singh","NDP-New Democratic Party","NPD-Nouveau Parti démocratique",N,N,25
35009,"Brampton East","Brampton-Est"," 18","Brampton",N,N,"",3,399,"Lacroix","","Kyle","Green Party","Parti Vert",N,N,3
35009,"Brampton East","Brampton-Est"," 19","Brampton",N,N,"",1,504,"Bajaj","","Naval","Conservative","Conservateur",N,N,71
35009,"Brampton East","Brampton-Est"," 19","Brampton",N,N,"",1,504,"Grewal","","Raj","Liberal","Libéral",N,Y,107
35009,"Brampton East","Brampton-Est"," 19","Brampton",N,N,"",1,504,"Kahlon","","Harbaljit Singh","NDP-New Democratic Party","NPD-Nouveau Parti démocratique",N,N,42
35009,"Brampton East","Brampton-Est"," 19","Brampton",N,N,"",1,504,"Lacroix","","Kyle","Green Party","Parti Vert",N,N,0
35009,"Brampton East","Brampton-Est"," 20A","Brampton",N,N,"",0,296,"Bajaj","","Naval","Conservative","Conservateur",N,N,45
35009,"Brampton East","Brampton-Est"," 20A","Brampton",N,N,"",0,296,"Grewal","","Raj","Liberal","Libéral",N,Y,72
35009,"Brampton East","Brampton-Est"," 20A","Brampton",N,N,"",0,296,"Kahlon","","Harbaljit Singh","NDP-New Democratic Party","NPD-Nouveau Parti démocratique",N,N,26
35009,"Brampton East","Brampton-Est"," 20A","Brampton",N,N,"",0,296,"Lacroix","","Kyle","Green Party","Parti Vert",N,N,1
35009,"Brampton East","Brampton-Est"," 20B","Brampton",N,N,"",0,270,"Bajaj","","Naval","Conservative","Conservateur",N,N,59
35009,"Brampton East","Brampton-Est"," 20B","Brampton",N,N,"",0,270,"Grewal","","Raj","Liberal","Libéral",N,Y,42
35009,"Brampton East","Brampton-Est"," 20B","Brampton",N,N,"",0,270,"Kahlon","","Harbaljit Singh","NDP-New Democratic Party","NPD-Nouveau Parti démocratique",N,N,22
35009,"Brampton East","Brampton-Est"," 20B","Brampton",N,N,"",0,270,"Lacroix","","Kyle","Green Party","Parti Vert",N,N,2
35009,"Brampton East","Brampton-Est"," 21","Brampton",N,N,"",1,547,"Bajaj","","Naval","Conservative","Conservateur",N,N,74
35009,"Brampton East","Brampton-Est"," 21","Brampton",N,N,"",1,547,"Grewal","","Raj","Liberal","Libéral",N,Y,120
35009,"Brampton East","Brampton-Est"," 21","Brampton",N,N,"",1,547,"Kahlon","","Harbaljit Singh","NDP-New Democratic Party","NPD-Nouveau Parti démocratique",N,N,51
35009,"Brampton East","Brampton-Est"," 21","Brampton",N,N,"",1,547,"Lacroix","","Kyle","Green Party","Parti Vert",N,N,5
35009,"Brampton East","Brampton-Est"," 22","Brampton",N,N,"",2,528,"Bajaj","","Naval","Conservative","Conservateur",N,N,39
35009,"Brampton East","Brampton-Est"," 22","Brampton",N,N,"",2,528,"Grewal","","Raj","Liberal","Libéral",N,Y,126
35009,"Brampton East","Brampton-Est"," 22","Brampton",N,N,"",2,528,"Kahlon","","Harbaljit Singh","NDP-New Democratic Party","NPD-Nouveau Parti démocratique",N,N,34
35009,"Brampton East","Brampton-Est"," 22","Brampton",N,N,"",2,528,"Lacroix","","Kyle","Green Party","Parti Vert",N,N,0
35009,"Brampton East","Brampton-Est"," 23","Brampton",N,N,"",0,482,"Bajaj","","Naval","Conservative","Conservateur",N,N,33
35009,"Brampton East","Brampton-Est"," 23","Brampton",N,N,"",0,482,"Grewal","","Raj","Liberal","Libéral",N,Y,95
35009,"Brampton East","Brampton-Est"," 23","Brampton",N,N,"",0,482,"Kahlon","","Harbaljit Singh","NDP-New Democratic Party","NPD-Nouveau Parti démocratique",N,N,43
35009,"Brampton East","Brampton-Est"," 23","Brampton",N,N,"",0,482,"Lacroix","","Kyle","Green Party","Parti Vert",N,N,2
35009,"Brampton East","Brampton-Est"," 24","Brampton",N,N,"",1,445,"Bajaj","","Naval","Conservative","Conservateur",N,N,44
35009,"Brampton East","Brampton-Est"," 24","Brampton",N,N,"",1,445,"Grewal","","Raj","Liberal","Libéral",N,Y,115
35009,"Brampton East","Brampton-Est"," 24","Brampton",N,N,"",1,445,"Kahlon","","Harbaljit Singh","NDP-New Democratic Party","NPD-Nouveau Parti démocratique",N,N,33
35009,"Brampton East","Brampton-Est"," 24","Brampton",N,N,"",1,445,"Lacroix","","Kyle","Green Party","Parti Vert",N,N,3
35009,"Brampton East","Brampton-Est"," 25","Brampton",N,N,"",1,444,"Bajaj","","Naval","Conservative","Conservateur",N,N,33
35009,"Brampton East","Brampton-Est"," 25","Brampton",N,N,"",1,444,"Grewal","","Raj","Liberal","Libéral",N,Y,95
35009,"Brampton East","Brampton-Est"," 25","Brampton",N,N,"",1,444,"Kahlon","","Harbaljit Singh","NDP-New Democratic Party","NPD-Nouveau Parti démocratique",N,N,50
35009,"Brampton East","Brampton-Est"," 25","Brampton",N,N,"",1,444,"Lacroix","","Kyle","Green Party","Parti Vert",N,N,1
35009,"Brampton East","Brampton-Est"," 26A","Brampton",N,N,"",0,254,"Bajaj","","Naval","Conservative","Conservateur",N,N,29
35009,"Brampton East","Brampton-Est"," 26A","Brampton",N,N,"",0,254,"Grewal","","Raj","Liberal","Libéral",N,Y,57
35009,"Brampton East","Brampton-Est"," 26A","Brampton",N,N,"",0,254,"Kahlon","","Harbaljit Singh","NDP-New Democratic Party","NPD-Nouveau Parti démocratique",N,N,17
35009,"Brampton East","Brampton-Est"," 26A","Brampton",N,N,"",0,254,"Lacroix","","Kyle","Green Party","Parti Vert",N,N,0
35009,"Brampton East","Brampton-Est"," 26B","Brampton",N,N,"",0,251,"Bajaj","","Naval","Conservative","Conservateur",N,N,29
35009,"Brampton East","Brampton-Est"," 26B","Brampton",N,N,"",0,251,"Grewal","","Raj","Liberal","Libéral",N,Y,57
35009,"Brampton East","Brampton-Est"," 26B","Brampton",N,N,"",0,251,"Kahlon","","Harbaljit Singh","NDP-New Democratic Party","NPD-Nouveau Parti démocratique",N,N,17
35009,"Brampton East","Brampton-Est"," 26B","Brampton",N,N,"",0,251,"Lacroix","","Kyle","Green Party","Parti Vert",N,N,0
35009,"Brampton East","Brampton-Est"," 27A","Brampton",N,N,"",2,333,"Bajaj","","Naval","Conservative","Conservateur",N,N,37
35009,"Brampton East","Brampton-Est"," 27A","Brampton",N,N,"",2,333,"Grewal","","Raj","Liberal","Libéral",N,Y,67
35009,"Brampton East","Brampton-Est"," 27A","Brampton",N,N,"",2,333,"Kahlon","","Harbaljit Singh","NDP-New Democratic Party","NPD-Nouveau Parti démocratique",N,N,41
35009,"Brampton East","Brampton-Est"," 27A","Brampton",N,N,"",2,333,"Lacroix","","Kyle","Green Party","Parti Vert",N,N,0
35009,"Brampton East","Brampton-Est"," 27B","Brampton",N,N,"",2,322,"Bajaj","","Naval","Conservative","Conservateur",N,N,27
35009,"Brampton East","Brampton-Est"," 27B","Brampton",N,N,"",2,322,"Grewal","","Raj","Liberal","Libéral",N,Y,77
35009,"Brampton East","Brampton-Est"," 27B","Brampton",N,N,"",2,322,"Kahlon","","Harbaljit Singh","NDP-New Democratic Party","NPD-Nouveau Parti démocratique",N,N,28
35009,"Brampton East","Brampton-Est"," 27B","Brampton",N,N,"",2,322,"Lacroix","","Kyle","Green Party","Parti Vert",N,N,0
35009,"Brampton East","Brampton-Est"," 28A","Brampton",N,N,"",1,403,"Bajaj","","Naval","Conservative","Conservateur",N,N,34
35009,"Brampton East","Brampton-Est"," 28A","Brampton",N,N,"",1,403,"Grewal","","Raj","Liberal","Libéral",N,Y,93
35009,"Brampton East","Brampton-Est"," 28A","Brampton",N,N,"",1,403,"Kahlon","","Harbaljit Singh","NDP-New Democratic Party","NPD-Nouveau Parti démocratique",N,N,32
35009,"Brampton East","Brampton-Est"," 28A","Brampton",N,N,"",1,403,"Lacroix","","Kyle","Green Party","Parti Vert",N,N,5
35009,"Brampton East","Brampton-Est"," 28B","Brampton",N,N,"",1,417,"Bajaj","","Naval","Conservative","Conservateur",N,N,50
35009,"Brampton East","Brampton-Est"," 28B","Brampton",N,N,"",1,417,"Grewal","","Raj","Liberal","Libéral",N,Y,113
35009,"Brampton East","Brampton-Est"," 28B","Brampton",N,N,"",1,417,"Kahlon","","Harbaljit Singh","NDP-New Democratic Party","NPD-Nouveau Parti démocratique",N,N,31
35009,"Brampton East","Brampton-Est"," 28B","Brampton",N,N,"",1,417,"Lacroix","","Kyle","Green Party","Parti Vert",N,N,0
35009,"Brampton East","Brampton-Est"," 29","Brampton",N,N,"",0,482,"Bajaj","","Naval","Conservative","Conservateur",N,N,33
35009,"Brampton East","Brampton-Est"," 29","Brampton",N,N,"",0,482,"Grewal","","Raj","Liberal","Libéral",N,Y,77
35009,"Brampton East","Brampton-Est"," 29","Brampton",N,N,"",0,482,"Kahlon","","Harbaljit Singh","NDP-New Democratic Party","NPD-Nouveau Parti démocratique",N,N,56
35009,"Brampton East","Brampton-Est"," 29","Brampton",N,N,"",0,482,"Lacroix","","Kyle","Green Party","Parti Vert",N,N,6
35009,"Brampton East","Brampton-Est"," 30","Brampton",N,N,"",4,417,"Bajaj","","Naval","Conservative","Conservateur",N,N,55
35009,"Brampton East","Brampton-Est"," 30","Brampton",N,N,"",4,417,"Grewal","","Raj","Liberal","Libéral",N,Y,40
35009,"Brampton East","Brampton-Est"," 30","Brampton",N,N,"",4,417,"Kahlon","","Harbaljit Singh","NDP-New Democratic Party","NPD-Nouveau Parti démocratique",N,N,20
35009,"Brampton East","Brampton-Est"," 30","Brampton",N,N,"",4,417,"Lacroix","","Kyle","Green Party","Parti Vert",N,N,2
35009,"Brampton East","Brampton-Est"," 31","Brampton",N,N,"",2,527,"Bajaj","","Naval","Conservative","Conservateur",N,N,47
35009,"Brampton East","Brampton-Est"," 31","Brampton",N,N,"",2,527,"Grewal","","Raj","Liberal","Libéral",N,Y,117
35009,"Brampton East","Brampton-Est"," 31","Brampton",N,N,"",2,527,"Kahlon","","Harbaljit Singh","NDP-New Democratic Party","NPD-Nouveau Parti démocratique",N,N,37
35009,"Brampton East","Brampton-Est"," 31","Brampton",N,N,"",2,527,"Lacroix","","Kyle","Green Party","Parti Vert",N,N,0
35009,"Brampton East","Brampton-Est"," 32","Brampton",N,N,"",2,485,"Bajaj","","Naval","Conservative","Conservateur",N,N,34
35009,"Brampton East","Brampton-Est"," 32","Brampton",N,N,"",2,485,"Grewal","","Raj","Liberal","Libéral",N,Y,131
35009,"Brampton East","Brampton-Est"," 32","Brampton",N,N,"",2,485,"Kahlon","","Harbaljit Singh","NDP-New Democratic Party","NPD-Nouveau Parti démocratique",N,N,53
35009,"Brampton East","Brampton-Est"," 32","Brampton",N,N,"",2,485,"Lacroix","","Kyle","Green Party","Parti Vert",N,N,7
35009,"Brampton East","Brampton-Est"," 33","Brampton",N,N,"",3,575,"Bajaj","","Naval","Conservative","Conservateur",N,N,42
35009,"Brampton East","Brampton-Est"," 33","Brampton",N,N,"",3,575,"Grewal","","Raj","Liberal","Libéral",N,Y,153
35009,"Brampton East","Brampton-Est"," 33","Brampton",N,N,"",3,575,"Kahlon","","Harbaljit Singh","NDP-New Democratic Party","NPD-Nouveau Parti démocratique",N,N,62
35009,"Brampton East","Brampton-Est"," 33","Brampton",N,N,"",3,575,"Lacroix","","Kyle","Green Party","Parti Vert",N,N,3
35009,"Brampton East","Brampton-Est"," 34","Brampton",N,N,"",1,494,"Bajaj","","Naval","Conservative","Conservateur",N,N,60
35009,"Brampton East","Brampton-Est"," 34","Brampton",N,N,"",1,494,"Grewal","","Raj","Liberal","Libéral",N,Y,148
35009,"Brampton East","Brampton-Est"," 34","Brampton",N,N,"",1,494,"Kahlon","","Harbaljit Singh","NDP-New Democratic Party","NPD-Nouveau Parti démocratique",N,N,53
35009,"Brampton East","Brampton-Est"," 34","Brampton",N,N,"",1,494,"Lacroix","","Kyle","Green Party","Parti Vert",N,N,4
35009,"Brampton East","Brampton-Est"," 35","Brampton",N,N,"",0,431,"Bajaj","","Naval","Conservative","Conservateur",N,N,53
35009,"Brampton East","Brampton-Est"," 35","Brampton",N,N,"",0,431,"Grewal","","Raj","Liberal","Libéral",N,Y,95
35009,"Brampton East","Brampton-Est"," 35","Brampton",N,N,"",0,431,"Kahlon","","Harbaljit Singh","NDP-New Democratic Party","NPD-Nouveau Parti démocratique",N,N,64
35009,"Brampton East","Brampton-Est"," 35","Brampton",N,N,"",0,431,"Lacroix","","Kyle","Green Party","Parti Vert",N,N,0
35009,"Brampton East","Brampton-Est"," 36A","Brampton",N,N,"",0,255,"Bajaj","","Naval","Conservative","Conservateur",N,N,16
35009,"Brampton East","Brampton-Est"," 36A","Brampton",N,N,"",0,255,"Grewal","","Raj","Liberal","Libéral",N,Y,56
35009,"Brampton East","Brampton-Est"," 36A","Brampton",N,N,"",0,255,"Kahlon","","Harbaljit Singh","NDP-New Democratic Party","NPD-Nouveau Parti démocratique",N,N,23
35009,"Brampton East","Brampton-Est"," 36A","Brampton",N,N,"",0,255,"Lacroix","","Kyle","Green Party","Parti Vert",N,N,1
35009,"Brampton East","Brampton-Est"," 36B","Brampton",N,N,"",0,271,"Bajaj","","Naval","Conservative","Conservateur",N,N,23
35009,"Brampton East","Brampton-Est"," 36B","Brampton",N,N,"",0,271,"Grewal","","Raj","Liberal","Libéral",N,Y,57
35009,"Brampton East","Brampton-Est"," 36B","Brampton",N,N,"",0,271,"Kahlon","","Harbaljit Singh","NDP-New Democratic Party","NPD-Nouveau Parti démocratique",N,N,20
35009,"Brampton East","Brampton-Est"," 36B","Brampton",N,N,"",0,271,"Lacroix","","Kyle","Green Party","Parti Vert",N,N,0
35009,"Brampton East","Brampton-Est"," 37","Brampton",N,N,"",0,433,"Bajaj","","Naval","Conservative","Conservateur",N,N,30
35009,"Brampton East","Brampton-Est"," 37","Brampton",N,N,"",0,433,"Grewal","","Raj","Liberal","Libéral",N,Y,103
35009,"Brampton East","Brampton-Est"," 37","Brampton",N,N,"",0,433,"Kahlon","","Harbaljit Singh","NDP-New Democratic Party","NPD-Nouveau Parti démocratique",N,N,56
35009,"Brampton East","Brampton-Est"," 37","Brampton",N,N,"",0,433,"Lacroix","","Kyle","Green Party","Parti Vert",N,N,2
35009,"Brampton East","Brampton-Est"," 38","Brampton",N,N,"",1,418,"Bajaj","","Naval","Conservative","Conservateur",N,N,42
35009,"Brampton East","Brampton-Est"," 38","Brampton",N,N,"",1,418,"Grewal","","Raj","Liberal","Libéral",N,Y,87
35009,"Brampton East","Brampton-Est"," 38","Brampton",N,N,"",1,418,"Kahlon","","Harbaljit Singh","NDP-New Democratic Party","NPD-Nouveau Parti démocratique",N,N,47
35009,"Brampton East","Brampton-Est"," 38","Brampton",N,N,"",1,418,"Lacroix","","Kyle","Green Party","Parti Vert",N,N,4
35009,"Brampton East","Brampton-Est"," 39","Brampton",N,N,"",0,438,"Bajaj","","Naval","Conservative","Conservateur",N,N,33
35009,"Brampton East","Brampton-Est"," 39","Brampton",N,N,"",0,438,"Grewal","","Raj","Liberal","Libéral",N,Y,91
35009,"Brampton East","Brampton-Est"," 39","Brampton",N,N,"",0,438,"Kahlon","","Harbaljit Singh","NDP-New Democratic Party","NPD-Nouveau Parti démocratique",N,N,43
35009,"Brampton East","Brampton-Est"," 39","Brampton",N,N,"",0,438,"Lacroix","","Kyle","Green Party","Parti Vert",N,N,31
35009,"Brampton East","Brampton-Est"," 40","Brampton",N,N,"",0,549,"Bajaj","","Naval","Conservative","Conservateur",N,N,40
35009,"Brampton East","Brampton-Est"," 40","Brampton",N,N,"",0,549,"Grewal","","Raj","Liberal","Libéral",N,Y,120
35009,"Brampton East","Brampton-Est"," 40","Brampton",N,N,"",0,549,"Kahlon","","Harbaljit Singh","NDP-New Democratic Party","NPD-Nouveau Parti démocratique",N,N,51
35009,"Brampton East","Brampton-Est"," 40","Brampton",N,N,"",0,549,"Lacroix","","Kyle","Green Party","Parti Vert",N,N,5
35009,"Brampton East","Brampton-Est"," 41A","Brampton",N,N,"",0,242,"Bajaj","","Naval","Conservative","Conservateur",N,N,29
35009,"Brampton East","Brampton-Est"," 41A","Brampton",N,N,"",0,242,"Grewal","","Raj","Liberal","Libéral",N,Y,54
35009,"Brampton East","Brampton-Est"," 41A","Brampton",N,N,"",0,242,"Kahlon","","Harbaljit Singh","NDP-New Democratic Party","NPD-Nouveau Parti démocratique",N,N,28
35009,"Brampton East","Brampton-Est"," 41A","Brampton",N,N,"",0,242,"Lacroix","","Kyle","Green Party","Parti Vert",N,N,0
35009,"Brampton East","Brampton-Est"," 41B","Brampton",N,N,"",0,258,"Bajaj","","Naval","Conservative","Conservateur",N,N,23
35009,"Brampton East","Brampton-Est"," 41B","Brampton",N,N,"",0,258,"Grewal","","Raj","Liberal","Libéral",N,Y,66
35009,"Brampton East","Brampton-Est"," 41B","Brampton",N,N,"",0,258,"Kahlon","","Harbaljit Singh","NDP-New Democratic Party","NPD-Nouveau Parti démocratique",N,N,26
35009,"Brampton East","Brampton-Est"," 41B","Brampton",N,N,"",0,258,"Lacroix","","Kyle","Green Party","Parti Vert",N,N,2
35009,"Brampton East","Brampton-Est"," 42","Brampton",N,N,"",3,594,"Bajaj","","Naval","Conservative","Conservateur",N,N,86
35009,"Brampton East","Brampton-Est"," 42","Brampton",N,N,"",3,594,"Grewal","","Raj","Liberal","Libéral",N,Y,120
35009,"Brampton East","Brampton-Est"," 42","Brampton",N,N,"",3,594,"Kahlon","","Harbaljit Singh","NDP-New Democratic Party","NPD-Nouveau Parti démocratique",N,N,35
35009,"Brampton East","Brampton-Est"," 42","Brampton",N,N,"",3,594,"Lacroix","","Kyle","Green Party","Parti Vert",N,N,2
35009,"Brampton East","Brampton-Est"," 43","Brampton",N,N,"",1,357,"Bajaj","","Naval","Conservative","Conservateur",N,N,21
35009,"Brampton East","Brampton-Est"," 43","Brampton",N,N,"",1,357,"Grewal","","Raj","Liberal","Libéral",N,Y,65
35009,"Brampton East","Brampton-Est"," 43","Brampton",N,N,"",1,357,"Kahlon","","Harbaljit Singh","NDP-New Democratic Party","NPD-Nouveau Parti démocratique",N,N,54
35009,"Brampton East","Brampton-Est"," 43","Brampton",N,N,"",1,357,"Lacroix","","Kyle","Green Party","Parti Vert",N,N,1
35009,"Brampton East","Brampton-Est"," 44","Brampton",N,N,"",2,397,"Bajaj","","Naval","Conservative","Conservateur",N,N,43
35009,"Brampton East","Brampton-Est"," 44","Brampton",N,N,"",2,397,"Grewal","","Raj","Liberal","Libéral",N,Y,94
35009,"Brampton East","Brampton-Est"," 44","Brampton",N,N,"",2,397,"Kahlon","","Harbaljit Singh","NDP-New Democratic Party","NPD-Nouveau Parti démocratique",N,N,30
35009,"Brampton East","Brampton-Est"," 44","Brampton",N,N,"",2,397,"Lacroix","","Kyle","Green Party","Parti Vert",N,N,2
35009,"Brampton East","Brampton-Est"," 45A","Brampton",N,N,"",0,381,"Bajaj","","Naval","Conservative","Conservateur",N,N,54
35009,"Brampton East","Brampton-Est"," 45A","Brampton",N,N,"",0,381,"Grewal","","Raj","Liberal","Libéral",N,Y,65
35009,"Brampton East","Brampton-Est"," 45A","Brampton",N,N,"",0,381,"Kahlon","","Harbaljit Singh","NDP-New Democratic Party","NPD-Nouveau Parti démocratique",N,N,28
35009,"Brampton East","Brampton-Est"," 45A","Brampton",N,N,"",0,381,"Lacroix","","Kyle","Green Party","Parti Vert",N,N,2
35009,"Brampton East","Brampton-Est"," 45B","Brampton",N,N,"",0,339,"Bajaj","","Naval","Conservative","Conservateur",N,N,45
35009,"Brampton East","Brampton-Est"," 45B","Brampton",N,N,"",0,339,"Grewal","","Raj","Liberal","Libéral",N,Y,61
35009,"Brampton East","Brampton-Est"," 45B","Brampton",N,N,"",0,339,"Kahlon","","Harbaljit Singh","NDP-New Democratic Party","NPD-Nouveau Parti démocratique",N,N,19
35009,"Brampton East","Brampton-Est"," 45B","Brampton",N,N,"",0,339,"Lacroix","","Kyle","Green Party","Parti Vert",N,N,4
35009,"Brampton East","Brampton-Est"," 46","Brampton",N,N,"",0,501,"Bajaj","","Naval","Conservative","Conservateur",N,N,44
35009,"Brampton East","Brampton-Est"," 46","Brampton",N,N,"",0,501,"Grewal","","Raj","Liberal","Libéral",N,Y,120
35009,"Brampton East","Brampton-Est"," 46","Brampton",N,N,"",0,501,"Kahlon","","Harbaljit Singh","NDP-New Democratic Party","NPD-Nouveau Parti démocratique",N,N,28
35009,"Brampton East","Brampton-Est"," 46","Brampton",N,N,"",0,501,"Lacroix","","Kyle","Green Party","Parti Vert",N,N,2
35009,"Brampton East","Brampton-Est"," 47A","Brampton",N,N,"",0,257,"Bajaj","","Naval","Conservative","Conservateur",N,N,45
35009,"Brampton East","Brampton-Est"," 47A","Brampton",N,N,"",0,257,"Grewal","","Raj","Liberal","Libéral",N,Y,54
35009,"Brampton East","Brampton-Est"," 47A","Brampton",N,N,"",0,257,"Kahlon","","Harbaljit Singh","NDP-New Democratic Party","NPD-Nouveau Parti démocratique",N,N,21
35009,"Brampton East","Brampton-Est"," 47A","Brampton",N,N,"",0,257,"Lacroix","","Kyle","Green Party","Parti Vert",N,N,1
35009,"Brampton East","Brampton-Est"," 47B","Brampton",N,N,"",1,240,"Bajaj","","Naval","Conservative","Conservateur",N,N,21
35009,"Brampton East","Brampton-Est"," 47B","Brampton",N,N,"",1,240,"Grewal","","Raj","Liberal","Libéral",N,Y,60
35009,"Brampton East","Brampton-Est"," 47B","Brampton",N,N,"",1,240,"Kahlon","","Harbaljit Singh","NDP-New Democratic Party","NPD-Nouveau Parti démocratique",N,N,27
35009,"Brampton East","Brampton-Est"," 47B","Brampton",N,N,"",1,240,"Lacroix","","Kyle","Green Party","Parti Vert",N,N,1
35009,"Brampton East","Brampton-Est"," 48","Brampton",N,N,"",1,438,"Bajaj","","Naval","Conservative","Conservateur",N,N,44
35009,"Brampton East","Brampton-Est"," 48","Brampton",N,N,"",1,438,"Grewal","","Raj","Liberal","Libéral",N,Y,112
35009,"Brampton East","Brampton-Est"," 48","Brampton",N,N,"",1,438,"Kahlon","","Harbaljit Singh","NDP-New Democratic Party","NPD-Nouveau Parti démocratique",N,N,44
35009,"Brampton East","Brampton-Est"," 48","Brampton",N,N,"",1,438,"Lacroix","","Kyle","Green Party","Parti Vert",N,N,4
35009,"Brampton East","Brampton-Est"," 49","Brampton",N,N,"",1,490,"Bajaj","","Naval","Conservative","Conservateur",N,N,46
35009,"Brampton East","Brampton-Est"," 49","Brampton",N,N,"",1,490,"Grewal","","Raj","Liberal","Libéral",N,Y,137
35009,"Brampton East","Brampton-Est"," 49","Brampton",N,N,"",1,490,"Kahlon","","Harbaljit Singh","NDP-New Democratic Party","NPD-Nouveau Parti démocratique",N,N,42
35009,"Brampton East","Brampton-Est"," 49","Brampton",N,N,"",1,490,"Lacroix","","Kyle","Green Party","Parti Vert",N,N,4
35009,"Brampton East","Brampton-Est"," 50","Brampton",N,N,"",0,499,"Bajaj","","Naval","Conservative","Conservateur",N,N,74
35009,"Brampton East","Brampton-Est"," 50","Brampton",N,N,"",0,499,"Grewal","","Raj","Liberal","Libéral",N,Y,109
35009,"Brampton East","Brampton-Est"," 50","Brampton",N,N,"",0,499,"Kahlon","","Harbaljit Singh","NDP-New Democratic Party","NPD-Nouveau Parti démocratique",N,N,30
35009,"Brampton East","Brampton-Est"," 50","Brampton",N,N,"",0,499,"Lacroix","","Kyle","Green Party","Parti Vert",N,N,7
35009,"Brampton East","Brampton-Est"," 51","Brampton",N,N,"",2,383,"Bajaj","","Naval","Conservative","Conservateur",N,N,66
35009,"Brampton East","Brampton-Est"," 51","Brampton",N,N,"",2,383,"Grewal","","Raj","Liberal","Libéral",N,Y,128
35009,"Brampton East","Brampton-Est"," 51","Brampton",N,N,"",2,383,"Kahlon","","Harbaljit Singh","NDP-New Democratic Party","NPD-Nouveau Parti démocratique",N,N,15
35009,"Brampton East","Brampton-Est"," 51","Brampton",N,N,"",2,383,"Lacroix","","Kyle","Green Party","Parti Vert",N,N,0
35009,"Brampton East","Brampton-Est"," 52","Brampton",N,N,"",2,551,"Bajaj","","Naval","Conservative","Conservateur",N,N,62
35009,"Brampton East","Brampton-Est"," 52","Brampton",N,N,"",2,551,"Grewal","","Raj","Liberal","Libéral",N,Y,106
35009,"Brampton East","Brampton-Est"," 52","Brampton",N,N,"",2,551,"Kahlon","","Harbaljit Singh","NDP-New Democratic Party","NPD-Nouveau Parti démocratique",N,N,53
35009,"Brampton East","Brampton-Est"," 52","Brampton",N,N,"",2,551,"Lacroix","","Kyle","Green Party","Parti Vert",N,N,6
35009,"Brampton East","Brampton-Est"," 53","Brampton",N,N,"",0,454,"Bajaj","","Naval","Conservative","Conservateur",N,N,55
35009,"Brampton East","Brampton-Est"," 53","Brampton",N,N,"",0,454,"Grewal","","Raj","Liberal","Libéral",N,Y,130
35009,"Brampton East","Brampton-Est"," 53","Brampton",N,N,"",0,454,"Kahlon","","Harbaljit Singh","NDP-New Democratic Party","NPD-Nouveau Parti démocratique",N,N,32
35009,"Brampton East","Brampton-Est"," 53","Brampton",N,N,"",0,454,"Lacroix","","Kyle","Green Party","Parti Vert",N,N,3
35009,"Brampton East","Brampton-Est"," 54","Brampton",N,N,"",1,499,"Bajaj","","Naval","Conservative","Conservateur",N,N,45
35009,"Brampton East","Brampton-Est"," 54","Brampton",N,N,"",1,499,"Grewal","","Raj","Liberal","Libéral",N,Y,142
35009,"Brampton East","Brampton-Est"," 54","Brampton",N,N,"",1,499,"Kahlon","","Harbaljit Singh","NDP-New Democratic Party","NPD-Nouveau Parti démocratique",N,N,46
35009,"Brampton East","Brampton-Est"," 54","Brampton",N,N,"",1,499,"Lacroix","","Kyle","Green Party","Parti Vert",N,N,4
35009,"Brampton East","Brampton-Est"," 55","Brampton",N,N,"",0,462,"Bajaj","","Naval","Conservative","Conservateur",N,N,55
35009,"Brampton East","Brampton-Est"," 55","Brampton",N,N,"",0,462,"Grewal","","Raj","Liberal","Libéral",N,Y,112
35009,"Brampton East","Brampton-Est"," 55","Brampton",N,N,"",0,462,"Kahlon","","Harbaljit Singh","NDP-New Democratic Party","NPD-Nouveau Parti démocratique",N,N,51
35009,"Brampton East","Brampton-Est"," 55","Brampton",N,N,"",0,462,"Lacroix","","Kyle","Green Party","Parti Vert",N,N,5
35009,"Brampton East","Brampton-Est"," 56","Brampton",N,N,"",5,511,"Bajaj","","Naval","Conservative","Conservateur",N,N,51
35009,"Brampton East","Brampton-Est"," 56","Brampton",N,N,"",5,511,"Grewal","","Raj","Liberal","Libéral",N,Y,138
35009,"Brampton East","Brampton-Est"," 56","Brampton",N,N,"",5,511,"Kahlon","","Harbaljit Singh","NDP-New Democratic Party","NPD-Nouveau Parti démocratique",N,N,61
35009,"Brampton East","Brampton-Est"," 56","Brampton",N,N,"",5,511,"Lacroix","","Kyle","Green Party","Parti Vert",N,N,1
35009,"Brampton East","Brampton-Est"," 57","Brampton",N,N,"",3,428,"Bajaj","","Naval","Conservative","Conservateur",N,N,45
35009,"Brampton East","Brampton-Est"," 57","Brampton",N,N,"",3,428,"Grewal","","Raj","Liberal","Libéral",N,Y,125
35009,"Brampton East","Brampton-Est"," 57","Brampton",N,N,"",3,428,"Kahlon","","Harbaljit Singh","NDP-New Democratic Party","NPD-Nouveau Parti démocratique",N,N,53
35009,"Brampton East","Brampton-Est"," 57","Brampton",N,N,"",3,428,"Lacroix","","Kyle","Green Party","Parti Vert",N,N,5
35009,"Brampton East","Brampton-Est"," 58","Brampton",N,N,"",0,463,"Bajaj","","Naval","Conservative","Conservateur",N,N,44
35009,"Brampton East","Brampton-Est"," 58","Brampton",N,N,"",0,463,"Grewal","","Raj","Liberal","Libéral",N,Y,114
35009,"Brampton East","Brampton-Est"," 58","Brampton",N,N,"",0,463,"Kahlon","","Harbaljit Singh","NDP-New Democratic Party","NPD-Nouveau Parti démocratique",N,N,41
35009,"Brampton East","Brampton-Est"," 58","Brampton",N,N,"",0,463,"Lacroix","","Kyle","Green Party","Parti Vert",N,N,4
35009,"Brampton East","Brampton-Est"," 59","Brampton",N,N,"",0,489,"Bajaj","","Naval","Conservative","Conservateur",N,N,44
35009,"Brampton East","Brampton-Est"," 59","Brampton",N,N,"",0,489,"Grewal","","Raj","Liberal","Libéral",N,Y,125
35009,"Brampton East","Brampton-Est"," 59","Brampton",N,N,"",0,489,"Kahlon","","Harbaljit Singh","NDP-New Democratic Party","NPD-Nouveau Parti démocratique",N,N,37
35009,"Brampton East","Brampton-Est"," 59","Brampton",N,N,"",0,489,"Lacroix","","Kyle","Green Party","Parti Vert",N,N,4
35009,"Brampton East","Brampton-Est"," 60","Brampton",N,N,"",0,405,"Bajaj","","Naval","Conservative","Conservateur",N,N,38
35009,"Brampton East","Brampton-Est"," 60","Brampton",N,N,"",0,405,"Grewal","","Raj","Liberal","Libéral",N,Y,136
35009,"Brampton East","Brampton-Est"," 60","Brampton",N,N,"",0,405,"Kahlon","","Harbaljit Singh","NDP-New Democratic Party","NPD-Nouveau Parti démocratique",N,N,28
35009,"Brampton East","Brampton-Est"," 60","Brampton",N,N,"",0,405,"Lacroix","","Kyle","Green Party","Parti Vert",N,N,1
35009,"Brampton East","Brampton-Est"," 61","Brampton",N,N,"",3,476,"Bajaj","","Naval","Conservative","Conservateur",N,N,60
35009,"Brampton East","Brampton-Est"," 61","Brampton",N,N,"",3,476,"Grewal","","Raj","Liberal","Libéral",N,Y,117
35009,"Brampton East","Brampton-Est"," 61","Brampton",N,N,"",3,476,"Kahlon","","Harbaljit Singh","NDP-New Democratic Party","NPD-Nouveau Parti démocratique",N,N,39
35009,"Brampton East","Brampton-Est"," 61","Brampton",N,N,"",3,476,"Lacroix","","Kyle","Green Party","Parti Vert",N,N,1
35009,"Brampton East","Brampton-Est"," 62","Brampton",N,N,"",1,484,"Bajaj","","Naval","Conservative","Conservateur",N,N,37
35009,"Brampton East","Brampton-Est"," 62","Brampton",N,N,"",1,484,"Grewal","","Raj","Liberal","Libéral",N,Y,180
35009,"Brampton East","Brampton-Est"," 62","Brampton",N,N,"",1,484,"Kahlon","","Harbaljit Singh","NDP-New Democratic Party","NPD-Nouveau Parti démocratique",N,N,56
35009,"Brampton East","Brampton-Est"," 62","Brampton",N,N,"",1,484,"Lacroix","","Kyle","Green Party","Parti Vert",N,N,0
35009,"Brampton East","Brampton-Est"," 63","Brampton",N,N,"",1,485,"Bajaj","","Naval","Conservative","Conservateur",N,N,34
35009,"Brampton East","Brampton-Est"," 63","Brampton",N,N,"",1,485,"Grewal","","Raj","Liberal","Libéral",N,Y,130
35009,"Brampton East","Brampton-Est"," 63","Brampton",N,N,"",1,485,"Kahlon","","Harbaljit Singh","NDP-New Democratic Party","NPD-Nouveau Parti démocratique",N,N,52
35009,"Brampton East","Brampton-Est"," 63","Brampton",N,N,"",1,485,"Lacroix","","Kyle","Green Party","Parti Vert",N,N,3
35009,"Brampton East","Brampton-Est"," 64","Brampton",N,N,"",1,463,"Bajaj","","Naval","Conservative","Conservateur",N,N,28
35009,"Brampton East","Brampton-Est"," 64","Brampton",N,N,"",1,463,"Grewal","","Raj","Liberal","Libéral",N,Y,99
35009,"Brampton East","Brampton-Est"," 64","Brampton",N,N,"",1,463,"Kahlon","","Harbaljit Singh","NDP-New Democratic Party","NPD-Nouveau Parti démocratique",N,N,22
35009,"Brampton East","Brampton-Est"," 64","Brampton",N,N,"",1,463,"Lacroix","","Kyle","Green Party","Parti Vert",N,N,2
35009,"Brampton East","Brampton-Est"," 65","Brampton",N,N,"",5,493,"Bajaj","","Naval","Conservative","Conservateur",N,N,43
35009,"Brampton East","Brampton-Est"," 65","Brampton",N,N,"",5,493,"Grewal","","Raj","Liberal","Libéral",N,Y,131
35009,"Brampton East","Brampton-Est"," 65","Brampton",N,N,"",5,493,"Kahlon","","Harbaljit Singh","NDP-New Democratic Party","NPD-Nouveau Parti démocratique",N,N,30
35009,"Brampton East","Brampton-Est"," 65","Brampton",N,N,"",5,493,"Lacroix","","Kyle","Green Party","Parti Vert",N,N,2
35009,"Brampton East","Brampton-Est"," 66","Brampton",N,N,"",1,487,"Bajaj","","Naval","Conservative","Conservateur",N,N,59
35009,"Brampton East","Brampton-Est"," 66","Brampton",N,N,"",1,487,"Grewal","","Raj","Liberal","Libéral",N,Y,120
35009,"Brampton East","Brampton-Est"," 66","Brampton",N,N,"",1,487,"Kahlon","","Harbaljit Singh","NDP-New Democratic Party","NPD-Nouveau Parti démocratique",N,N,35
35009,"Brampton East","Brampton-Est"," 66","Brampton",N,N,"",1,487,"Lacroix","","Kyle","Green Party","Parti Vert",N,N,3
35009,"Brampton East","Brampton-Est"," 67A","Brampton",N,N,"",1,286,"Bajaj","","Naval","Conservative","Conservateur",N,N,29
35009,"Brampton East","Brampton-Est"," 67A","Brampton",N,N,"",1,286,"Grewal","","Raj","Liberal","Libéral",N,Y,54
35009,"Brampton East","Brampton-Est"," 67A","Brampton",N,N,"",1,286,"Kahlon","","Harbaljit Singh","NDP-New Democratic Party","NPD-Nouveau Parti démocratique",N,N,17
35009,"Brampton East","Brampton-Est"," 67A","Brampton",N,N,"",1,286,"Lacroix","","Kyle","Green Party","Parti Vert",N,N,0
35009,"Brampton East","Brampton-Est"," 67B","Brampton",N,N,"",5,303,"Bajaj","","Naval","Conservative","Conservateur",N,N,33
35009,"Brampton East","Brampton-Est"," 67B","Brampton",N,N,"",5,303,"Grewal","","Raj","Liberal","Libéral",N,Y,71
35009,"Brampton East","Brampton-Est"," 67B","Brampton",N,N,"",5,303,"Kahlon","","Harbaljit Singh","NDP-New Democratic Party","NPD-Nouveau Parti démocratique",N,N,36
35009,"Brampton East","Brampton-Est"," 67B","Brampton",N,N,"",5,303,"Lacroix","","Kyle","Green Party","Parti Vert",N,N,1
35009,"Brampton East","Brampton-Est"," 68","Brampton",N,N,"",3,462,"Bajaj","","Naval","Conservative","Conservateur",N,N,64
35009,"Brampton East","Brampton-Est"," 68","Brampton",N,N,"",3,462,"Grewal","","Raj","Liberal","Libéral",N,Y,111
35009,"Brampton East","Brampton-Est"," 68","Brampton",N,N,"",3,462,"Kahlon","","Harbaljit Singh","NDP-New Democratic Party","NPD-Nouveau Parti démocratique",N,N,66
35009,"Brampton East","Brampton-Est"," 68","Brampton",N,N,"",3,462,"Lacroix","","Kyle","Green Party","Parti Vert",N,N,5
35009,"Brampton East","Brampton-Est"," 69","Brampton",N,N,"",1,436,"Bajaj","","Naval","Conservative","Conservateur",N,N,47
35009,"Brampton East","Brampton-Est"," 69","Brampton",N,N,"",1,436,"Grewal","","Raj","Liberal","Libéral",N,Y,121
35009,"Brampton East","Brampton-Est"," 69","Brampton",N,N,"",1,436,"Kahlon","","Harbaljit Singh","NDP-New Democratic Party","NPD-Nouveau Parti démocratique",N,N,63
35009,"Brampton East","Brampton-Est"," 69","Brampton",N,N,"",1,436,"Lacroix","","Kyle","Green Party","Parti Vert",N,N,0
35009,"Brampton East","Brampton-Est"," 70","Brampton",N,N,"",1,418,"Bajaj","","Naval","Conservative","Conservateur",N,N,57
35009,"Brampton East","Brampton-Est"," 70","Brampton",N,N,"",1,418,"Grewal","","Raj","Liberal","Libéral",N,Y,131
35009,"Brampton East","Brampton-Est"," 70","Brampton",N,N,"",1,418,"Kahlon","","Harbaljit Singh","NDP-New Democratic Party","NPD-Nouveau Parti démocratique",N,N,40
35009,"Brampton East","Brampton-Est"," 70","Brampton",N,N,"",1,418,"Lacroix","","Kyle","Green Party","Parti Vert",N,N,5
35009,"Brampton East","Brampton-Est"," 71","Brampton",N,N,"",2,570,"Bajaj","","Naval","Conservative","Conservateur",N,N,53
35009,"Brampton East","Brampton-Est"," 71","Brampton",N,N,"",2,570,"Grewal","","Raj","Liberal","Libéral",N,Y,150
35009,"Brampton East","Brampton-Est"," 71","Brampton",N,N,"",2,570,"Kahlon","","Harbaljit Singh","NDP-New Democratic Party","NPD-Nouveau Parti démocratique",N,N,29
35009,"Brampton East","Brampton-Est"," 71","Brampton",N,N,"",2,570,"Lacroix","","Kyle","Green Party","Parti Vert",N,N,3
35009,"Brampton East","Brampton-Est"," 72","Brampton",N,N,"",0,406,"Bajaj","","Naval","Conservative","Conservateur",N,N,35
35009,"Brampton East","Brampton-Est"," 72","Brampton",N,N,"",0,406,"Grewal","","Raj","Liberal","Libéral",N,Y,114
35009,"Brampton East","Brampton-Est"," 72","Brampton",N,N,"",0,406,"Kahlon","","Harbaljit Singh","NDP-New Democratic Party","NPD-Nouveau Parti démocratique",N,N,45
35009,"Brampton East","Brampton-Est"," 72","Brampton",N,N,"",0,406,"Lacroix","","Kyle","Green Party","Parti Vert",N,N,0
35009,"Brampton East","Brampton-Est"," 73","Brampton",N,N,"",0,491,"Bajaj","","Naval","Conservative","Conservateur",N,N,56
35009,"Brampton East","Brampton-Est"," 73","Brampton",N,N,"",0,491,"Grewal","","Raj","Liberal","Libéral",N,Y,99
35009,"Brampton East","Brampton-Est"," 73","Brampton",N,N,"",0,491,"Kahlon","","Harbaljit Singh","NDP-New Democratic Party","NPD-Nouveau Parti démocratique",N,N,36
35009,"Brampton East","Brampton-Est"," 73","Brampton",N,N,"",0,491,"Lacroix","","Kyle","Green Party","Parti Vert",N,N,1
35009,"Brampton East","Brampton-Est"," 74","Brampton",N,N,"",2,428,"Bajaj","","Naval","Conservative","Conservateur",N,N,79
35009,"Brampton East","Brampton-Est"," 74","Brampton",N,N,"",2,428,"Grewal","","Raj","Liberal","Libéral",N,Y,126
35009,"Brampton East","Brampton-Est"," 74","Brampton",N,N,"",2,428,"Kahlon","","Harbaljit Singh","NDP-New Democratic Party","NPD-Nouveau Parti démocratique",N,N,36
35009,"Brampton East","Brampton-Est"," 74","Brampton",N,N,"",2,428,"Lacroix","","Kyle","Green Party","Parti Vert",N,N,6
35009,"Brampton East","Brampton-Est"," 75","Brampton",N,N,"",0,387,"Bajaj","","Naval","Conservative","Conservateur",N,N,69
35009,"Brampton East","Brampton-Est"," 75","Brampton",N,N,"",0,387,"Grewal","","Raj","Liberal","Libéral",N,Y,122
35009,"Brampton East","Brampton-Est"," 75","Brampton",N,N,"",0,387,"Kahlon","","Harbaljit Singh","NDP-New Democratic Party","NPD-Nouveau Parti démocratique",N,N,22
35009,"Brampton East","Brampton-Est"," 75","Brampton",N,N,"",0,387,"Lacroix","","Kyle","Green Party","Parti Vert",N,N,3
35009,"Brampton East","Brampton-Est"," 76","Brampton",N,N,"",2,496,"Bajaj","","Naval","Conservative","Conservateur",N,N,77
35009,"Brampton East","Brampton-Est"," 76","Brampton",N,N,"",2,496,"Grewal","","Raj","Liberal","Libéral",N,Y,154
35009,"Brampton East","Brampton-Est"," 76","Brampton",N,N,"",2,496,"Kahlon","","Harbaljit Singh","NDP-New Democratic Party","NPD-Nouveau Parti démocratique",N,N,46
35009,"Brampton East","Brampton-Est"," 76","Brampton",N,N,"",2,496,"Lacroix","","Kyle","Green Party","Parti Vert",N,N,1
35009,"Brampton East","Brampton-Est"," 77","Brampton",N,N,"",0,426,"Bajaj","","Naval","Conservative","Conservateur",N,N,79
35009,"Brampton East","Brampton-Est"," 77","Brampton",N,N,"",0,426,"Grewal","","Raj","Liberal","Libéral",N,Y,145
35009,"Brampton East","Brampton-Est"," 77","Brampton",N,N,"",0,426,"Kahlon","","Harbaljit Singh","NDP-New Democratic Party","NPD-Nouveau Parti démocratique",N,N,21
35009,"Brampton East","Brampton-Est"," 77","Brampton",N,N,"",0,426,"Lacroix","","Kyle","Green Party","Parti Vert",N,N,3
35009,"Brampton East","Brampton-Est"," 78","Brampton",N,N,"",4,463,"Bajaj","","Naval","Conservative","Conservateur",N,N,73
35009,"Brampton East","Brampton-Est"," 78","Brampton",N,N,"",4,463,"Grewal","","Raj","Liberal","Libéral",N,Y,147
35009,"Brampton East","Brampton-Est"," 78","Brampton",N,N,"",4,463,"Kahlon","","Harbaljit Singh","NDP-New Democratic Party","NPD-Nouveau Parti démocratique",N,N,48
35009,"Brampton East","Brampton-Est"," 78","Brampton",N,N,"",4,463,"Lacroix","","Kyle","Green Party","Parti Vert",N,N,0
35009,"Brampton East","Brampton-Est"," 79","Brampton",N,N,"",3,415,"Bajaj","","Naval","Conservative","Conservateur",N,N,49
35009,"Brampton East","Brampton-Est"," 79","Brampton",N,N,"",3,415,"Grewal","","Raj","Liberal","Libéral",N,Y,150
35009,"Brampton East","Brampton-Est"," 79","Brampton",N,N,"",3,415,"Kahlon","","Harbaljit Singh","NDP-New Democratic Party","NPD-Nouveau Parti démocratique",N,N,26
35009,"Brampton East","Brampton-Est"," 79","Brampton",N,N,"",3,415,"Lacroix","","Kyle","Green Party","Parti Vert",N,N,4
35009,"Brampton East","Brampton-Est"," 80","Brampton",N,N,"",1,443,"Bajaj","","Naval","Conservative","Conservateur",N,N,59
35009,"Brampton East","Brampton-Est"," 80","Brampton",N,N,"",1,443,"Grewal","","Raj","Liberal","Libéral",N,Y,152
35009,"Brampton East","Brampton-Est"," 80","Brampton",N,N,"",1,443,"Kahlon","","Harbaljit Singh","NDP-New Democratic Party","NPD-Nouveau Parti démocratique",N,N,49
35009,"Brampton East","Brampton-Est"," 80","Brampton",N,N,"",1,443,"Lacroix","","Kyle","Green Party","Parti Vert",N,N,1
35009,"Brampton East","Brampton-Est"," 81","Brampton",N,N,"",1,480,"Bajaj","","Naval","Conservative","Conservateur",N,N,45
35009,"Brampton East","Brampton-Est"," 81","Brampton",N,N,"",1,480,"Grewal","","Raj","Liberal","Libéral",N,Y,153
35009,"Brampton East","Brampton-Est"," 81","Brampton",N,N,"",1,480,"Kahlon","","Harbaljit Singh","NDP-New Democratic Party","NPD-Nouveau Parti démocratique",N,N,64
35009,"Brampton East","Brampton-Est"," 81","Brampton",N,N,"",1,480,"Lacroix","","Kyle","Green Party","Parti Vert",N,N,4
35009,"Brampton East","Brampton-Est"," 82","Brampton",N,N,"",0,397,"Bajaj","","Naval","Conservative","Conservateur",N,N,53
35009,"Brampton East","Brampton-Est"," 82","Brampton",N,N,"",0,397,"Grewal","","Raj","Liberal","Libéral",N,Y,121
35009,"Brampton East","Brampton-Est"," 82","Brampton",N,N,"",0,397,"Kahlon","","Harbaljit Singh","NDP-New Democratic Party","NPD-Nouveau Parti démocratique",N,N,43
35009,"Brampton East","Brampton-Est"," 82","Brampton",N,N,"",0,397,"Lacroix","","Kyle","Green Party","Parti Vert",N,N,1
35009,"Brampton East","Brampton-Est"," 83","Brampton",N,N,"",1,444,"Bajaj","","Naval","Conservative","Conservateur",N,N,55
35009,"Brampton East","Brampton-Est"," 83","Brampton",N,N,"",1,444,"Grewal","","Raj","Liberal","Libéral",N,Y,97
35009,"Brampton East","Brampton-Est"," 83","Brampton",N,N,"",1,444,"Kahlon","","Harbaljit Singh","NDP-New Democratic Party","NPD-Nouveau Parti démocratique",N,N,56
35009,"Brampton East","Brampton-Est"," 83","Brampton",N,N,"",1,444,"Lacroix","","Kyle","Green Party","Parti Vert",N,N,5
35009,"Brampton East","Brampton-Est"," 84","Brampton",N,N,"",1,462,"Bajaj","","Naval","Conservative","Conservateur",N,N,43
35009,"Brampton East","Brampton-Est"," 84","Brampton",N,N,"",1,462,"Grewal","","Raj","Liberal","Libéral",N,Y,128
35009,"Brampton East","Brampton-Est"," 84","Brampton",N,N,"",1,462,"Kahlon","","Harbaljit Singh","NDP-New Democratic Party","NPD-Nouveau Parti démocratique",N,N,33
35009,"Brampton East","Brampton-Est"," 84","Brampton",N,N,"",1,462,"Lacroix","","Kyle","Green Party","Parti Vert",N,N,5
35009,"Brampton East","Brampton-Est"," 85","Brampton",N,N,"",1,402,"Bajaj","","Naval","Conservative","Conservateur",N,N,36
35009,"Brampton East","Brampton-Est"," 85","Brampton",N,N,"",1,402,"Grewal","","Raj","Liberal","Libéral",N,Y,80
35009,"Brampton East","Brampton-Est"," 85","Brampton",N,N,"",1,402,"Kahlon","","Harbaljit Singh","NDP-New Democratic Party","NPD-Nouveau Parti démocratique",N,N,40
35009,"Brampton East","Brampton-Est"," 85","Brampton",N,N,"",1,402,"Lacroix","","Kyle","Green Party","Parti Vert",N,N,3
35009,"Brampton East","Brampton-Est"," 86","Brampton",N,N,"",1,438,"Bajaj","","Naval","Conservative","Conservateur",N,N,44
35009,"Brampton East","Brampton-Est"," 86","Brampton",N,N,"",1,438,"Grewal","","Raj","Liberal","Libéral",N,Y,125
35009,"Brampton East","Brampton-Est"," 86","Brampton",N,N,"",1,438,"Kahlon","","Harbaljit Singh","NDP-New Democratic Party","NPD-Nouveau Parti démocratique",N,N,40
35009,"Brampton East","Brampton-Est"," 86","Brampton",N,N,"",1,438,"Lacroix","","Kyle","Green Party","Parti Vert",N,N,3
35009,"Brampton East","Brampton-Est"," 87","Brampton",N,N,"",0,505,"Bajaj","","Naval","Conservative","Conservateur",N,N,51
35009,"Brampton East","Brampton-Est"," 87","Brampton",N,N,"",0,505,"Grewal","","Raj","Liberal","Libéral",N,Y,117
35009,"Brampton East","Brampton-Est"," 87","Brampton",N,N,"",0,505,"Kahlon","","Harbaljit Singh","NDP-New Democratic Party","NPD-Nouveau Parti démocratique",N,N,75
35009,"Brampton East","Brampton-Est"," 87","Brampton",N,N,"",0,505,"Lacroix","","Kyle","Green Party","Parti Vert",N,N,2
35009,"Brampton East","Brampton-Est"," 88","Brampton",N,N,"",1,515,"Bajaj","","Naval","Conservative","Conservateur",N,N,30
35009,"Brampton East","Brampton-Est"," 88","Brampton",N,N,"",1,515,"Grewal","","Raj","Liberal","Libéral",N,Y,74
35009,"Brampton East","Brampton-Est"," 88","Brampton",N,N,"",1,515,"Kahlon","","Harbaljit Singh","NDP-New Democratic Party","NPD-Nouveau Parti démocratique",N,N,18
35009,"Brampton East","Brampton-Est"," 88","Brampton",N,N,"",1,515,"Lacroix","","Kyle","Green Party","Parti Vert",N,N,0
35009,"Brampton East","Brampton-Est"," 89","Brampton",N,N,"",0,375,"Bajaj","","Naval","Conservative","Conservateur",N,N,34
35009,"Brampton East","Brampton-Est"," 89","Brampton",N,N,"",0,375,"Grewal","","Raj","Liberal","Libéral",N,Y,141
35009,"Brampton East","Brampton-Est"," 89","Brampton",N,N,"",0,375,"Kahlon","","Harbaljit Singh","NDP-New Democratic Party","NPD-Nouveau Parti démocratique",N,N,37
35009,"Brampton East","Brampton-Est"," 89","Brampton",N,N,"",0,375,"Lacroix","","Kyle","Green Party","Parti Vert",N,N,3
35009,"Brampton East","Brampton-Est"," 90","Brampton",N,N,"",2,489,"Bajaj","","Naval","Conservative","Conservateur",N,N,43
35009,"Brampton East","Brampton-Est"," 90","Brampton",N,N,"",2,489,"Grewal","","Raj","Liberal","Libéral",N,Y,154
35009,"Brampton East","Brampton-Est"," 90","Brampton",N,N,"",2,489,"Kahlon","","Harbaljit Singh","NDP-New Democratic Party","NPD-Nouveau Parti démocratique",N,N,51
35009,"Brampton East","Brampton-Est"," 90","Brampton",N,N,"",2,489,"Lacroix","","Kyle","Green Party","Parti Vert",N,N,4
35009,"Brampton East","Brampton-Est"," 91","Brampton",N,N,"",4,475,"Bajaj","","Naval","Conservative","Conservateur",N,N,62
35009,"Brampton East","Brampton-Est"," 91","Brampton",N,N,"",4,475,"Grewal","","Raj","Liberal","Libéral",N,Y,138
35009,"Brampton East","Brampton-Est"," 91","Brampton",N,N,"",4,475,"Kahlon","","Harbaljit Singh","NDP-New Democratic Party","NPD-Nouveau Parti démocratique",N,N,29
35009,"Brampton East","Brampton-Est"," 91","Brampton",N,N,"",4,475,"Lacroix","","Kyle","Green Party","Parti Vert",N,N,4
35009,"Brampton East","Brampton-Est"," 92","Brampton",N,N,"",7,456,"Bajaj","","Naval","Conservative","Conservateur",N,N,74
35009,"Brampton East","Brampton-Est"," 92","Brampton",N,N,"",7,456,"Grewal","","Raj","Liberal","Libéral",N,Y,147
35009,"Brampton East","Brampton-Est"," 92","Brampton",N,N,"",7,456,"Kahlon","","Harbaljit Singh","NDP-New Democratic Party","NPD-Nouveau Parti démocratique",N,N,34
35009,"Brampton East","Brampton-Est"," 92","Brampton",N,N,"",7,456,"Lacroix","","Kyle","Green Party","Parti Vert",N,N,1
35009,"Brampton East","Brampton-Est"," 93","Brampton",N,N,"",0,317,"Bajaj","","Naval","Conservative","Conservateur",N,N,46
35009,"Brampton East","Brampton-Est"," 93","Brampton",N,N,"",0,317,"Grewal","","Raj","Liberal","Libéral",N,Y,103
35009,"Brampton East","Brampton-Est"," 93","Brampton",N,N,"",0,317,"Kahlon","","Harbaljit Singh","NDP-New Democratic Party","NPD-Nouveau Parti démocratique",N,N,38
35009,"Brampton East","Brampton-Est"," 93","Brampton",N,N,"",0,317,"Lacroix","","Kyle","Green Party","Parti Vert",N,N,2
35009,"Brampton East","Brampton-Est"," 94","Brampton",N,N,"",1,497,"Bajaj","","Naval","Conservative","Conservateur",N,N,50
35009,"Brampton East","Brampton-Est"," 94","Brampton",N,N,"",1,497,"Grewal","","Raj","Liberal","Libéral",N,Y,146
35009,"Brampton East","Brampton-Est"," 94","Brampton",N,N,"",1,497,"Kahlon","","Harbaljit Singh","NDP-New Democratic Party","NPD-Nouveau Parti démocratique",N,N,40
35009,"Brampton East","Brampton-Est"," 94","Brampton",N,N,"",1,497,"Lacroix","","Kyle","Green Party","Parti Vert",N,N,2
35009,"Brampton East","Brampton-Est"," 95","Brampton",N,N,"",6,360,"Bajaj","","Naval","Conservative","Conservateur",N,N,23
35009,"Brampton East","Brampton-Est"," 95","Brampton",N,N,"",6,360,"Grewal","","Raj","Liberal","Libéral",N,Y,107
35009,"Brampton East","Brampton-Est"," 95","Brampton",N,N,"",6,360,"Kahlon","","Harbaljit Singh","NDP-New Democratic Party","NPD-Nouveau Parti démocratique",N,N,41
35009,"Brampton East","Brampton-Est"," 95","Brampton",N,N,"",6,360,"Lacroix","","Kyle","Green Party","Parti Vert",N,N,1
35009,"Brampton East","Brampton-Est"," 96","Brampton",N,N,"",1,463,"Bajaj","","Naval","Conservative","Conservateur",N,N,55
35009,"Brampton East","Brampton-Est"," 96","Brampton",N,N,"",1,463,"Grewal","","Raj","Liberal","Libéral",N,Y,142
35009,"Brampton East","Brampton-Est"," 96","Brampton",N,N,"",1,463,"Kahlon","","Harbaljit Singh","NDP-New Democratic Party","NPD-Nouveau Parti démocratique",N,N,45
35009,"Brampton East","Brampton-Est"," 96","Brampton",N,N,"",1,463,"Lacroix","","Kyle","Green Party","Parti Vert",N,N,5
35009,"Brampton East","Brampton-Est"," 97","Brampton",N,N,"",0,382,"Bajaj","","Naval","Conservative","Conservateur",N,N,49
35009,"Brampton East","Brampton-Est"," 97","Brampton",N,N,"",0,382,"Grewal","","Raj","Liberal","Libéral",N,Y,85
35009,"Brampton East","Brampton-Est"," 97","Brampton",N,N,"",0,382,"Kahlon","","Harbaljit Singh","NDP-New Democratic Party","NPD-Nouveau Parti démocratique",N,N,50
35009,"Brampton East","Brampton-Est"," 97","Brampton",N,N,"",0,382,"Lacroix","","Kyle","Green Party","Parti Vert",N,N,2
35009,"Brampton East","Brampton-Est"," 98","Brampton",N,N,"",0,407,"Bajaj","","Naval","Conservative","Conservateur",N,N,39
35009,"Brampton East","Brampton-Est"," 98","Brampton",N,N,"",0,407,"Grewal","","Raj","Liberal","Libéral",N,Y,92
35009,"Brampton East","Brampton-Est"," 98","Brampton",N,N,"",0,407,"Kahlon","","Harbaljit Singh","NDP-New Democratic Party","NPD-Nouveau Parti démocratique",N,N,44
35009,"Brampton East","Brampton-Est"," 98","Brampton",N,N,"",0,407,"Lacroix","","Kyle","Green Party","Parti Vert",N,N,1
35009,"Brampton East","Brampton-Est"," 99","Brampton",N,N,"",0,338,"Bajaj","","Naval","Conservative","Conservateur",N,N,30
35009,"Brampton East","Brampton-Est"," 99","Brampton",N,N,"",0,338,"Grewal","","Raj","Liberal","Libéral",N,Y,114
35009,"Brampton East","Brampton-Est"," 99","Brampton",N,N,"",0,338,"Kahlon","","Harbaljit Singh","NDP-New Democratic Party","NPD-Nouveau Parti démocratique",N,N,28
35009,"Brampton East","Brampton-Est"," 99","Brampton",N,N,"",0,338,"Lacroix","","Kyle","Green Party","Parti Vert",N,N,0
35009,"Brampton East","Brampton-Est"," 100A","Brampton",N,N,"",4,321,"Bajaj","","Naval","Conservative","Conservateur",N,N,31
35009,"Brampton East","Brampton-Est"," 100A","Brampton",N,N,"",4,321,"Grewal","","Raj","Liberal","Libéral",N,Y,89
35009,"Brampton East","Brampton-Est"," 100A","Brampton",N,N,"",4,321,"Kahlon","","Harbaljit Singh","NDP-New Democratic Party","NPD-Nouveau Parti démocratique",N,N,33
35009,"Brampton East","Brampton-Est"," 100A","Brampton",N,N,"",4,321,"Lacroix","","Kyle","Green Party","Parti Vert",N,N,0
35009,"Brampton East","Brampton-Est"," 100B","Brampton",N,N,"",0,299,"Bajaj","","Naval","Conservative","Conservateur",N,N,38
35009,"Brampton East","Brampton-Est"," 100B","Brampton",N,N,"",0,299,"Grewal","","Raj","Liberal","Libéral",N,Y,80
35009,"Brampton East","Brampton-Est"," 100B","Brampton",N,N,"",0,299,"Kahlon","","Harbaljit Singh","NDP-New Democratic Party","NPD-Nouveau Parti démocratique",N,N,22
35009,"Brampton East","Brampton-Est"," 100B","Brampton",N,N,"",0,299,"Lacroix","","Kyle","Green Party","Parti Vert",N,N,3
35009,"Brampton East","Brampton-Est"," 101","Brampton",N,N,"",4,458,"Bajaj","","Naval","Conservative","Conservateur",N,N,50
35009,"Brampton East","Brampton-Est"," 101","Brampton",N,N,"",4,458,"Grewal","","Raj","Liberal","Libéral",N,Y,136
35009,"Brampton East","Brampton-Est"," 101","Brampton",N,N,"",4,458,"Kahlon","","Harbaljit Singh","NDP-New Democratic Party","NPD-Nouveau Parti démocratique",N,N,33
35009,"Brampton East","Brampton-Est"," 101","Brampton",N,N,"",4,458,"Lacroix","","Kyle","Green Party","Parti Vert",N,N,5
35009,"Brampton East","Brampton-Est"," 102","Brampton",N,N,"",3,457,"Bajaj","","Naval","Conservative","Conservateur",N,N,43
35009,"Brampton East","Brampton-Est"," 102","Brampton",N,N,"",3,457,"Grewal","","Raj","Liberal","Libéral",N,Y,151
35009,"Brampton East","Brampton-Est"," 102","Brampton",N,N,"",3,457,"Kahlon","","Harbaljit Singh","NDP-New Democratic Party","NPD-Nouveau Parti démocratique",N,N,47
35009,"Brampton East","Brampton-Est"," 102","Brampton",N,N,"",3,457,"Lacroix","","Kyle","Green Party","Parti Vert",N,N,0
35009,"Brampton East","Brampton-Est"," 103","Brampton",N,N,"",1,492,"Bajaj","","Naval","Conservative","Conservateur",N,N,35
35009,"Brampton East","Brampton-Est"," 103","Brampton",N,N,"",1,492,"Grewal","","Raj","Liberal","Libéral",N,Y,127
35009,"Brampton East","Brampton-Est"," 103","Brampton",N,N,"",1,492,"Kahlon","","Harbaljit Singh","NDP-New Democratic Party","NPD-Nouveau Parti démocratique",N,N,46
35009,"Brampton East","Brampton-Est"," 103","Brampton",N,N,"",1,492,"Lacroix","","Kyle","Green Party","Parti Vert",N,N,2
35009,"Brampton East","Brampton-Est"," 104","Brampton",N,N,"",1,421,"Bajaj","","Naval","Conservative","Conservateur",N,N,40
35009,"Brampton East","Brampton-Est"," 104","Brampton",N,N,"",1,421,"Grewal","","Raj","Liberal","Libéral",N,Y,128
35009,"Brampton East","Brampton-Est"," 104","Brampton",N,N,"",1,421,"Kahlon","","Harbaljit Singh","NDP-New Democratic Party","NPD-Nouveau Parti démocratique",N,N,36
35009,"Brampton East","Brampton-Est"," 104","Brampton",N,N,"",1,421,"Lacroix","","Kyle","Green Party","Parti Vert",N,N,3
35009,"Brampton East","Brampton-Est"," 105","Brampton",N,N,"",1,474,"Bajaj","","Naval","Conservative","Conservateur",N,N,26
35009,"Brampton East","Brampton-Est"," 105","Brampton",N,N,"",1,474,"Grewal","","Raj","Liberal","Libéral",N,Y,194
35009,"Brampton East","Brampton-Est"," 105","Brampton",N,N,"",1,474,"Kahlon","","Harbaljit Singh","NDP-New Democratic Party","NPD-Nouveau Parti démocratique",N,N,46
35009,"Brampton East","Brampton-Est"," 105","Brampton",N,N,"",1,474,"Lacroix","","Kyle","Green Party","Parti Vert",N,N,4
35009,"Brampton East","Brampton-Est"," 106","Brampton",N,N,"",0,413,"Bajaj","","Naval","Conservative","Conservateur",N,N,40
35009,"Brampton East","Brampton-Est"," 106","Brampton",N,N,"",0,413,"Grewal","","Raj","Liberal","Libéral",N,Y,121
35009,"Brampton East","Brampton-Est"," 106","Brampton",N,N,"",0,413,"Kahlon","","Harbaljit Singh","NDP-New Democratic Party","NPD-Nouveau Parti démocratique",N,N,62
35009,"Brampton East","Brampton-Est"," 106","Brampton",N,N,"",0,413,"Lacroix","","Kyle","Green Party","Parti Vert",N,N,1
35009,"Brampton East","Brampton-Est"," 107A","Brampton",N,N,"",11,284,"Bajaj","","Naval","Conservative","Conservateur",N,N,12
35009,"Brampton East","Brampton-Est"," 107A","Brampton",N,N,"",11,284,"Grewal","","Raj","Liberal","Libéral",N,Y,67
35009,"Brampton East","Brampton-Est"," 107A","Brampton",N,N,"",11,284,"Kahlon","","Harbaljit Singh","NDP-New Democratic Party","NPD-Nouveau Parti démocratique",N,N,27
35009,"Brampton East","Brampton-Est"," 107A","Brampton",N,N,"",11,284,"Lacroix","","Kyle","Green Party","Parti Vert",N,N,0
35009,"Brampton East","Brampton-Est"," 107B","Brampton",N,N,"",3,285,"Bajaj","","Naval","Conservative","Conservateur",N,N,15
35009,"Brampton East","Brampton-Est"," 107B","Brampton",N,N,"",3,285,"Grewal","","Raj","Liberal","Libéral",N,Y,65
35009,"Brampton East","Brampton-Est"," 107B","Brampton",N,N,"",3,285,"Kahlon","","Harbaljit Singh","NDP-New Democratic Party","NPD-Nouveau Parti démocratique",N,N,37
35009,"Brampton East","Brampton-Est"," 107B","Brampton",N,N,"",3,285,"Lacroix","","Kyle","Green Party","Parti Vert",N,N,1
35009,"Brampton East","Brampton-Est"," 108","Brampton",N,N,"",0,433,"Bajaj","","Naval","Conservative","Conservateur",N,N,11
35009,"Brampton East","Brampton-Est"," 108","Brampton",N,N,"",0,433,"Grewal","","Raj","Liberal","Libéral",N,Y,131
35009,"Brampton East","Brampton-Est"," 108","Brampton",N,N,"",0,433,"Kahlon","","Harbaljit Singh","NDP-New Democratic Party","NPD-Nouveau Parti démocratique",N,N,52
35009,"Brampton East","Brampton-Est"," 108","Brampton",N,N,"",0,433,"Lacroix","","Kyle","Green Party","Parti Vert",N,N,2
35009,"Brampton East","Brampton-Est"," 109","Brampton",N,N,"",0,462,"Bajaj","","Naval","Conservative","Conservateur",N,N,44
35009,"Brampton East","Brampton-Est"," 109","Brampton",N,N,"",0,462,"Grewal","","Raj","Liberal","Libéral",N,Y,128
35009,"Brampton East","Brampton-Est"," 109","Brampton",N,N,"",0,462,"Kahlon","","Harbaljit Singh","NDP-New Democratic Party","NPD-Nouveau Parti démocratique",N,N,60
35009,"Brampton East","Brampton-Est"," 109","Brampton",N,N,"",0,462,"Lacroix","","Kyle","Green Party","Parti Vert",N,N,0
35009,"Brampton East","Brampton-Est"," 110","Brampton",N,N,"",0,345,"Bajaj","","Naval","Conservative","Conservateur",N,N,20
35009,"Brampton East","Brampton-Est"," 110","Brampton",N,N,"",0,345,"Grewal","","Raj","Liberal","Libéral",N,Y,96
35009,"Brampton East","Brampton-Est"," 110","Brampton",N,N,"",0,345,"Kahlon","","Harbaljit Singh","NDP-New Democratic Party","NPD-Nouveau Parti démocratique",N,N,38
35009,"Brampton East","Brampton-Est"," 110","Brampton",N,N,"",0,345,"Lacroix","","Kyle","Green Party","Parti Vert",N,N,4
35009,"Brampton East","Brampton-Est"," 111","Brampton",N,N,"",0,375,"Bajaj","","Naval","Conservative","Conservateur",N,N,28
35009,"Brampton East","Brampton-Est"," 111","Brampton",N,N,"",0,375,"Grewal","","Raj","Liberal","Libéral",N,Y,92
35009,"Brampton East","Brampton-Est"," 111","Brampton",N,N,"",0,375,"Kahlon","","Harbaljit Singh","NDP-New Democratic Party","NPD-Nouveau Parti démocratique",N,N,49
35009,"Brampton East","Brampton-Est"," 111","Brampton",N,N,"",0,375,"Lacroix","","Kyle","Green Party","Parti Vert",N,N,2
35009,"Brampton East","Brampton-Est"," 112","Brampton",N,N,"",0,501,"Bajaj","","Naval","Conservative","Conservateur",N,N,37
35009,"Brampton East","Brampton-Est"," 112","Brampton",N,N,"",0,501,"Grewal","","Raj","Liberal","Libéral",N,Y,134
35009,"Brampton East","Brampton-Est"," 112","Brampton",N,N,"",0,501,"Kahlon","","Harbaljit Singh","NDP-New Democratic Party","NPD-Nouveau Parti démocratique",N,N,53
35009,"Brampton East","Brampton-Est"," 112","Brampton",N,N,"",0,501,"Lacroix","","Kyle","Green Party","Parti Vert",N,N,5
35009,"Brampton East","Brampton-Est"," 113","Brampton",N,N,"",0,473,"Bajaj","","Naval","Conservative","Conservateur",N,N,54
35009,"Brampton East","Brampton-Est"," 113","Brampton",N,N,"",0,473,"Grewal","","Raj","Liberal","Libéral",N,Y,132
35009,"Brampton East","Brampton-Est"," 113","Brampton",N,N,"",0,473,"Kahlon","","Harbaljit Singh","NDP-New Democratic Party","NPD-Nouveau Parti démocratique",N,N,39
35009,"Brampton East","Brampton-Est"," 113","Brampton",N,N,"",0,473,"Lacroix","","Kyle","Green Party","Parti Vert",N,N,1
35009,"Brampton East","Brampton-Est"," 114","Brampton",N,N,"",1,505,"Bajaj","","Naval","Conservative","Conservateur",N,N,56
35009,"Brampton East","Brampton-Est"," 114","Brampton",N,N,"",1,505,"Grewal","","Raj","Liberal","Libéral",N,Y,128
35009,"Brampton East","Brampton-Est"," 114","Brampton",N,N,"",1,505,"Kahlon","","Harbaljit Singh","NDP-New Democratic Party","NPD-Nouveau Parti démocratique",N,N,56
35009,"Brampton East","Brampton-Est"," 114","Brampton",N,N,"",1,505,"Lacroix","","Kyle","Green Party","Parti Vert",N,N,4
35009,"Brampton East","Brampton-Est"," 115","Brampton",N,N,"",2,543,"Bajaj","","Naval","Conservative","Conservateur",N,N,53
35009,"Brampton East","Brampton-Est"," 115","Brampton",N,N,"",2,543,"Grewal","","Raj","Liberal","Libéral",N,Y,140
35009,"Brampton East","Brampton-Est"," 115","Brampton",N,N,"",2,543,"Kahlon","","Harbaljit Singh","NDP-New Democratic Party","NPD-Nouveau Parti démocratique",N,N,39
35009,"Brampton East","Brampton-Est"," 115","Brampton",N,N,"",2,543,"Lacroix","","Kyle","Green Party","Parti Vert",N,N,9
35009,"Brampton East","Brampton-Est"," 116","Brampton",N,N,"",0,550,"Bajaj","","Naval","Conservative","Conservateur",N,N,75
35009,"Brampton East","Brampton-Est"," 116","Brampton",N,N,"",0,550,"Grewal","","Raj","Liberal","Libéral",N,Y,133
35009,"Brampton East","Brampton-Est"," 116","Brampton",N,N,"",0,550,"Kahlon","","Harbaljit Singh","NDP-New Democratic Party","NPD-Nouveau Parti démocratique",N,N,47
35009,"Brampton East","Brampton-Est"," 116","Brampton",N,N,"",0,550,"Lacroix","","Kyle","Green Party","Parti Vert",N,N,3
35009,"Brampton East","Brampton-Est"," 117","Brampton",N,N,"",1,481,"Bajaj","","Naval","Conservative","Conservateur",N,N,66
35009,"Brampton East","Brampton-Est"," 117","Brampton",N,N,"",1,481,"Grewal","","Raj","Liberal","Libéral",N,Y,132
35009,"Brampton East","Brampton-Est"," 117","Brampton",N,N,"",1,481,"Kahlon","","Harbaljit Singh","NDP-New Democratic Party","NPD-Nouveau Parti démocratique",N,N,38
35009,"Brampton East","Brampton-Est"," 117","Brampton",N,N,"",1,481,"Lacroix","","Kyle","Green Party","Parti Vert",N,N,4
35009,"Brampton East","Brampton-Est"," 118","Brampton",N,N,"",1,472,"Bajaj","","Naval","Conservative","Conservateur",N,N,60
35009,"Brampton East","Brampton-Est"," 118","Brampton",N,N,"",1,472,"Grewal","","Raj","Liberal","Libéral",N,Y,118
35009,"Brampton East","Brampton-Est"," 118","Brampton",N,N,"",1,472,"Kahlon","","Harbaljit Singh","NDP-New Democratic Party","NPD-Nouveau Parti démocratique",N,N,42
35009,"Brampton East","Brampton-Est"," 118","Brampton",N,N,"",1,472,"Lacroix","","Kyle","Green Party","Parti Vert",N,N,2
35009,"Brampton East","Brampton-Est"," 119","Brampton",N,N,"",0,450,"Bajaj","","Naval","Conservative","Conservateur",N,N,33
35009,"Brampton East","Brampton-Est"," 119","Brampton",N,N,"",0,450,"Grewal","","Raj","Liberal","Libéral",N,Y,120
35009,"Brampton East","Brampton-Est"," 119","Brampton",N,N,"",0,450,"Kahlon","","Harbaljit Singh","NDP-New Democratic Party","NPD-Nouveau Parti démocratique",N,N,49
35009,"Brampton East","Brampton-Est"," 119","Brampton",N,N,"",0,450,"Lacroix","","Kyle","Green Party","Parti Vert",N,N,4
35009,"Brampton East","Brampton-Est"," 120","Brampton",N,N,"",3,441,"Bajaj","","Naval","Conservative","Conservateur",N,N,63
35009,"Brampton East","Brampton-Est"," 120","Brampton",N,N,"",3,441,"Grewal","","Raj","Liberal","Libéral",N,Y,115
35009,"Brampton East","Brampton-Est"," 120","Brampton",N,N,"",3,441,"Kahlon","","Harbaljit Singh","NDP-New Democratic Party","NPD-Nouveau Parti démocratique",N,N,47
35009,"Brampton East","Brampton-Est"," 120","Brampton",N,N,"",3,441,"Lacroix","","Kyle","Green Party","Parti Vert",N,N,4
35009,"Brampton East","Brampton-Est"," 121","Brampton",N,N,"",0,525,"Bajaj","","Naval","Conservative","Conservateur",N,N,60
35009,"Brampton East","Brampton-Est"," 121","Brampton",N,N,"",0,525,"Grewal","","Raj","Liberal","Libéral",N,Y,156
35009,"Brampton East","Brampton-Est"," 121","Brampton",N,N,"",0,525,"Kahlon","","Harbaljit Singh","NDP-New Democratic Party","NPD-Nouveau Parti démocratique",N,N,73
35009,"Brampton East","Brampton-Est"," 121","Brampton",N,N,"",0,525,"Lacroix","","Kyle","Green Party","Parti Vert",N,N,3
35009,"Brampton East","Brampton-Est"," 122","Brampton",N,N,"",0,390,"Bajaj","","Naval","Conservative","Conservateur",N,N,32
35009,"Brampton East","Brampton-Est"," 122","Brampton",N,N,"",0,390,"Grewal","","Raj","Liberal","Libéral",N,Y,145
35009,"Brampton East","Brampton-Est"," 122","Brampton",N,N,"",0,390,"Kahlon","","Harbaljit Singh","NDP-New Democratic Party","NPD-Nouveau Parti démocratique",N,N,48
35009,"Brampton East","Brampton-Est"," 122","Brampton",N,N,"",0,390,"Lacroix","","Kyle","Green Party","Parti Vert",N,N,1
35009,"Brampton East","Brampton-Est"," 123","Brampton",N,N,"",0,503,"Bajaj","","Naval","Conservative","Conservateur",N,N,64
35009,"Brampton East","Brampton-Est"," 123","Brampton",N,N,"",0,503,"Grewal","","Raj","Liberal","Libéral",N,Y,157
35009,"Brampton East","Brampton-Est"," 123","Brampton",N,N,"",0,503,"Kahlon","","Harbaljit Singh","NDP-New Democratic Party","NPD-Nouveau Parti démocratique",N,N,51
35009,"Brampton East","Brampton-Est"," 123","Brampton",N,N,"",0,503,"Lacroix","","Kyle","Green Party","Parti Vert",N,N,2
35009,"Brampton East","Brampton-Est"," 124A","Brampton",N,N,"",0,252,"Bajaj","","Naval","Conservative","Conservateur",N,N,31
35009,"Brampton East","Brampton-Est"," 124A","Brampton",N,N,"",0,252,"Grewal","","Raj","Liberal","Libéral",N,Y,69
35009,"Brampton East","Brampton-Est"," 124A","Brampton",N,N,"",0,252,"Kahlon","","Harbaljit Singh","NDP-New Democratic Party","NPD-Nouveau Parti démocratique",N,N,24
35009,"Brampton East","Brampton-Est"," 124A","Brampton",N,N,"",0,252,"Lacroix","","Kyle","Green Party","Parti Vert",N,N,2
35009,"Brampton East","Brampton-Est"," 124B","Brampton",N,N,"",0,248,"Bajaj","","Naval","Conservative","Conservateur",N,N,32
35009,"Brampton East","Brampton-Est"," 124B","Brampton",N,N,"",0,248,"Grewal","","Raj","Liberal","Libéral",N,Y,61
35009,"Brampton East","Brampton-Est"," 124B","Brampton",N,N,"",0,248,"Kahlon","","Harbaljit Singh","NDP-New Democratic Party","NPD-Nouveau Parti démocratique",N,N,35
35009,"Brampton East","Brampton-Est"," 124B","Brampton",N,N,"",0,248,"Lacroix","","Kyle","Green Party","Parti Vert",N,N,0
35009,"Brampton East","Brampton-Est"," 125","Brampton",N,N,"",0,438,"Bajaj","","Naval","Conservative","Conservateur",N,N,43
35009,"Brampton East","Brampton-Est"," 125","Brampton",N,N,"",0,438,"Grewal","","Raj","Liberal","Libéral",N,Y,142
35009,"Brampton East","Brampton-Est"," 125","Brampton",N,N,"",0,438,"Kahlon","","Harbaljit Singh","NDP-New Democratic Party","NPD-Nouveau Parti démocratique",N,N,46
35009,"Brampton East","Brampton-Est"," 125","Brampton",N,N,"",0,438,"Lacroix","","Kyle","Green Party","Parti Vert",N,N,1
35009,"Brampton East","Brampton-Est"," 126","Brampton",N,N,"",4,349,"Bajaj","","Naval","Conservative","Conservateur",N,N,36
35009,"Brampton East","Brampton-Est"," 126","Brampton",N,N,"",4,349,"Grewal","","Raj","Liberal","Libéral",N,Y,112
35009,"Brampton East","Brampton-Est"," 126","Brampton",N,N,"",4,349,"Kahlon","","Harbaljit Singh","NDP-New Democratic Party","NPD-Nouveau Parti démocratique",N,N,31
35009,"Brampton East","Brampton-Est"," 126","Brampton",N,N,"",4,349,"Lacroix","","Kyle","Green Party","Parti Vert",N,N,0
35009,"Brampton East","Brampton-Est"," 127","Brampton",N,N,"",0,381,"Bajaj","","Naval","Conservative","Conservateur",N,N,41
35009,"Brampton East","Brampton-Est"," 127","Brampton",N,N,"",0,381,"Grewal","","Raj","Liberal","Libéral",N,Y,99
35009,"Brampton East","Brampton-Est"," 127","Brampton",N,N,"",0,381,"Kahlon","","Harbaljit Singh","NDP-New Democratic Party","NPD-Nouveau Parti démocratique",N,N,66
35009,"Brampton East","Brampton-Est"," 127","Brampton",N,N,"",0,381,"Lacroix","","Kyle","Green Party","Parti Vert",N,N,1
35009,"Brampton East","Brampton-Est"," 128","Brampton",N,N,"",2,352,"Bajaj","","Naval","Conservative","Conservateur",N,N,26
35009,"Brampton East","Brampton-Est"," 128","Brampton",N,N,"",2,352,"Grewal","","Raj","Liberal","Libéral",N,Y,93
35009,"Brampton East","Brampton-Est"," 128","Brampton",N,N,"",2,352,"Kahlon","","Harbaljit Singh","NDP-New Democratic Party","NPD-Nouveau Parti démocratique",N,N,58
35009,"Brampton East","Brampton-Est"," 128","Brampton",N,N,"",2,352,"Lacroix","","Kyle","Green Party","Parti Vert",N,N,2
35009,"Brampton East","Brampton-Est"," 129","Brampton",N,N,"",1,414,"Bajaj","","Naval","Conservative","Conservateur",N,N,38
35009,"Brampton East","Brampton-Est"," 129","Brampton",N,N,"",1,414,"Grewal","","Raj","Liberal","Libéral",N,Y,116
35009,"Brampton East","Brampton-Est"," 129","Brampton",N,N,"",1,414,"Kahlon","","Harbaljit Singh","NDP-New Democratic Party","NPD-Nouveau Parti démocratique",N,N,40
35009,"Brampton East","Brampton-Est"," 129","Brampton",N,N,"",1,414,"Lacroix","","Kyle","Green Party","Parti Vert",N,N,2
35009,"Brampton East","Brampton-Est"," 130","Brampton",N,N,"",2,458,"Bajaj","","Naval","Conservative","Conservateur",N,N,62
35009,"Brampton East","Brampton-Est"," 130","Brampton",N,N,"",2,458,"Grewal","","Raj","Liberal","Libéral",N,Y,138
35009,"Brampton East","Brampton-Est"," 130","Brampton",N,N,"",2,458,"Kahlon","","Harbaljit Singh","NDP-New Democratic Party","NPD-Nouveau Parti démocratique",N,N,60
35009,"Brampton East","Brampton-Est"," 130","Brampton",N,N,"",2,458,"Lacroix","","Kyle","Green Party","Parti Vert",N,N,6
35009,"Brampton East","Brampton-Est"," 131","Brampton",N,N,"",1,320,"Bajaj","","Naval","Conservative","Conservateur",N,N,19
35009,"Brampton East","Brampton-Est"," 131","Brampton",N,N,"",1,320,"Grewal","","Raj","Liberal","Libéral",N,Y,95
35009,"Brampton East","Brampton-Est"," 131","Brampton",N,N,"",1,320,"Kahlon","","Harbaljit Singh","NDP-New Democratic Party","NPD-Nouveau Parti démocratique",N,N,33
35009,"Brampton East","Brampton-Est"," 131","Brampton",N,N,"",1,320,"Lacroix","","Kyle","Green Party","Parti Vert",N,N,3
35009,"Brampton East","Brampton-Est"," 132","Brampton",N,N,"",0,444,"Bajaj","","Naval","Conservative","Conservateur",N,N,48
35009,"Brampton East","Brampton-Est"," 132","Brampton",N,N,"",0,444,"Grewal","","Raj","Liberal","Libéral",N,Y,116
35009,"Brampton East","Brampton-Est"," 132","Brampton",N,N,"",0,444,"Kahlon","","Harbaljit Singh","NDP-New Democratic Party","NPD-Nouveau Parti démocratique",N,N,44
35009,"Brampton East","Brampton-Est"," 132","Brampton",N,N,"",0,444,"Lacroix","","Kyle","Green Party","Parti Vert",N,N,2
35009,"Brampton East","Brampton-Est"," 133","Brampton",N,N,"",0,559,"Bajaj","","Naval","Conservative","Conservateur",N,N,36
35009,"Brampton East","Brampton-Est"," 133","Brampton",N,N,"",0,559,"Grewal","","Raj","Liberal","Libéral",N,Y,131
35009,"Brampton East","Brampton-Est"," 133","Brampton",N,N,"",0,559,"Kahlon","","Harbaljit Singh","NDP-New Democratic Party","NPD-Nouveau Parti démocratique",N,N,41
35009,"Brampton East","Brampton-Est"," 133","Brampton",N,N,"",0,559,"Lacroix","","Kyle","Green Party","Parti Vert",N,N,1
35009,"Brampton East","Brampton-Est"," 134","Brampton",N,N,"",0,495,"Bajaj","","Naval","Conservative","Conservateur",N,N,38
35009,"Brampton East","Brampton-Est"," 134","Brampton",N,N,"",0,495,"Grewal","","Raj","Liberal","Libéral",N,Y,108
35009,"Brampton East","Brampton-Est"," 134","Brampton",N,N,"",0,495,"Kahlon","","Harbaljit Singh","NDP-New Democratic Party","NPD-Nouveau Parti démocratique",N,N,33
35009,"Brampton East","Brampton-Est"," 134","Brampton",N,N,"",0,495,"Lacroix","","Kyle","Green Party","Parti Vert",N,N,4
35009,"Brampton East","Brampton-Est"," 135A","Brampton",N,N,"",0,227,"Bajaj","","Naval","Conservative","Conservateur",N,N,13
35009,"Brampton East","Brampton-Est"," 135A","Brampton",N,N,"",0,227,"Grewal","","Raj","Liberal","Libéral",N,Y,47
35009,"Brampton East","Brampton-Est"," 135A","Brampton",N,N,"",0,227,"Kahlon","","Harbaljit Singh","NDP-New Democratic Party","NPD-Nouveau Parti démocratique",N,N,18
35009,"Brampton East","Brampton-Est"," 135A","Brampton",N,N,"",0,227,"Lacroix","","Kyle","Green Party","Parti Vert",N,N,2
35009,"Brampton East","Brampton-Est"," 135B","Brampton",N,N,"",3,280,"Bajaj","","Naval","Conservative","Conservateur",N,N,27
35009,"Brampton East","Brampton-Est"," 135B","Brampton",N,N,"",3,280,"Grewal","","Raj","Liberal","Libéral",N,Y,59
35009,"Brampton East","Brampton-Est"," 135B","Brampton",N,N,"",3,280,"Kahlon","","Harbaljit Singh","NDP-New Democratic Party","NPD-Nouveau Parti démocratique",N,N,24
35009,"Brampton East","Brampton-Est"," 135B","Brampton",N,N,"",3,280,"Lacroix","","Kyle","Green Party","Parti Vert",N,N,1
35009,"Brampton East","Brampton-Est"," 136","Brampton",N,N,"",2,483,"Bajaj","","Naval","Conservative","Conservateur",N,N,30
35009,"Brampton East","Brampton-Est"," 136","Brampton",N,N,"",2,483,"Grewal","","Raj","Liberal","Libéral",N,Y,90
35009,"Brampton East","Brampton-Est"," 136","Brampton",N,N,"",2,483,"Kahlon","","Harbaljit Singh","NDP-New Democratic Party","NPD-Nouveau Parti démocratique",N,N,30
35009,"Brampton East","Brampton-Est"," 136","Brampton",N,N,"",2,483,"Lacroix","","Kyle","Green Party","Parti Vert",N,N,1
35009,"Brampton East","Brampton-Est"," 137","Brampton",N,N,"",1,442,"Bajaj","","Naval","Conservative","Conservateur",N,N,45
35009,"Brampton East","Brampton-Est"," 137","Brampton",N,N,"",1,442,"Grewal","","Raj","Liberal","Libéral",N,Y,100
35009,"Brampton East","Brampton-Est"," 137","Brampton",N,N,"",1,442,"Kahlon","","Harbaljit Singh","NDP-New Democratic Party","NPD-Nouveau Parti démocratique",N,N,45
35009,"Brampton East","Brampton-Est"," 137","Brampton",N,N,"",1,442,"Lacroix","","Kyle","Green Party","Parti Vert",N,N,6
35009,"Brampton East","Brampton-Est"," 138","Brampton",N,N,"",1,445,"Bajaj","","Naval","Conservative","Conservateur",N,N,55
35009,"Brampton East","Brampton-Est"," 138","Brampton",N,N,"",1,445,"Grewal","","Raj","Liberal","Libéral",N,Y,126
35009,"Brampton East","Brampton-Est"," 138","Brampton",N,N,"",1,445,"Kahlon","","Harbaljit Singh","NDP-New Democratic Party","NPD-Nouveau Parti démocratique",N,N,46
35009,"Brampton East","Brampton-Est"," 138","Brampton",N,N,"",1,445,"Lacroix","","Kyle","Green Party","Parti Vert",N,N,3
35009,"Brampton East","Brampton-Est"," 139","Brampton",N,N,"",7,490,"Bajaj","","Naval","Conservative","Conservateur",N,N,24
35009,"Brampton East","Brampton-Est"," 139","Brampton",N,N,"",7,490,"Grewal","","Raj","Liberal","Libéral",N,Y,139
35009,"Brampton East","Brampton-Est"," 139","Brampton",N,N,"",7,490,"Kahlon","","Harbaljit Singh","NDP-New Democratic Party","NPD-Nouveau Parti démocratique",N,N,56
35009,"Brampton East","Brampton-Est"," 139","Brampton",N,N,"",7,490,"Lacroix","","Kyle","Green Party","Parti Vert",N,N,2
35009,"Brampton East","Brampton-Est"," 140","Brampton",N,N,"",0,303,"Bajaj","","Naval","Conservative","Conservateur",N,N,36
35009,"Brampton East","Brampton-Est"," 140","Brampton",N,N,"",0,303,"Grewal","","Raj","Liberal","Libéral",N,Y,79
35009,"Brampton East","Brampton-Est"," 140","Brampton",N,N,"",0,303,"Kahlon","","Harbaljit Singh","NDP-New Democratic Party","NPD-Nouveau Parti démocratique",N,N,24
35009,"Brampton East","Brampton-Est"," 140","Brampton",N,N,"",0,303,"Lacroix","","Kyle","Green Party","Parti Vert",N,N,2
35009,"Brampton East","Brampton-Est"," 141","Brampton",N,N,"",2,498,"Bajaj","","Naval","Conservative","Conservateur",N,N,43
35009,"Brampton East","Brampton-Est"," 141","Brampton",N,N,"",2,498,"Grewal","","Raj","Liberal","Libéral",N,Y,133
35009,"Brampton East","Brampton-Est"," 141","Brampton",N,N,"",2,498,"Kahlon","","Harbaljit Singh","NDP-New Democratic Party","NPD-Nouveau Parti démocratique",N,N,51
35009,"Brampton East","Brampton-Est"," 141","Brampton",N,N,"",2,498,"Lacroix","","Kyle","Green Party","Parti Vert",N,N,6
35009,"Brampton East","Brampton-Est"," 142","Brampton",N,N,"",0,476,"Bajaj","","Naval","Conservative","Conservateur",N,N,48
35009,"Brampton East","Brampton-Est"," 142","Brampton",N,N,"",0,476,"Grewal","","Raj","Liberal","Libéral",N,Y,97
35009,"Brampton East","Brampton-Est"," 142","Brampton",N,N,"",0,476,"Kahlon","","Harbaljit Singh","NDP-New Democratic Party","NPD-Nouveau Parti démocratique",N,N,46
35009,"Brampton East","Brampton-Est"," 142","Brampton",N,N,"",0,476,"Lacroix","","Kyle","Green Party","Parti Vert",N,N,1
35009,"Brampton East","Brampton-Est"," 143","Brampton",N,N,"",0,530,"Bajaj","","Naval","Conservative","Conservateur",N,N,52
35009,"Brampton East","Brampton-Est"," 143","Brampton",N,N,"",0,530,"Grewal","","Raj","Liberal","Libéral",N,Y,144
35009,"Brampton East","Brampton-Est"," 143","Brampton",N,N,"",0,530,"Kahlon","","Harbaljit Singh","NDP-New Democratic Party","NPD-Nouveau Parti démocratique",N,N,22
35009,"Brampton East","Brampton-Est"," 143","Brampton",N,N,"",0,530,"Lacroix","","Kyle","Green Party","Parti Vert",N,N,3
35009,"Brampton East","Brampton-Est"," 144A","Brampton",N,N,"",0,336,"Bajaj","","Naval","Conservative","Conservateur",N,N,70
35009,"Brampton East","Brampton-Est"," 144A","Brampton",N,N,"",0,336,"Grewal","","Raj","Liberal","Libéral",N,Y,123
35009,"Brampton East","Brampton-Est"," 144A","Brampton",N,N,"",0,336,"Kahlon","","Harbaljit Singh","NDP-New Democratic Party","NPD-Nouveau Parti démocratique",N,N,15
35009,"Brampton East","Brampton-Est"," 144A","Brampton",N,N,"",0,336,"Lacroix","","Kyle","Green Party","Parti Vert",N,N,8
35009,"Brampton East","Brampton-Est"," 144B","Brampton",N,N,"",1,303,"Bajaj","","Naval","Conservative","Conservateur",N,N,66
35009,"Brampton East","Brampton-Est"," 144B","Brampton",N,N,"",1,303,"Grewal","","Raj","Liberal","Libéral",N,Y,81
35009,"Brampton East","Brampton-Est"," 144B","Brampton",N,N,"",1,303,"Kahlon","","Harbaljit Singh","NDP-New Democratic Party","NPD-Nouveau Parti démocratique",N,N,27
35009,"Brampton East","Brampton-Est"," 144B","Brampton",N,N,"",1,303,"Lacroix","","Kyle","Green Party","Parti Vert",N,N,6
35009,"Brampton East","Brampton-Est"," 500","Mobile poll/Bureau itinérant",N,N,"",2,207,"Bajaj","","Naval","Conservative","Conservateur",N,N,20
35009,"Brampton East","Brampton-Est"," 500","Mobile poll/Bureau itinérant",N,N,"",2,207,"Grewal","","Raj","Liberal","Libéral",N,Y,64
35009,"Brampton East","Brampton-Est"," 500","Mobile poll/Bureau itinérant",N,N,"",2,207,"Kahlon","","Harbaljit Singh","NDP-New Democratic Party","NPD-Nouveau Parti démocratique",N,N,11
35009,"Brampton East","Brampton-Est"," 500","Mobile poll/Bureau itinérant",N,N,"",2,207,"Lacroix","","Kyle","Green Party","Parti Vert",N,N,4
35009,"Brampton East","Brampton-Est"," 600","Brampton",N,N,"",10,0,"Bajaj","","Naval","Conservative","Conservateur",N,N,497
35009,"Brampton East","Brampton-Est"," 600","Brampton",N,N,"",10,0,"Grewal","","Raj","Liberal","Libéral",N,Y,651
35009,"Brampton East","Brampton-Est"," 600","Brampton",N,N,"",10,0,"Kahlon","","Harbaljit Singh","NDP-New Democratic Party","NPD-Nouveau Parti démocratique",N,N,368
35009,"Brampton East","Brampton-Est"," 600","Brampton",N,N,"",10,0,"Lacroix","","Kyle","Green Party","Parti Vert",N,N,14
35009,"Brampton East","Brampton-Est"," 601","Brampton",N,N,"",4,0,"Bajaj","","Naval","Conservative","Conservateur",N,N,140
35009,"Brampton East","Brampton-Est"," 601","Brampton",N,N,"",4,0,"Grewal","","Raj","Liberal","Libéral",N,Y,464
35009,"Brampton East","Brampton-Est"," 601","Brampton",N,N,"",4,0,"Kahlon","","Harbaljit Singh","NDP-New Democratic Party","NPD-Nouveau Parti démocratique",N,N,233
35009,"Brampton East","Brampton-Est"," 601","Brampton",N,N,"",4,0,"Lacroix","","Kyle","Green Party","Parti Vert",N,N,7
35009,"Brampton East","Brampton-Est"," 602","Brampton",N,N,"",4,0,"Bajaj","","Naval","Conservative","Conservateur",N,N,144
35009,"Brampton East","Brampton-Est"," 602","Brampton",N,N,"",4,0,"Grewal","","Raj","Liberal","Libéral",N,Y,426
35009,"Brampton East","Brampton-Est"," 602","Brampton",N,N,"",4,0,"Kahlon","","Harbaljit Singh","NDP-New Democratic Party","NPD-Nouveau Parti démocratique",N,N,199
35009,"Brampton East","Brampton-Est"," 602","Brampton",N,N,"",4,0,"Lacroix","","Kyle","Green Party","Parti Vert",N,N,6
35009,"Brampton East","Brampton-Est"," 603","Brampton",N,N,"",7,0,"Bajaj","","Naval","Conservative","Conservateur",N,N,139
35009,"Brampton East","Brampton-Est"," 603","Brampton",N,N,"",7,0,"Grewal","","Raj","Liberal","Libéral",N,Y,315
35009,"Brampton East","Brampton-Est"," 603","Brampton",N,N,"",7,0,"Kahlon","","Harbaljit Singh","NDP-New Democratic Party","NPD-Nouveau Parti démocratique",N,N,242
35009,"Brampton East","Brampton-Est"," 603","Brampton",N,N,"",7,0,"Lacroix","","Kyle","Green Party","Parti Vert",N,N,2
35009,"Brampton East","Brampton-Est"," 604","Brampton",N,N,"",6,0,"Bajaj","","Naval","Conservative","Conservateur",N,N,113
35009,"Brampton East","Brampton-Est"," 604","Brampton",N,N,"",6,0,"Grewal","","Raj","Liberal","Libéral",N,Y,417
35009,"Brampton East","Brampton-Est"," 604","Brampton",N,N,"",6,0,"Kahlon","","Harbaljit Singh","NDP-New Democratic Party","NPD-Nouveau Parti démocratique",N,N,292
35009,"Brampton East","Brampton-Est"," 604","Brampton",N,N,"",6,0,"Lacroix","","Kyle","Green Party","Parti Vert",N,N,5
35009,"Brampton East","Brampton-Est"," 605","Brampton",N,N,"",7,0,"Bajaj","","Naval","Conservative","Conservateur",N,N,248
35009,"Brampton East","Brampton-Est"," 605","Brampton",N,N,"",7,0,"Grewal","","Raj","Liberal","Libéral",N,Y,417
35009,"Brampton East","Brampton-Est"," 605","Brampton",N,N,"",7,0,"Kahlon","","Harbaljit Singh","NDP-New Democratic Party","NPD-Nouveau Parti démocratique",N,N,314
35009,"Brampton East","Brampton-Est"," 605","Brampton",N,N,"",7,0,"Lacroix","","Kyle","Green Party","Parti Vert",N,N,9
35009,"Brampton East","Brampton-Est"," 606","Brampton",N,N,"",4,0,"Bajaj","","Naval","Conservative","Conservateur",N,N,210
35009,"Brampton East","Brampton-Est"," 606","Brampton",N,N,"",4,0,"Grewal","","Raj","Liberal","Libéral",N,Y,550
35009,"Brampton East","Brampton-Est"," 606","Brampton",N,N,"",4,0,"Kahlon","","Harbaljit Singh","NDP-New Democratic Party","NPD-Nouveau Parti démocratique",N,N,317
35009,"Brampton East","Brampton-Est"," 606","Brampton",N,N,"",4,0,"Lacroix","","Kyle","Green Party","Parti Vert",N,N,5
35009,"Brampton East","Brampton-Est"," 607","Brampton",N,N,"",15,0,"Bajaj","","Naval","Conservative","Conservateur",N,N,414
35009,"Brampton East","Brampton-Est"," 607","Brampton",N,N,"",15,0,"Grewal","","Raj","Liberal","Libéral",N,Y,635
35009,"Brampton East","Brampton-Est"," 607","Brampton",N,N,"",15,0,"Kahlon","","Harbaljit Singh","NDP-New Democratic Party","NPD-Nouveau Parti démocratique",N,N,509
35009,"Brampton East","Brampton-Est"," 607","Brampton",N,N,"",15,0,"Lacroix","","Kyle","Green Party","Parti Vert",N,N,5
35009,"Brampton East","Brampton-Est"," 608","Brampton",N,N,"",4,0,"Bajaj","","Naval","Conservative","Conservateur",N,N,414
35009,"Brampton East","Brampton-Est"," 608","Brampton",N,N,"",4,0,"Grewal","","Raj","Liberal","Libéral",N,Y,496
35009,"Brampton East","Brampton-Est"," 608","Brampton",N,N,"",4,0,"Kahlon","","Harbaljit Singh","NDP-New Democratic Party","NPD-Nouveau Parti démocratique",N,N,455
35009,"Brampton East","Brampton-Est"," 608","Brampton",N,N,"",4,0,"Lacroix","","Kyle","Green Party","Parti Vert",N,N,9
35009,"Brampton East","Brampton-Est"," 609","Brampton",N,N,"",10,0,"Bajaj","","Naval","Conservative","Conservateur",N,N,497
35009,"Brampton East","Brampton-Est"," 609","Brampton",N,N,"",10,0,"Grewal","","Raj","Liberal","Libéral",N,Y,651
35009,"Brampton East","Brampton-Est"," 609","Brampton",N,N,"",10,0,"Kahlon","","Harbaljit Singh","NDP-New Democratic Party","NPD-Nouveau Parti démocratique",N,N,368
35009,"Brampton East","Brampton-Est"," 609","Brampton",N,N,"",10,0,"Lacroix","","Kyle","Green Party","Parti Vert",N,N,14
35009,"Brampton East","Brampton-Est"," S/R 1","SVR Group 1/RÉS Groupe 1",N,N,"",5,45,"Bajaj","","Naval","Conservative","Conservateur",N,N,10
35009,"Brampton East","Brampton-Est"," S/R 1","SVR Group 1/RÉS Groupe 1",N,N,"",5,45,"Grewal","","Raj","Liberal","Libéral",N,Y,34
35009,"Brampton East","Brampton-Est"," S/R 1","SVR Group 1/RÉS Groupe 1",N,N,"",5,45,"Kahlon","","Harbaljit Singh","NDP-New Democratic Party","NPD-Nouveau Parti démocratique",N,N,5
35009,"Brampton East","Brampton-Est"," S/R 1","SVR Group 1/RÉS Groupe 1",N,N,"",5,45,"Lacroix","","Kyle","Green Party","Parti Vert",N,N,0
35009,"Brampton East","Brampton-Est"," S/R 2","SVR Group 2/RÉS Groupe 2",N,N,"",18,0,"Bajaj","","Naval","Conservative","Conservateur",N,N,434
35009,"Brampton East","Brampton-Est"," S/R 2","SVR Group 2/RÉS Groupe 2",N,N,"",18,0,"Grewal","","Raj","Liberal","Libéral",N,Y,919
35009,"Brampton East","Brampton-Est"," S/R 2","SVR Group 2/RÉS Groupe 2",N,N,"",18,0,"Kahlon","","Harbaljit Singh","NDP-New Democratic Party","NPD-Nouveau Parti démocratique",N,N,656
35009,"Brampton East","Brampton-Est"," S/R 2","SVR Group 2/RÉS Groupe 2",N,N,"",18,0,"Lacroix","","Kyle","Green Party","Parti Vert",N,N,18
