﻿Electoral District Number/Numéro de circonscription,Electoral District Name_English/Nom de circonscription_Anglais,Electoral District Name_French/Nom de circonscription_Français,Polling Station Number/Numéro du bureau de scrutin,Polling Station Name/Nom du bureau de scrutin,Void Poll Indicator/Indicateur de bureau supprimé,No Poll Held Indicator/Indicateur de bureau sans scrutin,Merge With/Fusionné avec,Rejected Ballots for Polling Station/Bulletins rejetés du bureau,Electors for Polling Station/Électeurs du bureau,Candidate’s Family Name/Nom de famille du candidat,Candidate’s Middle Name/Second prénom du candidat,Candidate’s First Name/Prénom du candidat,Political Affiliation Name_English/Appartenance politique_Anglais,Political Affiliation Name_French/Appartenance politique_Français,Incumbent Indicator/Indicateur_Candidat sortant,Elected Candidate Indicator/Indicateur du candidat élu,Candidate Poll Votes Count/Votes du candidat pour le bureau
11001,"Cardigan","Cardigan"," 1","North Lake",N,N,"",1,291,"Cann","","Billy","NDP-New Democratic Party","NPD-Nouveau Parti démocratique",N,N,22
11001,"Cardigan","Cardigan"," 1","North Lake",N,N,"",1,291,"Doyle","","Teresa","Green Party","Parti Vert",N,N,15
11001,"Cardigan","Cardigan"," 1","North Lake",N,N,"",1,291,"MacAulay","","Lawrence","Liberal","Libéral",Y,Y,109
11001,"Cardigan","Cardigan"," 1","North Lake",N,N,"",1,291,"Patkai","","Julius","Conservative","Conservateur",N,N,18
11001,"Cardigan","Cardigan"," 1","North Lake",N,N,"",1,291,"Squires","","Christene","Christian Heritage Party","Parti de l'Héritage Chrétien",N,N,6
11001,"Cardigan","Cardigan"," 2","Red Point",N,N,"",0,317,"Cann","","Billy","NDP-New Democratic Party","NPD-Nouveau Parti démocratique",N,N,19
11001,"Cardigan","Cardigan"," 2","Red Point",N,N,"",0,317,"Doyle","","Teresa","Green Party","Parti Vert",N,N,5
11001,"Cardigan","Cardigan"," 2","Red Point",N,N,"",0,317,"MacAulay","","Lawrence","Liberal","Libéral",Y,Y,127
11001,"Cardigan","Cardigan"," 2","Red Point",N,N,"",0,317,"Patkai","","Julius","Conservative","Conservateur",N,N,30
11001,"Cardigan","Cardigan"," 2","Red Point",N,N,"",0,317,"Squires","","Christene","Christian Heritage Party","Parti de l'Héritage Chrétien",N,N,8
11001,"Cardigan","Cardigan"," 3","New Zealand",N,N,"",0,285,"Cann","","Billy","NDP-New Democratic Party","NPD-Nouveau Parti démocratique",N,N,14
11001,"Cardigan","Cardigan"," 3","New Zealand",N,N,"",0,285,"Doyle","","Teresa","Green Party","Parti Vert",N,N,9
11001,"Cardigan","Cardigan"," 3","New Zealand",N,N,"",0,285,"MacAulay","","Lawrence","Liberal","Libéral",Y,Y,93
11001,"Cardigan","Cardigan"," 3","New Zealand",N,N,"",0,285,"Patkai","","Julius","Conservative","Conservateur",N,N,19
11001,"Cardigan","Cardigan"," 3","New Zealand",N,N,"",0,285,"Squires","","Christene","Christian Heritage Party","Parti de l'Héritage Chrétien",N,N,1
11001,"Cardigan","Cardigan"," 4","Chepstow",N,N,"",1,351,"Cann","","Billy","NDP-New Democratic Party","NPD-Nouveau Parti démocratique",N,N,20
11001,"Cardigan","Cardigan"," 4","Chepstow",N,N,"",1,351,"Doyle","","Teresa","Green Party","Parti Vert",N,N,6
11001,"Cardigan","Cardigan"," 4","Chepstow",N,N,"",1,351,"MacAulay","","Lawrence","Liberal","Libéral",Y,Y,113
11001,"Cardigan","Cardigan"," 4","Chepstow",N,N,"",1,351,"Patkai","","Julius","Conservative","Conservateur",N,N,49
11001,"Cardigan","Cardigan"," 4","Chepstow",N,N,"",1,351,"Squires","","Christene","Christian Heritage Party","Parti de l'Héritage Chrétien",N,N,3
11001,"Cardigan","Cardigan"," 5","Souris River",N,N,"",1,300,"Cann","","Billy","NDP-New Democratic Party","NPD-Nouveau Parti démocratique",N,N,21
11001,"Cardigan","Cardigan"," 5","Souris River",N,N,"",1,300,"Doyle","","Teresa","Green Party","Parti Vert",N,N,12
11001,"Cardigan","Cardigan"," 5","Souris River",N,N,"",1,300,"MacAulay","","Lawrence","Liberal","Libéral",Y,Y,105
11001,"Cardigan","Cardigan"," 5","Souris River",N,N,"",1,300,"Patkai","","Julius","Conservative","Conservateur",N,N,17
11001,"Cardigan","Cardigan"," 5","Souris River",N,N,"",1,300,"Squires","","Christene","Christian Heritage Party","Parti de l'Héritage Chrétien",N,N,3
11001,"Cardigan","Cardigan"," 6","Souris",N,N,"",0,265,"Cann","","Billy","NDP-New Democratic Party","NPD-Nouveau Parti démocratique",N,N,15
11001,"Cardigan","Cardigan"," 6","Souris",N,N,"",0,265,"Doyle","","Teresa","Green Party","Parti Vert",N,N,6
11001,"Cardigan","Cardigan"," 6","Souris",N,N,"",0,265,"MacAulay","","Lawrence","Liberal","Libéral",Y,Y,77
11001,"Cardigan","Cardigan"," 6","Souris",N,N,"",0,265,"Patkai","","Julius","Conservative","Conservateur",N,N,26
11001,"Cardigan","Cardigan"," 6","Souris",N,N,"",0,265,"Squires","","Christene","Christian Heritage Party","Parti de l'Héritage Chrétien",N,N,3
11001,"Cardigan","Cardigan"," 7","Souris East",N,N,"",1,304,"Cann","","Billy","NDP-New Democratic Party","NPD-Nouveau Parti démocratique",N,N,18
11001,"Cardigan","Cardigan"," 7","Souris East",N,N,"",1,304,"Doyle","","Teresa","Green Party","Parti Vert",N,N,6
11001,"Cardigan","Cardigan"," 7","Souris East",N,N,"",1,304,"MacAulay","","Lawrence","Liberal","Libéral",Y,Y,115
11001,"Cardigan","Cardigan"," 7","Souris East",N,N,"",1,304,"Patkai","","Julius","Conservative","Conservateur",N,N,26
11001,"Cardigan","Cardigan"," 7","Souris East",N,N,"",1,304,"Squires","","Christene","Christian Heritage Party","Parti de l'Héritage Chrétien",N,N,0
11001,"Cardigan","Cardigan"," 8","Souris West",N,N,"",0,318,"Cann","","Billy","NDP-New Democratic Party","NPD-Nouveau Parti démocratique",N,N,17
11001,"Cardigan","Cardigan"," 8","Souris West",N,N,"",0,318,"Doyle","","Teresa","Green Party","Parti Vert",N,N,4
11001,"Cardigan","Cardigan"," 8","Souris West",N,N,"",0,318,"MacAulay","","Lawrence","Liberal","Libéral",Y,Y,118
11001,"Cardigan","Cardigan"," 8","Souris West",N,N,"",0,318,"Patkai","","Julius","Conservative","Conservateur",N,N,15
11001,"Cardigan","Cardigan"," 8","Souris West",N,N,"",0,318,"Squires","","Christene","Christian Heritage Party","Parti de l'Héritage Chrétien",N,N,2
11001,"Cardigan","Cardigan"," 9","Fortune",N,N,"",0,345,"Cann","","Billy","NDP-New Democratic Party","NPD-Nouveau Parti démocratique",N,N,28
11001,"Cardigan","Cardigan"," 9","Fortune",N,N,"",0,345,"Doyle","","Teresa","Green Party","Parti Vert",N,N,15
11001,"Cardigan","Cardigan"," 9","Fortune",N,N,"",0,345,"MacAulay","","Lawrence","Liberal","Libéral",Y,Y,131
11001,"Cardigan","Cardigan"," 9","Fortune",N,N,"",0,345,"Patkai","","Julius","Conservative","Conservateur",N,N,40
11001,"Cardigan","Cardigan"," 9","Fortune",N,N,"",0,345,"Squires","","Christene","Christian Heritage Party","Parti de l'Héritage Chrétien",N,N,3
11001,"Cardigan","Cardigan"," 10","Saint-Charles",N,N,"",1,329,"Cann","","Billy","NDP-New Democratic Party","NPD-Nouveau Parti démocratique",N,N,26
11001,"Cardigan","Cardigan"," 10","Saint-Charles",N,N,"",1,329,"Doyle","","Teresa","Green Party","Parti Vert",N,N,7
11001,"Cardigan","Cardigan"," 10","Saint-Charles",N,N,"",1,329,"MacAulay","","Lawrence","Liberal","Libéral",Y,Y,124
11001,"Cardigan","Cardigan"," 10","Saint-Charles",N,N,"",1,329,"Patkai","","Julius","Conservative","Conservateur",N,N,11
11001,"Cardigan","Cardigan"," 10","Saint-Charles",N,N,"",1,329,"Squires","","Christene","Christian Heritage Party","Parti de l'Héritage Chrétien",N,N,3
11001,"Cardigan","Cardigan"," 11","Cable Head",N,N,"",2,413,"Cann","","Billy","NDP-New Democratic Party","NPD-Nouveau Parti démocratique",N,N,34
11001,"Cardigan","Cardigan"," 11","Cable Head",N,N,"",2,413,"Doyle","","Teresa","Green Party","Parti Vert",N,N,11
11001,"Cardigan","Cardigan"," 11","Cable Head",N,N,"",2,413,"MacAulay","","Lawrence","Liberal","Libéral",Y,Y,169
11001,"Cardigan","Cardigan"," 11","Cable Head",N,N,"",2,413,"Patkai","","Julius","Conservative","Conservateur",N,N,43
11001,"Cardigan","Cardigan"," 11","Cable Head",N,N,"",2,413,"Squires","","Christene","Christian Heritage Party","Parti de l'Héritage Chrétien",N,N,17
11001,"Cardigan","Cardigan"," 12","Five Houses",N,N,"",0,354,"Cann","","Billy","NDP-New Democratic Party","NPD-Nouveau Parti démocratique",N,N,16
11001,"Cardigan","Cardigan"," 12","Five Houses",N,N,"",0,354,"Doyle","","Teresa","Green Party","Parti Vert",N,N,8
11001,"Cardigan","Cardigan"," 12","Five Houses",N,N,"",0,354,"MacAulay","","Lawrence","Liberal","Libéral",Y,Y,149
11001,"Cardigan","Cardigan"," 12","Five Houses",N,N,"",0,354,"Patkai","","Julius","Conservative","Conservateur",N,N,38
11001,"Cardigan","Cardigan"," 12","Five Houses",N,N,"",0,354,"Squires","","Christene","Christian Heritage Party","Parti de l'Héritage Chrétien",N,N,4
11001,"Cardigan","Cardigan"," 13","Milburn",N,N,"",3,348,"Cann","","Billy","NDP-New Democratic Party","NPD-Nouveau Parti démocratique",N,N,19
11001,"Cardigan","Cardigan"," 13","Milburn",N,N,"",3,348,"Doyle","","Teresa","Green Party","Parti Vert",N,N,11
11001,"Cardigan","Cardigan"," 13","Milburn",N,N,"",3,348,"MacAulay","","Lawrence","Liberal","Libéral",Y,Y,118
11001,"Cardigan","Cardigan"," 13","Milburn",N,N,"",3,348,"Patkai","","Julius","Conservative","Conservateur",N,N,41
11001,"Cardigan","Cardigan"," 13","Milburn",N,N,"",3,348,"Squires","","Christene","Christian Heritage Party","Parti de l'Héritage Chrétien",N,N,3
11001,"Cardigan","Cardigan"," 14","Morell",N,N,"",0,349,"Cann","","Billy","NDP-New Democratic Party","NPD-Nouveau Parti démocratique",N,N,23
11001,"Cardigan","Cardigan"," 14","Morell",N,N,"",0,349,"Doyle","","Teresa","Green Party","Parti Vert",N,N,14
11001,"Cardigan","Cardigan"," 14","Morell",N,N,"",0,349,"MacAulay","","Lawrence","Liberal","Libéral",Y,Y,139
11001,"Cardigan","Cardigan"," 14","Morell",N,N,"",0,349,"Patkai","","Julius","Conservative","Conservateur",N,N,43
11001,"Cardigan","Cardigan"," 14","Morell",N,N,"",0,349,"Squires","","Christene","Christian Heritage Party","Parti de l'Héritage Chrétien",N,N,7
11001,"Cardigan","Cardigan"," 15","Green Meadows",N,N,"",2,347,"Cann","","Billy","NDP-New Democratic Party","NPD-Nouveau Parti démocratique",N,N,14
11001,"Cardigan","Cardigan"," 15","Green Meadows",N,N,"",2,347,"Doyle","","Teresa","Green Party","Parti Vert",N,N,10
11001,"Cardigan","Cardigan"," 15","Green Meadows",N,N,"",2,347,"MacAulay","","Lawrence","Liberal","Libéral",Y,Y,129
11001,"Cardigan","Cardigan"," 15","Green Meadows",N,N,"",2,347,"Patkai","","Julius","Conservative","Conservateur",N,N,46
11001,"Cardigan","Cardigan"," 15","Green Meadows",N,N,"",2,347,"Squires","","Christene","Christian Heritage Party","Parti de l'Héritage Chrétien",N,N,3
11001,"Cardigan","Cardigan"," 16","Savage Harbour",N,N,"",1,411,"Cann","","Billy","NDP-New Democratic Party","NPD-Nouveau Parti démocratique",N,N,14
11001,"Cardigan","Cardigan"," 16","Savage Harbour",N,N,"",1,411,"Doyle","","Teresa","Green Party","Parti Vert",N,N,12
11001,"Cardigan","Cardigan"," 16","Savage Harbour",N,N,"",1,411,"MacAulay","","Lawrence","Liberal","Libéral",Y,Y,143
11001,"Cardigan","Cardigan"," 16","Savage Harbour",N,N,"",1,411,"Patkai","","Julius","Conservative","Conservateur",N,N,22
11001,"Cardigan","Cardigan"," 16","Savage Harbour",N,N,"",1,411,"Squires","","Christene","Christian Heritage Party","Parti de l'Héritage Chrétien",N,N,2
11001,"Cardigan","Cardigan"," 17","Mount Stewart",N,N,"",2,416,"Cann","","Billy","NDP-New Democratic Party","NPD-Nouveau Parti démocratique",N,N,27
11001,"Cardigan","Cardigan"," 17","Mount Stewart",N,N,"",2,416,"Doyle","","Teresa","Green Party","Parti Vert",N,N,10
11001,"Cardigan","Cardigan"," 17","Mount Stewart",N,N,"",2,416,"MacAulay","","Lawrence","Liberal","Libéral",Y,Y,141
11001,"Cardigan","Cardigan"," 17","Mount Stewart",N,N,"",2,416,"Patkai","","Julius","Conservative","Conservateur",N,N,25
11001,"Cardigan","Cardigan"," 17","Mount Stewart",N,N,"",2,416,"Squires","","Christene","Christian Heritage Party","Parti de l'Héritage Chrétien",N,N,1
11001,"Cardigan","Cardigan"," 18","Tracadie Cross",N,N,"",2,426,"Cann","","Billy","NDP-New Democratic Party","NPD-Nouveau Parti démocratique",N,N,36
11001,"Cardigan","Cardigan"," 18","Tracadie Cross",N,N,"",2,426,"Doyle","","Teresa","Green Party","Parti Vert",N,N,14
11001,"Cardigan","Cardigan"," 18","Tracadie Cross",N,N,"",2,426,"MacAulay","","Lawrence","Liberal","Libéral",Y,Y,202
11001,"Cardigan","Cardigan"," 18","Tracadie Cross",N,N,"",2,426,"Patkai","","Julius","Conservative","Conservateur",N,N,23
11001,"Cardigan","Cardigan"," 18","Tracadie Cross",N,N,"",2,426,"Squires","","Christene","Christian Heritage Party","Parti de l'Héritage Chrétien",N,N,0
11001,"Cardigan","Cardigan"," 19","Grand Tracadie",N,N,"",3,488,"Cann","","Billy","NDP-New Democratic Party","NPD-Nouveau Parti démocratique",N,N,51
11001,"Cardigan","Cardigan"," 19","Grand Tracadie",N,N,"",3,488,"Doyle","","Teresa","Green Party","Parti Vert",N,N,21
11001,"Cardigan","Cardigan"," 19","Grand Tracadie",N,N,"",3,488,"MacAulay","","Lawrence","Liberal","Libéral",Y,Y,194
11001,"Cardigan","Cardigan"," 19","Grand Tracadie",N,N,"",3,488,"Patkai","","Julius","Conservative","Conservateur",N,N,41
11001,"Cardigan","Cardigan"," 19","Grand Tracadie",N,N,"",3,488,"Squires","","Christene","Christian Heritage Party","Parti de l'Héritage Chrétien",N,N,2
11001,"Cardigan","Cardigan"," 20","Bedford Station",N,N,"",1,416,"Cann","","Billy","NDP-New Democratic Party","NPD-Nouveau Parti démocratique",N,N,32
11001,"Cardigan","Cardigan"," 20","Bedford Station",N,N,"",1,416,"Doyle","","Teresa","Green Party","Parti Vert",N,N,13
11001,"Cardigan","Cardigan"," 20","Bedford Station",N,N,"",1,416,"MacAulay","","Lawrence","Liberal","Libéral",Y,Y,199
11001,"Cardigan","Cardigan"," 20","Bedford Station",N,N,"",1,416,"Patkai","","Julius","Conservative","Conservateur",N,N,38
11001,"Cardigan","Cardigan"," 20","Bedford Station",N,N,"",1,416,"Squires","","Christene","Christian Heritage Party","Parti de l'Héritage Chrétien",N,N,3
11001,"Cardigan","Cardigan"," 21","Johnstons River",N,N,"",3,399,"Cann","","Billy","NDP-New Democratic Party","NPD-Nouveau Parti démocratique",N,N,28
11001,"Cardigan","Cardigan"," 21","Johnstons River",N,N,"",3,399,"Doyle","","Teresa","Green Party","Parti Vert",N,N,21
11001,"Cardigan","Cardigan"," 21","Johnstons River",N,N,"",3,399,"MacAulay","","Lawrence","Liberal","Libéral",Y,Y,143
11001,"Cardigan","Cardigan"," 21","Johnstons River",N,N,"",3,399,"Patkai","","Julius","Conservative","Conservateur",N,N,29
11001,"Cardigan","Cardigan"," 21","Johnstons River",N,N,"",3,399,"Squires","","Christene","Christian Heritage Party","Parti de l'Héritage Chrétien",N,N,0
11001,"Cardigan","Cardigan"," 22","Fort Augustus",N,N,"",2,331,"Cann","","Billy","NDP-New Democratic Party","NPD-Nouveau Parti démocratique",N,N,10
11001,"Cardigan","Cardigan"," 22","Fort Augustus",N,N,"",2,331,"Doyle","","Teresa","Green Party","Parti Vert",N,N,11
11001,"Cardigan","Cardigan"," 22","Fort Augustus",N,N,"",2,331,"MacAulay","","Lawrence","Liberal","Libéral",Y,Y,126
11001,"Cardigan","Cardigan"," 22","Fort Augustus",N,N,"",2,331,"Patkai","","Julius","Conservative","Conservateur",N,N,45
11001,"Cardigan","Cardigan"," 22","Fort Augustus",N,N,"",2,331,"Squires","","Christene","Christian Heritage Party","Parti de l'Héritage Chrétien",N,N,1
11001,"Cardigan","Cardigan"," 23","Glenfinnan",N,N,"",0,381,"Cann","","Billy","NDP-New Democratic Party","NPD-Nouveau Parti démocratique",N,N,35
11001,"Cardigan","Cardigan"," 23","Glenfinnan",N,N,"",0,381,"Doyle","","Teresa","Green Party","Parti Vert",N,N,12
11001,"Cardigan","Cardigan"," 23","Glenfinnan",N,N,"",0,381,"MacAulay","","Lawrence","Liberal","Libéral",Y,Y,139
11001,"Cardigan","Cardigan"," 23","Glenfinnan",N,N,"",0,381,"Patkai","","Julius","Conservative","Conservateur",N,N,45
11001,"Cardigan","Cardigan"," 23","Glenfinnan",N,N,"",0,381,"Squires","","Christene","Christian Heritage Party","Parti de l'Héritage Chrétien",N,N,2
11001,"Cardigan","Cardigan"," 24","Peakes",N,N,"",0,373,"Cann","","Billy","NDP-New Democratic Party","NPD-Nouveau Parti démocratique",N,N,18
11001,"Cardigan","Cardigan"," 24","Peakes",N,N,"",0,373,"Doyle","","Teresa","Green Party","Parti Vert",N,N,17
11001,"Cardigan","Cardigan"," 24","Peakes",N,N,"",0,373,"MacAulay","","Lawrence","Liberal","Libéral",Y,Y,118
11001,"Cardigan","Cardigan"," 24","Peakes",N,N,"",0,373,"Patkai","","Julius","Conservative","Conservateur",N,N,35
11001,"Cardigan","Cardigan"," 24","Peakes",N,N,"",0,373,"Squires","","Christene","Christian Heritage Party","Parti de l'Héritage Chrétien",N,N,1
11001,"Cardigan","Cardigan"," 25","Glenfanning",N,N,"",0,320,"Cann","","Billy","NDP-New Democratic Party","NPD-Nouveau Parti démocratique",N,N,10
11001,"Cardigan","Cardigan"," 25","Glenfanning",N,N,"",0,320,"Doyle","","Teresa","Green Party","Parti Vert",N,N,10
11001,"Cardigan","Cardigan"," 25","Glenfanning",N,N,"",0,320,"MacAulay","","Lawrence","Liberal","Libéral",Y,Y,122
11001,"Cardigan","Cardigan"," 25","Glenfanning",N,N,"",0,320,"Patkai","","Julius","Conservative","Conservateur",N,N,33
11001,"Cardigan","Cardigan"," 25","Glenfanning",N,N,"",0,320,"Squires","","Christene","Christian Heritage Party","Parti de l'Héritage Chrétien",N,N,2
11001,"Cardigan","Cardigan"," 26","Launching",N,N,"",0,395,"Cann","","Billy","NDP-New Democratic Party","NPD-Nouveau Parti démocratique",N,N,31
11001,"Cardigan","Cardigan"," 26","Launching",N,N,"",0,395,"Doyle","","Teresa","Green Party","Parti Vert",N,N,25
11001,"Cardigan","Cardigan"," 26","Launching",N,N,"",0,395,"MacAulay","","Lawrence","Liberal","Libéral",Y,Y,139
11001,"Cardigan","Cardigan"," 26","Launching",N,N,"",0,395,"Patkai","","Julius","Conservative","Conservateur",N,N,46
11001,"Cardigan","Cardigan"," 26","Launching",N,N,"",0,395,"Squires","","Christene","Christian Heritage Party","Parti de l'Héritage Chrétien",N,N,3
11001,"Cardigan","Cardigan"," 27","New Perth",N,N,"",2,411,"Cann","","Billy","NDP-New Democratic Party","NPD-Nouveau Parti démocratique",N,N,21
11001,"Cardigan","Cardigan"," 27","New Perth",N,N,"",2,411,"Doyle","","Teresa","Green Party","Parti Vert",N,N,4
11001,"Cardigan","Cardigan"," 27","New Perth",N,N,"",2,411,"MacAulay","","Lawrence","Liberal","Libéral",Y,Y,116
11001,"Cardigan","Cardigan"," 27","New Perth",N,N,"",2,411,"Patkai","","Julius","Conservative","Conservateur",N,N,33
11001,"Cardigan","Cardigan"," 27","New Perth",N,N,"",2,411,"Squires","","Christene","Christian Heritage Party","Parti de l'Héritage Chrétien",N,N,2
11001,"Cardigan","Cardigan"," 28","Dundas",N,N,"",0,369,"Cann","","Billy","NDP-New Democratic Party","NPD-Nouveau Parti démocratique",N,N,17
11001,"Cardigan","Cardigan"," 28","Dundas",N,N,"",0,369,"Doyle","","Teresa","Green Party","Parti Vert",N,N,12
11001,"Cardigan","Cardigan"," 28","Dundas",N,N,"",0,369,"MacAulay","","Lawrence","Liberal","Libéral",Y,Y,154
11001,"Cardigan","Cardigan"," 28","Dundas",N,N,"",0,369,"Patkai","","Julius","Conservative","Conservateur",N,N,31
11001,"Cardigan","Cardigan"," 28","Dundas",N,N,"",0,369,"Squires","","Christene","Christian Heritage Party","Parti de l'Héritage Chrétien",N,N,0
11001,"Cardigan","Cardigan"," 29","Head of Cardigan",N,N,"",0,402,"Cann","","Billy","NDP-New Democratic Party","NPD-Nouveau Parti démocratique",N,N,18
11001,"Cardigan","Cardigan"," 29","Head of Cardigan",N,N,"",0,402,"Doyle","","Teresa","Green Party","Parti Vert",N,N,15
11001,"Cardigan","Cardigan"," 29","Head of Cardigan",N,N,"",0,402,"MacAulay","","Lawrence","Liberal","Libéral",Y,Y,162
11001,"Cardigan","Cardigan"," 29","Head of Cardigan",N,N,"",0,402,"Patkai","","Julius","Conservative","Conservateur",N,N,28
11001,"Cardigan","Cardigan"," 29","Head of Cardigan",N,N,"",0,402,"Squires","","Christene","Christian Heritage Party","Parti de l'Héritage Chrétien",N,N,4
11001,"Cardigan","Cardigan"," 30","Georgetown North",N,N,"",0,430,"Cann","","Billy","NDP-New Democratic Party","NPD-Nouveau Parti démocratique",N,N,16
11001,"Cardigan","Cardigan"," 30","Georgetown North",N,N,"",0,430,"Doyle","","Teresa","Green Party","Parti Vert",N,N,17
11001,"Cardigan","Cardigan"," 30","Georgetown North",N,N,"",0,430,"MacAulay","","Lawrence","Liberal","Libéral",Y,Y,152
11001,"Cardigan","Cardigan"," 30","Georgetown North",N,N,"",0,430,"Patkai","","Julius","Conservative","Conservateur",N,N,41
11001,"Cardigan","Cardigan"," 30","Georgetown North",N,N,"",0,430,"Squires","","Christene","Christian Heritage Party","Parti de l'Héritage Chrétien",N,N,3
11001,"Cardigan","Cardigan"," 31","Georgetown South",N,N,"",0,380,"Cann","","Billy","NDP-New Democratic Party","NPD-Nouveau Parti démocratique",N,N,28
11001,"Cardigan","Cardigan"," 31","Georgetown South",N,N,"",0,380,"Doyle","","Teresa","Green Party","Parti Vert",N,N,9
11001,"Cardigan","Cardigan"," 31","Georgetown South",N,N,"",0,380,"MacAulay","","Lawrence","Liberal","Libéral",Y,Y,158
11001,"Cardigan","Cardigan"," 31","Georgetown South",N,N,"",0,380,"Patkai","","Julius","Conservative","Conservateur",N,N,44
11001,"Cardigan","Cardigan"," 31","Georgetown South",N,N,"",0,380,"Squires","","Christene","Christian Heritage Party","Parti de l'Héritage Chrétien",N,N,11
11001,"Cardigan","Cardigan"," 32","Brudenell",N,N,"",0,392,"Cann","","Billy","NDP-New Democratic Party","NPD-Nouveau Parti démocratique",N,N,12
11001,"Cardigan","Cardigan"," 32","Brudenell",N,N,"",0,392,"Doyle","","Teresa","Green Party","Parti Vert",N,N,11
11001,"Cardigan","Cardigan"," 32","Brudenell",N,N,"",0,392,"MacAulay","","Lawrence","Liberal","Libéral",Y,Y,101
11001,"Cardigan","Cardigan"," 32","Brudenell",N,N,"",0,392,"Patkai","","Julius","Conservative","Conservateur",N,N,24
11001,"Cardigan","Cardigan"," 32","Brudenell",N,N,"",0,392,"Squires","","Christene","Christian Heritage Party","Parti de l'Héritage Chrétien",N,N,2
11001,"Cardigan","Cardigan"," 33","North Montague",N,N,"",0,389,"Cann","","Billy","NDP-New Democratic Party","NPD-Nouveau Parti démocratique",N,N,13
11001,"Cardigan","Cardigan"," 33","North Montague",N,N,"",0,389,"Doyle","","Teresa","Green Party","Parti Vert",N,N,7
11001,"Cardigan","Cardigan"," 33","North Montague",N,N,"",0,389,"MacAulay","","Lawrence","Liberal","Libéral",Y,Y,107
11001,"Cardigan","Cardigan"," 33","North Montague",N,N,"",0,389,"Patkai","","Julius","Conservative","Conservateur",N,N,24
11001,"Cardigan","Cardigan"," 33","North Montague",N,N,"",0,389,"Squires","","Christene","Christian Heritage Party","Parti de l'Héritage Chrétien",N,N,2
11001,"Cardigan","Cardigan"," 34","Central Montague",N,N,"",0,314,"Cann","","Billy","NDP-New Democratic Party","NPD-Nouveau Parti démocratique",N,N,15
11001,"Cardigan","Cardigan"," 34","Central Montague",N,N,"",0,314,"Doyle","","Teresa","Green Party","Parti Vert",N,N,8
11001,"Cardigan","Cardigan"," 34","Central Montague",N,N,"",0,314,"MacAulay","","Lawrence","Liberal","Libéral",Y,Y,73
11001,"Cardigan","Cardigan"," 34","Central Montague",N,N,"",0,314,"Patkai","","Julius","Conservative","Conservateur",N,N,12
11001,"Cardigan","Cardigan"," 34","Central Montague",N,N,"",0,314,"Squires","","Christene","Christian Heritage Party","Parti de l'Héritage Chrétien",N,N,1
11001,"Cardigan","Cardigan"," 35","Lower Montague",N,N,"",3,390,"Cann","","Billy","NDP-New Democratic Party","NPD-Nouveau Parti démocratique",N,N,19
11001,"Cardigan","Cardigan"," 35","Lower Montague",N,N,"",3,390,"Doyle","","Teresa","Green Party","Parti Vert",N,N,14
11001,"Cardigan","Cardigan"," 35","Lower Montague",N,N,"",3,390,"MacAulay","","Lawrence","Liberal","Libéral",Y,Y,136
11001,"Cardigan","Cardigan"," 35","Lower Montague",N,N,"",3,390,"Patkai","","Julius","Conservative","Conservateur",N,N,22
11001,"Cardigan","Cardigan"," 35","Lower Montague",N,N,"",3,390,"Squires","","Christene","Christian Heritage Party","Parti de l'Héritage Chrétien",N,N,0
11001,"Cardigan","Cardigan"," 36","Sturgeon",N,N,"",0,407,"Cann","","Billy","NDP-New Democratic Party","NPD-Nouveau Parti démocratique",N,N,31
11001,"Cardigan","Cardigan"," 36","Sturgeon",N,N,"",0,407,"Doyle","","Teresa","Green Party","Parti Vert",N,N,10
11001,"Cardigan","Cardigan"," 36","Sturgeon",N,N,"",0,407,"MacAulay","","Lawrence","Liberal","Libéral",Y,Y,164
11001,"Cardigan","Cardigan"," 36","Sturgeon",N,N,"",0,407,"Patkai","","Julius","Conservative","Conservateur",N,N,21
11001,"Cardigan","Cardigan"," 36","Sturgeon",N,N,"",0,407,"Squires","","Christene","Christian Heritage Party","Parti de l'Héritage Chrétien",N,N,0
11001,"Cardigan","Cardigan"," 37","Murray Harbour North",N,N,"",0,309,"Cann","","Billy","NDP-New Democratic Party","NPD-Nouveau Parti démocratique",N,N,19
11001,"Cardigan","Cardigan"," 37","Murray Harbour North",N,N,"",0,309,"Doyle","","Teresa","Green Party","Parti Vert",N,N,11
11001,"Cardigan","Cardigan"," 37","Murray Harbour North",N,N,"",0,309,"MacAulay","","Lawrence","Liberal","Libéral",Y,Y,147
11001,"Cardigan","Cardigan"," 37","Murray Harbour North",N,N,"",0,309,"Patkai","","Julius","Conservative","Conservateur",N,N,28
11001,"Cardigan","Cardigan"," 37","Murray Harbour North",N,N,"",0,309,"Squires","","Christene","Christian Heritage Party","Parti de l'Héritage Chrétien",N,N,3
11001,"Cardigan","Cardigan"," 38","Beach Point",N,N,"",0,354,"Cann","","Billy","NDP-New Democratic Party","NPD-Nouveau Parti démocratique",N,N,15
11001,"Cardigan","Cardigan"," 38","Beach Point",N,N,"",0,354,"Doyle","","Teresa","Green Party","Parti Vert",N,N,14
11001,"Cardigan","Cardigan"," 38","Beach Point",N,N,"",0,354,"MacAulay","","Lawrence","Liberal","Libéral",Y,Y,152
11001,"Cardigan","Cardigan"," 38","Beach Point",N,N,"",0,354,"Patkai","","Julius","Conservative","Conservateur",N,N,37
11001,"Cardigan","Cardigan"," 38","Beach Point",N,N,"",0,354,"Squires","","Christene","Christian Heritage Party","Parti de l'Héritage Chrétien",N,N,7
11001,"Cardigan","Cardigan"," 39","Murray River South",N,N,"",1,337,"Cann","","Billy","NDP-New Democratic Party","NPD-Nouveau Parti démocratique",N,N,17
11001,"Cardigan","Cardigan"," 39","Murray River South",N,N,"",1,337,"Doyle","","Teresa","Green Party","Parti Vert",N,N,12
11001,"Cardigan","Cardigan"," 39","Murray River South",N,N,"",1,337,"MacAulay","","Lawrence","Liberal","Libéral",Y,Y,116
11001,"Cardigan","Cardigan"," 39","Murray River South",N,N,"",1,337,"Patkai","","Julius","Conservative","Conservateur",N,N,35
11001,"Cardigan","Cardigan"," 39","Murray River South",N,N,"",1,337,"Squires","","Christene","Christian Heritage Party","Parti de l'Héritage Chrétien",N,N,5
11001,"Cardigan","Cardigan"," 40","Murray River North",N,N,"",0,325,"Cann","","Billy","NDP-New Democratic Party","NPD-Nouveau Parti démocratique",N,N,12
11001,"Cardigan","Cardigan"," 40","Murray River North",N,N,"",0,325,"Doyle","","Teresa","Green Party","Parti Vert",N,N,13
11001,"Cardigan","Cardigan"," 40","Murray River North",N,N,"",0,325,"MacAulay","","Lawrence","Liberal","Libéral",Y,Y,145
11001,"Cardigan","Cardigan"," 40","Murray River North",N,N,"",0,325,"Patkai","","Julius","Conservative","Conservateur",N,N,19
11001,"Cardigan","Cardigan"," 40","Murray River North",N,N,"",0,325,"Squires","","Christene","Christian Heritage Party","Parti de l'Héritage Chrétien",N,N,1
11001,"Cardigan","Cardigan"," 41","Abney",N,N,"",0,295,"Cann","","Billy","NDP-New Democratic Party","NPD-Nouveau Parti démocratique",N,N,19
11001,"Cardigan","Cardigan"," 41","Abney",N,N,"",0,295,"Doyle","","Teresa","Green Party","Parti Vert",N,N,10
11001,"Cardigan","Cardigan"," 41","Abney",N,N,"",0,295,"MacAulay","","Lawrence","Liberal","Libéral",Y,Y,120
11001,"Cardigan","Cardigan"," 41","Abney",N,N,"",0,295,"Patkai","","Julius","Conservative","Conservateur",N,N,26
11001,"Cardigan","Cardigan"," 41","Abney",N,N,"",0,295,"Squires","","Christene","Christian Heritage Party","Parti de l'Héritage Chrétien",N,N,12
11001,"Cardigan","Cardigan"," 42","Lewes",N,N,"",1,297,"Cann","","Billy","NDP-New Democratic Party","NPD-Nouveau Parti démocratique",N,N,5
11001,"Cardigan","Cardigan"," 42","Lewes",N,N,"",1,297,"Doyle","","Teresa","Green Party","Parti Vert",N,N,16
11001,"Cardigan","Cardigan"," 42","Lewes",N,N,"",1,297,"MacAulay","","Lawrence","Liberal","Libéral",Y,Y,88
11001,"Cardigan","Cardigan"," 42","Lewes",N,N,"",1,297,"Patkai","","Julius","Conservative","Conservateur",N,N,24
11001,"Cardigan","Cardigan"," 42","Lewes",N,N,"",1,297,"Squires","","Christene","Christian Heritage Party","Parti de l'Héritage Chrétien",N,N,0
11001,"Cardigan","Cardigan"," 43","South Montague",N,N,"",1,409,"Cann","","Billy","NDP-New Democratic Party","NPD-Nouveau Parti démocratique",N,N,18
11001,"Cardigan","Cardigan"," 43","South Montague",N,N,"",1,409,"Doyle","","Teresa","Green Party","Parti Vert",N,N,8
11001,"Cardigan","Cardigan"," 43","South Montague",N,N,"",1,409,"MacAulay","","Lawrence","Liberal","Libéral",Y,Y,112
11001,"Cardigan","Cardigan"," 43","South Montague",N,N,"",1,409,"Patkai","","Julius","Conservative","Conservateur",N,N,19
11001,"Cardigan","Cardigan"," 43","South Montague",N,N,"",1,409,"Squires","","Christene","Christian Heritage Party","Parti de l'Héritage Chrétien",N,N,3
11001,"Cardigan","Cardigan"," 44","West Montague",N,N,"",0,361,"Cann","","Billy","NDP-New Democratic Party","NPD-Nouveau Parti démocratique",N,N,13
11001,"Cardigan","Cardigan"," 44","West Montague",N,N,"",0,361,"Doyle","","Teresa","Green Party","Parti Vert",N,N,6
11001,"Cardigan","Cardigan"," 44","West Montague",N,N,"",0,361,"MacAulay","","Lawrence","Liberal","Libéral",Y,Y,90
11001,"Cardigan","Cardigan"," 44","West Montague",N,N,"",0,361,"Patkai","","Julius","Conservative","Conservateur",N,N,20
11001,"Cardigan","Cardigan"," 44","West Montague",N,N,"",0,361,"Squires","","Christene","Christian Heritage Party","Parti de l'Héritage Chrétien",N,N,1
11001,"Cardigan","Cardigan"," 45","Victoria Cross",N,N,"",0,414,"Cann","","Billy","NDP-New Democratic Party","NPD-Nouveau Parti démocratique",N,N,13
11001,"Cardigan","Cardigan"," 45","Victoria Cross",N,N,"",0,414,"Doyle","","Teresa","Green Party","Parti Vert",N,N,14
11001,"Cardigan","Cardigan"," 45","Victoria Cross",N,N,"",0,414,"MacAulay","","Lawrence","Liberal","Libéral",Y,Y,119
11001,"Cardigan","Cardigan"," 45","Victoria Cross",N,N,"",0,414,"Patkai","","Julius","Conservative","Conservateur",N,N,26
11001,"Cardigan","Cardigan"," 45","Victoria Cross",N,N,"",0,414,"Squires","","Christene","Christian Heritage Party","Parti de l'Héritage Chrétien",N,N,0
11001,"Cardigan","Cardigan"," 46","Valleyfield",N,N,"",0,369,"Cann","","Billy","NDP-New Democratic Party","NPD-Nouveau Parti démocratique",N,N,23
11001,"Cardigan","Cardigan"," 46","Valleyfield",N,N,"",0,369,"Doyle","","Teresa","Green Party","Parti Vert",N,N,5
11001,"Cardigan","Cardigan"," 46","Valleyfield",N,N,"",0,369,"MacAulay","","Lawrence","Liberal","Libéral",Y,Y,107
11001,"Cardigan","Cardigan"," 46","Valleyfield",N,N,"",0,369,"Patkai","","Julius","Conservative","Conservateur",N,N,35
11001,"Cardigan","Cardigan"," 46","Valleyfield",N,N,"",0,369,"Squires","","Christene","Christian Heritage Party","Parti de l'Héritage Chrétien",N,N,5
11001,"Cardigan","Cardigan"," 47","Hermitage",N,N,"",3,387,"Cann","","Billy","NDP-New Democratic Party","NPD-Nouveau Parti démocratique",N,N,29
11001,"Cardigan","Cardigan"," 47","Hermitage",N,N,"",3,387,"Doyle","","Teresa","Green Party","Parti Vert",N,N,20
11001,"Cardigan","Cardigan"," 47","Hermitage",N,N,"",3,387,"MacAulay","","Lawrence","Liberal","Libéral",Y,Y,158
11001,"Cardigan","Cardigan"," 47","Hermitage",N,N,"",3,387,"Patkai","","Julius","Conservative","Conservateur",N,N,48
11001,"Cardigan","Cardigan"," 47","Hermitage",N,N,"",3,387,"Squires","","Christene","Christian Heritage Party","Parti de l'Héritage Chrétien",N,N,2
11001,"Cardigan","Cardigan"," 48","Millview",N,N,"",0,319,"Cann","","Billy","NDP-New Democratic Party","NPD-Nouveau Parti démocratique",N,N,17
11001,"Cardigan","Cardigan"," 48","Millview",N,N,"",0,319,"Doyle","","Teresa","Green Party","Parti Vert",N,N,7
11001,"Cardigan","Cardigan"," 48","Millview",N,N,"",0,319,"MacAulay","","Lawrence","Liberal","Libéral",Y,Y,165
11001,"Cardigan","Cardigan"," 48","Millview",N,N,"",0,319,"Patkai","","Julius","Conservative","Conservateur",N,N,20
11001,"Cardigan","Cardigan"," 48","Millview",N,N,"",0,319,"Squires","","Christene","Christian Heritage Party","Parti de l'Héritage Chrétien",N,N,10
11001,"Cardigan","Cardigan"," 49","Hazelbrook",N,N,"",1,389,"Cann","","Billy","NDP-New Democratic Party","NPD-Nouveau Parti démocratique",N,N,19
11001,"Cardigan","Cardigan"," 49","Hazelbrook",N,N,"",1,389,"Doyle","","Teresa","Green Party","Parti Vert",N,N,14
11001,"Cardigan","Cardigan"," 49","Hazelbrook",N,N,"",1,389,"MacAulay","","Lawrence","Liberal","Libéral",Y,Y,132
11001,"Cardigan","Cardigan"," 49","Hazelbrook",N,N,"",1,389,"Patkai","","Julius","Conservative","Conservateur",N,N,27
11001,"Cardigan","Cardigan"," 49","Hazelbrook",N,N,"",1,389,"Squires","","Christene","Christian Heritage Party","Parti de l'Héritage Chrétien",N,N,2
11001,"Cardigan","Cardigan"," 50A","Mount Herbert",N,N,"",0,284,"Cann","","Billy","NDP-New Democratic Party","NPD-Nouveau Parti démocratique",N,N,14
11001,"Cardigan","Cardigan"," 50A","Mount Herbert",N,N,"",0,284,"Doyle","","Teresa","Green Party","Parti Vert",N,N,15
11001,"Cardigan","Cardigan"," 50A","Mount Herbert",N,N,"",0,284,"MacAulay","","Lawrence","Liberal","Libéral",Y,Y,109
11001,"Cardigan","Cardigan"," 50A","Mount Herbert",N,N,"",0,284,"Patkai","","Julius","Conservative","Conservateur",N,N,24
11001,"Cardigan","Cardigan"," 50A","Mount Herbert",N,N,"",0,284,"Squires","","Christene","Christian Heritage Party","Parti de l'Héritage Chrétien",N,N,1
11001,"Cardigan","Cardigan"," 50B","Mount Herbert",N,N,"",1,335,"Cann","","Billy","NDP-New Democratic Party","NPD-Nouveau Parti démocratique",N,N,11
11001,"Cardigan","Cardigan"," 50B","Mount Herbert",N,N,"",1,335,"Doyle","","Teresa","Green Party","Parti Vert",N,N,10
11001,"Cardigan","Cardigan"," 50B","Mount Herbert",N,N,"",1,335,"MacAulay","","Lawrence","Liberal","Libéral",Y,Y,119
11001,"Cardigan","Cardigan"," 50B","Mount Herbert",N,N,"",1,335,"Patkai","","Julius","Conservative","Conservateur",N,N,28
11001,"Cardigan","Cardigan"," 50B","Mount Herbert",N,N,"",1,335,"Squires","","Christene","Christian Heritage Party","Parti de l'Héritage Chrétien",N,N,0
11001,"Cardigan","Cardigan"," 51","Stratford",N,N,"",0,359,"Cann","","Billy","NDP-New Democratic Party","NPD-Nouveau Parti démocratique",N,N,31
11001,"Cardigan","Cardigan"," 51","Stratford",N,N,"",0,359,"Doyle","","Teresa","Green Party","Parti Vert",N,N,12
11001,"Cardigan","Cardigan"," 51","Stratford",N,N,"",0,359,"MacAulay","","Lawrence","Liberal","Libéral",Y,Y,101
11001,"Cardigan","Cardigan"," 51","Stratford",N,N,"",0,359,"Patkai","","Julius","Conservative","Conservateur",N,N,15
11001,"Cardigan","Cardigan"," 51","Stratford",N,N,"",0,359,"Squires","","Christene","Christian Heritage Party","Parti de l'Héritage Chrétien",N,N,0
11001,"Cardigan","Cardigan"," 52","Stratford",N,N,"",1,498,"Cann","","Billy","NDP-New Democratic Party","NPD-Nouveau Parti démocratique",N,N,37
11001,"Cardigan","Cardigan"," 52","Stratford",N,N,"",1,498,"Doyle","","Teresa","Green Party","Parti Vert",N,N,19
11001,"Cardigan","Cardigan"," 52","Stratford",N,N,"",1,498,"MacAulay","","Lawrence","Liberal","Libéral",Y,Y,168
11001,"Cardigan","Cardigan"," 52","Stratford",N,N,"",1,498,"Patkai","","Julius","Conservative","Conservateur",N,N,38
11001,"Cardigan","Cardigan"," 52","Stratford",N,N,"",1,498,"Squires","","Christene","Christian Heritage Party","Parti de l'Héritage Chrétien",N,N,1
11001,"Cardigan","Cardigan"," 53","Stratford",N,N,"",1,368,"Cann","","Billy","NDP-New Democratic Party","NPD-Nouveau Parti démocratique",N,N,19
11001,"Cardigan","Cardigan"," 53","Stratford",N,N,"",1,368,"Doyle","","Teresa","Green Party","Parti Vert",N,N,15
11001,"Cardigan","Cardigan"," 53","Stratford",N,N,"",1,368,"MacAulay","","Lawrence","Liberal","Libéral",Y,Y,113
11001,"Cardigan","Cardigan"," 53","Stratford",N,N,"",1,368,"Patkai","","Julius","Conservative","Conservateur",N,N,20
11001,"Cardigan","Cardigan"," 53","Stratford",N,N,"",1,368,"Squires","","Christene","Christian Heritage Party","Parti de l'Héritage Chrétien",N,N,1
11001,"Cardigan","Cardigan"," 54A","Stratford",N,N,"",1,474,"Cann","","Billy","NDP-New Democratic Party","NPD-Nouveau Parti démocratique",N,N,31
11001,"Cardigan","Cardigan"," 54A","Stratford",N,N,"",1,474,"Doyle","","Teresa","Green Party","Parti Vert",N,N,13
11001,"Cardigan","Cardigan"," 54A","Stratford",N,N,"",1,474,"MacAulay","","Lawrence","Liberal","Libéral",Y,Y,135
11001,"Cardigan","Cardigan"," 54A","Stratford",N,N,"",1,474,"Patkai","","Julius","Conservative","Conservateur",N,N,30
11001,"Cardigan","Cardigan"," 54A","Stratford",N,N,"",1,474,"Squires","","Christene","Christian Heritage Party","Parti de l'Héritage Chrétien",N,N,3
11001,"Cardigan","Cardigan"," 54B","Stratford",N,N,"",0,469,"Cann","","Billy","NDP-New Democratic Party","NPD-Nouveau Parti démocratique",N,N,35
11001,"Cardigan","Cardigan"," 54B","Stratford",N,N,"",0,469,"Doyle","","Teresa","Green Party","Parti Vert",N,N,14
11001,"Cardigan","Cardigan"," 54B","Stratford",N,N,"",0,469,"MacAulay","","Lawrence","Liberal","Libéral",Y,Y,162
11001,"Cardigan","Cardigan"," 54B","Stratford",N,N,"",0,469,"Patkai","","Julius","Conservative","Conservateur",N,N,20
11001,"Cardigan","Cardigan"," 54B","Stratford",N,N,"",0,469,"Squires","","Christene","Christian Heritage Party","Parti de l'Héritage Chrétien",N,N,0
11001,"Cardigan","Cardigan"," 55","Stratford",N,N,"",0,413,"Cann","","Billy","NDP-New Democratic Party","NPD-Nouveau Parti démocratique",N,N,27
11001,"Cardigan","Cardigan"," 55","Stratford",N,N,"",0,413,"Doyle","","Teresa","Green Party","Parti Vert",N,N,18
11001,"Cardigan","Cardigan"," 55","Stratford",N,N,"",0,413,"MacAulay","","Lawrence","Liberal","Libéral",Y,Y,115
11001,"Cardigan","Cardigan"," 55","Stratford",N,N,"",0,413,"Patkai","","Julius","Conservative","Conservateur",N,N,34
11001,"Cardigan","Cardigan"," 55","Stratford",N,N,"",0,413,"Squires","","Christene","Christian Heritage Party","Parti de l'Héritage Chrétien",N,N,3
11001,"Cardigan","Cardigan"," 56A","Stratford",N,N,"",0,295,"Cann","","Billy","NDP-New Democratic Party","NPD-Nouveau Parti démocratique",N,N,25
11001,"Cardigan","Cardigan"," 56A","Stratford",N,N,"",0,295,"Doyle","","Teresa","Green Party","Parti Vert",N,N,18
11001,"Cardigan","Cardigan"," 56A","Stratford",N,N,"",0,295,"MacAulay","","Lawrence","Liberal","Libéral",Y,Y,82
11001,"Cardigan","Cardigan"," 56A","Stratford",N,N,"",0,295,"Patkai","","Julius","Conservative","Conservateur",N,N,33
11001,"Cardigan","Cardigan"," 56A","Stratford",N,N,"",0,295,"Squires","","Christene","Christian Heritage Party","Parti de l'Héritage Chrétien",N,N,1
11001,"Cardigan","Cardigan"," 56B","Stratford",N,N,"",0,324,"Cann","","Billy","NDP-New Democratic Party","NPD-Nouveau Parti démocratique",N,N,17
11001,"Cardigan","Cardigan"," 56B","Stratford",N,N,"",0,324,"Doyle","","Teresa","Green Party","Parti Vert",N,N,18
11001,"Cardigan","Cardigan"," 56B","Stratford",N,N,"",0,324,"MacAulay","","Lawrence","Liberal","Libéral",Y,Y,95
11001,"Cardigan","Cardigan"," 56B","Stratford",N,N,"",0,324,"Patkai","","Julius","Conservative","Conservateur",N,N,29
11001,"Cardigan","Cardigan"," 56B","Stratford",N,N,"",0,324,"Squires","","Christene","Christian Heritage Party","Parti de l'Héritage Chrétien",N,N,1
11001,"Cardigan","Cardigan"," 57","Stratford",N,N,"",1,485,"Cann","","Billy","NDP-New Democratic Party","NPD-Nouveau Parti démocratique",N,N,35
11001,"Cardigan","Cardigan"," 57","Stratford",N,N,"",1,485,"Doyle","","Teresa","Green Party","Parti Vert",N,N,15
11001,"Cardigan","Cardigan"," 57","Stratford",N,N,"",1,485,"MacAulay","","Lawrence","Liberal","Libéral",Y,Y,169
11001,"Cardigan","Cardigan"," 57","Stratford",N,N,"",1,485,"Patkai","","Julius","Conservative","Conservateur",N,N,44
11001,"Cardigan","Cardigan"," 57","Stratford",N,N,"",1,485,"Squires","","Christene","Christian Heritage Party","Parti de l'Héritage Chrétien",N,N,3
11001,"Cardigan","Cardigan"," 58A","Stratford",N,N,"",1,290,"Cann","","Billy","NDP-New Democratic Party","NPD-Nouveau Parti démocratique",N,N,16
11001,"Cardigan","Cardigan"," 58A","Stratford",N,N,"",1,290,"Doyle","","Teresa","Green Party","Parti Vert",N,N,10
11001,"Cardigan","Cardigan"," 58A","Stratford",N,N,"",1,290,"MacAulay","","Lawrence","Liberal","Libéral",Y,Y,91
11001,"Cardigan","Cardigan"," 58A","Stratford",N,N,"",1,290,"Patkai","","Julius","Conservative","Conservateur",N,N,28
11001,"Cardigan","Cardigan"," 58A","Stratford",N,N,"",1,290,"Squires","","Christene","Christian Heritage Party","Parti de l'Héritage Chrétien",N,N,0
11001,"Cardigan","Cardigan"," 58B","Stratford",N,N,"",0,295,"Cann","","Billy","NDP-New Democratic Party","NPD-Nouveau Parti démocratique",N,N,23
11001,"Cardigan","Cardigan"," 58B","Stratford",N,N,"",0,295,"Doyle","","Teresa","Green Party","Parti Vert",N,N,15
11001,"Cardigan","Cardigan"," 58B","Stratford",N,N,"",0,295,"MacAulay","","Lawrence","Liberal","Libéral",Y,Y,90
11001,"Cardigan","Cardigan"," 58B","Stratford",N,N,"",0,295,"Patkai","","Julius","Conservative","Conservateur",N,N,21
11001,"Cardigan","Cardigan"," 58B","Stratford",N,N,"",0,295,"Squires","","Christene","Christian Heritage Party","Parti de l'Héritage Chrétien",N,N,1
11001,"Cardigan","Cardigan"," 59","Stratford",N,N,"",0,261,"Cann","","Billy","NDP-New Democratic Party","NPD-Nouveau Parti démocratique",N,N,14
11001,"Cardigan","Cardigan"," 59","Stratford",N,N,"",0,261,"Doyle","","Teresa","Green Party","Parti Vert",N,N,10
11001,"Cardigan","Cardigan"," 59","Stratford",N,N,"",0,261,"MacAulay","","Lawrence","Liberal","Libéral",Y,Y,71
11001,"Cardigan","Cardigan"," 59","Stratford",N,N,"",0,261,"Patkai","","Julius","Conservative","Conservateur",N,N,22
11001,"Cardigan","Cardigan"," 59","Stratford",N,N,"",0,261,"Squires","","Christene","Christian Heritage Party","Parti de l'Héritage Chrétien",N,N,1
11001,"Cardigan","Cardigan"," 60","Stratford",N,N,"",0,366,"Cann","","Billy","NDP-New Democratic Party","NPD-Nouveau Parti démocratique",N,N,29
11001,"Cardigan","Cardigan"," 60","Stratford",N,N,"",0,366,"Doyle","","Teresa","Green Party","Parti Vert",N,N,16
11001,"Cardigan","Cardigan"," 60","Stratford",N,N,"",0,366,"MacAulay","","Lawrence","Liberal","Libéral",Y,Y,133
11001,"Cardigan","Cardigan"," 60","Stratford",N,N,"",0,366,"Patkai","","Julius","Conservative","Conservateur",N,N,20
11001,"Cardigan","Cardigan"," 60","Stratford",N,N,"",0,366,"Squires","","Christene","Christian Heritage Party","Parti de l'Héritage Chrétien",N,N,2
11001,"Cardigan","Cardigan"," 61","Stratford",N,N,"",1,341,"Cann","","Billy","NDP-New Democratic Party","NPD-Nouveau Parti démocratique",N,N,15
11001,"Cardigan","Cardigan"," 61","Stratford",N,N,"",1,341,"Doyle","","Teresa","Green Party","Parti Vert",N,N,11
11001,"Cardigan","Cardigan"," 61","Stratford",N,N,"",1,341,"MacAulay","","Lawrence","Liberal","Libéral",Y,Y,102
11001,"Cardigan","Cardigan"," 61","Stratford",N,N,"",1,341,"Patkai","","Julius","Conservative","Conservateur",N,N,36
11001,"Cardigan","Cardigan"," 61","Stratford",N,N,"",1,341,"Squires","","Christene","Christian Heritage Party","Parti de l'Héritage Chrétien",N,N,3
11001,"Cardigan","Cardigan"," 62","Stratford",N,N,"",0,481,"Cann","","Billy","NDP-New Democratic Party","NPD-Nouveau Parti démocratique",N,N,28
11001,"Cardigan","Cardigan"," 62","Stratford",N,N,"",0,481,"Doyle","","Teresa","Green Party","Parti Vert",N,N,17
11001,"Cardigan","Cardigan"," 62","Stratford",N,N,"",0,481,"MacAulay","","Lawrence","Liberal","Libéral",Y,Y,156
11001,"Cardigan","Cardigan"," 62","Stratford",N,N,"",0,481,"Patkai","","Julius","Conservative","Conservateur",N,N,54
11001,"Cardigan","Cardigan"," 62","Stratford",N,N,"",0,481,"Squires","","Christene","Christian Heritage Party","Parti de l'Héritage Chrétien",N,N,4
11001,"Cardigan","Cardigan"," 63A","Stratford",N,N,"",0,370,"Cann","","Billy","NDP-New Democratic Party","NPD-Nouveau Parti démocratique",N,N,21
11001,"Cardigan","Cardigan"," 63A","Stratford",N,N,"",0,370,"Doyle","","Teresa","Green Party","Parti Vert",N,N,18
11001,"Cardigan","Cardigan"," 63A","Stratford",N,N,"",0,370,"MacAulay","","Lawrence","Liberal","Libéral",Y,Y,128
11001,"Cardigan","Cardigan"," 63A","Stratford",N,N,"",0,370,"Patkai","","Julius","Conservative","Conservateur",N,N,41
11001,"Cardigan","Cardigan"," 63A","Stratford",N,N,"",0,370,"Squires","","Christene","Christian Heritage Party","Parti de l'Héritage Chrétien",N,N,1
11001,"Cardigan","Cardigan"," 63B","Stratford",N,N,"",1,337,"Cann","","Billy","NDP-New Democratic Party","NPD-Nouveau Parti démocratique",N,N,16
11001,"Cardigan","Cardigan"," 63B","Stratford",N,N,"",1,337,"Doyle","","Teresa","Green Party","Parti Vert",N,N,11
11001,"Cardigan","Cardigan"," 63B","Stratford",N,N,"",1,337,"MacAulay","","Lawrence","Liberal","Libéral",Y,Y,107
11001,"Cardigan","Cardigan"," 63B","Stratford",N,N,"",1,337,"Patkai","","Julius","Conservative","Conservateur",N,N,32
11001,"Cardigan","Cardigan"," 63B","Stratford",N,N,"",1,337,"Squires","","Christene","Christian Heritage Party","Parti de l'Héritage Chrétien",N,N,1
11001,"Cardigan","Cardigan"," 64A","Stratford",N,N,"",0,300,"Cann","","Billy","NDP-New Democratic Party","NPD-Nouveau Parti démocratique",N,N,12
11001,"Cardigan","Cardigan"," 64A","Stratford",N,N,"",0,300,"Doyle","","Teresa","Green Party","Parti Vert",N,N,18
11001,"Cardigan","Cardigan"," 64A","Stratford",N,N,"",0,300,"MacAulay","","Lawrence","Liberal","Libéral",Y,Y,109
11001,"Cardigan","Cardigan"," 64A","Stratford",N,N,"",0,300,"Patkai","","Julius","Conservative","Conservateur",N,N,25
11001,"Cardigan","Cardigan"," 64A","Stratford",N,N,"",0,300,"Squires","","Christene","Christian Heritage Party","Parti de l'Héritage Chrétien",N,N,0
11001,"Cardigan","Cardigan"," 64B","Stratford",N,N,"",0,282,"Cann","","Billy","NDP-New Democratic Party","NPD-Nouveau Parti démocratique",N,N,16
11001,"Cardigan","Cardigan"," 64B","Stratford",N,N,"",0,282,"Doyle","","Teresa","Green Party","Parti Vert",N,N,17
11001,"Cardigan","Cardigan"," 64B","Stratford",N,N,"",0,282,"MacAulay","","Lawrence","Liberal","Libéral",Y,Y,91
11001,"Cardigan","Cardigan"," 64B","Stratford",N,N,"",0,282,"Patkai","","Julius","Conservative","Conservateur",N,N,34
11001,"Cardigan","Cardigan"," 64B","Stratford",N,N,"",0,282,"Squires","","Christene","Christian Heritage Party","Parti de l'Héritage Chrétien",N,N,1
11001,"Cardigan","Cardigan"," 65","Alexandra",N,N,"",1,374,"Cann","","Billy","NDP-New Democratic Party","NPD-Nouveau Parti démocratique",N,N,24
11001,"Cardigan","Cardigan"," 65","Alexandra",N,N,"",1,374,"Doyle","","Teresa","Green Party","Parti Vert",N,N,16
11001,"Cardigan","Cardigan"," 65","Alexandra",N,N,"",1,374,"MacAulay","","Lawrence","Liberal","Libéral",Y,Y,133
11001,"Cardigan","Cardigan"," 65","Alexandra",N,N,"",1,374,"Patkai","","Julius","Conservative","Conservateur",N,N,33
11001,"Cardigan","Cardigan"," 65","Alexandra",N,N,"",1,374,"Squires","","Christene","Christian Heritage Party","Parti de l'Héritage Chrétien",N,N,0
11001,"Cardigan","Cardigan"," 66","Pownal",N,N,"",1,421,"Cann","","Billy","NDP-New Democratic Party","NPD-Nouveau Parti démocratique",N,N,26
11001,"Cardigan","Cardigan"," 66","Pownal",N,N,"",1,421,"Doyle","","Teresa","Green Party","Parti Vert",N,N,31
11001,"Cardigan","Cardigan"," 66","Pownal",N,N,"",1,421,"MacAulay","","Lawrence","Liberal","Libéral",Y,Y,157
11001,"Cardigan","Cardigan"," 66","Pownal",N,N,"",1,421,"Patkai","","Julius","Conservative","Conservateur",N,N,46
11001,"Cardigan","Cardigan"," 66","Pownal",N,N,"",1,421,"Squires","","Christene","Christian Heritage Party","Parti de l'Héritage Chrétien",N,N,3
11001,"Cardigan","Cardigan"," 67","Cherry Valley",N,N,"",0,305,"Cann","","Billy","NDP-New Democratic Party","NPD-Nouveau Parti démocratique",N,N,21
11001,"Cardigan","Cardigan"," 67","Cherry Valley",N,N,"",0,305,"Doyle","","Teresa","Green Party","Parti Vert",N,N,11
11001,"Cardigan","Cardigan"," 67","Cherry Valley",N,N,"",0,305,"MacAulay","","Lawrence","Liberal","Libéral",Y,Y,141
11001,"Cardigan","Cardigan"," 67","Cherry Valley",N,N,"",0,305,"Patkai","","Julius","Conservative","Conservateur",N,N,36
11001,"Cardigan","Cardigan"," 67","Cherry Valley",N,N,"",0,305,"Squires","","Christene","Christian Heritage Party","Parti de l'Héritage Chrétien",N,N,2
11001,"Cardigan","Cardigan"," 68","Kinross",N,N,"",0,311,"Cann","","Billy","NDP-New Democratic Party","NPD-Nouveau Parti démocratique",N,N,17
11001,"Cardigan","Cardigan"," 68","Kinross",N,N,"",0,311,"Doyle","","Teresa","Green Party","Parti Vert",N,N,20
11001,"Cardigan","Cardigan"," 68","Kinross",N,N,"",0,311,"MacAulay","","Lawrence","Liberal","Libéral",Y,Y,122
11001,"Cardigan","Cardigan"," 68","Kinross",N,N,"",0,311,"Patkai","","Julius","Conservative","Conservateur",N,N,38
11001,"Cardigan","Cardigan"," 68","Kinross",N,N,"",0,311,"Squires","","Christene","Christian Heritage Party","Parti de l'Héritage Chrétien",N,N,11
11001,"Cardigan","Cardigan"," 69","Iona",N,N,"",1,274,"Cann","","Billy","NDP-New Democratic Party","NPD-Nouveau Parti démocratique",N,N,16
11001,"Cardigan","Cardigan"," 69","Iona",N,N,"",1,274,"Doyle","","Teresa","Green Party","Parti Vert",N,N,16
11001,"Cardigan","Cardigan"," 69","Iona",N,N,"",1,274,"MacAulay","","Lawrence","Liberal","Libéral",Y,Y,112
11001,"Cardigan","Cardigan"," 69","Iona",N,N,"",1,274,"Patkai","","Julius","Conservative","Conservateur",N,N,25
11001,"Cardigan","Cardigan"," 69","Iona",N,N,"",1,274,"Squires","","Christene","Christian Heritage Party","Parti de l'Héritage Chrétien",N,N,7
11001,"Cardigan","Cardigan"," 70","Mount Buchanan",N,N,"",0,387,"Cann","","Billy","NDP-New Democratic Party","NPD-Nouveau Parti démocratique",N,N,18
11001,"Cardigan","Cardigan"," 70","Mount Buchanan",N,N,"",0,387,"Doyle","","Teresa","Green Party","Parti Vert",N,N,16
11001,"Cardigan","Cardigan"," 70","Mount Buchanan",N,N,"",0,387,"MacAulay","","Lawrence","Liberal","Libéral",Y,Y,160
11001,"Cardigan","Cardigan"," 70","Mount Buchanan",N,N,"",0,387,"Patkai","","Julius","Conservative","Conservateur",N,N,39
11001,"Cardigan","Cardigan"," 70","Mount Buchanan",N,N,"",0,387,"Squires","","Christene","Christian Heritage Party","Parti de l'Héritage Chrétien",N,N,7
11001,"Cardigan","Cardigan"," 71","Flat River",N,N,"",1,378,"Cann","","Billy","NDP-New Democratic Party","NPD-Nouveau Parti démocratique",N,N,17
11001,"Cardigan","Cardigan"," 71","Flat River",N,N,"",1,378,"Doyle","","Teresa","Green Party","Parti Vert",N,N,22
11001,"Cardigan","Cardigan"," 71","Flat River",N,N,"",1,378,"MacAulay","","Lawrence","Liberal","Libéral",Y,Y,84
11001,"Cardigan","Cardigan"," 71","Flat River",N,N,"",1,378,"Patkai","","Julius","Conservative","Conservateur",N,N,39
11001,"Cardigan","Cardigan"," 71","Flat River",N,N,"",1,378,"Squires","","Christene","Christian Heritage Party","Parti de l'Héritage Chrétien",N,N,11
11001,"Cardigan","Cardigan"," 72","Wood Islands",N,N,"",0,320,"Cann","","Billy","NDP-New Democratic Party","NPD-Nouveau Parti démocratique",N,N,17
11001,"Cardigan","Cardigan"," 72","Wood Islands",N,N,"",0,320,"Doyle","","Teresa","Green Party","Parti Vert",N,N,8
11001,"Cardigan","Cardigan"," 72","Wood Islands",N,N,"",0,320,"MacAulay","","Lawrence","Liberal","Libéral",Y,Y,82
11001,"Cardigan","Cardigan"," 72","Wood Islands",N,N,"",0,320,"Patkai","","Julius","Conservative","Conservateur",N,N,24
11001,"Cardigan","Cardigan"," 72","Wood Islands",N,N,"",0,320,"Squires","","Christene","Christian Heritage Party","Parti de l'Héritage Chrétien",N,N,1
11001,"Cardigan","Cardigan"," 73","Brooklyn",N,N,"",1,398,"Cann","","Billy","NDP-New Democratic Party","NPD-Nouveau Parti démocratique",N,N,25
11001,"Cardigan","Cardigan"," 73","Brooklyn",N,N,"",1,398,"Doyle","","Teresa","Green Party","Parti Vert",N,N,9
11001,"Cardigan","Cardigan"," 73","Brooklyn",N,N,"",1,398,"MacAulay","","Lawrence","Liberal","Libéral",Y,Y,92
11001,"Cardigan","Cardigan"," 73","Brooklyn",N,N,"",1,398,"Patkai","","Julius","Conservative","Conservateur",N,N,29
11001,"Cardigan","Cardigan"," 73","Brooklyn",N,N,"",1,398,"Squires","","Christene","Christian Heritage Party","Parti de l'Héritage Chrétien",N,N,2
11001,"Cardigan","Cardigan"," 500","Mobile poll/Bureau itinérant",N,N,"",0,74,"Cann","","Billy","NDP-New Democratic Party","NPD-Nouveau Parti démocratique",N,N,4
11001,"Cardigan","Cardigan"," 500","Mobile poll/Bureau itinérant",N,N,"",0,74,"Doyle","","Teresa","Green Party","Parti Vert",N,N,0
11001,"Cardigan","Cardigan"," 500","Mobile poll/Bureau itinérant",N,N,"",0,74,"MacAulay","","Lawrence","Liberal","Libéral",Y,Y,40
11001,"Cardigan","Cardigan"," 500","Mobile poll/Bureau itinérant",N,N,"",0,74,"Patkai","","Julius","Conservative","Conservateur",N,N,11
11001,"Cardigan","Cardigan"," 500","Mobile poll/Bureau itinérant",N,N,"",0,74,"Squires","","Christene","Christian Heritage Party","Parti de l'Héritage Chrétien",N,N,0
11001,"Cardigan","Cardigan"," 501A","Mobile poll/Bureau itinérant",N,N,"",3,105,"Cann","","Billy","NDP-New Democratic Party","NPD-Nouveau Parti démocratique",N,N,4
11001,"Cardigan","Cardigan"," 501A","Mobile poll/Bureau itinérant",N,N,"",3,105,"Doyle","","Teresa","Green Party","Parti Vert",N,N,5
11001,"Cardigan","Cardigan"," 501A","Mobile poll/Bureau itinérant",N,N,"",3,105,"MacAulay","","Lawrence","Liberal","Libéral",Y,Y,29
11001,"Cardigan","Cardigan"," 501A","Mobile poll/Bureau itinérant",N,N,"",3,105,"Patkai","","Julius","Conservative","Conservateur",N,N,22
11001,"Cardigan","Cardigan"," 501A","Mobile poll/Bureau itinérant",N,N,"",3,105,"Squires","","Christene","Christian Heritage Party","Parti de l'Héritage Chrétien",N,N,0
11001,"Cardigan","Cardigan"," 501B","Mobile poll/Bureau itinérant",N,N,"502",0,15,"Cann","","Billy","NDP-New Democratic Party","NPD-Nouveau Parti démocratique",N,N,0
11001,"Cardigan","Cardigan"," 501B","Mobile poll/Bureau itinérant",N,N,"502",0,15,"Doyle","","Teresa","Green Party","Parti Vert",N,N,0
11001,"Cardigan","Cardigan"," 501B","Mobile poll/Bureau itinérant",N,N,"502",0,15,"MacAulay","","Lawrence","Liberal","Libéral",Y,Y,0
11001,"Cardigan","Cardigan"," 501B","Mobile poll/Bureau itinérant",N,N,"502",0,15,"Patkai","","Julius","Conservative","Conservateur",N,N,0
11001,"Cardigan","Cardigan"," 501B","Mobile poll/Bureau itinérant",N,N,"502",0,15,"Squires","","Christene","Christian Heritage Party","Parti de l'Héritage Chrétien",N,N,0
11001,"Cardigan","Cardigan"," 502","Mobile poll/Bureau itinérant",N,N,"",3,77,"Cann","","Billy","NDP-New Democratic Party","NPD-Nouveau Parti démocratique",N,N,5
11001,"Cardigan","Cardigan"," 502","Mobile poll/Bureau itinérant",N,N,"",3,77,"Doyle","","Teresa","Green Party","Parti Vert",N,N,3
11001,"Cardigan","Cardigan"," 502","Mobile poll/Bureau itinérant",N,N,"",3,77,"MacAulay","","Lawrence","Liberal","Libéral",Y,Y,30
11001,"Cardigan","Cardigan"," 502","Mobile poll/Bureau itinérant",N,N,"",3,77,"Patkai","","Julius","Conservative","Conservateur",N,N,24
11001,"Cardigan","Cardigan"," 502","Mobile poll/Bureau itinérant",N,N,"",3,77,"Squires","","Christene","Christian Heritage Party","Parti de l'Héritage Chrétien",N,N,0
11001,"Cardigan","Cardigan"," 503","Mobile poll/Bureau itinérant",N,N,"",0,79,"Cann","","Billy","NDP-New Democratic Party","NPD-Nouveau Parti démocratique",N,N,6
11001,"Cardigan","Cardigan"," 503","Mobile poll/Bureau itinérant",N,N,"",0,79,"Doyle","","Teresa","Green Party","Parti Vert",N,N,4
11001,"Cardigan","Cardigan"," 503","Mobile poll/Bureau itinérant",N,N,"",0,79,"MacAulay","","Lawrence","Liberal","Libéral",Y,Y,44
11001,"Cardigan","Cardigan"," 503","Mobile poll/Bureau itinérant",N,N,"",0,79,"Patkai","","Julius","Conservative","Conservateur",N,N,13
11001,"Cardigan","Cardigan"," 503","Mobile poll/Bureau itinérant",N,N,"",0,79,"Squires","","Christene","Christian Heritage Party","Parti de l'Héritage Chrétien",N,N,1
11001,"Cardigan","Cardigan"," 600","Mount Stewart",N,N,"",5,0,"Cann","","Billy","NDP-New Democratic Party","NPD-Nouveau Parti démocratique",N,N,76
11001,"Cardigan","Cardigan"," 600","Mount Stewart",N,N,"",5,0,"Doyle","","Teresa","Green Party","Parti Vert",N,N,32
11001,"Cardigan","Cardigan"," 600","Mount Stewart",N,N,"",5,0,"MacAulay","","Lawrence","Liberal","Libéral",Y,Y,527
11001,"Cardigan","Cardigan"," 600","Mount Stewart",N,N,"",5,0,"Patkai","","Julius","Conservative","Conservateur",N,N,131
11001,"Cardigan","Cardigan"," 600","Mount Stewart",N,N,"",5,0,"Squires","","Christene","Christian Heritage Party","Parti de l'Héritage Chrétien",N,N,3
11001,"Cardigan","Cardigan"," 601","Souris",N,N,"",4,0,"Cann","","Billy","NDP-New Democratic Party","NPD-Nouveau Parti démocratique",N,N,68
11001,"Cardigan","Cardigan"," 601","Souris",N,N,"",4,0,"Doyle","","Teresa","Green Party","Parti Vert",N,N,31
11001,"Cardigan","Cardigan"," 601","Souris",N,N,"",4,0,"MacAulay","","Lawrence","Liberal","Libéral",Y,Y,526
11001,"Cardigan","Cardigan"," 601","Souris",N,N,"",4,0,"Patkai","","Julius","Conservative","Conservateur",N,N,118
11001,"Cardigan","Cardigan"," 601","Souris",N,N,"",4,0,"Squires","","Christene","Christian Heritage Party","Parti de l'Héritage Chrétien",N,N,3
11001,"Cardigan","Cardigan"," 602","Central Kings & Queens",N,N,"",6,0,"Cann","","Billy","NDP-New Democratic Party","NPD-Nouveau Parti démocratique",N,N,46
11001,"Cardigan","Cardigan"," 602","Central Kings & Queens",N,N,"",6,0,"Doyle","","Teresa","Green Party","Parti Vert",N,N,33
11001,"Cardigan","Cardigan"," 602","Central Kings & Queens",N,N,"",6,0,"MacAulay","","Lawrence","Liberal","Libéral",Y,Y,391
11001,"Cardigan","Cardigan"," 602","Central Kings & Queens",N,N,"",6,0,"Patkai","","Julius","Conservative","Conservateur",N,N,106
11001,"Cardigan","Cardigan"," 602","Central Kings & Queens",N,N,"",6,0,"Squires","","Christene","Christian Heritage Party","Parti de l'Héritage Chrétien",N,N,7
11001,"Cardigan","Cardigan"," 603","Stratford",N,N,"",7,0,"Cann","","Billy","NDP-New Democratic Party","NPD-Nouveau Parti démocratique",N,N,106
11001,"Cardigan","Cardigan"," 603","Stratford",N,N,"",7,0,"Doyle","","Teresa","Green Party","Parti Vert",N,N,95
11001,"Cardigan","Cardigan"," 603","Stratford",N,N,"",7,0,"MacAulay","","Lawrence","Liberal","Libéral",Y,Y,601
11001,"Cardigan","Cardigan"," 603","Stratford",N,N,"",7,0,"Patkai","","Julius","Conservative","Conservateur",N,N,144
11001,"Cardigan","Cardigan"," 603","Stratford",N,N,"",7,0,"Squires","","Christene","Christian Heritage Party","Parti de l'Héritage Chrétien",N,N,11
11001,"Cardigan","Cardigan"," 604","Stratford Center",N,N,"",5,0,"Cann","","Billy","NDP-New Democratic Party","NPD-Nouveau Parti démocratique",N,N,195
11001,"Cardigan","Cardigan"," 604","Stratford Center",N,N,"",5,0,"Doyle","","Teresa","Green Party","Parti Vert",N,N,89
11001,"Cardigan","Cardigan"," 604","Stratford Center",N,N,"",5,0,"MacAulay","","Lawrence","Liberal","Libéral",Y,Y,935
11001,"Cardigan","Cardigan"," 604","Stratford Center",N,N,"",5,0,"Patkai","","Julius","Conservative","Conservateur",N,N,276
11001,"Cardigan","Cardigan"," 604","Stratford Center",N,N,"",5,0,"Squires","","Christene","Christian Heritage Party","Parti de l'Héritage Chrétien",N,N,9
11001,"Cardigan","Cardigan"," 605","Montague",N,N,"",1,0,"Cann","","Billy","NDP-New Democratic Party","NPD-Nouveau Parti démocratique",N,N,106
11001,"Cardigan","Cardigan"," 605","Montague",N,N,"",1,0,"Doyle","","Teresa","Green Party","Parti Vert",N,N,29
11001,"Cardigan","Cardigan"," 605","Montague",N,N,"",1,0,"MacAulay","","Lawrence","Liberal","Libéral",Y,Y,532
11001,"Cardigan","Cardigan"," 605","Montague",N,N,"",1,0,"Patkai","","Julius","Conservative","Conservateur",N,N,107
11001,"Cardigan","Cardigan"," 605","Montague",N,N,"",1,0,"Squires","","Christene","Christian Heritage Party","Parti de l'Héritage Chrétien",N,N,7
11001,"Cardigan","Cardigan"," 606","Wood Islands",N,N,"",1,0,"Cann","","Billy","NDP-New Democratic Party","NPD-Nouveau Parti démocratique",N,N,59
11001,"Cardigan","Cardigan"," 606","Wood Islands",N,N,"",1,0,"Doyle","","Teresa","Green Party","Parti Vert",N,N,34
11001,"Cardigan","Cardigan"," 606","Wood Islands",N,N,"",1,0,"MacAulay","","Lawrence","Liberal","Libéral",Y,Y,299
11001,"Cardigan","Cardigan"," 606","Wood Islands",N,N,"",1,0,"Patkai","","Julius","Conservative","Conservateur",N,N,90
11001,"Cardigan","Cardigan"," 606","Wood Islands",N,N,"",1,0,"Squires","","Christene","Christian Heritage Party","Parti de l'Héritage Chrétien",N,N,12
11001,"Cardigan","Cardigan"," S/R 1","SVR Group 1/RÉS Groupe 1",N,N,"",2,23,"Cann","","Billy","NDP-New Democratic Party","NPD-Nouveau Parti démocratique",N,N,9
11001,"Cardigan","Cardigan"," S/R 1","SVR Group 1/RÉS Groupe 1",N,N,"",2,23,"Doyle","","Teresa","Green Party","Parti Vert",N,N,6
11001,"Cardigan","Cardigan"," S/R 1","SVR Group 1/RÉS Groupe 1",N,N,"",2,23,"MacAulay","","Lawrence","Liberal","Libéral",Y,Y,39
11001,"Cardigan","Cardigan"," S/R 1","SVR Group 1/RÉS Groupe 1",N,N,"",2,23,"Patkai","","Julius","Conservative","Conservateur",N,N,24
11001,"Cardigan","Cardigan"," S/R 1","SVR Group 1/RÉS Groupe 1",N,N,"",2,23,"Squires","","Christene","Christian Heritage Party","Parti de l'Héritage Chrétien",N,N,1
11001,"Cardigan","Cardigan"," S/R 2","SVR Group 2/RÉS Groupe 2",N,N,"",8,0,"Cann","","Billy","NDP-New Democratic Party","NPD-Nouveau Parti démocratique",N,N,159
11001,"Cardigan","Cardigan"," S/R 2","SVR Group 2/RÉS Groupe 2",N,N,"",8,0,"Doyle","","Teresa","Green Party","Parti Vert",N,N,52
11001,"Cardigan","Cardigan"," S/R 2","SVR Group 2/RÉS Groupe 2",N,N,"",8,0,"MacAulay","","Lawrence","Liberal","Libéral",Y,Y,643
11001,"Cardigan","Cardigan"," S/R 2","SVR Group 2/RÉS Groupe 2",N,N,"",8,0,"Patkai","","Julius","Conservative","Conservateur",N,N,141
11001,"Cardigan","Cardigan"," S/R 2","SVR Group 2/RÉS Groupe 2",N,N,"",8,0,"Squires","","Christene","Christian Heritage Party","Parti de l'Héritage Chrétien",N,N,10
