﻿Electoral District Number/Numéro de circonscription,Electoral District Name/Nom de circonscription,Polling Station Number/Numéro du bureau de scrutin,Polling Station Name/Nom du bureau de scrutin,Valérie Assouline,Frank Baylis,Lysane Blanchette-Lamothe,Natalie Laplante,Abraham Weizfeld,Rejected Ballots/Bulletins rejetés,Total Votes/Total des votes,Electors/Électeurs
24056,"Pierrefonds--Dollard/Pierrefonds--Dollard"," 1","Pierrefonds",42,130,62,23,2,3,262,508
24056,"Pierrefonds--Dollard/Pierrefonds--Dollard"," 2","Pierrefonds",31,159,44,19,7,1,261,440
24056,"Pierrefonds--Dollard/Pierrefonds--Dollard"," 3","Pierrefonds",15,126,59,8,7,1,216,466
24056,"Pierrefonds--Dollard/Pierrefonds--Dollard"," 4","Pierrefonds",35,115,44,13,3,3,213,405
24056,"Pierrefonds--Dollard/Pierrefonds--Dollard"," 5","Pierrefonds",26,104,65,19,3,4,221,463
24056,"Pierrefonds--Dollard/Pierrefonds--Dollard"," 6","Pierrefonds",23,69,23,1,1,1,118,296
24056,"Pierrefonds--Dollard/Pierrefonds--Dollard"," 7","Pierrefonds",11,128,54,3,3,1,200,543
24056,"Pierrefonds--Dollard/Pierrefonds--Dollard"," 8","Pierrefonds",11,88,24,0,1,0,124,282
24056,"Pierrefonds--Dollard/Pierrefonds--Dollard"," 9","Pierrefonds",15,73,21,9,0,0,118,272
24056,"Pierrefonds--Dollard/Pierrefonds--Dollard"," 10","Pierrefonds",44,79,41,21,5,4,194,407
24056,"Pierrefonds--Dollard/Pierrefonds--Dollard"," 11","Pierrefonds",31,104,56,13,0,4,208,429
24056,"Pierrefonds--Dollard/Pierrefonds--Dollard"," 12","Roxboro",24,120,45,11,3,1,204,427
24056,"Pierrefonds--Dollard/Pierrefonds--Dollard"," 13","Roxboro",21,105,37,15,5,0,183,412
24056,"Pierrefonds--Dollard/Pierrefonds--Dollard"," 14","Roxboro",21,74,30,15,6,3,149,318
24056,"Pierrefonds--Dollard/Pierrefonds--Dollard"," 15","Pierrefonds",31,155,42,10,4,0,242,545
24056,"Pierrefonds--Dollard/Pierrefonds--Dollard"," 16","Roxboro",30,123,43,13,4,1,214,440
24056,"Pierrefonds--Dollard/Pierrefonds--Dollard"," 17","Pierrefonds",33,97,59,6,0,1,196,374
24056,"Pierrefonds--Dollard/Pierrefonds--Dollard"," 18","Pierrefonds",24,97,35,4,1,0,161,369
24056,"Pierrefonds--Dollard/Pierrefonds--Dollard"," 19","Pierrefonds",11,98,20,4,4,2,139,373
24056,"Pierrefonds--Dollard/Pierrefonds--Dollard"," 20","Pierrefonds",31,120,47,16,6,1,221,440
24056,"Pierrefonds--Dollard/Pierrefonds--Dollard"," 21","Dollard-des-Ormeaux",16,106,25,8,0,1,156,367
24056,"Pierrefonds--Dollard/Pierrefonds--Dollard"," 22","Dollard-des-Ormeaux",26,163,43,7,2,3,244,446
24056,"Pierrefonds--Dollard/Pierrefonds--Dollard"," 23","Pierrefonds",17,123,9,4,1,1,155,379
24056,"Pierrefonds--Dollard/Pierrefonds--Dollard"," 24","Roxboro",29,94,37,6,4,2,172,345
24056,"Pierrefonds--Dollard/Pierrefonds--Dollard"," 25","Roxboro",55,159,32,7,2,0,255,523
24056,"Pierrefonds--Dollard/Pierrefonds--Dollard"," 26","Roxboro",39,135,61,12,6,3,256,364
24056,"Pierrefonds--Dollard/Pierrefonds--Dollard"," 27","Roxboro",30,114,54,8,2,0,208,377
24056,"Pierrefonds--Dollard/Pierrefonds--Dollard"," 28","Roxboro",30,122,49,12,2,4,219,363
24056,"Pierrefonds--Dollard/Pierrefonds--Dollard"," 29","Pierrefonds",22,95,46,17,8,3,191,418
24056,"Pierrefonds--Dollard/Pierrefonds--Dollard"," 30","Pierrefonds",22,115,46,7,0,1,191,487
24056,"Pierrefonds--Dollard/Pierrefonds--Dollard"," 31","Roxboro",36,123,56,12,8,1,236,376
24056,"Pierrefonds--Dollard/Pierrefonds--Dollard"," 32","Roxboro",33,155,38,10,10,1,247,382
24056,"Pierrefonds--Dollard/Pierrefonds--Dollard"," 33","Roxboro",36,115,41,9,9,0,210,353
24056,"Pierrefonds--Dollard/Pierrefonds--Dollard"," 34","Pierrefonds",45,142,43,7,3,1,241,524
24056,"Pierrefonds--Dollard/Pierrefonds--Dollard"," 35","Pierrefonds",29,138,34,4,3,1,209,446
24056,"Pierrefonds--Dollard/Pierrefonds--Dollard"," 36","Pierrefonds",41,186,35,19,3,1,285,492
24056,"Pierrefonds--Dollard/Pierrefonds--Dollard"," 37","Pierrefonds",34,146,38,16,6,0,240,495
24056,"Pierrefonds--Dollard/Pierrefonds--Dollard"," 38","Pierrefonds",13,84,25,12,0,2,136,298
24056,"Pierrefonds--Dollard/Pierrefonds--Dollard"," 39","Pierrefonds",26,134,33,8,7,2,210,423
24056,"Pierrefonds--Dollard/Pierrefonds--Dollard"," 40","Pierrefonds",19,162,25,6,3,0,215,447
24056,"Pierrefonds--Dollard/Pierrefonds--Dollard"," 41","Pierrefonds",34,153,38,10,2,1,238,433
24056,"Pierrefonds--Dollard/Pierrefonds--Dollard"," 42","Pierrefonds",33,124,52,3,3,1,216,429
24056,"Pierrefonds--Dollard/Pierrefonds--Dollard"," 43","Pierrefonds",40,137,46,11,3,2,239,439
24056,"Pierrefonds--Dollard/Pierrefonds--Dollard"," 44","Pierrefonds",43,180,35,9,0,0,267,549
24056,"Pierrefonds--Dollard/Pierrefonds--Dollard"," 45","Pierrefonds",19,72,21,4,0,2,118,294
24056,"Pierrefonds--Dollard/Pierrefonds--Dollard"," 46","Dollard-des-Ormeaux",41,137,36,3,1,0,218,412
24056,"Pierrefonds--Dollard/Pierrefonds--Dollard"," 47","Dollard-des-Ormeaux",48,154,24,6,3,0,235,432
24056,"Pierrefonds--Dollard/Pierrefonds--Dollard"," 48","Pierrefonds",50,198,39,6,5,3,301,646
24056,"Pierrefonds--Dollard/Pierrefonds--Dollard"," 49","Pierrefonds",32,161,34,6,3,1,237,484
24056,"Pierrefonds--Dollard/Pierrefonds--Dollard"," 50","Pierrefonds",28,137,34,3,2,0,204,450
24056,"Pierrefonds--Dollard/Pierrefonds--Dollard"," 51","Pierrefonds",20,144,40,7,4,2,217,463
24056,"Pierrefonds--Dollard/Pierrefonds--Dollard"," 52","Pierrefonds",33,157,34,10,3,1,238,428
24056,"Pierrefonds--Dollard/Pierrefonds--Dollard"," 53","Pierrefonds",27,135,35,6,7,1,211,405
24056,"Pierrefonds--Dollard/Pierrefonds--Dollard"," 54","Pierrefonds",29,143,25,2,4,1,204,417
24056,"Pierrefonds--Dollard/Pierrefonds--Dollard"," 55","Pierrefonds",33,108,51,3,5,0,200,441
24056,"Pierrefonds--Dollard/Pierrefonds--Dollard"," 56","Pierrefonds",26,138,49,8,3,4,228,461
24056,"Pierrefonds--Dollard/Pierrefonds--Dollard"," 57","Pierrefonds",16,137,36,12,3,0,204,462
24056,"Pierrefonds--Dollard/Pierrefonds--Dollard"," 58","Pierrefonds",23,122,45,10,2,0,202,344
24056,"Pierrefonds--Dollard/Pierrefonds--Dollard"," 59","Pierrefonds",31,121,32,4,1,1,190,443
24056,"Pierrefonds--Dollard/Pierrefonds--Dollard"," 60","Pierrefonds",25,114,48,10,1,1,199,427
24056,"Pierrefonds--Dollard/Pierrefonds--Dollard"," 61","Saint-Raphaël-de-l'Île-Bizard",27,114,53,19,0,1,214,379
24056,"Pierrefonds--Dollard/Pierrefonds--Dollard"," 62","Saint-Raphaël-de-l'Île-Bizard",61,130,50,25,10,1,277,491
24056,"Pierrefonds--Dollard/Pierrefonds--Dollard"," 63","Saint-Raphaël-de-l'Île-Bizard",46,142,42,19,2,1,252,448
24056,"Pierrefonds--Dollard/Pierrefonds--Dollard"," 64","Saint-Raphaël-de-l'Île-Bizard",61,155,70,19,4,0,309,508
24056,"Pierrefonds--Dollard/Pierrefonds--Dollard"," 65","Saint-Raphaël-de-l'Île-Bizard",36,134,35,21,4,2,232,437
24056,"Pierrefonds--Dollard/Pierrefonds--Dollard"," 66","Saint-Raphaël-de-l'Île-Bizard",41,126,48,14,2,1,232,439
24056,"Pierrefonds--Dollard/Pierrefonds--Dollard"," 67","Saint-Raphaël-de-l'Île-Bizard",33,109,39,12,7,0,200,353
24056,"Pierrefonds--Dollard/Pierrefonds--Dollard"," 68","Saint-Raphaël-de-l'Île-Bizard",30,112,52,13,3,1,211,367
24056,"Pierrefonds--Dollard/Pierrefonds--Dollard"," 69","Saint-Raphaël-de-l'Île-Bizard",31,117,56,39,2,4,249,477
24056,"Pierrefonds--Dollard/Pierrefonds--Dollard"," 70","Saint-Raphaël-de-l'Île-Bizard",13,96,38,14,4,3,168,299
24056,"Pierrefonds--Dollard/Pierrefonds--Dollard"," 71","Saint-Raphaël-de-l'Île-Bizard",19,119,43,12,2,1,196,378
24056,"Pierrefonds--Dollard/Pierrefonds--Dollard"," 72","Saint-Raphaël-de-l'Île-Bizard",34,112,52,21,5,5,229,451
24056,"Pierrefonds--Dollard/Pierrefonds--Dollard"," 73","Saint-Raphaël-de-l'Île-Bizard",55,97,18,12,3,1,186,358
24056,"Pierrefonds--Dollard/Pierrefonds--Dollard"," 74","Pierrefonds",38,91,42,14,4,1,190,364
24056,"Pierrefonds--Dollard/Pierrefonds--Dollard"," 75","Pierrefonds",27,133,48,10,2,2,222,428
24056,"Pierrefonds--Dollard/Pierrefonds--Dollard"," 76","Pierrefonds",39,115,23,10,2,2,191,509
24056,"Pierrefonds--Dollard/Pierrefonds--Dollard"," 77","Pierrefonds",21,103,22,12,8,1,167,389
24056,"Pierrefonds--Dollard/Pierrefonds--Dollard"," 78","Pierrefonds",22,151,48,8,5,0,234,461
24056,"Pierrefonds--Dollard/Pierrefonds--Dollard"," 79","Pierrefonds",24,155,27,3,4,0,213,422
24056,"Pierrefonds--Dollard/Pierrefonds--Dollard"," 80","Pierrefonds",23,116,46,2,5,0,192,403
24056,"Pierrefonds--Dollard/Pierrefonds--Dollard"," 81","Pierrefonds",34,156,34,3,8,0,235,472
24056,"Pierrefonds--Dollard/Pierrefonds--Dollard"," 82","Dollard-des-Ormeaux",62,143,33,9,4,0,251,463
24056,"Pierrefonds--Dollard/Pierrefonds--Dollard"," 83","Dollard-des-Ormeaux",49,113,36,5,3,2,208,396
24056,"Pierrefonds--Dollard/Pierrefonds--Dollard"," 84","Dollard-des-Ormeaux",53,128,40,2,4,0,227,417
24056,"Pierrefonds--Dollard/Pierrefonds--Dollard"," 85","Pierrefonds",30,135,31,4,5,1,206,404
24056,"Pierrefonds--Dollard/Pierrefonds--Dollard"," 86","Pierrefonds",49,128,26,4,3,0,210,388
24056,"Pierrefonds--Dollard/Pierrefonds--Dollard"," 87","Pierrefonds",22,89,28,6,1,2,148,368
24056,"Pierrefonds--Dollard/Pierrefonds--Dollard"," 88","Pierrefonds",18,80,32,6,2,0,138,351
24056,"Pierrefonds--Dollard/Pierrefonds--Dollard"," 89","Dollard-des-Ormeaux",33,75,32,2,3,1,146,324
24056,"Pierrefonds--Dollard/Pierrefonds--Dollard"," 90","Dollard-des-Ormeaux",61,88,27,1,1,0,178,345
24056,"Pierrefonds--Dollard/Pierrefonds--Dollard"," 91","Dollard-des-Ormeaux",46,103,42,5,2,2,200,389
24056,"Pierrefonds--Dollard/Pierrefonds--Dollard"," 92","Dollard-des-Ormeaux",88,127,25,3,2,1,246,454
24056,"Pierrefonds--Dollard/Pierrefonds--Dollard"," 93","Dollard-des-Ormeaux",23,123,22,2,2,0,172,408
24056,"Pierrefonds--Dollard/Pierrefonds--Dollard"," 94","Dollard-des-Ormeaux",92,114,10,2,2,1,221,428
24056,"Pierrefonds--Dollard/Pierrefonds--Dollard"," 95","Dollard-des-Ormeaux",80,116,12,2,5,1,216,442
24056,"Pierrefonds--Dollard/Pierrefonds--Dollard"," 96","Dollard-des-Ormeaux",78,135,18,1,6,0,238,429
24056,"Pierrefonds--Dollard/Pierrefonds--Dollard"," 97","Dollard-des-Ormeaux",83,112,23,8,3,0,229,383
24056,"Pierrefonds--Dollard/Pierrefonds--Dollard"," 98","Dollard-des-Ormeaux",89,119,13,0,1,0,222,413
24056,"Pierrefonds--Dollard/Pierrefonds--Dollard"," 99","Pierrefonds",14,83,22,4,4,0,127,263
24056,"Pierrefonds--Dollard/Pierrefonds--Dollard"," 100","Pierrefonds",30,116,28,9,2,4,189,387
24056,"Pierrefonds--Dollard/Pierrefonds--Dollard"," 101","Dollard-des-Ormeaux",29,96,21,6,6,0,158,280
24056,"Pierrefonds--Dollard/Pierrefonds--Dollard"," 102","Dollard-des-Ormeaux",49,220,43,3,2,4,321,505
24056,"Pierrefonds--Dollard/Pierrefonds--Dollard"," 103","Dollard-des-Ormeaux",64,228,40,6,2,5,345,545
24056,"Pierrefonds--Dollard/Pierrefonds--Dollard"," 104","Dollard-des-Ormeaux",38,203,31,5,7,13,297,488
24056,"Pierrefonds--Dollard/Pierrefonds--Dollard"," 105","Dollard-des-Ormeaux",47,167,35,2,3,8,262,542
24056,"Pierrefonds--Dollard/Pierrefonds--Dollard"," 106","Dollard-des-Ormeaux",39,151,43,7,5,1,246,547
24056,"Pierrefonds--Dollard/Pierrefonds--Dollard"," 107","Dollard-des-Ormeaux",17,134,31,3,5,0,190,404
24056,"Pierrefonds--Dollard/Pierrefonds--Dollard"," 108","Dollard-des-Ormeaux",30,135,32,4,6,1,208,387
24056,"Pierrefonds--Dollard/Pierrefonds--Dollard"," 109","Dollard-des-Ormeaux",28,172,36,2,5,0,243,455
24056,"Pierrefonds--Dollard/Pierrefonds--Dollard"," 110","Dollard-des-Ormeaux",39,127,27,6,3,4,206,343
24056,"Pierrefonds--Dollard/Pierrefonds--Dollard"," 111","Dollard-des-Ormeaux",17,115,31,3,3,0,169,333
24056,"Pierrefonds--Dollard/Pierrefonds--Dollard"," 112","Dollard-des-Ormeaux",57,213,53,12,7,0,342,638
24056,"Pierrefonds--Dollard/Pierrefonds--Dollard"," 113","Dollard-des-Ormeaux",17,98,37,1,1,0,154,342
24056,"Pierrefonds--Dollard/Pierrefonds--Dollard"," 114","Dollard-des-Ormeaux",22,127,25,4,2,0,180,373
24056,"Pierrefonds--Dollard/Pierrefonds--Dollard"," 115","Dollard-des-Ormeaux",14,93,15,0,3,0,125,339
24056,"Pierrefonds--Dollard/Pierrefonds--Dollard"," 116","Dollard-des-Ormeaux",27,166,16,3,2,1,215,400
24056,"Pierrefonds--Dollard/Pierrefonds--Dollard"," 117","Dollard-des-Ormeaux",51,135,18,2,2,0,208,384
24056,"Pierrefonds--Dollard/Pierrefonds--Dollard"," 118","Dollard-des-Ormeaux",55,147,19,3,2,0,226,447
24056,"Pierrefonds--Dollard/Pierrefonds--Dollard"," 119","Dollard-des-Ormeaux",32,137,26,3,4,2,204,342
24056,"Pierrefonds--Dollard/Pierrefonds--Dollard"," 120","Dollard-des-Ormeaux",32,182,28,4,5,1,252,505
24056,"Pierrefonds--Dollard/Pierrefonds--Dollard"," 121","Dollard-des-Ormeaux",43,172,26,0,3,0,244,443
24056,"Pierrefonds--Dollard/Pierrefonds--Dollard"," 122","Dollard-des-Ormeaux",16,165,39,6,4,3,233,414
24056,"Pierrefonds--Dollard/Pierrefonds--Dollard"," 123","Dollard-des-Ormeaux",40,170,35,4,8,4,261,418
24056,"Pierrefonds--Dollard/Pierrefonds--Dollard"," 124","Dollard-des-Ormeaux",33,155,41,3,9,0,241,477
24056,"Pierrefonds--Dollard/Pierrefonds--Dollard"," 125","Dollard-des-Ormeaux",30,103,21,4,1,0,159,320
24056,"Pierrefonds--Dollard/Pierrefonds--Dollard"," 126","Dollard-des-Ormeaux",65,166,28,0,0,2,261,460
24056,"Pierrefonds--Dollard/Pierrefonds--Dollard"," 127","Dollard-des-Ormeaux",55,187,22,2,4,0,270,484
24056,"Pierrefonds--Dollard/Pierrefonds--Dollard"," 128","Dollard-des-Ormeaux",52,146,19,2,0,1,220,477
24056,"Pierrefonds--Dollard/Pierrefonds--Dollard"," 129","Dollard-des-Ormeaux",44,127,19,0,2,0,192,416
24056,"Pierrefonds--Dollard/Pierrefonds--Dollard"," 130","Dollard-des-Ormeaux",130,81,8,2,4,0,225,416
24056,"Pierrefonds--Dollard/Pierrefonds--Dollard"," 131","Dollard-des-Ormeaux",57,119,25,0,2,0,203,376
24056,"Pierrefonds--Dollard/Pierrefonds--Dollard"," 132","Dollard-des-Ormeaux",48,84,9,0,2,0,143,308
24056,"Pierrefonds--Dollard/Pierrefonds--Dollard"," 133","Dollard-des-Ormeaux",59,150,29,0,5,1,244,454
24056,"Pierrefonds--Dollard/Pierrefonds--Dollard"," 134","Dollard-des-Ormeaux",55,139,14,2,3,0,213,387
24056,"Pierrefonds--Dollard/Pierrefonds--Dollard"," 135","Dollard-des-Ormeaux",76,98,18,1,1,2,196,384
24056,"Pierrefonds--Dollard/Pierrefonds--Dollard"," 136","Dollard-des-Ormeaux",26,80,13,0,0,0,119,261
24056,"Pierrefonds--Dollard/Pierrefonds--Dollard"," 137","Dollard-des-Ormeaux",41,118,13,0,2,0,174,379
24056,"Pierrefonds--Dollard/Pierrefonds--Dollard"," 138","Dollard-des-Ormeaux",51,157,17,0,0,4,229,392
24056,"Pierrefonds--Dollard/Pierrefonds--Dollard"," 139","Dollard-des-Ormeaux",33,172,20,2,4,0,231,408
24056,"Pierrefonds--Dollard/Pierrefonds--Dollard"," 140","Dollard-des-Ormeaux",48,132,23,8,0,3,214,421
24056,"Pierrefonds--Dollard/Pierrefonds--Dollard"," 141","Dollard-des-Ormeaux",34,152,25,2,4,5,222,447
24056,"Pierrefonds--Dollard/Pierrefonds--Dollard"," 142","Dollard-des-Ormeaux",115,98,17,1,1,1,233,463
24056,"Pierrefonds--Dollard/Pierrefonds--Dollard"," 143","Dollard-des-Ormeaux",94,91,6,0,2,0,193,398
24056,"Pierrefonds--Dollard/Pierrefonds--Dollard"," 144","Dollard-des-Ormeaux",121,135,13,0,1,0,270,489
24056,"Pierrefonds--Dollard/Pierrefonds--Dollard"," 145","Dollard-des-Ormeaux",117,90,9,2,2,0,220,437
24056,"Pierrefonds--Dollard/Pierrefonds--Dollard"," 146","Dollard-des-Ormeaux",100,88,14,1,3,0,206,436
24056,"Pierrefonds--Dollard/Pierrefonds--Dollard"," 147","Dollard-des-Ormeaux",118,98,14,2,1,0,233,410
24056,"Pierrefonds--Dollard/Pierrefonds--Dollard"," 148","Dollard-des-Ormeaux",113,98,15,1,2,0,229,453
24056,"Pierrefonds--Dollard/Pierrefonds--Dollard"," 149","Dollard-des-Ormeaux",73,124,10,3,1,0,211,453
24056,"Pierrefonds--Dollard/Pierrefonds--Dollard"," 150","Dollard-des-Ormeaux",62,125,25,2,4,1,219,503
24056,"Pierrefonds--Dollard/Pierrefonds--Dollard"," 151","Pierrefonds",54,183,42,9,7,2,297,546
24056,"Pierrefonds--Dollard/Pierrefonds--Dollard"," 152","Pierrefonds",26,163,30,8,1,2,230,473
24056,"Pierrefonds--Dollard/Pierrefonds--Dollard"," 153","Dollard-des-Ormeaux",84,92,16,0,0,2,194,370
24056,"Pierrefonds--Dollard/Pierrefonds--Dollard"," 154","Dollard-des-Ormeaux",59,91,13,6,0,2,171,362
24056,"Pierrefonds--Dollard/Pierrefonds--Dollard"," 155","Pierrefonds",48,150,46,7,3,0,254,488
24056,"Pierrefonds--Dollard/Pierrefonds--Dollard"," 156","Pierrefonds",27,125,17,4,2,0,175,428
24056,"Pierrefonds--Dollard/Pierrefonds--Dollard"," 157","Pierrefonds",14,99,34,3,3,2,155,310
24056,"Pierrefonds--Dollard/Pierrefonds--Dollard"," 158","Pierrefonds",13,79,17,1,1,1,112,222
24056,"Pierrefonds--Dollard/Pierrefonds--Dollard"," 159","Dollard-des-Ormeaux",42,105,31,5,3,0,186,395
24056,"Pierrefonds--Dollard/Pierrefonds--Dollard"," 160","Dollard-des-Ormeaux",36,129,37,2,4,2,210,441
24056,"Pierrefonds--Dollard/Pierrefonds--Dollard"," 161","Pierrefonds",35,144,27,2,7,1,216,409
24056,"Pierrefonds--Dollard/Pierrefonds--Dollard"," 162","Pierrefonds",38,172,29,5,7,0,251,366
24056,"Pierrefonds--Dollard/Pierrefonds--Dollard"," 163","Pierrefonds",31,150,38,7,4,4,234,377
24056,"Pierrefonds--Dollard/Pierrefonds--Dollard"," 164","Pierrefonds",48,139,28,3,4,4,226,384
24056,"Pierrefonds--Dollard/Pierrefonds--Dollard"," 165","Dollard-des-Ormeaux",34,161,24,0,4,0,223,435
24056,"Pierrefonds--Dollard/Pierrefonds--Dollard"," 166","Dollard-des-Ormeaux",27,136,24,10,1,3,201,472
24056,"Pierrefonds--Dollard/Pierrefonds--Dollard"," 167","Dollard-des-Ormeaux",43,181,34,3,1,1,263,435
24056,"Pierrefonds--Dollard/Pierrefonds--Dollard"," 168","Dollard-des-Ormeaux",78,140,24,3,2,1,248,503
24056,"Pierrefonds--Dollard/Pierrefonds--Dollard"," 169","Dollard-des-Ormeaux",65,180,26,0,4,0,275,511
24056,"Pierrefonds--Dollard/Pierrefonds--Dollard"," 170","Dollard-des-Ormeaux",38,163,30,4,1,1,237,466
24056,"Pierrefonds--Dollard/Pierrefonds--Dollard"," 171","Dollard-des-Ormeaux",41,167,35,9,4,0,256,570
24056,"Pierrefonds--Dollard/Pierrefonds--Dollard"," 172","Dollard-des-Ormeaux",35,87,32,1,1,2,158,370
24056,"Pierrefonds--Dollard/Pierrefonds--Dollard"," 173","Dollard-des-Ormeaux",46,92,21,2,3,1,165,386
24056,"Pierrefonds--Dollard/Pierrefonds--Dollard"," 174","Dollard-des-Ormeaux",32,96,24,1,1,0,154,368
24056,"Pierrefonds--Dollard/Pierrefonds--Dollard"," 175","Dollard-des-Ormeaux",44,149,18,5,4,1,221,526
24056,"Pierrefonds--Dollard/Pierrefonds--Dollard"," 176","Pierrefonds",37,180,46,11,4,0,278,459
24056,"Pierrefonds--Dollard/Pierrefonds--Dollard"," 177","Dollard-des-Ormeaux",26,109,13,0,4,1,153,425
24056,"Pierrefonds--Dollard/Pierrefonds--Dollard"," 178","Dollard-des-Ormeaux",34,136,44,4,7,0,225,346
24056,"Pierrefonds--Dollard/Pierrefonds--Dollard"," 179","Dollard-des-Ormeaux",32,141,28,2,1,0,204,382
24056,"Pierrefonds--Dollard/Pierrefonds--Dollard"," 180","Dollard-des-Ormeaux",30,156,25,5,3,2,221,335
24056,"Pierrefonds--Dollard/Pierrefonds--Dollard"," 181","Dollard-des-Ormeaux",28,152,50,2,3,0,235,466
24056,"Pierrefonds--Dollard/Pierrefonds--Dollard"," 182","Dollard-des-Ormeaux",39,132,32,5,6,0,214,404
24056,"Pierrefonds--Dollard/Pierrefonds--Dollard"," 183","Dollard-des-Ormeaux",38,157,28,3,5,2,233,383
24056,"Pierrefonds--Dollard/Pierrefonds--Dollard"," 184","Dollard-des-Ormeaux",31,155,18,6,1,2,213,343
24056,"Pierrefonds--Dollard/Pierrefonds--Dollard"," 185","Dollard-des-Ormeaux",60,194,38,3,5,1,301,462
24056,"Pierrefonds--Dollard/Pierrefonds--Dollard"," 186","Dollard-des-Ormeaux",32,181,29,1,0,0,243,379
24056,"Pierrefonds--Dollard/Pierrefonds--Dollard"," 187","Ste-Geneviève",28,158,35,19,2,3,245,320
24056,"Pierrefonds--Dollard/Pierrefonds--Dollard"," 188A","Saint-Raphaël-de-l'Île-Bizard",43,87,26,23,7,1,187,336
24056,"Pierrefonds--Dollard/Pierrefonds--Dollard"," 188B","Mobile poll/Bureau itinérant",Merged with No./Fusionné avec le n°502,,,,,,,60
24056,"Pierrefonds--Dollard/Pierrefonds--Dollard"," 189","Saint-Raphaël-de-l'Île-Bizard",36,152,41,17,0,1,247,405
24056,"Pierrefonds--Dollard/Pierrefonds--Dollard"," 190","Saint-Raphaël-de-l'Île-Bizard",23,110,34,23,2,5,197,354
24056,"Pierrefonds--Dollard/Pierrefonds--Dollard"," 191","Saint-Raphaël-de-l'Île-Bizard",17,112,51,18,1,1,200,417
24056,"Pierrefonds--Dollard/Pierrefonds--Dollard"," 192","Saint-Raphaël-de-l'Île-Bizard",33,108,52,20,1,2,216,407
24056,"Pierrefonds--Dollard/Pierrefonds--Dollard"," 193","Saint-Raphaël-de-l'Île-Bizard",16,108,69,40,6,1,240,431
24056,"Pierrefonds--Dollard/Pierrefonds--Dollard"," 194","Saint-Raphaël-de-l'Île-Bizard",34,96,40,40,7,0,217,466
24056,"Pierrefonds--Dollard/Pierrefonds--Dollard"," 195","Saint-Raphaël-de-l'Île-Bizard",25,89,54,29,5,3,205,437
24056,"Pierrefonds--Dollard/Pierrefonds--Dollard"," 196","Saint-Raphaël-de-l'Île-Bizard",85,155,69,31,5,3,348,566
24056,"Pierrefonds--Dollard/Pierrefonds--Dollard"," 197","Saint-Raphaël-de-l'Île-Bizard",56,137,35,15,4,0,247,420
24056,"Pierrefonds--Dollard/Pierrefonds--Dollard"," 198","Saint-Raphaël-de-l'Île-Bizard",37,126,29,4,7,0,203,362
24056,"Pierrefonds--Dollard/Pierrefonds--Dollard"," 199","Saint-Raphaël-de-l'Île-Bizard",46,82,49,15,5,0,197,420
24056,"Pierrefonds--Dollard/Pierrefonds--Dollard"," 200","Saint-Raphaël-de-l'Île-Bizard",13,76,33,40,4,1,167,369
24056,"Pierrefonds--Dollard/Pierrefonds--Dollard"," 201","Saint-Raphaël-de-l'Île-Bizard",33,98,69,37,6,4,247,456
24056,"Pierrefonds--Dollard/Pierrefonds--Dollard"," 202","Saint-Raphaël-de-l'Île-Bizard",24,89,33,28,1,1,176,346
24056,"Pierrefonds--Dollard/Pierrefonds--Dollard"," 400","Dollard-des-Ormeaux",6,28,3,2,0,0,39,84
24056,"Pierrefonds--Dollard/Pierrefonds--Dollard"," 500","Mobile poll/Bureau itinérant",28,93,14,4,2,2,143,168
24056,"Pierrefonds--Dollard/Pierrefonds--Dollard"," 501","Mobile poll/Bureau itinérant",17,78,11,3,1,1,111,184
24056,"Pierrefonds--Dollard/Pierrefonds--Dollard"," 502","Mobile poll/Bureau itinérant",9,48,11,3,0,0,71,157
24056,"Pierrefonds--Dollard/Pierrefonds--Dollard"," 503","Mobile poll/Bureau itinérant",12,64,10,4,0,1,91,163
24056,"Pierrefonds--Dollard/Pierrefonds--Dollard"," 504","Mobile poll/Bureau itinérant",11,24,3,3,0,0,41,69
24056,"Pierrefonds--Dollard/Pierrefonds--Dollard"," 600","Saint-Raphaël-de-l'Île-Bizard",185,523,263,87,11,11,1080,
24056,"Pierrefonds--Dollard/Pierrefonds--Dollard"," 601","Saint-Raphaël-de-l'Île-Bizard",194,474,239,72,17,3,999,
24056,"Pierrefonds--Dollard/Pierrefonds--Dollard"," 602","Pierrefonds",186,587,188,42,5,7,1015,
24056,"Pierrefonds--Dollard/Pierrefonds--Dollard"," 603","Pierrefonds",164,590,256,32,13,11,1066,
24056,"Pierrefonds--Dollard/Pierrefonds--Dollard"," 604","Pierrefonds",131,432,151,20,14,4,752,
24056,"Pierrefonds--Dollard/Pierrefonds--Dollard"," 605","Roxboro",163,509,253,57,20,8,1010,
24056,"Pierrefonds--Dollard/Pierrefonds--Dollard"," 606","Montréal",182,516,280,32,12,4,1026,
24056,"Pierrefonds--Dollard/Pierrefonds--Dollard"," 607","Pierrefonds",117,414,100,11,13,4,659,
24056,"Pierrefonds--Dollard/Pierrefonds--Dollard"," 608","Montréal",135,397,116,4,6,1,659,
24056,"Pierrefonds--Dollard/Pierrefonds--Dollard"," 609","Dollard-des-Ormeaux",291,502,97,7,9,1,907,
24056,"Pierrefonds--Dollard/Pierrefonds--Dollard"," 610","Dollard-des-Ormeaux",300,501,99,5,15,1,921,
24056,"Pierrefonds--Dollard/Pierrefonds--Dollard"," 611","Dollard-des-Ormeaux",466,438,88,6,4,11,1013,
24056,"Pierrefonds--Dollard/Pierrefonds--Dollard"," 612","Dollard-des-Ormeaux",197,589,136,12,13,6,953,
24056,"Pierrefonds--Dollard/Pierrefonds--Dollard"," 613","Dollard-des-Ormeaux",202,590,112,11,16,4,935,
24056,"Pierrefonds--Dollard/Pierrefonds--Dollard",,"Group 1/Groupe 1",19,60,22,1,3,8,113,98
24056,"Pierrefonds--Dollard/Pierrefonds--Dollard",,"Group 2/Groupe 2",598,890,410,31,27,26,1982,
