﻿Electoral District Number/Numéro de circonscription,Electoral District Name/Nom de circonscription,Polling Station Number/Numéro du bureau de scrutin,Polling Station Name/Nom du bureau de scrutin,Marc Boudreau,Vincent François,Jennifer Kaszel,Jamie Nicholls,Peter Schiefke,Rejected Ballots/Bulletins rejetés,Total Votes/Total des votes,Electors/Électeurs
24074,"Vaudreuil--Soulanges/Vaudreuil--Soulanges"," 1","Pointe-Fortune",24,71,6,58,98,2,259,461
24074,"Vaudreuil--Soulanges/Vaudreuil--Soulanges"," 2","Rigaud",12,46,8,37,62,1,166,341
24074,"Vaudreuil--Soulanges/Vaudreuil--Soulanges"," 3","Rigaud",11,65,3,29,59,4,171,372
24074,"Vaudreuil--Soulanges/Vaudreuil--Soulanges"," 4","Rigaud",17,50,7,37,70,3,184,319
24074,"Vaudreuil--Soulanges/Vaudreuil--Soulanges"," 5","Rigaud",20,26,2,42,50,1,141,282
24074,"Vaudreuil--Soulanges/Vaudreuil--Soulanges"," 6","Rigaud",13,40,2,19,51,3,128,319
24074,"Vaudreuil--Soulanges/Vaudreuil--Soulanges"," 7","Rigaud",9,37,1,21,54,5,127,298
24074,"Vaudreuil--Soulanges/Vaudreuil--Soulanges"," 8","Rigaud",29,57,3,40,70,2,201,403
24074,"Vaudreuil--Soulanges/Vaudreuil--Soulanges"," 9","Rigaud",23,33,3,55,80,0,194,382
24074,"Vaudreuil--Soulanges/Vaudreuil--Soulanges"," 10","Rigaud",31,24,5,35,67,1,163,279
24074,"Vaudreuil--Soulanges/Vaudreuil--Soulanges"," 11","Rigaud",48,41,7,52,82,4,234,418
24074,"Vaudreuil--Soulanges/Vaudreuil--Soulanges"," 12","Rigaud",25,35,5,53,88,3,209,439
24074,"Vaudreuil--Soulanges/Vaudreuil--Soulanges"," 13","Hudson",38,3,4,52,132,0,229,437
24074,"Vaudreuil--Soulanges/Vaudreuil--Soulanges"," 14","Hudson",17,9,4,64,124,1,219,359
24074,"Vaudreuil--Soulanges/Vaudreuil--Soulanges"," 15","Hudson",26,9,4,68,147,0,254,468
24074,"Vaudreuil--Soulanges/Vaudreuil--Soulanges"," 16","Hudson",68,6,7,35,139,1,256,521
24074,"Vaudreuil--Soulanges/Vaudreuil--Soulanges"," 17","Hudson",29,31,4,44,101,0,209,479
24074,"Vaudreuil--Soulanges/Vaudreuil--Soulanges"," 18","Vaudreuil-Dorion",41,24,9,49,121,4,248,453
24074,"Vaudreuil--Soulanges/Vaudreuil--Soulanges"," 19","Hudson",31,4,8,43,156,0,242,433
24074,"Vaudreuil--Soulanges/Vaudreuil--Soulanges"," 20","Hudson",57,2,10,71,135,0,275,458
24074,"Vaudreuil--Soulanges/Vaudreuil--Soulanges"," 21","Hudson",29,1,3,58,129,0,220,366
24074,"Vaudreuil--Soulanges/Vaudreuil--Soulanges"," 22","Hudson",39,3,4,64,149,0,259,439
24074,"Vaudreuil--Soulanges/Vaudreuil--Soulanges"," 23","Hudson",35,23,11,69,134,0,272,470
24074,"Vaudreuil--Soulanges/Vaudreuil--Soulanges"," 24","Hudson",40,4,5,69,137,0,255,435
24074,"Vaudreuil--Soulanges/Vaudreuil--Soulanges"," 25","Vaudreuil-Dorion",32,22,4,49,114,0,221,410
24074,"Vaudreuil--Soulanges/Vaudreuil--Soulanges"," 26","L'Île-Cadieux",45,43,1,46,104,0,239,453
24074,"Vaudreuil--Soulanges/Vaudreuil--Soulanges"," 27","L'Île-Cadieux",52,19,2,27,112,1,213,430
24074,"Vaudreuil--Soulanges/Vaudreuil--Soulanges"," 28","Vaudreuil-Dorion",36,10,2,24,96,0,168,362
24074,"Vaudreuil--Soulanges/Vaudreuil--Soulanges"," 29","Vaudreuil-sur-le-Lac",37,26,4,46,130,4,247,474
24074,"Vaudreuil--Soulanges/Vaudreuil--Soulanges"," 30","Vaudreuil-sur-le-Lac",30,53,1,43,105,1,233,447
24074,"Vaudreuil--Soulanges/Vaudreuil--Soulanges"," 31","Vaudreuil-Dorion",32,33,5,48,130,3,251,468
24074,"Vaudreuil--Soulanges/Vaudreuil--Soulanges"," 32","Vaudreuil-Dorion",21,30,5,54,134,2,246,484
24074,"Vaudreuil--Soulanges/Vaudreuil--Soulanges"," 33","Vaudreuil-Dorion",18,28,7,52,104,8,217,377
24074,"Vaudreuil--Soulanges/Vaudreuil--Soulanges"," 34","Vaudreuil-Dorion",26,22,10,63,112,0,233,411
24074,"Vaudreuil--Soulanges/Vaudreuil--Soulanges"," 35","Vaudreuil-Dorion",28,21,1,56,138,5,249,474
24074,"Vaudreuil--Soulanges/Vaudreuil--Soulanges"," 36","Vaudreuil-Dorion",23,27,4,33,99,1,187,399
24074,"Vaudreuil--Soulanges/Vaudreuil--Soulanges"," 37","L'Île-Perrot",26,41,7,38,118,3,233,447
24074,"Vaudreuil--Soulanges/Vaudreuil--Soulanges"," 38","L'Île-Perrot",17,39,8,41,77,1,183,464
24074,"Vaudreuil--Soulanges/Vaudreuil--Soulanges"," 39","L'Île-Perrot",19,34,7,39,89,3,191,438
24074,"Vaudreuil--Soulanges/Vaudreuil--Soulanges"," 40","L'Île-Perrot",17,53,9,49,68,3,199,463
24074,"Vaudreuil--Soulanges/Vaudreuil--Soulanges"," 41","L'Île-Perrot",24,44,3,53,78,3,205,376
24074,"Vaudreuil--Soulanges/Vaudreuil--Soulanges"," 42","L'Île-Perrot",35,32,8,47,119,0,241,438
24074,"Vaudreuil--Soulanges/Vaudreuil--Soulanges"," 43","L'Île-Perrot",39,27,6,37,84,1,194,379
24074,"Vaudreuil--Soulanges/Vaudreuil--Soulanges"," 44","L'Île-Perrot",25,53,8,46,93,6,231,442
24074,"Vaudreuil--Soulanges/Vaudreuil--Soulanges"," 45","L'Île-Perrot",28,38,7,44,98,4,219,414
24074,"Vaudreuil--Soulanges/Vaudreuil--Soulanges"," 46","L'Île-Perrot",31,50,7,56,96,2,242,420
24074,"Vaudreuil--Soulanges/Vaudreuil--Soulanges"," 47","L'Île-Perrot",21,30,10,49,127,2,239,456
24074,"Vaudreuil--Soulanges/Vaudreuil--Soulanges"," 48","L'Île-Perrot",26,51,3,66,128,7,281,460
24074,"Vaudreuil--Soulanges/Vaudreuil--Soulanges"," 49","L'Île-Perrot",27,28,10,55,124,7,251,485
24074,"Vaudreuil--Soulanges/Vaudreuil--Soulanges"," 50","L'Île-Perrot",41,40,7,64,133,5,290,465
24074,"Vaudreuil--Soulanges/Vaudreuil--Soulanges"," 51","Notre-Dame-de-l'Île-Perrot",33,39,4,38,76,0,190,386
24074,"Vaudreuil--Soulanges/Vaudreuil--Soulanges"," 52","Notre-Dame-de-l'Île-Perrot",24,35,3,46,102,4,214,374
24074,"Vaudreuil--Soulanges/Vaudreuil--Soulanges"," 53","Notre-Dame-de-l'Île-Perrot",34,26,6,52,95,2,215,439
24074,"Vaudreuil--Soulanges/Vaudreuil--Soulanges"," 54","Notre-Dame-de-l'Île-Perrot",29,39,5,58,113,3,247,408
24074,"Vaudreuil--Soulanges/Vaudreuil--Soulanges"," 55","Notre-Dame-de-l'Île-Perrot",36,37,2,44,121,1,241,460
24074,"Vaudreuil--Soulanges/Vaudreuil--Soulanges"," 56","Notre-Dame-de-l'Île-Perrot",33,27,5,52,103,1,221,435
24074,"Vaudreuil--Soulanges/Vaudreuil--Soulanges"," 57","Notre-Dame-de-l'Île-Perrot",9,27,8,48,113,6,211,374
24074,"Vaudreuil--Soulanges/Vaudreuil--Soulanges"," 58","Notre-Dame-de-l'Île-Perrot",20,36,5,45,102,4,212,379
24074,"Vaudreuil--Soulanges/Vaudreuil--Soulanges"," 59","Notre-Dame-de-l'Île-Perrot",30,25,4,61,105,1,226,394
24074,"Vaudreuil--Soulanges/Vaudreuil--Soulanges"," 60","Notre-Dame-de-l'Île-Perrot",42,21,6,42,127,1,239,403
24074,"Vaudreuil--Soulanges/Vaudreuil--Soulanges"," 61","Notre-Dame-de-l'Île-Perrot",33,26,7,52,101,1,220,414
24074,"Vaudreuil--Soulanges/Vaudreuil--Soulanges"," 62","Notre-Dame-de-l'Île-Perrot",27,36,1,60,101,1,226,411
24074,"Vaudreuil--Soulanges/Vaudreuil--Soulanges"," 63","Notre-Dame-de-l'Île-Perrot",26,43,5,67,120,3,264,493
24074,"Vaudreuil--Soulanges/Vaudreuil--Soulanges"," 64","Notre-Dame-de-l'Île-Perrot",22,33,5,59,104,4,227,402
24074,"Vaudreuil--Soulanges/Vaudreuil--Soulanges"," 65","Notre-Dame-de-l'Île-Perrot",16,25,8,39,80,3,171,317
24074,"Vaudreuil--Soulanges/Vaudreuil--Soulanges"," 66","L'Île-Perrot",22,59,9,42,67,4,203,420
24074,"Vaudreuil--Soulanges/Vaudreuil--Soulanges"," 67","L'Île-Perrot",27,35,3,32,96,2,195,389
24074,"Vaudreuil--Soulanges/Vaudreuil--Soulanges"," 68","L'Île-Perrot",36,33,2,42,110,4,227,411
24074,"Vaudreuil--Soulanges/Vaudreuil--Soulanges"," 69","L'Île-Perrot",17,30,5,37,99,0,188,379
24074,"Vaudreuil--Soulanges/Vaudreuil--Soulanges"," 70","L'Île-Perrot",11,24,2,39,78,3,157,334
24074,"Vaudreuil--Soulanges/Vaudreuil--Soulanges"," 71","L'Île-Perrot",34,17,2,28,84,1,166,323
24074,"Vaudreuil--Soulanges/Vaudreuil--Soulanges"," 72","Pincourt",26,34,1,28,114,1,204,365
24074,"Vaudreuil--Soulanges/Vaudreuil--Soulanges"," 73","Pincourt",41,26,4,43,135,0,249,420
24074,"Vaudreuil--Soulanges/Vaudreuil--Soulanges"," 74A","Pincourt",25,20,3,36,94,3,181,328
24074,"Vaudreuil--Soulanges/Vaudreuil--Soulanges"," 74B","Pincourt",26,22,4,34,81,0,167,327
24074,"Vaudreuil--Soulanges/Vaudreuil--Soulanges"," 75","Pincourt",58,39,2,50,160,4,313,510
24074,"Vaudreuil--Soulanges/Vaudreuil--Soulanges"," 76","Pincourt",18,17,10,37,140,4,226,401
24074,"Vaudreuil--Soulanges/Vaudreuil--Soulanges"," 77","Pincourt",27,13,4,35,128,3,210,355
24074,"Vaudreuil--Soulanges/Vaudreuil--Soulanges"," 78","Pincourt",32,18,8,76,168,4,306,448
24074,"Vaudreuil--Soulanges/Vaudreuil--Soulanges"," 79","Pincourt",17,23,7,46,120,3,216,346
24074,"Vaudreuil--Soulanges/Vaudreuil--Soulanges"," 80","Pincourt",21,15,7,54,146,7,250,395
24074,"Vaudreuil--Soulanges/Vaudreuil--Soulanges"," 81","Pincourt",41,16,6,52,157,1,273,448
24074,"Vaudreuil--Soulanges/Vaudreuil--Soulanges"," 82","Pincourt",28,43,2,27,92,4,196,395
24074,"Vaudreuil--Soulanges/Vaudreuil--Soulanges"," 83","Pincourt",20,38,6,41,62,4,171,370
24074,"Vaudreuil--Soulanges/Vaudreuil--Soulanges"," 84","Pincourt",30,45,7,59,124,3,268,412
24074,"Vaudreuil--Soulanges/Vaudreuil--Soulanges"," 85","Pincourt",30,35,3,52,83,3,206,350
24074,"Vaudreuil--Soulanges/Vaudreuil--Soulanges"," 86","Pincourt",28,27,3,62,132,3,255,463
24074,"Vaudreuil--Soulanges/Vaudreuil--Soulanges"," 87","Pincourt",35,31,5,33,123,1,228,425
24074,"Vaudreuil--Soulanges/Vaudreuil--Soulanges"," 88","Terrasse-Vaudreuil",22,26,6,56,87,0,197,320
24074,"Vaudreuil--Soulanges/Vaudreuil--Soulanges"," 89","Terrasse-Vaudreuil",17,32,9,39,82,3,182,270
24074,"Vaudreuil--Soulanges/Vaudreuil--Soulanges"," 90","Terrasse-Vaudreuil",21,32,4,38,93,0,188,305
24074,"Vaudreuil--Soulanges/Vaudreuil--Soulanges"," 91","Terrasse-Vaudreuil",29,39,8,65,82,1,224,388
24074,"Vaudreuil--Soulanges/Vaudreuil--Soulanges"," 92","Terrasse-Vaudreuil",23,25,9,36,70,5,168,294
24074,"Vaudreuil--Soulanges/Vaudreuil--Soulanges"," 93","Vaudreuil-Dorion",22,62,10,65,106,2,267,459
24074,"Vaudreuil--Soulanges/Vaudreuil--Soulanges"," 94","Vaudreuil-Dorion",17,41,10,48,98,0,214,422
24074,"Vaudreuil--Soulanges/Vaudreuil--Soulanges"," 95","Vaudreuil-Dorion",29,27,4,59,95,3,217,442
24074,"Vaudreuil--Soulanges/Vaudreuil--Soulanges"," 96","Vaudreuil-Dorion",35,50,6,62,74,0,227,411
24074,"Vaudreuil--Soulanges/Vaudreuil--Soulanges"," 97","Vaudreuil-Dorion",16,33,8,36,41,0,134,251
24074,"Vaudreuil--Soulanges/Vaudreuil--Soulanges"," 98","Vaudreuil-Dorion",27,59,1,50,72,5,214,421
24074,"Vaudreuil--Soulanges/Vaudreuil--Soulanges"," 99","Vaudreuil-Dorion",29,42,4,45,85,4,209,408
24074,"Vaudreuil--Soulanges/Vaudreuil--Soulanges"," 100","Vaudreuil-Dorion",16,76,8,63,70,4,237,424
24074,"Vaudreuil--Soulanges/Vaudreuil--Soulanges"," 101","Vaudreuil-Dorion",31,13,1,30,136,2,213,302
24074,"Vaudreuil--Soulanges/Vaudreuil--Soulanges"," 102","Vaudreuil-Dorion",30,41,7,41,200,3,322,494
24074,"Vaudreuil--Soulanges/Vaudreuil--Soulanges"," 103","Vaudreuil-Dorion",46,29,8,52,145,3,283,455
24074,"Vaudreuil--Soulanges/Vaudreuil--Soulanges"," 104","Vaudreuil-Dorion",26,25,9,54,117,2,233,387
24074,"Vaudreuil--Soulanges/Vaudreuil--Soulanges"," 105","Vaudreuil-Dorion",19,39,6,60,130,4,258,435
24074,"Vaudreuil--Soulanges/Vaudreuil--Soulanges"," 106","Vaudreuil-Dorion",23,31,4,70,90,2,220,380
24074,"Vaudreuil--Soulanges/Vaudreuil--Soulanges"," 107","Vaudreuil-Dorion",33,55,7,56,87,0,238,417
24074,"Vaudreuil--Soulanges/Vaudreuil--Soulanges"," 108","Vaudreuil-Dorion",12,59,9,48,94,8,230,399
24074,"Vaudreuil--Soulanges/Vaudreuil--Soulanges"," 109A","Vaudreuil-Dorion",13,26,7,24,67,0,137,301
24074,"Vaudreuil--Soulanges/Vaudreuil--Soulanges"," 109B","Vaudreuil-Dorion",19,30,4,32,47,0,132,275
24074,"Vaudreuil--Soulanges/Vaudreuil--Soulanges"," 110A","Vaudreuil-Dorion",25,29,2,38,116,2,212,434
24074,"Vaudreuil--Soulanges/Vaudreuil--Soulanges"," 110B","Vaudreuil-Dorion",20,26,3,30,101,3,183,400
24074,"Vaudreuil--Soulanges/Vaudreuil--Soulanges"," 111","Vaudreuil-Dorion",Merged with No./Fusionné avec le n°101,,,,,,,59
24074,"Vaudreuil--Soulanges/Vaudreuil--Soulanges"," 112","Vaudreuil-Dorion",16,45,3,43,68,2,177,405
24074,"Vaudreuil--Soulanges/Vaudreuil--Soulanges"," 113","Vaudreuil-Dorion",11,39,2,44,57,9,162,387
24074,"Vaudreuil--Soulanges/Vaudreuil--Soulanges"," 114A","Vaudreuil-Dorion",10,25,4,45,55,5,144,273
24074,"Vaudreuil--Soulanges/Vaudreuil--Soulanges"," 114B","Vaudreuil-Dorion",27,23,3,54,69,1,177,292
24074,"Vaudreuil--Soulanges/Vaudreuil--Soulanges"," 115","Vaudreuil-Dorion",14,36,3,51,74,3,181,320
24074,"Vaudreuil--Soulanges/Vaudreuil--Soulanges"," 116","Vaudreuil-Dorion",14,30,5,45,63,2,159,308
24074,"Vaudreuil--Soulanges/Vaudreuil--Soulanges"," 117A","Vaudreuil-Dorion",23,18,3,45,81,1,171,277
24074,"Vaudreuil--Soulanges/Vaudreuil--Soulanges"," 117B","Vaudreuil-Dorion",Merged with No./Fusionné avec le n°403,,,,,,,89
24074,"Vaudreuil--Soulanges/Vaudreuil--Soulanges"," 118","Vaudreuil-Dorion",18,21,4,43,79,4,169,372
24074,"Vaudreuil--Soulanges/Vaudreuil--Soulanges"," 119","Vaudreuil-Dorion",18,19,2,50,100,2,191,377
24074,"Vaudreuil--Soulanges/Vaudreuil--Soulanges"," 120","Vaudreuil-Dorion",23,55,6,48,81,10,223,447
24074,"Vaudreuil--Soulanges/Vaudreuil--Soulanges"," 121","Vaudreuil-Dorion",16,34,7,56,78,1,192,338
24074,"Vaudreuil--Soulanges/Vaudreuil--Soulanges"," 122A","Vaudreuil-Dorion",11,6,3,32,87,1,140,281
24074,"Vaudreuil--Soulanges/Vaudreuil--Soulanges"," 122B","Vaudreuil-Dorion",29,17,2,25,89,0,162,307
24074,"Vaudreuil--Soulanges/Vaudreuil--Soulanges"," 123A","Vaudreuil-Dorion",38,13,5,31,113,1,201,357
24074,"Vaudreuil--Soulanges/Vaudreuil--Soulanges"," 123B","Vaudreuil-Dorion",28,18,4,43,124,1,218,377
24074,"Vaudreuil--Soulanges/Vaudreuil--Soulanges"," 124","Vaudreuil-Dorion",27,17,3,39,141,0,227,487
24074,"Vaudreuil--Soulanges/Vaudreuil--Soulanges"," 125","Vaudreuil-Dorion",41,23,4,44,161,2,275,494
24074,"Vaudreuil--Soulanges/Vaudreuil--Soulanges"," 126","Vaudreuil-Dorion",39,24,3,60,115,2,243,428
24074,"Vaudreuil--Soulanges/Vaudreuil--Soulanges"," 127A","Vaudreuil-Dorion",27,17,3,23,96,2,168,278
24074,"Vaudreuil--Soulanges/Vaudreuil--Soulanges"," 127B","Vaudreuil-Dorion",13,12,1,21,77,0,124,254
24074,"Vaudreuil--Soulanges/Vaudreuil--Soulanges"," 128A","Vaudreuil-Dorion",29,17,4,39,96,3,188,343
24074,"Vaudreuil--Soulanges/Vaudreuil--Soulanges"," 128B","Vaudreuil-Dorion",26,19,3,42,107,1,198,349
24074,"Vaudreuil--Soulanges/Vaudreuil--Soulanges"," 129","Vaudreuil-Dorion",24,23,1,41,161,1,251,465
24074,"Vaudreuil--Soulanges/Vaudreuil--Soulanges"," 130A","Vaudreuil-Dorion",12,15,0,25,108,1,161,313
24074,"Vaudreuil--Soulanges/Vaudreuil--Soulanges"," 130B","Vaudreuil-Dorion",16,13,3,32,82,1,147,298
24074,"Vaudreuil--Soulanges/Vaudreuil--Soulanges"," 131A","Vaudreuil-Dorion",17,26,2,21,62,1,129,284
24074,"Vaudreuil--Soulanges/Vaudreuil--Soulanges"," 131B","Vaudreuil-Dorion",18,22,0,31,79,3,153,300
24074,"Vaudreuil--Soulanges/Vaudreuil--Soulanges"," 132","Saint-Lazare",58,40,1,43,129,1,272,507
24074,"Vaudreuil--Soulanges/Vaudreuil--Soulanges"," 133","Saint-Lazare",60,12,1,35,156,0,264,451
24074,"Vaudreuil--Soulanges/Vaudreuil--Soulanges"," 134A","Saint-Lazare",40,12,3,42,82,1,180,301
24074,"Vaudreuil--Soulanges/Vaudreuil--Soulanges"," 134B","Saint-Lazare",21,11,2,31,87,0,152,269
24074,"Vaudreuil--Soulanges/Vaudreuil--Soulanges"," 135","Saint-Lazare",58,32,8,54,111,1,264,460
24074,"Vaudreuil--Soulanges/Vaudreuil--Soulanges"," 136","Saint-Lazare",18,33,3,64,121,3,242,413
24074,"Vaudreuil--Soulanges/Vaudreuil--Soulanges"," 137","Saint-Lazare",41,48,7,60,166,1,323,527
24074,"Vaudreuil--Soulanges/Vaudreuil--Soulanges"," 138","Saint-Lazare",29,43,4,72,143,8,299,478
24074,"Vaudreuil--Soulanges/Vaudreuil--Soulanges"," 139","Saint-Lazare",26,35,6,71,111,3,252,425
24074,"Vaudreuil--Soulanges/Vaudreuil--Soulanges"," 140","Saint-Lazare",32,29,9,57,114,1,242,432
24074,"Vaudreuil--Soulanges/Vaudreuil--Soulanges"," 141","Saint-Lazare",21,40,6,52,89,3,211,427
24074,"Vaudreuil--Soulanges/Vaudreuil--Soulanges"," 142","Saint-Lazare",40,44,10,61,154,2,311,504
24074,"Vaudreuil--Soulanges/Vaudreuil--Soulanges"," 143","Saint-Lazare",31,48,3,62,103,3,250,438
24074,"Vaudreuil--Soulanges/Vaudreuil--Soulanges"," 144","Saint-Lazare",38,54,6,55,114,2,269,465
24074,"Vaudreuil--Soulanges/Vaudreuil--Soulanges"," 145","Saint-Lazare",33,59,8,51,134,2,287,497
24074,"Vaudreuil--Soulanges/Vaudreuil--Soulanges"," 146","Saint-Lazare",30,48,1,51,100,1,231,427
24074,"Vaudreuil--Soulanges/Vaudreuil--Soulanges"," 147","Saint-Lazare",28,29,7,52,102,5,223,358
24074,"Vaudreuil--Soulanges/Vaudreuil--Soulanges"," 148","Saint-Lazare",36,13,2,32,172,0,255,398
24074,"Vaudreuil--Soulanges/Vaudreuil--Soulanges"," 149","Saint-Lazare",34,6,1,30,143,0,214,376
24074,"Vaudreuil--Soulanges/Vaudreuil--Soulanges"," 150","Saint-Lazare",41,11,5,41,144,0,242,428
24074,"Vaudreuil--Soulanges/Vaudreuil--Soulanges"," 151","Saint-Lazare",57,2,5,41,135,1,241,417
24074,"Vaudreuil--Soulanges/Vaudreuil--Soulanges"," 152","Saint-Lazare",34,8,2,49,149,1,243,416
24074,"Vaudreuil--Soulanges/Vaudreuil--Soulanges"," 153","Saint-Lazare",43,11,5,41,140,2,242,440
24074,"Vaudreuil--Soulanges/Vaudreuil--Soulanges"," 154","Saint-Lazare",45,6,3,32,140,0,226,412
24074,"Vaudreuil--Soulanges/Vaudreuil--Soulanges"," 155","Saint-Lazare",58,24,7,73,151,1,314,494
24074,"Vaudreuil--Soulanges/Vaudreuil--Soulanges"," 156","Saint-Lazare",31,16,5,53,130,1,236,448
24074,"Vaudreuil--Soulanges/Vaudreuil--Soulanges"," 157","Saint-Lazare",27,31,7,69,151,0,285,491
24074,"Vaudreuil--Soulanges/Vaudreuil--Soulanges"," 158","Saint-Lazare",36,34,9,82,155,4,320,492
24074,"Vaudreuil--Soulanges/Vaudreuil--Soulanges"," 159","Saint-Lazare",34,19,4,43,140,0,240,431
24074,"Vaudreuil--Soulanges/Vaudreuil--Soulanges"," 160","Saint-Lazare",27,28,6,35,130,0,226,365
24074,"Vaudreuil--Soulanges/Vaudreuil--Soulanges"," 161","Saint-Lazare",33,14,11,44,131,0,233,423
24074,"Vaudreuil--Soulanges/Vaudreuil--Soulanges"," 162","Saint-Lazare",28,12,5,40,118,1,204,397
24074,"Vaudreuil--Soulanges/Vaudreuil--Soulanges"," 163","Saint-Lazare",25,43,5,65,121,1,260,444
24074,"Vaudreuil--Soulanges/Vaudreuil--Soulanges"," 164","Saint-Lazare",25,33,11,39,90,2,200,307
24074,"Vaudreuil--Soulanges/Vaudreuil--Soulanges"," 165","Saint-Lazare",18,42,7,47,64,4,182,283
24074,"Vaudreuil--Soulanges/Vaudreuil--Soulanges"," 166","Les Cèdres",16,36,2,36,46,3,139,307
24074,"Vaudreuil--Soulanges/Vaudreuil--Soulanges"," 167","Les Cèdres",23,42,4,37,32,3,141,256
24074,"Vaudreuil--Soulanges/Vaudreuil--Soulanges"," 168","Les Cèdres",17,42,2,27,65,6,159,294
24074,"Vaudreuil--Soulanges/Vaudreuil--Soulanges"," 169","Les Cèdres",15,54,3,39,51,2,164,290
24074,"Vaudreuil--Soulanges/Vaudreuil--Soulanges"," 170","Les Cèdres",24,63,6,49,87,0,229,428
24074,"Vaudreuil--Soulanges/Vaudreuil--Soulanges"," 171A","Les Cèdres",11,27,2,30,61,3,134,261
24074,"Vaudreuil--Soulanges/Vaudreuil--Soulanges"," 171B","Les Cèdres",13,37,7,37,71,1,166,288
24074,"Vaudreuil--Soulanges/Vaudreuil--Soulanges"," 172","Les Cèdres",27,61,6,57,58,9,218,417
24074,"Vaudreuil--Soulanges/Vaudreuil--Soulanges"," 173","Les Cèdres",14,44,3,54,64,6,185,314
24074,"Vaudreuil--Soulanges/Vaudreuil--Soulanges"," 174","Les Cèdres",25,54,6,52,69,2,208,327
24074,"Vaudreuil--Soulanges/Vaudreuil--Soulanges"," 175","Les Cèdres",21,45,4,24,46,3,143,287
24074,"Vaudreuil--Soulanges/Vaudreuil--Soulanges"," 176","Les Cèdres",19,58,9,57,65,3,211,399
24074,"Vaudreuil--Soulanges/Vaudreuil--Soulanges"," 177","Les Cèdres",21,77,6,65,61,3,233,362
24074,"Vaudreuil--Soulanges/Vaudreuil--Soulanges"," 178","Les Cèdres",21,57,6,51,45,3,183,370
24074,"Vaudreuil--Soulanges/Vaudreuil--Soulanges"," 179","Les Cèdres",20,59,5,47,58,6,195,323
24074,"Vaudreuil--Soulanges/Vaudreuil--Soulanges"," 180","Les Cèdres",28,56,3,53,62,1,203,324
24074,"Vaudreuil--Soulanges/Vaudreuil--Soulanges"," 181","Vaudreuil-Dorion",18,79,2,56,91,5,251,434
24074,"Vaudreuil--Soulanges/Vaudreuil--Soulanges"," 182","Vaudreuil-Dorion",29,56,8,42,54,2,191,436
24074,"Vaudreuil--Soulanges/Vaudreuil--Soulanges"," 183","Vaudreuil-Dorion",35,49,5,72,94,3,258,400
24074,"Vaudreuil--Soulanges/Vaudreuil--Soulanges"," 184","Vaudreuil-Dorion",15,33,6,55,94,0,203,413
24074,"Vaudreuil--Soulanges/Vaudreuil--Soulanges"," 185","Vaudreuil-Dorion",29,39,3,49,106,2,228,407
24074,"Vaudreuil--Soulanges/Vaudreuil--Soulanges"," 186","Vaudreuil-Dorion",30,56,4,44,80,6,220,407
24074,"Vaudreuil--Soulanges/Vaudreuil--Soulanges"," 187","Vaudreuil-Dorion",25,60,4,50,107,4,250,488
24074,"Vaudreuil--Soulanges/Vaudreuil--Soulanges"," 188","Vaudreuil-Dorion",31,39,5,42,128,7,252,521
24074,"Vaudreuil--Soulanges/Vaudreuil--Soulanges"," 189","Vaudreuil-Dorion",25,33,7,34,91,3,193,354
24074,"Vaudreuil--Soulanges/Vaudreuil--Soulanges"," 190","Vaudreuil-Dorion",23,30,4,40,153,2,252,470
24074,"Vaudreuil--Soulanges/Vaudreuil--Soulanges"," 191","Notre-Dame-de-l'Île-Perrot",34,40,3,53,113,4,247,452
24074,"Vaudreuil--Soulanges/Vaudreuil--Soulanges"," 192","Notre-Dame-de-l'Île-Perrot",28,25,2,56,127,3,241,458
24074,"Vaudreuil--Soulanges/Vaudreuil--Soulanges"," 193","Notre-Dame-de-l'Île-Perrot",27,44,5,42,109,0,227,436
24074,"Vaudreuil--Soulanges/Vaudreuil--Soulanges"," 194","Notre-Dame-de-l'Île-Perrot",18,38,7,46,101,4,214,421
24074,"Vaudreuil--Soulanges/Vaudreuil--Soulanges"," 195","Notre-Dame-de-l'Île-Perrot",32,25,3,33,51,2,146,264
24074,"Vaudreuil--Soulanges/Vaudreuil--Soulanges"," 196","Pincourt",51,13,13,47,166,1,291,496
24074,"Vaudreuil--Soulanges/Vaudreuil--Soulanges"," 197A","Pincourt",31,15,1,13,83,0,143,256
24074,"Vaudreuil--Soulanges/Vaudreuil--Soulanges"," 197B","Pincourt",37,1,1,13,72,0,124,272
24074,"Vaudreuil--Soulanges/Vaudreuil--Soulanges"," 198","Pincourt",25,16,2,28,105,1,177,335
24074,"Vaudreuil--Soulanges/Vaudreuil--Soulanges"," 199","Pincourt",27,30,11,44,138,2,252,468
24074,"Vaudreuil--Soulanges/Vaudreuil--Soulanges"," 200","Pincourt",32,30,6,41,103,1,213,381
24074,"Vaudreuil--Soulanges/Vaudreuil--Soulanges"," 201","Pincourt",24,38,13,46,135,2,258,451
24074,"Vaudreuil--Soulanges/Vaudreuil--Soulanges"," 202","Pincourt",14,36,4,58,110,7,229,429
24074,"Vaudreuil--Soulanges/Vaudreuil--Soulanges"," 203","Pincourt",29,42,3,46,102,5,227,452
24074,"Vaudreuil--Soulanges/Vaudreuil--Soulanges"," 204","Pincourt",26,23,4,50,90,1,194,371
24074,"Vaudreuil--Soulanges/Vaudreuil--Soulanges"," 205","Pincourt",36,61,7,52,83,0,239,483
24074,"Vaudreuil--Soulanges/Vaudreuil--Soulanges"," 206","Pointe-des-Cascades",26,88,6,56,76,5,257,387
24074,"Vaudreuil--Soulanges/Vaudreuil--Soulanges"," 207","Pointe-des-Cascades",23,50,7,39,54,1,174,304
24074,"Vaudreuil--Soulanges/Vaudreuil--Soulanges"," 208","Pointe-des-Cascades",29,79,7,83,88,7,293,431
24074,"Vaudreuil--Soulanges/Vaudreuil--Soulanges"," 209","Rigaud",7,36,3,39,39,0,124,234
24074,"Vaudreuil--Soulanges/Vaudreuil--Soulanges"," 210","Rigaud",29,26,1,33,61,2,152,297
24074,"Vaudreuil--Soulanges/Vaudreuil--Soulanges"," 211","Rigaud",5,28,7,25,31,1,97,240
24074,"Vaudreuil--Soulanges/Vaudreuil--Soulanges"," 212","Rigaud",21,58,5,34,96,2,216,395
24074,"Vaudreuil--Soulanges/Vaudreuil--Soulanges"," 213","Rigaud",17,38,3,46,65,3,172,328
24074,"Vaudreuil--Soulanges/Vaudreuil--Soulanges"," 214","Rigaud",20,44,5,59,73,2,203,421
24074,"Vaudreuil--Soulanges/Vaudreuil--Soulanges"," 215","Rigaud",21,41,7,43,78,4,194,375
24074,"Vaudreuil--Soulanges/Vaudreuil--Soulanges"," 400","Vaudreuil-Dorion",20,7,0,14,61,0,102,142
24074,"Vaudreuil--Soulanges/Vaudreuil--Soulanges"," 401","Vaudreuil-Dorion",47,40,4,40,150,5,286,356
24074,"Vaudreuil--Soulanges/Vaudreuil--Soulanges"," 402","Vaudreuil-Dorion",13,19,3,15,43,3,96,123
24074,"Vaudreuil--Soulanges/Vaudreuil--Soulanges"," 403","Vaudreuil-Dorion",16,32,4,22,71,2,147,82
24074,"Vaudreuil--Soulanges/Vaudreuil--Soulanges"," 404","Vaudreuil-Dorion",26,21,0,13,71,3,134,167
24074,"Vaudreuil--Soulanges/Vaudreuil--Soulanges"," 500","Mobile poll/Bureau itinérant",18,12,2,27,59,0,118,221
24074,"Vaudreuil--Soulanges/Vaudreuil--Soulanges"," 501","Mobile poll/Bureau itinérant",5,14,1,6,32,1,59,159
24074,"Vaudreuil--Soulanges/Vaudreuil--Soulanges"," 502","Mobile poll/Bureau itinérant",6,10,2,6,34,2,60,110
24074,"Vaudreuil--Soulanges/Vaudreuil--Soulanges"," 600","Rigaud",93,149,17,159,260,17,695,
24074,"Vaudreuil--Soulanges/Vaudreuil--Soulanges"," 601","Rigaud",114,109,11,155,274,3,666,
24074,"Vaudreuil--Soulanges/Vaudreuil--Soulanges"," 602","Hudson",183,48,18,213,640,5,1107,
24074,"Vaudreuil--Soulanges/Vaudreuil--Soulanges"," 603","L'Île-Cadieux",231,169,22,320,586,14,1342,
24074,"Vaudreuil--Soulanges/Vaudreuil--Soulanges"," 604","L'Île-Perrot",129,170,12,191,360,16,878,
24074,"Vaudreuil--Soulanges/Vaudreuil--Soulanges"," 605","Notre-Dame-de-l'Île-Perrot",167,144,22,334,469,6,1142,
24074,"Vaudreuil--Soulanges/Vaudreuil--Soulanges"," 606","Notre-Dame-de-l'Île-Perrot",166,109,15,239,362,6,897,
24074,"Vaudreuil--Soulanges/Vaudreuil--Soulanges"," 607","Saint-Lazare",168,122,29,244,488,10,1061,
24074,"Vaudreuil--Soulanges/Vaudreuil--Soulanges"," 608","Saint-Lazare",233,59,14,200,496,9,1011,
24074,"Vaudreuil--Soulanges/Vaudreuil--Soulanges"," 609","Vaudreuil-Dorion",125,219,19,320,373,20,1076,
24074,"Vaudreuil--Soulanges/Vaudreuil--Soulanges"," 610","Vaudreuil-Dorion",187,129,15,243,543,7,1124,
24074,"Vaudreuil--Soulanges/Vaudreuil--Soulanges"," 611","Vaudreuil-Dorion",103,112,7,161,273,5,661,
24074,"Vaudreuil--Soulanges/Vaudreuil--Soulanges"," 612","Vaudreuil-Dorion",193,94,14,213,374,4,892,
24074,"Vaudreuil--Soulanges/Vaudreuil--Soulanges"," 613","Vaudreuil-Dorion",226,110,16,204,592,8,1156,
24074,"Vaudreuil--Soulanges/Vaudreuil--Soulanges"," 614","Les Cèdres",77,150,10,181,129,6,553,
24074,"Vaudreuil--Soulanges/Vaudreuil--Soulanges"," 615","Les Cèdres",54,120,7,108,115,5,409,
24074,"Vaudreuil--Soulanges/Vaudreuil--Soulanges",,"Group 1/Groupe 1",21,1,2,21,46,5,96,66
24074,"Vaudreuil--Soulanges/Vaudreuil--Soulanges",,"Group 2/Groupe 2",230,221,49,478,652,29,1659,
