﻿Electoral District Number/Numéro de circonscription,Electoral District Name/Nom de circonscription,Polling Station Number/Numéro du bureau de scrutin,Polling Station Name/Nom du bureau de scrutin,Leslie Bory,Dave Bylsma,Wayne Ettinger,Diane Finley,John Harris,Joan Mouland,Dustin Wakeford,Rejected Ballots/Bulletins rejetés,Total Votes/Total des votes,Electors/Électeurs
35033,"Haldimand--Norfolk/Haldimand--Norfolk"," 1","Haldimand County",0,3,12,112,48,103,0,0,278,483
35033,"Haldimand--Norfolk/Haldimand--Norfolk"," 2","Haldimand County",2,5,5,123,26,66,2,1,230,393
35033,"Haldimand--Norfolk/Haldimand--Norfolk"," 3","Haldimand County",0,3,6,74,32,101,0,0,216,363
35033,"Haldimand--Norfolk/Haldimand--Norfolk"," 4","Haldimand County",1,1,8,64,39,73,1,2,189,387
35033,"Haldimand--Norfolk/Haldimand--Norfolk"," 5","Haldimand County",1,3,9,73,33,91,0,0,210,373
35033,"Haldimand--Norfolk/Haldimand--Norfolk"," 6","Haldimand County",2,2,11,87,40,96,0,1,239,373
35033,"Haldimand--Norfolk/Haldimand--Norfolk"," 7","Haldimand County",0,2,4,85,49,76,0,0,216,414
35033,"Haldimand--Norfolk/Haldimand--Norfolk"," 8","Haldimand County",1,2,7,70,38,86,3,0,207,380
35033,"Haldimand--Norfolk/Haldimand--Norfolk"," 9","Haldimand County",0,3,9,68,21,65,1,0,167,354
35033,"Haldimand--Norfolk/Haldimand--Norfolk"," 10","Haldimand County",0,2,8,84,29,97,0,0,220,488
35033,"Haldimand--Norfolk/Haldimand--Norfolk"," 11","Haldimand County",0,1,12,120,42,97,0,1,273,524
35033,"Haldimand--Norfolk/Haldimand--Norfolk"," 12","Haldimand County",2,2,6,81,52,91,2,1,237,428
35033,"Haldimand--Norfolk/Haldimand--Norfolk"," 13","Haldimand County",2,1,9,80,50,75,1,0,218,369
35033,"Haldimand--Norfolk/Haldimand--Norfolk"," 14","Haldimand County",1,2,3,112,31,122,1,1,273,452
35033,"Haldimand--Norfolk/Haldimand--Norfolk"," 15","Haldimand County",1,4,7,95,49,103,0,0,259,423
35033,"Haldimand--Norfolk/Haldimand--Norfolk"," 16","Haldimand County",1,0,2,97,26,117,1,0,244,444
35033,"Haldimand--Norfolk/Haldimand--Norfolk"," 17","Haldimand County",1,4,7,135,31,104,1,1,284,464
35033,"Haldimand--Norfolk/Haldimand--Norfolk"," 18","Haldimand County",1,3,4,102,45,103,1,2,261,449
35033,"Haldimand--Norfolk/Haldimand--Norfolk"," 19","Haldimand County",2,3,3,105,59,104,1,1,278,462
35033,"Haldimand--Norfolk/Haldimand--Norfolk"," 20","Haldimand County",0,2,4,86,49,91,0,2,234,430
35033,"Haldimand--Norfolk/Haldimand--Norfolk"," 21","Haldimand County",1,1,8,115,27,104,0,2,258,505
35033,"Haldimand--Norfolk/Haldimand--Norfolk"," 22A","Haldimand County",0,2,9,104,54,81,0,3,253,400
35033,"Haldimand--Norfolk/Haldimand--Norfolk"," 22B","Haldimand County",1,0,6,106,37,76,2,0,228,376
35033,"Haldimand--Norfolk/Haldimand--Norfolk"," 23","Haldimand County",0,7,4,60,14,45,0,0,130,289
35033,"Haldimand--Norfolk/Haldimand--Norfolk"," 24A","Haldimand County",0,1,7,80,23,47,1,2,161,308
35033,"Haldimand--Norfolk/Haldimand--Norfolk"," 24B","Haldimand County",0,4,11,69,16,62,0,0,162,296
35033,"Haldimand--Norfolk/Haldimand--Norfolk"," 25","Haldimand County",0,4,6,123,26,78,0,2,239,513
35033,"Haldimand--Norfolk/Haldimand--Norfolk"," 26","Haldimand County",0,17,13,190,39,78,2,2,341,510
35033,"Haldimand--Norfolk/Haldimand--Norfolk"," 27","Haldimand County",0,20,1,161,19,44,0,0,245,387
35033,"Haldimand--Norfolk/Haldimand--Norfolk"," 28","Haldimand County",0,21,4,92,10,32,0,1,160,332
35033,"Haldimand--Norfolk/Haldimand--Norfolk"," 29","Haldimand County",1,9,7,117,25,70,4,1,234,436
35033,"Haldimand--Norfolk/Haldimand--Norfolk"," 30","Haldimand County",1,31,1,138,19,51,2,0,243,404
35033,"Haldimand--Norfolk/Haldimand--Norfolk"," 31","Haldimand County",0,13,16,104,28,60,0,1,222,410
35033,"Haldimand--Norfolk/Haldimand--Norfolk"," 32","Haldimand County",0,3,10,78,26,73,0,2,192,324
35033,"Haldimand--Norfolk/Haldimand--Norfolk"," 33","Haldimand County",1,4,7,75,28,55,0,1,171,347
35033,"Haldimand--Norfolk/Haldimand--Norfolk"," 34","Haldimand County",0,12,8,82,24,95,0,1,222,445
35033,"Haldimand--Norfolk/Haldimand--Norfolk"," 35","Haldimand County",0,12,5,69,37,72,1,1,197,428
35033,"Haldimand--Norfolk/Haldimand--Norfolk"," 36","Haldimand County",0,6,5,78,31,68,1,4,193,388
35033,"Haldimand--Norfolk/Haldimand--Norfolk"," 37","Haldimand County",0,6,10,113,35,65,0,1,230,401
35033,"Haldimand--Norfolk/Haldimand--Norfolk"," 38","Haldimand County",1,5,13,109,41,86,5,0,260,545
35033,"Haldimand--Norfolk/Haldimand--Norfolk"," 39","Haldimand County",0,5,13,89,32,70,1,2,212,429
35033,"Haldimand--Norfolk/Haldimand--Norfolk"," 40","Haldimand County",3,2,6,82,26,60,1,0,180,447
35033,"Haldimand--Norfolk/Haldimand--Norfolk"," 41","Haldimand County",2,19,8,138,24,41,0,1,233,426
35033,"Haldimand--Norfolk/Haldimand--Norfolk"," 42","Haldimand County",1,5,11,83,23,51,1,0,175,279
35033,"Haldimand--Norfolk/Haldimand--Norfolk"," 42-1","Haldimand County",0,6,1,37,13,12,0,0,69,113
35033,"Haldimand--Norfolk/Haldimand--Norfolk"," 43","Haldimand County",1,3,7,112,32,78,1,3,237,439
35033,"Haldimand--Norfolk/Haldimand--Norfolk"," 44","Haldimand County",1,15,14,112,28,51,1,0,222,464
35033,"Haldimand--Norfolk/Haldimand--Norfolk"," 45","Haldimand County",0,8,9,70,24,59,0,0,170,396
35033,"Haldimand--Norfolk/Haldimand--Norfolk"," 46","Haldimand County",3,9,7,96,28,49,1,0,193,375
35033,"Haldimand--Norfolk/Haldimand--Norfolk"," 47","Haldimand County",1,5,11,72,20,72,1,1,183,404
35033,"Haldimand--Norfolk/Haldimand--Norfolk"," 48","Haldimand County",0,6,7,107,17,56,2,1,196,373
35033,"Haldimand--Norfolk/Haldimand--Norfolk"," 49","Haldimand County",0,0,11,75,14,51,0,0,151,293
35033,"Haldimand--Norfolk/Haldimand--Norfolk"," 49-1","Haldimand County",0,0,4,47,25,31,2,0,109,214
35033,"Haldimand--Norfolk/Haldimand--Norfolk"," 50","Haldimand County",1,4,7,61,28,81,3,1,186,410
35033,"Haldimand--Norfolk/Haldimand--Norfolk"," 51","Haldimand County",2,0,3,81,43,71,0,2,202,399
35033,"Haldimand--Norfolk/Haldimand--Norfolk"," 52","Haldimand County",1,1,8,94,15,94,2,0,215,434
35033,"Haldimand--Norfolk/Haldimand--Norfolk"," 53","Haldimand County",0,4,10,92,32,75,0,1,214,448
35033,"Haldimand--Norfolk/Haldimand--Norfolk"," 54","Haldimand County",0,4,9,105,34,93,2,1,248,408
35033,"Haldimand--Norfolk/Haldimand--Norfolk"," 55","Haldimand County",0,0,5,78,21,56,1,0,161,246
35033,"Haldimand--Norfolk/Haldimand--Norfolk"," 56","Haldimand County",1,3,18,125,23,81,0,0,251,397
35033,"Haldimand--Norfolk/Haldimand--Norfolk"," 57","Haldimand County",0,2,12,107,32,89,1,0,243,430
35033,"Haldimand--Norfolk/Haldimand--Norfolk"," 58","Haldimand County",1,13,13,132,41,66,1,0,267,516
35033,"Haldimand--Norfolk/Haldimand--Norfolk"," 59","Haldimand County",0,2,8,126,45,90,3,1,275,479
35033,"Haldimand--Norfolk/Haldimand--Norfolk"," 60","Haldimand County",0,4,9,86,39,117,2,1,258,543
35033,"Haldimand--Norfolk/Haldimand--Norfolk"," 61","Haldimand County",1,1,6,86,37,97,0,0,228,452
35033,"Haldimand--Norfolk/Haldimand--Norfolk"," 62","Haldimand County",1,0,2,84,34,131,0,1,253,432
35033,"Haldimand--Norfolk/Haldimand--Norfolk"," 63A","Haldimand County",0,1,9,70,24,89,0,0,193,319
35033,"Haldimand--Norfolk/Haldimand--Norfolk"," 63B","Haldimand County",1,1,3,71,24,58,0,1,159,286
35033,"Haldimand--Norfolk/Haldimand--Norfolk"," 64","Norfolk County",0,3,14,132,49,75,2,1,276,441
35033,"Haldimand--Norfolk/Haldimand--Norfolk"," 65","Norfolk County",0,3,8,150,30,87,0,3,281,442
35033,"Haldimand--Norfolk/Haldimand--Norfolk"," 66","Norfolk County",1,2,13,120,54,76,0,5,271,466
35033,"Haldimand--Norfolk/Haldimand--Norfolk"," 67","Norfolk County",1,5,5,149,35,105,0,3,303,524
35033,"Haldimand--Norfolk/Haldimand--Norfolk"," 68","Norfolk County",0,1,4,104,44,87,2,3,245,448
35033,"Haldimand--Norfolk/Haldimand--Norfolk"," 69","Norfolk County",2,5,5,73,26,87,1,2,201,371
35033,"Haldimand--Norfolk/Haldimand--Norfolk"," 70","Norfolk County",0,2,13,60,51,100,2,1,229,448
35033,"Haldimand--Norfolk/Haldimand--Norfolk"," 71","Norfolk County",0,4,13,139,57,98,2,1,314,549
35033,"Haldimand--Norfolk/Haldimand--Norfolk"," 72","Norfolk County",0,1,6,104,27,73,1,0,212,449
35033,"Haldimand--Norfolk/Haldimand--Norfolk"," 73","Norfolk County",1,3,3,99,32,92,1,2,233,433
35033,"Haldimand--Norfolk/Haldimand--Norfolk"," 74","Norfolk County",2,0,11,94,46,75,0,0,228,458
35033,"Haldimand--Norfolk/Haldimand--Norfolk"," 75","Norfolk County",0,4,6,86,36,98,1,2,233,419
35033,"Haldimand--Norfolk/Haldimand--Norfolk"," 76","Norfolk County",2,3,10,128,40,116,0,4,303,547
35033,"Haldimand--Norfolk/Haldimand--Norfolk"," 77","Norfolk County",1,5,18,117,30,80,1,0,252,406
35033,"Haldimand--Norfolk/Haldimand--Norfolk"," 78","Norfolk County",1,23,5,144,47,64,1,1,286,530
35033,"Haldimand--Norfolk/Haldimand--Norfolk"," 79","Norfolk County",1,8,10,125,38,97,0,2,281,462
35033,"Haldimand--Norfolk/Haldimand--Norfolk"," 80","Norfolk County",1,5,5,69,30,63,0,3,176,413
35033,"Haldimand--Norfolk/Haldimand--Norfolk"," 81","Norfolk County",1,1,6,94,32,62,2,0,198,425
35033,"Haldimand--Norfolk/Haldimand--Norfolk"," 82","Norfolk County",0,0,4,98,26,96,0,4,228,477
35033,"Haldimand--Norfolk/Haldimand--Norfolk"," 83","Norfolk County",0,4,5,82,30,76,1,3,201,446
35033,"Haldimand--Norfolk/Haldimand--Norfolk"," 84","Norfolk County",0,2,5,94,23,107,3,3,237,558
35033,"Haldimand--Norfolk/Haldimand--Norfolk"," 85","Norfolk County",0,5,9,75,43,116,3,2,253,564
35033,"Haldimand--Norfolk/Haldimand--Norfolk"," 86","Norfolk County",1,0,3,75,20,79,2,1,181,369
35033,"Haldimand--Norfolk/Haldimand--Norfolk"," 87","Norfolk County",0,9,4,111,22,88,2,1,237,480
35033,"Haldimand--Norfolk/Haldimand--Norfolk"," 88","Norfolk County",0,2,1,105,42,100,1,1,252,477
35033,"Haldimand--Norfolk/Haldimand--Norfolk"," 89","Norfolk County",0,3,10,115,27,104,1,0,260,434
35033,"Haldimand--Norfolk/Haldimand--Norfolk"," 90","Norfolk County",1,6,5,118,36,102,2,1,271,437
35033,"Haldimand--Norfolk/Haldimand--Norfolk"," 91A","Haldimand County",2,4,0,129,45,77,1,5,263,473
35033,"Haldimand--Norfolk/Haldimand--Norfolk"," 91B","Haldimand County",2,3,0,47,3,13,0,3,71,81
35033,"Haldimand--Norfolk/Haldimand--Norfolk"," 92","Haldimand County",1,14,10,115,45,82,1,0,268,433
35033,"Haldimand--Norfolk/Haldimand--Norfolk"," 93","Haldimand County",0,15,4,125,14,72,0,1,231,405
35033,"Haldimand--Norfolk/Haldimand--Norfolk"," 93-1","Haldimand County",0,1,2,36,18,30,0,1,88,187
35033,"Haldimand--Norfolk/Haldimand--Norfolk"," 94","Haldimand County",2,2,2,97,27,47,0,0,177,273
35033,"Haldimand--Norfolk/Haldimand--Norfolk"," 95","Haldimand County",0,0,6,105,30,80,1,0,222,366
35033,"Haldimand--Norfolk/Haldimand--Norfolk"," 96","Haldimand County",1,1,1,70,33,63,1,2,172,290
35033,"Haldimand--Norfolk/Haldimand--Norfolk"," 97","Haldimand County",1,7,14,114,44,96,0,1,277,494
35033,"Haldimand--Norfolk/Haldimand--Norfolk"," 97-1","Haldimand County",1,5,6,77,28,54,1,0,172,350
35033,"Haldimand--Norfolk/Haldimand--Norfolk"," 98","Haldimand County",3,3,14,129,34,76,2,2,263,400
35033,"Haldimand--Norfolk/Haldimand--Norfolk"," 99","Haldimand County",2,7,17,131,46,86,0,1,290,480
35033,"Haldimand--Norfolk/Haldimand--Norfolk"," 100","Haldimand County",Void/Supprimé,,,,,,,,,
35033,"Haldimand--Norfolk/Haldimand--Norfolk"," 101","Haldimand County",1,11,7,74,43,77,1,3,217,415
35033,"Haldimand--Norfolk/Haldimand--Norfolk"," 101-1","Haldimand County",0,7,0,69,10,26,0,0,112,200
35033,"Haldimand--Norfolk/Haldimand--Norfolk"," 102","Haldimand County",0,1,16,78,29,62,1,0,187,358
35033,"Haldimand--Norfolk/Haldimand--Norfolk"," 103","Haldimand County",2,2,13,70,60,81,0,0,228,436
35033,"Haldimand--Norfolk/Haldimand--Norfolk"," 104","Haldimand County",0,2,9,86,37,75,2,5,216,413
35033,"Haldimand--Norfolk/Haldimand--Norfolk"," 105","Haldimand County",0,1,5,72,39,80,2,0,199,390
35033,"Haldimand--Norfolk/Haldimand--Norfolk"," 106","Norfolk County",0,2,2,94,18,89,1,2,208,385
35033,"Haldimand--Norfolk/Haldimand--Norfolk"," 107","Norfolk County",0,2,5,74,21,61,0,2,165,384
35033,"Haldimand--Norfolk/Haldimand--Norfolk"," 108","Norfolk County",1,3,7,54,25,102,0,1,193,393
35033,"Haldimand--Norfolk/Haldimand--Norfolk"," 109","Norfolk County",1,2,5,77,16,99,2,2,204,375
35033,"Haldimand--Norfolk/Haldimand--Norfolk"," 109-1","Norfolk County",1,4,2,45,8,23,3,0,86,167
35033,"Haldimand--Norfolk/Haldimand--Norfolk"," 110","Norfolk County",0,1,5,127,41,141,1,2,318,557
35033,"Haldimand--Norfolk/Haldimand--Norfolk"," 111","Norfolk County",1,1,7,81,26,106,2,0,224,449
35033,"Haldimand--Norfolk/Haldimand--Norfolk"," 112","Norfolk County",1,1,3,52,23,75,0,2,157,333
35033,"Haldimand--Norfolk/Haldimand--Norfolk"," 113","Norfolk County",0,1,11,44,37,83,0,1,177,308
35033,"Haldimand--Norfolk/Haldimand--Norfolk"," 114","Norfolk County",0,5,11,130,35,140,1,2,324,588
35033,"Haldimand--Norfolk/Haldimand--Norfolk"," 115","Norfolk County",0,0,8,89,19,107,1,2,226,402
35033,"Haldimand--Norfolk/Haldimand--Norfolk"," 116","Norfolk County",0,2,6,74,35,79,1,2,199,408
35033,"Haldimand--Norfolk/Haldimand--Norfolk"," 117","Norfolk County",0,5,6,59,33,74,1,1,179,380
35033,"Haldimand--Norfolk/Haldimand--Norfolk"," 118","Norfolk County",1,2,7,66,38,86,1,2,203,391
35033,"Haldimand--Norfolk/Haldimand--Norfolk"," 119","Norfolk County",1,3,7,71,33,93,1,2,211,400
35033,"Haldimand--Norfolk/Haldimand--Norfolk"," 120","Norfolk County",1,2,9,68,30,94,1,5,210,375
35033,"Haldimand--Norfolk/Haldimand--Norfolk"," 121","Norfolk County",0,1,10,73,33,89,2,2,210,455
35033,"Haldimand--Norfolk/Haldimand--Norfolk"," 122","Norfolk County",0,3,8,97,29,69,4,0,210,450
35033,"Haldimand--Norfolk/Haldimand--Norfolk"," 123","Norfolk County",4,7,0,78,38,99,3,2,231,506
35033,"Haldimand--Norfolk/Haldimand--Norfolk"," 124","Norfolk County",0,3,14,88,30,110,3,4,252,453
35033,"Haldimand--Norfolk/Haldimand--Norfolk"," 125","Norfolk County",0,4,14,69,52,127,1,2,269,520
35033,"Haldimand--Norfolk/Haldimand--Norfolk"," 126","Norfolk County",0,3,5,110,48,92,2,2,262,533
35033,"Haldimand--Norfolk/Haldimand--Norfolk"," 127","Norfolk County",0,1,12,100,39,68,2,1,223,459
35033,"Haldimand--Norfolk/Haldimand--Norfolk"," 128","Norfolk County",0,2,11,112,24,76,3,0,228,457
35033,"Haldimand--Norfolk/Haldimand--Norfolk"," 129","Norfolk County",0,0,3,90,29,69,0,0,191,373
35033,"Haldimand--Norfolk/Haldimand--Norfolk"," 130","Norfolk County",2,3,7,66,29,90,3,0,200,429
35033,"Haldimand--Norfolk/Haldimand--Norfolk"," 131","Norfolk County",1,4,9,65,31,88,5,1,204,372
35033,"Haldimand--Norfolk/Haldimand--Norfolk"," 132","Norfolk County",0,3,5,108,20,89,2,0,227,417
35033,"Haldimand--Norfolk/Haldimand--Norfolk"," 133","Norfolk County",0,1,10,91,44,108,2,0,256,506
35033,"Haldimand--Norfolk/Haldimand--Norfolk"," 134","Norfolk County",0,2,3,85,35,101,1,0,227,455
35033,"Haldimand--Norfolk/Haldimand--Norfolk"," 135","Norfolk County",2,2,6,53,35,65,5,0,168,395
35033,"Haldimand--Norfolk/Haldimand--Norfolk"," 136","Norfolk County",0,1,3,52,22,70,2,1,151,364
35033,"Haldimand--Norfolk/Haldimand--Norfolk"," 137","Norfolk County",2,3,9,84,22,119,1,1,241,467
35033,"Haldimand--Norfolk/Haldimand--Norfolk"," 138","Norfolk County",1,1,11,46,22,62,3,2,148,430
35033,"Haldimand--Norfolk/Haldimand--Norfolk"," 139","Norfolk County",0,4,10,48,36,77,0,0,175,408
35033,"Haldimand--Norfolk/Haldimand--Norfolk"," 140","Norfolk County",2,2,12,57,23,65,2,1,164,401
35033,"Haldimand--Norfolk/Haldimand--Norfolk"," 141","Norfolk County",1,2,8,33,29,83,5,1,162,391
35033,"Haldimand--Norfolk/Haldimand--Norfolk"," 142","Norfolk County",0,5,8,84,21,90,1,1,210,392
35033,"Haldimand--Norfolk/Haldimand--Norfolk"," 143","Norfolk County",0,0,7,103,25,117,0,1,253,415
35033,"Haldimand--Norfolk/Haldimand--Norfolk"," 144","Norfolk County",0,0,12,103,18,119,0,2,254,456
35033,"Haldimand--Norfolk/Haldimand--Norfolk"," 145","Norfolk County",0,1,7,59,26,93,3,0,189,437
35033,"Haldimand--Norfolk/Haldimand--Norfolk"," 146","Norfolk County",0,2,8,88,22,72,1,0,193,351
35033,"Haldimand--Norfolk/Haldimand--Norfolk"," 147","Norfolk County",1,2,3,68,21,93,0,3,191,365
35033,"Haldimand--Norfolk/Haldimand--Norfolk"," 148","Norfolk County",0,0,11,88,28,112,1,0,240,466
35033,"Haldimand--Norfolk/Haldimand--Norfolk"," 149","Norfolk County",1,0,3,46,18,74,4,0,146,362
35033,"Haldimand--Norfolk/Haldimand--Norfolk"," 150","Norfolk County",0,1,5,61,17,68,4,1,157,371
35033,"Haldimand--Norfolk/Haldimand--Norfolk"," 151","Norfolk County",0,3,5,69,24,83,1,1,186,357
35033,"Haldimand--Norfolk/Haldimand--Norfolk"," 152A","Norfolk County",1,2,2,64,11,77,0,2,159,311
35033,"Haldimand--Norfolk/Haldimand--Norfolk"," 152B","Norfolk County",0,0,4,66,11,63,1,0,145,296
35033,"Haldimand--Norfolk/Haldimand--Norfolk"," 153","Norfolk County",0,2,3,54,29,85,0,0,173,395
35033,"Haldimand--Norfolk/Haldimand--Norfolk"," 154","Norfolk County",1,2,7,60,41,68,1,0,180,437
35033,"Haldimand--Norfolk/Haldimand--Norfolk"," 155","Norfolk County",0,2,7,57,39,58,0,1,164,421
35033,"Haldimand--Norfolk/Haldimand--Norfolk"," 156","Norfolk County",0,2,6,75,34,73,1,1,192,407
35033,"Haldimand--Norfolk/Haldimand--Norfolk"," 157","Norfolk County",0,0,4,98,20,100,1,2,225,495
35033,"Haldimand--Norfolk/Haldimand--Norfolk"," 158","Norfolk County",0,1,12,79,19,61,2,5,179,425
35033,"Haldimand--Norfolk/Haldimand--Norfolk"," 159","Norfolk County",0,1,7,105,22,62,0,1,198,452
35033,"Haldimand--Norfolk/Haldimand--Norfolk"," 160","Norfolk County",1,2,10,64,38,71,2,3,191,352
35033,"Haldimand--Norfolk/Haldimand--Norfolk"," 161","Norfolk County",0,1,2,85,27,75,0,0,190,392
35033,"Haldimand--Norfolk/Haldimand--Norfolk"," 162","Norfolk County",0,1,3,55,31,73,2,1,166,382
35033,"Haldimand--Norfolk/Haldimand--Norfolk"," 163","Norfolk County",1,2,5,76,30,70,3,0,187,421
35033,"Haldimand--Norfolk/Haldimand--Norfolk"," 164","Norfolk County",0,2,6,75,29,71,0,0,183,395
35033,"Haldimand--Norfolk/Haldimand--Norfolk"," 165","Norfolk County",0,1,5,50,8,35,1,2,102,213
35033,"Haldimand--Norfolk/Haldimand--Norfolk"," 165-1","Norfolk County",2,1,4,70,23,29,0,0,129,268
35033,"Haldimand--Norfolk/Haldimand--Norfolk"," 166","Norfolk County",0,9,8,105,27,63,0,0,212,429
35033,"Haldimand--Norfolk/Haldimand--Norfolk"," 167","Norfolk County",1,1,11,126,35,54,0,1,229,444
35033,"Haldimand--Norfolk/Haldimand--Norfolk"," 168","Norfolk County",0,3,2,87,17,50,0,0,159,359
35033,"Haldimand--Norfolk/Haldimand--Norfolk"," 169","Norfolk County",2,5,15,150,28,91,1,5,297,587
35033,"Haldimand--Norfolk/Haldimand--Norfolk"," 170","Norfolk County",0,7,14,124,29,83,0,0,257,504
35033,"Haldimand--Norfolk/Haldimand--Norfolk"," 171","Norfolk County",1,1,6,108,21,69,1,2,209,403
35033,"Haldimand--Norfolk/Haldimand--Norfolk"," 172","Norfolk County",1,4,16,94,29,46,3,4,197,392
35033,"Haldimand--Norfolk/Haldimand--Norfolk"," 173","Norfolk County",0,3,1,82,12,45,2,0,145,271
35033,"Haldimand--Norfolk/Haldimand--Norfolk"," 174","Norfolk County",0,1,2,95,22,57,0,2,179,452
35033,"Haldimand--Norfolk/Haldimand--Norfolk"," 175","Norfolk County",1,0,3,98,10,25,0,5,142,244
35033,"Haldimand--Norfolk/Haldimand--Norfolk"," 175-1","Norfolk County",0,0,0,55,4,28,0,1,88,214
35033,"Haldimand--Norfolk/Haldimand--Norfolk"," 176","Norfolk County",2,6,3,109,36,54,0,4,214,409
35033,"Haldimand--Norfolk/Haldimand--Norfolk"," 177","Norfolk County",0,0,2,62,4,31,0,0,99,279
35033,"Haldimand--Norfolk/Haldimand--Norfolk"," 178","Norfolk County",0,0,8,80,25,53,0,0,166,339
35033,"Haldimand--Norfolk/Haldimand--Norfolk"," 179","Norfolk County",0,0,8,90,22,75,3,0,198,422
35033,"Haldimand--Norfolk/Haldimand--Norfolk"," 180","Norfolk County",0,1,9,117,32,91,0,2,252,423
35033,"Haldimand--Norfolk/Haldimand--Norfolk"," 180-1","Norfolk County",0,1,3,37,17,31,1,1,91,197
35033,"Haldimand--Norfolk/Haldimand--Norfolk"," 181","Norfolk County",0,0,12,79,32,80,4,0,207,430
35033,"Haldimand--Norfolk/Haldimand--Norfolk"," 182","Norfolk County",1,2,11,103,15,43,1,2,178,349
35033,"Haldimand--Norfolk/Haldimand--Norfolk"," 183","Norfolk County",0,1,8,108,33,78,0,0,228,455
35033,"Haldimand--Norfolk/Haldimand--Norfolk"," 184","Norfolk County",0,0,7,202,25,90,0,1,325,407
35033,"Haldimand--Norfolk/Haldimand--Norfolk"," 185","Norfolk County",0,0,5,116,27,56,2,0,206,410
35033,"Haldimand--Norfolk/Haldimand--Norfolk"," 186","Norfolk County",0,1,4,97,17,76,0,0,195,371
35033,"Haldimand--Norfolk/Haldimand--Norfolk"," 187","Norfolk County",1,2,5,84,14,37,0,0,143,350
35033,"Haldimand--Norfolk/Haldimand--Norfolk"," 187-1","Norfolk County",0,2,6,94,16,51,0,0,169,385
35033,"Haldimand--Norfolk/Haldimand--Norfolk"," 188","Norfolk County",2,4,12,151,33,56,0,0,258,554
35033,"Haldimand--Norfolk/Haldimand--Norfolk"," 400","Haldimand County",0,4,1,24,4,6,1,2,42,133
35033,"Haldimand--Norfolk/Haldimand--Norfolk"," 401","Norfolk County",0,0,0,29,8,23,1,3,64,173
35033,"Haldimand--Norfolk/Haldimand--Norfolk"," 500","Mobile poll/Bureau itinérant",0,0,4,9,4,12,1,0,30,69
35033,"Haldimand--Norfolk/Haldimand--Norfolk"," 501","Mobile poll/Bureau itinérant",0,0,1,23,5,23,0,3,55,140
35033,"Haldimand--Norfolk/Haldimand--Norfolk"," 502","Mobile poll/Bureau itinérant",1,1,2,61,11,30,1,0,107,197
35033,"Haldimand--Norfolk/Haldimand--Norfolk"," 503","Mobile poll/Bureau itinérant",1,2,2,45,15,33,2,2,102,219
35033,"Haldimand--Norfolk/Haldimand--Norfolk"," 504","Mobile poll/Bureau itinérant",1,1,0,61,2,25,1,1,92,160
35033,"Haldimand--Norfolk/Haldimand--Norfolk"," 505","Mobile poll/Bureau itinérant",2,3,4,31,10,31,2,4,87,163
35033,"Haldimand--Norfolk/Haldimand--Norfolk"," 600","Haldimand County",4,8,41,562,187,515,3,3,1323,
35033,"Haldimand--Norfolk/Haldimand--Norfolk"," 601","Haldimand County",0,14,19,318,87,204,0,2,644,
35033,"Haldimand--Norfolk/Haldimand--Norfolk"," 602","Haldimand County",3,28,63,446,103,239,0,4,886,
35033,"Haldimand--Norfolk/Haldimand--Norfolk"," 603","Haldimand County",0,12,15,243,78,140,1,1,490,
35033,"Haldimand--Norfolk/Haldimand--Norfolk"," 604","Ancaster",3,5,14,254,68,165,5,4,518,
35033,"Haldimand--Norfolk/Haldimand--Norfolk"," 605","Haldimand County",1,9,23,299,100,261,1,1,695,
35033,"Haldimand--Norfolk/Haldimand--Norfolk"," 606","Norfolk County",2,7,16,364,95,268,3,7,762,
35033,"Haldimand--Norfolk/Haldimand--Norfolk"," 607","Ancaster",0,2,20,220,45,169,1,3,460,
35033,"Haldimand--Norfolk/Haldimand--Norfolk"," 608","Norfolk County",3,6,19,365,112,331,7,3,846,
35033,"Haldimand--Norfolk/Haldimand--Norfolk"," 609","Norfolk County",0,4,19,400,104,417,4,3,951,
35033,"Haldimand--Norfolk/Haldimand--Norfolk"," 610","Norfolk County",1,5,10,134,28,146,0,2,326,
35033,"Haldimand--Norfolk/Haldimand--Norfolk"," 611","Norfolk County",1,11,20,492,103,448,1,5,1081,
35033,"Haldimand--Norfolk/Haldimand--Norfolk"," 612","Norfolk County",0,3,12,194,48,157,1,4,419,
35033,"Haldimand--Norfolk/Haldimand--Norfolk"," 613","Norfolk County",2,13,27,396,105,374,7,2,926,
35033,"Haldimand--Norfolk/Haldimand--Norfolk"," 614","Ancaster",0,3,13,296,61,177,1,0,551,
35033,"Haldimand--Norfolk/Haldimand--Norfolk"," 615","Norfolk County",0,1,8,146,33,53,1,4,246,
35033,"Haldimand--Norfolk/Haldimand--Norfolk"," 616","Ancaster",3,8,18,354,62,195,1,3,644,
35033,"Haldimand--Norfolk/Haldimand--Norfolk",,"Group 1/Groupe 1",0,1,5,41,12,50,0,8,117,52
35033,"Haldimand--Norfolk/Haldimand--Norfolk",,"Group 2/Groupe 2",1,11,28,624,129,470,9,6,1278,
