﻿Electoral District Number/Numéro de circonscription,Electoral District Name/Nom de circonscription,Polling Station Number/Numéro du bureau de scrutin,Polling Station Name/Nom du bureau de scrutin,Vince Fiorito,Karina Gould,David Laird,Mike Wallace,Rejected Ballots/Bulletins rejetés,Total Votes/Total des votes,Electors/Électeurs
35015,"Burlington/Burlington"," 1","Burlington",4,116,19,98,0,237,425
35015,"Burlington/Burlington"," 2","Burlington",7,103,19,100,0,229,441
35015,"Burlington/Burlington"," 3","Burlington",3,122,17,124,2,268,527
35015,"Burlington/Burlington"," 4","Burlington",9,121,15,68,0,213,414
35015,"Burlington/Burlington"," 5","Burlington",4,134,21,108,1,268,468
35015,"Burlington/Burlington"," 6","Burlington",0,110,17,97,0,224,377
35015,"Burlington/Burlington"," 7","Burlington",7,80,16,103,0,206,354
35015,"Burlington/Burlington"," 8","Burlington",8,99,30,102,2,241,487
35015,"Burlington/Burlington"," 9","Burlington",10,119,21,94,1,245,453
35015,"Burlington/Burlington"," 10","Burlington",11,116,26,109,0,262,456
35015,"Burlington/Burlington"," 11","Burlington",7,100,11,64,1,183,402
35015,"Burlington/Burlington"," 12","Burlington",5,88,19,81,0,193,372
35015,"Burlington/Burlington"," 13A","Burlington",5,55,6,42,0,108,219
35015,"Burlington/Burlington"," 13B","Burlington",Merged with No./Fusionné avec le n°16,,,,,,155
35015,"Burlington/Burlington"," 14","Burlington",4,94,12,65,0,175,301
35015,"Burlington/Burlington"," 15","Burlington",6,91,30,88,0,215,422
35015,"Burlington/Burlington"," 16","Burlington",8,155,21,173,0,357,329
35015,"Burlington/Burlington"," 17","Burlington",8,102,32,89,0,231,437
35015,"Burlington/Burlington"," 18","Burlington",8,97,30,98,1,234,403
35015,"Burlington/Burlington"," 19","Burlington",6,99,20,110,3,238,373
35015,"Burlington/Burlington"," 20","Burlington",3,101,21,106,0,231,383
35015,"Burlington/Burlington"," 21","Burlington",6,112,16,91,1,226,371
35015,"Burlington/Burlington"," 22","Burlington",8,119,21,108,1,257,482
35015,"Burlington/Burlington"," 23","Burlington",5,138,31,117,0,291,483
35015,"Burlington/Burlington"," 24","Burlington",7,146,46,138,0,337,518
35015,"Burlington/Burlington"," 25","Burlington",8,118,22,118,1,267,471
35015,"Burlington/Burlington"," 26","Burlington",7,166,20,149,4,346,720
35015,"Burlington/Burlington"," 27","Burlington",0,61,10,61,1,133,308
35015,"Burlington/Burlington"," 28","Burlington",4,89,17,46,0,156,305
35015,"Burlington/Burlington"," 29","Burlington",9,122,26,130,0,287,465
35015,"Burlington/Burlington"," 30","Burlington",6,95,24,107,1,233,422
35015,"Burlington/Burlington"," 31","Burlington",8,97,14,148,0,267,474
35015,"Burlington/Burlington"," 32","Burlington",9,88,19,97,0,213,397
35015,"Burlington/Burlington"," 33","Burlington",5,116,11,131,0,263,424
35015,"Burlington/Burlington"," 34","Burlington",2,78,10,110,0,200,393
35015,"Burlington/Burlington"," 35","Burlington",3,95,8,122,0,228,410
35015,"Burlington/Burlington"," 36","Burlington",3,83,11,139,2,238,421
35015,"Burlington/Burlington"," 37","Burlington",6,100,18,91,0,215,401
35015,"Burlington/Burlington"," 38","Burlington",3,97,25,102,0,227,382
35015,"Burlington/Burlington"," 39","Burlington",7,115,19,103,2,246,389
35015,"Burlington/Burlington"," 40","Burlington",2,73,20,76,0,171,291
35015,"Burlington/Burlington"," 41","Burlington",6,77,7,90,1,181,337
35015,"Burlington/Burlington"," 42","Burlington",2,98,17,79,2,198,362
35015,"Burlington/Burlington"," 43","Burlington",8,88,14,78,0,188,349
35015,"Burlington/Burlington"," 44","Burlington",7,109,22,85,1,224,417
35015,"Burlington/Burlington"," 45","Burlington",3,116,17,131,0,267,494
35015,"Burlington/Burlington"," 46","Burlington",2,100,17,92,2,213,369
35015,"Burlington/Burlington"," 47","Burlington",5,108,12,110,0,235,374
35015,"Burlington/Burlington"," 48","Burlington",12,116,39,121,2,290,539
35015,"Burlington/Burlington"," 49","Burlington",6,82,21,69,1,179,331
35015,"Burlington/Burlington"," 50","Burlington",9,115,27,115,0,266,449
35015,"Burlington/Burlington"," 51","Burlington",7,104,25,119,7,262,443
35015,"Burlington/Burlington"," 52","Burlington",6,120,22,126,0,274,473
35015,"Burlington/Burlington"," 53","Burlington",10,125,19,91,1,246,425
35015,"Burlington/Burlington"," 54","Burlington",5,111,18,119,2,255,392
35015,"Burlington/Burlington"," 55","Burlington",6,112,4,89,0,211,363
35015,"Burlington/Burlington"," 56","Burlington",8,114,30,100,3,255,493
35015,"Burlington/Burlington"," 57","Burlington",5,133,25,100,1,264,466
35015,"Burlington/Burlington"," 58","Burlington",5,112,17,111,0,245,430
35015,"Burlington/Burlington"," 59","Burlington",9,116,22,101,1,249,404
35015,"Burlington/Burlington"," 60","Burlington",8,110,27,101,1,247,442
35015,"Burlington/Burlington"," 61","Burlington",5,64,31,56,0,156,307
35015,"Burlington/Burlington"," 62","Burlington",4,128,38,91,0,261,421
35015,"Burlington/Burlington"," 63","Burlington",5,100,32,83,1,221,419
35015,"Burlington/Burlington"," 64","Burlington",4,99,19,78,1,201,436
35015,"Burlington/Burlington"," 65","Burlington",6,107,24,92,1,230,493
35015,"Burlington/Burlington"," 66","Burlington",10,63,11,69,1,154,318
35015,"Burlington/Burlington"," 67","Burlington",6,99,37,85,0,227,462
35015,"Burlington/Burlington"," 68","Burlington",3,98,18,86,2,207,410
35015,"Burlington/Burlington"," 69","Burlington",5,90,17,65,0,177,348
35015,"Burlington/Burlington"," 70","Burlington",2,91,33,64,1,191,381
35015,"Burlington/Burlington"," 71","Burlington",4,99,29,91,0,223,351
35015,"Burlington/Burlington"," 72","Burlington",13,74,55,87,0,229,374
35015,"Burlington/Burlington"," 73","Burlington",5,95,31,103,0,234,411
35015,"Burlington/Burlington"," 74","Burlington",7,102,22,94,4,229,355
35015,"Burlington/Burlington"," 75","Burlington",14,137,44,138,2,335,466
35015,"Burlington/Burlington"," 76","Burlington",5,105,19,91,0,220,371
35015,"Burlington/Burlington"," 77","Burlington",8,93,50,71,0,222,386
35015,"Burlington/Burlington"," 78","Burlington",4,78,22,86,1,191,347
35015,"Burlington/Burlington"," 79","Burlington",7,95,25,92,0,219,315
35015,"Burlington/Burlington"," 80","Burlington",4,91,31,62,1,189,320
35015,"Burlington/Burlington"," 81","Burlington",13,123,20,97,0,253,404
35015,"Burlington/Burlington"," 82","Burlington",12,112,38,83,1,246,450
35015,"Burlington/Burlington"," 83","Burlington",3,115,26,89,0,233,455
35015,"Burlington/Burlington"," 84","Burlington",6,99,24,99,1,229,440
35015,"Burlington/Burlington"," 85","Burlington",5,119,22,101,0,247,437
35015,"Burlington/Burlington"," 86","Burlington",7,140,19,149,1,316,512
35015,"Burlington/Burlington"," 87","Burlington",5,134,18,88,3,248,418
35015,"Burlington/Burlington"," 88","Burlington",13,109,24,80,0,226,372
35015,"Burlington/Burlington"," 89","Burlington",3,77,20,65,0,165,336
35015,"Burlington/Burlington"," 90","Burlington",6,132,33,112,0,283,458
35015,"Burlington/Burlington"," 91","Burlington",11,102,16,100,3,232,454
35015,"Burlington/Burlington"," 92","Burlington",7,132,18,100,0,257,460
35015,"Burlington/Burlington"," 93","Burlington",4,78,17,87,3,189,405
35015,"Burlington/Burlington"," 94","Burlington",3,119,41,88,0,251,415
35015,"Burlington/Burlington"," 95","Burlington",6,131,24,110,0,271,448
35015,"Burlington/Burlington"," 96","Burlington",5,77,18,78,1,179,401
35015,"Burlington/Burlington"," 97","Burlington",2,84,20,70,0,176,346
35015,"Burlington/Burlington"," 98","Burlington",2,77,15,85,0,179,309
35015,"Burlington/Burlington"," 99","Burlington",6,108,16,109,0,239,448
35015,"Burlington/Burlington"," 100","Burlington",4,124,11,127,0,266,432
35015,"Burlington/Burlington"," 101","Burlington",4,57,13,48,0,122,280
35015,"Burlington/Burlington"," 102","Burlington",3,94,14,87,1,199,363
35015,"Burlington/Burlington"," 103","Burlington",4,77,19,72,0,172,323
35015,"Burlington/Burlington"," 104","Burlington",10,83,16,85,0,194,403
35015,"Burlington/Burlington"," 105","Burlington",6,81,28,64,0,179,335
35015,"Burlington/Burlington"," 106","Burlington",3,82,14,100,1,200,365
35015,"Burlington/Burlington"," 107","Burlington",6,101,14,132,0,253,497
35015,"Burlington/Burlington"," 108","Burlington",8,117,43,88,0,256,492
35015,"Burlington/Burlington"," 109","Burlington",4,122,14,149,0,289,439
35015,"Burlington/Burlington"," 110","Burlington",1,125,4,125,0,255,438
35015,"Burlington/Burlington"," 111","Burlington",12,63,23,89,1,188,330
35015,"Burlington/Burlington"," 112","Burlington",2,85,11,149,2,249,458
35015,"Burlington/Burlington"," 113","Burlington",4,104,9,125,0,242,408
35015,"Burlington/Burlington"," 114","Burlington",1,71,14,128,0,214,367
35015,"Burlington/Burlington"," 115","Burlington",2,104,8,83,0,197,327
35015,"Burlington/Burlington"," 116","Burlington",7,90,37,78,1,213,459
35015,"Burlington/Burlington"," 117","Burlington",8,73,17,70,0,168,359
35015,"Burlington/Burlington"," 118","Burlington",4,87,24,71,1,187,395
35015,"Burlington/Burlington"," 119","Burlington",10,113,30,95,0,248,453
35015,"Burlington/Burlington"," 120","Burlington",5,98,22,76,0,201,360
35015,"Burlington/Burlington"," 121","Burlington",10,101,12,56,1,180,300
35015,"Burlington/Burlington"," 122","Burlington",0,106,14,98,0,218,310
35015,"Burlington/Burlington"," 123","Burlington",5,101,46,82,0,234,537
35015,"Burlington/Burlington"," 124","Burlington",2,89,24,92,0,207,348
35015,"Burlington/Burlington"," 125","Burlington",3,83,14,67,0,167,297
35015,"Burlington/Burlington"," 126A","Burlington",5,64,16,58,0,143,268
35015,"Burlington/Burlington"," 126B","Mobile poll/Bureau itinérant",Merged with No./Fusionné avec le n°502A,,,,,,87
35015,"Burlington/Burlington"," 127A","Burlington",4,74,11,110,0,199,358
35015,"Burlington/Burlington"," 127B","Mobile poll/Bureau itinérant",Merged with No./Fusionné avec le n°510,,,,,,69
35015,"Burlington/Burlington"," 128","Burlington",5,89,12,160,2,268,427
35015,"Burlington/Burlington"," 129","Burlington",11,85,10,149,0,255,460
35015,"Burlington/Burlington"," 130","Burlington",8,85,11,146,0,250,446
35015,"Burlington/Burlington"," 131","Burlington",1,91,23,93,0,208,359
35015,"Burlington/Burlington"," 132","Burlington",3,117,6,107,1,234,362
35015,"Burlington/Burlington"," 133","Burlington",8,63,5,121,0,197,340
35015,"Burlington/Burlington"," 134","Burlington",6,104,15,116,0,241,375
35015,"Burlington/Burlington"," 135","Burlington",0,74,9,110,0,193,350
35015,"Burlington/Burlington"," 136","Burlington",6,98,16,119,0,239,379
35015,"Burlington/Burlington"," 137","Burlington",4,104,13,120,0,241,408
35015,"Burlington/Burlington"," 138","Burlington",5,92,16,101,0,214,373
35015,"Burlington/Burlington"," 139","Burlington",5,94,23,55,1,178,464
35015,"Burlington/Burlington"," 140","Burlington",5,104,29,82,1,221,449
35015,"Burlington/Burlington"," 141","Burlington",9,122,13,98,3,245,469
35015,"Burlington/Burlington"," 142","Burlington",3,144,12,124,2,285,451
35015,"Burlington/Burlington"," 143","Burlington",2,76,7,84,0,169,336
35015,"Burlington/Burlington"," 144","Burlington",9,82,30,79,2,202,393
35015,"Burlington/Burlington"," 145","Burlington",9,128,20,72,0,229,432
35015,"Burlington/Burlington"," 146","Burlington",4,153,32,104,0,293,514
35015,"Burlington/Burlington"," 147","Burlington",6,91,22,68,2,189,351
35015,"Burlington/Burlington"," 148","Burlington",8,122,16,109,0,255,468
35015,"Burlington/Burlington"," 149","Burlington",11,104,24,85,0,224,420
35015,"Burlington/Burlington"," 150","Burlington",4,112,26,55,0,197,305
35015,"Burlington/Burlington"," 151","Burlington",5,96,26,76,1,204,361
35015,"Burlington/Burlington"," 152","Burlington",6,148,25,83,0,262,445
35015,"Burlington/Burlington"," 153","Burlington",23,140,42,91,1,297,481
35015,"Burlington/Burlington"," 154","Burlington",9,76,19,80,0,184,358
35015,"Burlington/Burlington"," 155","Burlington",7,119,9,85,0,220,384
35015,"Burlington/Burlington"," 156","Burlington",4,115,16,123,0,258,442
35015,"Burlington/Burlington"," 157","Burlington",10,111,16,81,0,218,365
35015,"Burlington/Burlington"," 158","Burlington",9,119,10,102,0,240,391
35015,"Burlington/Burlington"," 159","Burlington",14,93,16,61,1,185,324
35015,"Burlington/Burlington"," 160","Burlington",5,131,27,70,2,235,368
35015,"Burlington/Burlington"," 161A","Burlington",3,108,16,89,0,216,391
35015,"Burlington/Burlington"," 161B","Mobile poll/Bureau itinérant",Merged with No./Fusionné avec le n°502B,,,,,,55
35015,"Burlington/Burlington"," 162","Burlington",7,101,19,72,0,199,371
35015,"Burlington/Burlington"," 163","Burlington",7,97,27,50,0,181,402
35015,"Burlington/Burlington"," 164","Burlington",3,87,6,76,1,173,352
35015,"Burlington/Burlington"," 165","Burlington",3,91,27,68,0,189,392
35015,"Burlington/Burlington"," 166","Burlington",3,116,27,68,2,216,457
35015,"Burlington/Burlington"," 167","Burlington",3,112,19,56,1,191,349
35015,"Burlington/Burlington"," 168","Burlington",4,107,13,91,4,219,383
35015,"Burlington/Burlington"," 169","Burlington",2,104,27,89,1,223,505
35015,"Burlington/Burlington"," 170","Burlington",5,58,12,61,1,137,285
35015,"Burlington/Burlington"," 171","Burlington",5,88,17,90,0,200,355
35015,"Burlington/Burlington"," 172","Burlington",5,79,16,63,0,163,346
35015,"Burlington/Burlington"," 173","Burlington",3,110,17,89,0,219,377
35015,"Burlington/Burlington"," 174","Burlington",7,90,15,48,0,160,345
35015,"Burlington/Burlington"," 175","Burlington",4,118,27,133,0,282,446
35015,"Burlington/Burlington"," 176","Burlington",7,119,22,82,3,233,404
35015,"Burlington/Burlington"," 177","Burlington",3,118,26,67,1,215,420
35015,"Burlington/Burlington"," 178","Burlington",8,103,10,103,0,224,395
35015,"Burlington/Burlington"," 179","Burlington",3,84,36,91,0,214,390
35015,"Burlington/Burlington"," 180","Burlington",6,85,27,98,2,218,404
35015,"Burlington/Burlington"," 181","Burlington",3,100,38,98,2,241,437
35015,"Burlington/Burlington"," 182","Burlington",5,111,33,104,0,253,396
35015,"Burlington/Burlington"," 183","Burlington",7,76,17,71,0,171,391
35015,"Burlington/Burlington"," 184","Burlington",7,88,23,69,2,189,481
35015,"Burlington/Burlington"," 185","Burlington",2,90,11,94,1,198,387
35015,"Burlington/Burlington"," 186A","Burlington",4,78,13,100,0,195,303
35015,"Burlington/Burlington"," 186B","Mobile poll/Bureau itinérant",Merged with No./Fusionné avec le n°502B,,,,,,77
35015,"Burlington/Burlington"," 187","Burlington",5,85,25,86,1,202,367
35015,"Burlington/Burlington"," 188","Burlington",5,111,27,78,1,222,353
35015,"Burlington/Burlington"," 189","Burlington",2,88,29,47,0,166,357
35015,"Burlington/Burlington"," 190","Burlington",6,126,34,55,2,223,448
35015,"Burlington/Burlington"," 191","Burlington",7,79,23,56,0,165,349
35015,"Burlington/Burlington"," 192","Burlington",6,90,27,53,1,177,440
35015,"Burlington/Burlington"," 193","Burlington",4,113,40,104,2,263,427
35015,"Burlington/Burlington"," 194","Burlington",3,96,17,97,1,214,377
35015,"Burlington/Burlington"," 195","Burlington",9,107,22,110,1,249,404
35015,"Burlington/Burlington"," 196","Burlington",5,80,18,105,0,208,395
35015,"Burlington/Burlington"," 197","Burlington",3,114,15,126,0,258,464
35015,"Burlington/Burlington"," 198","Burlington",5,90,17,86,1,199,380
35015,"Burlington/Burlington"," 199","Burlington",6,81,15,48,0,150,346
35015,"Burlington/Burlington"," 200","Burlington",5,89,26,40,1,161,306
35015,"Burlington/Burlington"," 201","Burlington",3,104,14,145,0,266,444
35015,"Burlington/Burlington"," 202","Burlington",3,112,10,74,2,201,352
35015,"Burlington/Burlington"," 203","Burlington",7,122,18,89,1,237,438
35015,"Burlington/Burlington"," 204","Burlington",9,102,18,106,0,235,395
35015,"Burlington/Burlington"," 205","Burlington",8,103,22,119,1,253,481
35015,"Burlington/Burlington"," 206","Burlington",4,73,12,63,1,153,316
35015,"Burlington/Burlington"," 207","Burlington",0,29,7,24,3,63,102
35015,"Burlington/Burlington"," 208","Burlington",8,107,13,103,0,231,423
35015,"Burlington/Burlington"," 209","Burlington",2,65,16,111,1,195,391
35015,"Burlington/Burlington"," 210","Burlington",1,32,5,56,1,95,180
35015,"Burlington/Burlington"," 211","Burlington",4,103,27,71,0,205,371
35015,"Burlington/Burlington"," 212","Burlington",3,109,17,123,2,254,438
35015,"Burlington/Burlington"," 213","Burlington",5,71,14,69,5,164,319
35015,"Burlington/Burlington"," 214","Burlington",10,126,23,87,0,246,483
35015,"Burlington/Burlington"," 215","Burlington",9,99,27,109,0,244,422
35015,"Burlington/Burlington"," 216","Burlington",9,114,36,82,0,241,464
35015,"Burlington/Burlington"," 217","Burlington",3,99,11,83,0,196,335
35015,"Burlington/Burlington"," 218","Burlington",2,90,11,100,0,203,356
35015,"Burlington/Burlington"," 219","Burlington",7,104,20,101,0,232,459
35015,"Burlington/Burlington"," 220","Burlington",13,125,25,98,0,261,469
35015,"Burlington/Burlington"," 221","Burlington",5,103,21,124,0,253,457
35015,"Burlington/Burlington"," 222","Burlington",3,74,17,60,0,154,337
35015,"Burlington/Burlington"," 400","Burlington",3,79,10,71,1,164,208
35015,"Burlington/Burlington"," 401","Burlington",2,53,8,81,1,145,182
35015,"Burlington/Burlington"," 402","Burlington",0,91,14,76,0,181,240
35015,"Burlington/Burlington"," 403","Burlington",6,80,6,76,0,168,235
35015,"Burlington/Burlington"," 404","Burlington",3,80,21,86,2,192,256
35015,"Burlington/Burlington"," 405","Burlington",2,74,19,45,1,141,249
35015,"Burlington/Burlington"," 406","Burlington",2,58,4,61,0,125,195
35015,"Burlington/Burlington"," 407","Burlington",2,137,15,121,2,277,383
35015,"Burlington/Burlington"," 408","Burlington",3,79,11,60,0,153,211
35015,"Burlington/Burlington"," 409","Burlington",6,112,11,69,2,200,274
35015,"Burlington/Burlington"," 410","Burlington",3,79,19,63,0,164,221
35015,"Burlington/Burlington"," 411","Burlington",1,69,14,65,0,149,215
35015,"Burlington/Burlington"," 412","Hamilton ",1,67,25,60,1,154,213
35015,"Burlington/Burlington"," 413","Burlington",3,93,10,112,3,221,303
35015,"Burlington/Burlington"," 414","Hamilton ",5,81,15,96,0,197,285
35015,"Burlington/Burlington"," 415","Hamilton ",2,40,9,31,0,82,102
35015,"Burlington/Burlington"," 416","Hamilton ",4,95,28,94,0,221,281
35015,"Burlington/Burlington"," 417","Burlington",6,82,20,62,0,170,231
35015,"Burlington/Burlington"," 418","Burlington",4,73,25,86,0,188,256
35015,"Burlington/Burlington"," 419","Burlington",6,68,20,100,1,195,246
35015,"Burlington/Burlington"," 500","Mobile poll/Bureau itinérant",3,47,10,53,0,113,171
35015,"Burlington/Burlington"," 501","Mobile poll/Bureau itinérant",3,53,5,51,3,115,204
35015,"Burlington/Burlington"," 502A","Mobile poll/Bureau itinérant",2,52,21,50,1,126,85
35015,"Burlington/Burlington"," 502B","Mobile poll/Bureau itinérant",0,59,15,58,4,136,119
35015,"Burlington/Burlington"," 503","Mobile poll/Bureau itinérant",6,50,15,54,4,129,188
35015,"Burlington/Burlington"," 504","Mobile poll/Bureau itinérant",3,46,19,46,0,114,132
35015,"Burlington/Burlington"," 505","Mobile poll/Bureau itinérant",1,54,16,64,2,137,191
35015,"Burlington/Burlington"," 506","Mobile poll/Bureau itinérant",1,25,8,23,0,57,209
35015,"Burlington/Burlington"," 507","Mobile poll/Bureau itinérant",1,57,10,43,4,115,283
35015,"Burlington/Burlington"," 508","Mobile poll/Bureau itinérant",2,32,6,35,0,75,190
35015,"Burlington/Burlington"," 509","Mobile poll/Bureau itinérant",1,54,16,64,2,137,269
35015,"Burlington/Burlington"," 510","Mobile poll/Bureau itinérant",2,74,14,68,4,162,229
35015,"Burlington/Burlington"," 600","Burlington",19,473,100,439,1,1032,
35015,"Burlington/Burlington"," 601","Burlington",20,410,79,374,1,884,
35015,"Burlington/Burlington"," 602","Burlington",12,546,63,544,3,1168,
35015,"Burlington/Burlington"," 603","Burlington",18,393,66,455,5,937,
35015,"Burlington/Burlington"," 604","Burlington",13,411,56,344,0,824,
35015,"Burlington/Burlington"," 605","Burlington",23,466,88,467,4,1048,
35015,"Burlington/Burlington"," 606","Burlington",18,236,67,228,5,554,
35015,"Burlington/Burlington"," 607","Burlington",22,476,80,377,3,958,
35015,"Burlington/Burlington"," 608","Burlington",15,462,86,502,4,1069,
35015,"Burlington/Burlington"," 609","Burlington",17,468,71,391,1,948,
35015,"Burlington/Burlington"," 610","Burlington",32,569,95,379,9,1084,
35015,"Burlington/Burlington"," 611","Burlington",20,468,67,386,1,942,
35015,"Burlington/Burlington"," 612","Burlington",25,407,54,388,1,875,
35015,"Burlington/Burlington"," 613","Burlington",13,463,57,476,2,1011,
35015,"Burlington/Burlington"," 614","Burlington",36,492,92,475,1,1096,
35015,"Burlington/Burlington",,"Group 1/Groupe 1",4,52,14,42,6,118,86
35015,"Burlington/Burlington",,"Group 2/Groupe 2",45,908,199,764,25,1941,
