﻿Electoral District Number/Numéro de circonscription,Electoral District Name/Nom de circonscription,Polling Station Number/Numéro du bureau de scrutin,Polling Station Name/Nom du bureau de scrutin,Mike DiLivio,Jennifer Stebbing,David Sweet,David Allan Urquhart,Rejected Ballots/Bulletins rejetés,Total Votes/Total des votes,Electors/Électeurs
35030,"Flamborough--Glanbrook/Flamborough--Glanbrook"," 1","Flamborough",17,89,124,16,0,246,435
35030,"Flamborough--Glanbrook/Flamborough--Glanbrook"," 2","Flamborough",27,87,98,14,1,227,450
35030,"Flamborough--Glanbrook/Flamborough--Glanbrook"," 3","Flamborough",9,85,113,13,0,220,412
35030,"Flamborough--Glanbrook/Flamborough--Glanbrook"," 4","Flamborough",10,61,99,5,0,175,381
35030,"Flamborough--Glanbrook/Flamborough--Glanbrook"," 5","Flamborough",7,61,92,7,0,167,313
35030,"Flamborough--Glanbrook/Flamborough--Glanbrook"," 6","Flamborough",14,81,96,2,1,194,355
35030,"Flamborough--Glanbrook/Flamborough--Glanbrook"," 7","Flamborough",33,87,115,9,2,246,436
35030,"Flamborough--Glanbrook/Flamborough--Glanbrook"," 8","Flamborough",17,81,150,8,0,256,424
35030,"Flamborough--Glanbrook/Flamborough--Glanbrook"," 9","Flamborough",18,78,144,8,1,249,429
35030,"Flamborough--Glanbrook/Flamborough--Glanbrook"," 10","Flamborough",17,67,118,7,0,209,401
35030,"Flamborough--Glanbrook/Flamborough--Glanbrook"," 11","Flamborough",14,58,139,6,0,217,397
35030,"Flamborough--Glanbrook/Flamborough--Glanbrook"," 12","Flamborough",21,62,143,4,2,232,448
35030,"Flamborough--Glanbrook/Flamborough--Glanbrook"," 13","Flamborough",27,93,133,10,1,264,450
35030,"Flamborough--Glanbrook/Flamborough--Glanbrook"," 14","Flamborough",39,77,107,15,2,240,395
35030,"Flamborough--Glanbrook/Flamborough--Glanbrook"," 15","Flamborough",21,52,143,17,1,234,376
35030,"Flamborough--Glanbrook/Flamborough--Glanbrook"," 16","Flamborough",18,78,122,11,2,231,370
35030,"Flamborough--Glanbrook/Flamborough--Glanbrook"," 17","Flamborough",28,80,112,12,3,235,386
35030,"Flamborough--Glanbrook/Flamborough--Glanbrook"," 18","Flamborough",24,75,140,7,1,247,428
35030,"Flamborough--Glanbrook/Flamborough--Glanbrook"," 19","Flamborough",14,95,117,7,1,234,317
35030,"Flamborough--Glanbrook/Flamborough--Glanbrook"," 20A","Flamborough",20,75,92,6,1,194,300
35030,"Flamborough--Glanbrook/Flamborough--Glanbrook"," 20B","Flamborough",25,83,73,4,2,187,304
35030,"Flamborough--Glanbrook/Flamborough--Glanbrook"," 21","Flamborough",4,29,78,9,0,120,208
35030,"Flamborough--Glanbrook/Flamborough--Glanbrook"," 22","Flamborough",27,78,196,6,0,307,497
35030,"Flamborough--Glanbrook/Flamborough--Glanbrook"," 23","Flamborough",25,68,186,6,0,285,472
35030,"Flamborough--Glanbrook/Flamborough--Glanbrook"," 24","Flamborough",36,84,130,11,1,262,407
35030,"Flamborough--Glanbrook/Flamborough--Glanbrook"," 25","Flamborough",37,102,161,10,0,310,448
35030,"Flamborough--Glanbrook/Flamborough--Glanbrook"," 26","Flamborough",18,71,123,7,0,219,407
35030,"Flamborough--Glanbrook/Flamborough--Glanbrook"," 27","Flamborough",12,81,109,9,0,211,310
35030,"Flamborough--Glanbrook/Flamborough--Glanbrook"," 28","Flamborough",20,78,114,5,0,217,347
35030,"Flamborough--Glanbrook/Flamborough--Glanbrook"," 29","Flamborough",32,106,144,5,2,289,493
35030,"Flamborough--Glanbrook/Flamborough--Glanbrook"," 30A","Flamborough",14,82,75,6,0,177,320
35030,"Flamborough--Glanbrook/Flamborough--Glanbrook"," 30B","Flamborough",20,80,86,2,1,189,332
35030,"Flamborough--Glanbrook/Flamborough--Glanbrook"," 31","Flamborough",35,160,132,12,2,341,534
35030,"Flamborough--Glanbrook/Flamborough--Glanbrook"," 32","Flamborough",25,55,97,7,4,188,314
35030,"Flamborough--Glanbrook/Flamborough--Glanbrook"," 33","Flamborough",31,114,122,10,1,278,493
35030,"Flamborough--Glanbrook/Flamborough--Glanbrook"," 34","Flamborough",29,140,127,10,0,306,574
35030,"Flamborough--Glanbrook/Flamborough--Glanbrook"," 35","Flamborough",41,133,130,2,0,306,561
35030,"Flamborough--Glanbrook/Flamborough--Glanbrook"," 36","Flamborough",20,99,109,4,1,233,421
35030,"Flamborough--Glanbrook/Flamborough--Glanbrook"," 37","Flamborough",14,55,111,4,0,184,379
35030,"Flamborough--Glanbrook/Flamborough--Glanbrook"," 38","Flamborough",10,81,103,6,0,200,374
35030,"Flamborough--Glanbrook/Flamborough--Glanbrook"," 39A","Flamborough",29,107,101,3,0,240,414
35030,"Flamborough--Glanbrook/Flamborough--Glanbrook"," 39B","Flamborough",20,88,93,5,0,206,422
35030,"Flamborough--Glanbrook/Flamborough--Glanbrook"," 40","Flamborough",16,81,87,6,0,190,320
35030,"Flamborough--Glanbrook/Flamborough--Glanbrook"," 41","Flamborough",33,87,94,3,1,218,376
35030,"Flamborough--Glanbrook/Flamborough--Glanbrook"," 42","Flamborough",24,87,81,16,0,208,363
35030,"Flamborough--Glanbrook/Flamborough--Glanbrook"," 43","Flamborough",25,98,97,10,3,233,534
35030,"Flamborough--Glanbrook/Flamborough--Glanbrook"," 44","Flamborough",15,93,108,7,2,225,391
35030,"Flamborough--Glanbrook/Flamborough--Glanbrook"," 45","Flamborough",38,96,120,14,2,270,524
35030,"Flamborough--Glanbrook/Flamborough--Glanbrook"," 46","Flamborough",18,114,101,7,2,242,419
35030,"Flamborough--Glanbrook/Flamborough--Glanbrook"," 47","Flamborough",21,93,107,6,2,229,450
35030,"Flamborough--Glanbrook/Flamborough--Glanbrook"," 48","Flamborough",20,89,121,10,0,240,441
35030,"Flamborough--Glanbrook/Flamborough--Glanbrook"," 49","Flamborough",17,98,125,2,0,242,437
35030,"Flamborough--Glanbrook/Flamborough--Glanbrook"," 50","Flamborough",25,116,122,12,0,275,475
35030,"Flamborough--Glanbrook/Flamborough--Glanbrook"," 51","Flamborough",22,99,123,9,0,253,447
35030,"Flamborough--Glanbrook/Flamborough--Glanbrook"," 52","Flamborough",15,112,96,8,0,231,399
35030,"Flamborough--Glanbrook/Flamborough--Glanbrook"," 53","Flamborough",27,73,106,7,2,215,406
35030,"Flamborough--Glanbrook/Flamborough--Glanbrook"," 54","Flamborough",13,68,80,6,0,167,348
35030,"Flamborough--Glanbrook/Flamborough--Glanbrook"," 55","Flamborough",33,132,94,10,1,270,468
35030,"Flamborough--Glanbrook/Flamborough--Glanbrook"," 56","Flamborough",21,109,141,9,2,282,495
35030,"Flamborough--Glanbrook/Flamborough--Glanbrook"," 57","Flamborough",18,64,83,5,0,170,339
35030,"Flamborough--Glanbrook/Flamborough--Glanbrook"," 58","Flamborough",23,52,88,5,1,169,299
35030,"Flamborough--Glanbrook/Flamborough--Glanbrook"," 59","Flamborough",17,88,119,4,1,229,364
35030,"Flamborough--Glanbrook/Flamborough--Glanbrook"," 60","Flamborough",31,60,80,6,1,178,357
35030,"Flamborough--Glanbrook/Flamborough--Glanbrook"," 61","Dundas",35,86,83,17,1,222,369
35030,"Flamborough--Glanbrook/Flamborough--Glanbrook"," 62","Flamborough",36,132,115,18,1,302,448
35030,"Flamborough--Glanbrook/Flamborough--Glanbrook"," 63","Flamborough",23,72,121,9,0,225,348
35030,"Flamborough--Glanbrook/Flamborough--Glanbrook"," 64","Flamborough",39,105,165,12,0,321,478
35030,"Flamborough--Glanbrook/Flamborough--Glanbrook"," 65","Flamborough",17,89,84,9,1,200,311
35030,"Flamborough--Glanbrook/Flamborough--Glanbrook"," 66","Flamborough",19,96,88,18,2,223,315
35030,"Flamborough--Glanbrook/Flamborough--Glanbrook"," 67","Flamborough",35,109,145,19,1,309,507
35030,"Flamborough--Glanbrook/Flamborough--Glanbrook"," 68","Flamborough",28,127,122,18,0,295,439
35030,"Flamborough--Glanbrook/Flamborough--Glanbrook"," 69","Flamborough",26,113,144,9,2,294,454
35030,"Flamborough--Glanbrook/Flamborough--Glanbrook"," 70","Flamborough",20,85,162,7,1,275,452
35030,"Flamborough--Glanbrook/Flamborough--Glanbrook"," 71","Flamborough",33,81,151,9,0,274,474
35030,"Flamborough--Glanbrook/Flamborough--Glanbrook"," 72","Ancaster",37,105,145,7,0,294,468
35030,"Flamborough--Glanbrook/Flamborough--Glanbrook"," 73","Ancaster",15,66,146,15,2,244,463
35030,"Flamborough--Glanbrook/Flamborough--Glanbrook"," 74","Flamborough",23,72,126,11,1,233,394
35030,"Flamborough--Glanbrook/Flamborough--Glanbrook"," 75","Flamborough",19,66,106,8,0,199,350
35030,"Flamborough--Glanbrook/Flamborough--Glanbrook"," 76","Flamborough",33,60,119,7,0,219,419
35030,"Flamborough--Glanbrook/Flamborough--Glanbrook"," 77","Flamborough",36,61,116,8,1,222,367
35030,"Flamborough--Glanbrook/Flamborough--Glanbrook"," 78","Ancaster",43,90,161,19,1,314,482
35030,"Flamborough--Glanbrook/Flamborough--Glanbrook"," 79","Ancaster",24,106,142,14,1,287,428
35030,"Flamborough--Glanbrook/Flamborough--Glanbrook"," 80","Ancaster",21,88,180,11,0,300,445
35030,"Flamborough--Glanbrook/Flamborough--Glanbrook"," 81","Ancaster",21,82,156,9,1,269,464
35030,"Flamborough--Glanbrook/Flamborough--Glanbrook"," 82","Glanbrook",34,101,75,11,0,221,382
35030,"Flamborough--Glanbrook/Flamborough--Glanbrook"," 83","Glanbrook",12,70,47,0,0,129,442
35030,"Flamborough--Glanbrook/Flamborough--Glanbrook"," 84","Glanbrook",17,55,61,1,0,134,372
35030,"Flamborough--Glanbrook/Flamborough--Glanbrook"," 85","Glanbrook",39,65,73,11,0,188,434
35030,"Flamborough--Glanbrook/Flamborough--Glanbrook"," 86","Glanbrook",37,125,107,9,2,280,506
35030,"Flamborough--Glanbrook/Flamborough--Glanbrook"," 87","Hamilton ",30,133,113,10,2,288,504
35030,"Flamborough--Glanbrook/Flamborough--Glanbrook"," 88","Hamilton ",41,135,92,11,0,279,513
35030,"Flamborough--Glanbrook/Flamborough--Glanbrook"," 89A","Hamilton",22,75,53,0,0,150,279
35030,"Flamborough--Glanbrook/Flamborough--Glanbrook"," 89B","Hamilton",22,69,61,5,1,158,299
35030,"Flamborough--Glanbrook/Flamborough--Glanbrook"," 90","Hamilton ",59,89,108,8,4,268,376
35030,"Flamborough--Glanbrook/Flamborough--Glanbrook"," 91","Hamilton ",38,104,82,9,1,234,339
35030,"Flamborough--Glanbrook/Flamborough--Glanbrook"," 92","Hamilton ",46,139,97,10,2,294,499
35030,"Flamborough--Glanbrook/Flamborough--Glanbrook"," 93","Hamilton ",32,75,72,9,2,190,342
35030,"Flamborough--Glanbrook/Flamborough--Glanbrook"," 94","Hamilton ",43,92,74,8,0,217,370
35030,"Flamborough--Glanbrook/Flamborough--Glanbrook"," 95","Hamilton ",34,93,81,7,1,216,311
35030,"Flamborough--Glanbrook/Flamborough--Glanbrook"," 96","Hamilton ",39,86,73,10,1,209,336
35030,"Flamborough--Glanbrook/Flamborough--Glanbrook"," 97","Hamilton ",39,81,63,0,2,185,345
35030,"Flamborough--Glanbrook/Flamborough--Glanbrook"," 98","Hamilton ",58,77,51,7,1,194,378
35030,"Flamborough--Glanbrook/Flamborough--Glanbrook"," 99","Hamilton ",60,121,72,5,0,258,500
35030,"Flamborough--Glanbrook/Flamborough--Glanbrook"," 100","Hamilton ",44,93,60,10,0,207,419
35030,"Flamborough--Glanbrook/Flamborough--Glanbrook"," 101","Hamilton ",35,73,43,4,0,155,361
35030,"Flamborough--Glanbrook/Flamborough--Glanbrook"," 102","Hamilton ",36,109,112,10,0,267,540
35030,"Flamborough--Glanbrook/Flamborough--Glanbrook"," 103","Hamilton ",48,113,58,5,1,225,427
35030,"Flamborough--Glanbrook/Flamborough--Glanbrook"," 104","Hamilton ",27,89,84,4,0,204,386
35030,"Flamborough--Glanbrook/Flamborough--Glanbrook"," 105","Stoney Creek",42,94,64,8,1,209,385
35030,"Flamborough--Glanbrook/Flamborough--Glanbrook"," 106","Stoney Creek",42,81,88,11,0,222,397
35030,"Flamborough--Glanbrook/Flamborough--Glanbrook"," 107","Stoney Creek",32,76,55,4,1,168,346
35030,"Flamborough--Glanbrook/Flamborough--Glanbrook"," 108","Stoney Creek",52,109,114,19,0,294,489
35030,"Flamborough--Glanbrook/Flamborough--Glanbrook"," 109","Stoney Creek",55,88,97,4,2,246,436
35030,"Flamborough--Glanbrook/Flamborough--Glanbrook"," 110","Stoney Creek",55,74,100,8,0,237,461
35030,"Flamborough--Glanbrook/Flamborough--Glanbrook"," 111A","Stoney Creek",30,67,64,4,1,166,288
35030,"Flamborough--Glanbrook/Flamborough--Glanbrook"," 111B","Stoney Creek",28,75,78,3,1,185,307
35030,"Flamborough--Glanbrook/Flamborough--Glanbrook"," 112","Stoney Creek",43,81,90,2,1,217,394
35030,"Flamborough--Glanbrook/Flamborough--Glanbrook"," 113A","Stoney Creek",38,67,44,2,0,151,359
35030,"Flamborough--Glanbrook/Flamborough--Glanbrook"," 113B","Stoney Creek",48,76,45,6,0,175,348
35030,"Flamborough--Glanbrook/Flamborough--Glanbrook"," 114","Stoney Creek",51,145,112,6,0,314,518
35030,"Flamborough--Glanbrook/Flamborough--Glanbrook"," 115","Stoney Creek",26,56,58,3,1,144,269
35030,"Flamborough--Glanbrook/Flamborough--Glanbrook"," 116","Stoney Creek",28,79,62,5,0,174,335
35030,"Flamborough--Glanbrook/Flamborough--Glanbrook"," 117","Stoney Creek",26,66,58,9,0,159,271
35030,"Flamborough--Glanbrook/Flamborough--Glanbrook"," 118A","Stoney Creek",32,42,44,1,0,119,265
35030,"Flamborough--Glanbrook/Flamborough--Glanbrook"," 118B","Mobile poll/Bureau itinérant",Merged with No./Fusionné avec le n°504A,,,,,,139
35030,"Flamborough--Glanbrook/Flamborough--Glanbrook"," 119","Stoney Creek",52,73,69,6,0,200,389
35030,"Flamborough--Glanbrook/Flamborough--Glanbrook"," 120","Stoney Creek",42,95,67,7,1,212,367
35030,"Flamborough--Glanbrook/Flamborough--Glanbrook"," 121","Stoney Creek",50,75,59,5,0,189,356
35030,"Flamborough--Glanbrook/Flamborough--Glanbrook"," 122","Stoney Creek",28,72,103,2,0,205,378
35030,"Flamborough--Glanbrook/Flamborough--Glanbrook"," 123","Stoney Creek",52,77,65,5,1,200,389
35030,"Flamborough--Glanbrook/Flamborough--Glanbrook"," 124","Stoney Creek",56,76,91,9,0,232,408
35030,"Flamborough--Glanbrook/Flamborough--Glanbrook"," 125","Stoney Creek",22,85,90,5,1,203,377
35030,"Flamborough--Glanbrook/Flamborough--Glanbrook"," 126","Stoney Creek",43,61,42,9,0,155,308
35030,"Flamborough--Glanbrook/Flamborough--Glanbrook"," 127","Stoney Creek",29,87,84,6,0,206,370
35030,"Flamborough--Glanbrook/Flamborough--Glanbrook"," 128","Stoney Creek",34,155,90,4,1,284,463
35030,"Flamborough--Glanbrook/Flamborough--Glanbrook"," 129","Stoney Creek",45,101,86,10,4,246,411
35030,"Flamborough--Glanbrook/Flamborough--Glanbrook"," 130","Stoney Creek",27,103,99,9,0,238,410
35030,"Flamborough--Glanbrook/Flamborough--Glanbrook"," 131","Stoney Creek",40,114,103,8,2,267,457
35030,"Flamborough--Glanbrook/Flamborough--Glanbrook"," 132","Stoney Creek",51,114,82,6,0,253,387
35030,"Flamborough--Glanbrook/Flamborough--Glanbrook"," 133","Stoney Creek",42,115,69,8,3,237,404
35030,"Flamborough--Glanbrook/Flamborough--Glanbrook"," 134","Stoney Creek",38,152,100,8,1,299,475
35030,"Flamborough--Glanbrook/Flamborough--Glanbrook"," 135","Stoney Creek",63,170,59,8,2,302,533
35030,"Flamborough--Glanbrook/Flamborough--Glanbrook"," 136","Stoney Creek",36,85,70,1,1,193,365
35030,"Flamborough--Glanbrook/Flamborough--Glanbrook"," 137","Stoney Creek",67,92,38,8,1,206,415
35030,"Flamborough--Glanbrook/Flamborough--Glanbrook"," 138A","Stoney Creek",37,106,54,5,0,202,488
35030,"Flamborough--Glanbrook/Flamborough--Glanbrook"," 138B","Stoney Creek",42,112,75,5,3,237,483
35030,"Flamborough--Glanbrook/Flamborough--Glanbrook"," 139","Glanbrook",44,79,76,7,0,206,397
35030,"Flamborough--Glanbrook/Flamborough--Glanbrook"," 140A","Glanbrook",31,119,84,5,3,242,450
35030,"Flamborough--Glanbrook/Flamborough--Glanbrook"," 140B","Glanbrook",39,72,79,5,0,195,446
35030,"Flamborough--Glanbrook/Flamborough--Glanbrook"," 141","Glanbrook",28,81,110,10,1,230,423
35030,"Flamborough--Glanbrook/Flamborough--Glanbrook"," 142","Glanbrook",44,75,107,8,0,234,448
35030,"Flamborough--Glanbrook/Flamborough--Glanbrook"," 143","Stoney Creek",47,71,86,12,2,218,399
35030,"Flamborough--Glanbrook/Flamborough--Glanbrook"," 144","Stoney Creek",27,84,91,14,3,219,370
35030,"Flamborough--Glanbrook/Flamborough--Glanbrook"," 145","Stoney Creek",40,81,103,15,0,239,396
35030,"Flamborough--Glanbrook/Flamborough--Glanbrook"," 146","Stoney Creek",48,92,86,18,0,244,412
35030,"Flamborough--Glanbrook/Flamborough--Glanbrook"," 147","Glanbrook",37,97,78,4,0,216,433
35030,"Flamborough--Glanbrook/Flamborough--Glanbrook"," 148","Glanbrook",54,125,77,4,1,261,503
35030,"Flamborough--Glanbrook/Flamborough--Glanbrook"," 149","Glanbrook",27,103,86,8,1,225,403
35030,"Flamborough--Glanbrook/Flamborough--Glanbrook"," 150","Glanbrook",32,101,66,6,0,205,391
35030,"Flamborough--Glanbrook/Flamborough--Glanbrook"," 151","Glanbrook",35,57,72,5,0,169,357
35030,"Flamborough--Glanbrook/Flamborough--Glanbrook"," 152","Glanbrook",28,41,81,4,0,154,343
35030,"Flamborough--Glanbrook/Flamborough--Glanbrook"," 153","Glanbrook",21,61,71,7,1,161,361
35030,"Flamborough--Glanbrook/Flamborough--Glanbrook"," 154","Glanbrook",44,85,78,9,1,217,400
35030,"Flamborough--Glanbrook/Flamborough--Glanbrook"," 155","Glanbrook",42,72,93,14,0,221,404
35030,"Flamborough--Glanbrook/Flamborough--Glanbrook"," 156","Glanbrook",45,106,91,11,0,253,400
35030,"Flamborough--Glanbrook/Flamborough--Glanbrook"," 157","Glanbrook",28,73,96,13,0,210,417
35030,"Flamborough--Glanbrook/Flamborough--Glanbrook"," 158A","Glanbrook",28,45,82,5,0,160,280
35030,"Flamborough--Glanbrook/Flamborough--Glanbrook"," 158B","Glanbrook",32,69,78,6,1,186,321
35030,"Flamborough--Glanbrook/Flamborough--Glanbrook"," 159","Glanbrook",29,97,105,6,0,237,348
35030,"Flamborough--Glanbrook/Flamborough--Glanbrook"," 160","Glanbrook",21,78,111,13,0,223,331
35030,"Flamborough--Glanbrook/Flamborough--Glanbrook"," 161","Glanbrook",34,91,114,5,0,244,333
35030,"Flamborough--Glanbrook/Flamborough--Glanbrook"," 162","Glanbrook",17,140,123,10,0,290,460
35030,"Flamborough--Glanbrook/Flamborough--Glanbrook"," 163","Glanbrook",30,128,132,7,2,299,449
35030,"Flamborough--Glanbrook/Flamborough--Glanbrook"," 164","Glanbrook",31,42,80,8,0,161,329
35030,"Flamborough--Glanbrook/Flamborough--Glanbrook"," 165","Glanbrook",45,71,98,5,2,221,445
35030,"Flamborough--Glanbrook/Flamborough--Glanbrook"," 166","Glanbrook",31,67,74,13,1,186,377
35030,"Flamborough--Glanbrook/Flamborough--Glanbrook"," 167","Glanbrook",29,69,75,5,0,178,326
35030,"Flamborough--Glanbrook/Flamborough--Glanbrook"," 168","Glanbrook",42,99,112,8,3,264,436
35030,"Flamborough--Glanbrook/Flamborough--Glanbrook"," 169","Glanbrook",48,109,67,4,0,228,417
35030,"Flamborough--Glanbrook/Flamborough--Glanbrook"," 170","Glanbrook",39,73,96,6,0,214,402
35030,"Flamborough--Glanbrook/Flamborough--Glanbrook"," 171A","Glanbrook",36,86,68,6,1,197,362
35030,"Flamborough--Glanbrook/Flamborough--Glanbrook"," 171B","Glanbrook",37,85,84,2,0,208,377
35030,"Flamborough--Glanbrook/Flamborough--Glanbrook"," 172","Glanbrook",33,81,86,7,0,207,404
35030,"Flamborough--Glanbrook/Flamborough--Glanbrook"," 173","Glanbrook",44,92,111,7,1,255,449
35030,"Flamborough--Glanbrook/Flamborough--Glanbrook"," 174A","Glanbrook",24,67,66,7,0,164,273
35030,"Flamborough--Glanbrook/Flamborough--Glanbrook"," 174B","Glanbrook",34,49,62,6,1,152,281
35030,"Flamborough--Glanbrook/Flamborough--Glanbrook"," 175","Glanbrook",47,65,71,2,0,185,335
35030,"Flamborough--Glanbrook/Flamborough--Glanbrook"," 176","Glanbrook",35,85,78,8,1,207,383
35030,"Flamborough--Glanbrook/Flamborough--Glanbrook"," 177","Glanbrook",50,94,71,8,2,225,410
35030,"Flamborough--Glanbrook/Flamborough--Glanbrook"," 178A","Glanbrook",44,85,66,6,1,202,364
35030,"Flamborough--Glanbrook/Flamborough--Glanbrook"," 178B","Glanbrook",29,78,64,6,0,177,364
35030,"Flamborough--Glanbrook/Flamborough--Glanbrook"," 179","Glanbrook",33,85,88,1,0,207,385
35030,"Flamborough--Glanbrook/Flamborough--Glanbrook"," 180","Glanbrook",40,79,108,10,1,238,423
35030,"Flamborough--Glanbrook/Flamborough--Glanbrook"," 181","Glanbrook",35,82,94,12,0,223,424
35030,"Flamborough--Glanbrook/Flamborough--Glanbrook"," 182","Glanbrook",29,71,55,5,1,161,319
35030,"Flamborough--Glanbrook/Flamborough--Glanbrook"," 183","Glanbrook",38,110,102,6,1,257,484
35030,"Flamborough--Glanbrook/Flamborough--Glanbrook"," 184","Glanbrook",48,72,105,7,0,232,434
35030,"Flamborough--Glanbrook/Flamborough--Glanbrook"," 500","Mobile poll/Bureau itinérant",12,25,33,4,1,75,106
35030,"Flamborough--Glanbrook/Flamborough--Glanbrook"," 501","Mobile poll/Bureau itinérant",15,42,40,2,0,99,186
35030,"Flamborough--Glanbrook/Flamborough--Glanbrook"," 502","Mobile poll/Bureau itinérant",8,38,18,4,1,69,58
35030,"Flamborough--Glanbrook/Flamborough--Glanbrook"," 503A","Mobile poll/Bureau itinérant",13,22,31,2,5,73,94
35030,"Flamborough--Glanbrook/Flamborough--Glanbrook"," 503B","Mobile poll/Bureau itinérant",Merged with No./Fusionné avec le n°502,,,,,,44
35030,"Flamborough--Glanbrook/Flamborough--Glanbrook"," 504A","Mobile poll/Bureau itinérant",24,63,73,12,8,180,104
35030,"Flamborough--Glanbrook/Flamborough--Glanbrook"," 504B","Mobile poll/Bureau itinérant",Merged with No./Fusionné avec le n°503A,,,,,,116
35030,"Flamborough--Glanbrook/Flamborough--Glanbrook"," 600","Flamborough",57,209,306,18,0,590,
35030,"Flamborough--Glanbrook/Flamborough--Glanbrook"," 601","Flamborough",84,409,627,41,4,1165,
35030,"Flamborough--Glanbrook/Flamborough--Glanbrook"," 602","Flamborough",115,540,553,30,8,1246,
35030,"Flamborough--Glanbrook/Flamborough--Glanbrook"," 603","Flamborough",98,469,421,26,2,1016,
35030,"Flamborough--Glanbrook/Flamborough--Glanbrook"," 604","Flamborough",82,223,312,27,1,645,
35030,"Flamborough--Glanbrook/Flamborough--Glanbrook"," 605","Ancaster",110,415,506,26,2,1059,
35030,"Flamborough--Glanbrook/Flamborough--Glanbrook"," 606","Hamilton ",130,268,325,29,8,760,
35030,"Flamborough--Glanbrook/Flamborough--Glanbrook"," 607","Hamilton ",109,193,246,15,0,563,
35030,"Flamborough--Glanbrook/Flamborough--Glanbrook"," 608","Stoney Creek",121,315,300,14,2,752,
35030,"Flamborough--Glanbrook/Flamborough--Glanbrook"," 609","Stoney Creek",175,402,341,24,3,945,
35030,"Flamborough--Glanbrook/Flamborough--Glanbrook"," 610","Stoney Creek",124,303,311,13,2,753,
35030,"Flamborough--Glanbrook/Flamborough--Glanbrook"," 611","Stoney Creek",140,269,371,24,1,805,
35030,"Flamborough--Glanbrook/Flamborough--Glanbrook",,"Group 1/Groupe 1",12,35,20,1,5,73,50
35030,"Flamborough--Glanbrook/Flamborough--Glanbrook",,"Group 2/Groupe 2",127,315,339,32,17,830,
