﻿Electoral District Number/Numéro de circonscription,Electoral District Name/Nom de circonscription,Polling Station Number/Numéro du bureau de scrutin,Polling Station Name/Nom du bureau de scrutin,Khalis Ahmed,Kerry Cundal,Taryn Knorren,Ron Liepert,Tim Moen,Jesse Rau,Rejected Ballots/Bulletins rejetés,Total Votes/Total des votes,Electors/Électeurs
48012,"Calgary Signal Hill/Calgary Signal Hill"," 1","Calgary",9,57,9,204,4,0,0,283,474
48012,"Calgary Signal Hill/Calgary Signal Hill"," 2","Calgary",Merged with No./Fusionné avec le n°11,,,,,,,,248
48012,"Calgary Signal Hill/Calgary Signal Hill"," 3","Rocky View No. 44",8,90,5,236,7,0,0,346,543
48012,"Calgary Signal Hill/Calgary Signal Hill"," 4","Calgary",5,35,3,138,3,0,0,184,331
48012,"Calgary Signal Hill/Calgary Signal Hill"," 5","Calgary",14,66,9,232,3,0,3,327,542
48012,"Calgary Signal Hill/Calgary Signal Hill"," 6","Calgary",7,57,4,167,2,2,0,239,391
48012,"Calgary Signal Hill/Calgary Signal Hill"," 7","Calgary",7,61,9,151,0,0,1,229,364
48012,"Calgary Signal Hill/Calgary Signal Hill"," 8","Calgary",5,67,6,131,2,0,1,212,396
48012,"Calgary Signal Hill/Calgary Signal Hill"," 9","Calgary",5,77,3,133,3,0,1,222,373
48012,"Calgary Signal Hill/Calgary Signal Hill"," 10","Calgary",19,59,2,155,9,0,0,244,401
48012,"Calgary Signal Hill/Calgary Signal Hill"," 11","Calgary",15,84,9,199,2,0,1,310,283
48012,"Calgary Signal Hill/Calgary Signal Hill"," 12","Calgary",3,57,3,201,2,0,0,266,388
48012,"Calgary Signal Hill/Calgary Signal Hill"," 13","Calgary",10,55,3,197,4,0,1,270,448
48012,"Calgary Signal Hill/Calgary Signal Hill"," 14","Calgary",4,66,0,187,0,0,0,257,449
48012,"Calgary Signal Hill/Calgary Signal Hill"," 15","Calgary",18,78,13,133,6,0,2,250,404
48012,"Calgary Signal Hill/Calgary Signal Hill"," 16","Calgary",19,70,18,97,4,1,0,209,377
48012,"Calgary Signal Hill/Calgary Signal Hill"," 17","Calgary",16,57,6,119,4,0,1,203,387
48012,"Calgary Signal Hill/Calgary Signal Hill"," 18","Calgary",22,103,17,106,8,1,4,261,449
48012,"Calgary Signal Hill/Calgary Signal Hill"," 19","Calgary",19,78,10,111,2,2,0,222,440
48012,"Calgary Signal Hill/Calgary Signal Hill"," 20","Calgary",26,65,16,113,4,0,1,225,439
48012,"Calgary Signal Hill/Calgary Signal Hill"," 21","Calgary",30,79,11,67,5,0,5,197,423
48012,"Calgary Signal Hill/Calgary Signal Hill"," 22","Calgary",25,62,11,136,4,1,1,240,420
48012,"Calgary Signal Hill/Calgary Signal Hill"," 23A","Calgary",21,60,13,151,2,2,1,250,446
48012,"Calgary Signal Hill/Calgary Signal Hill"," 23B","Calgary",20,61,9,120,5,1,2,218,342
48012,"Calgary Signal Hill/Calgary Signal Hill"," 24","Calgary",22,68,4,122,3,3,1,223,406
48012,"Calgary Signal Hill/Calgary Signal Hill"," 25","Calgary",17,77,15,122,4,1,0,236,431
48012,"Calgary Signal Hill/Calgary Signal Hill"," 26","Calgary",17,70,17,103,5,0,0,212,369
48012,"Calgary Signal Hill/Calgary Signal Hill"," 27","Calgary",17,86,17,117,2,0,0,239,405
48012,"Calgary Signal Hill/Calgary Signal Hill"," 28","Calgary",20,84,11,110,2,0,1,228,375
48012,"Calgary Signal Hill/Calgary Signal Hill"," 29","Calgary",27,55,6,117,3,0,0,208,366
48012,"Calgary Signal Hill/Calgary Signal Hill"," 30","Calgary",22,74,5,120,0,0,0,221,393
48012,"Calgary Signal Hill/Calgary Signal Hill"," 31","Calgary",9,74,12,110,11,1,0,217,449
48012,"Calgary Signal Hill/Calgary Signal Hill"," 32","Calgary",23,106,12,103,5,1,0,250,442
48012,"Calgary Signal Hill/Calgary Signal Hill"," 33","Calgary",25,71,20,93,6,0,0,215,414
48012,"Calgary Signal Hill/Calgary Signal Hill"," 34","Calgary",15,87,12,86,3,1,1,205,369
48012,"Calgary Signal Hill/Calgary Signal Hill"," 35","Calgary",14,84,7,97,3,0,2,207,414
48012,"Calgary Signal Hill/Calgary Signal Hill"," 36","Calgary",5,50,2,130,1,0,0,188,348
48012,"Calgary Signal Hill/Calgary Signal Hill"," 37","Calgary",11,86,9,147,1,0,0,254,463
48012,"Calgary Signal Hill/Calgary Signal Hill"," 38","Calgary",20,81,5,173,4,0,0,283,517
48012,"Calgary Signal Hill/Calgary Signal Hill"," 39","Calgary",4,80,7,165,2,0,0,258,436
48012,"Calgary Signal Hill/Calgary Signal Hill"," 40","Calgary",5,105,5,148,2,0,0,265,458
48012,"Calgary Signal Hill/Calgary Signal Hill"," 41","Calgary",12,60,7,190,1,0,0,270,536
48012,"Calgary Signal Hill/Calgary Signal Hill"," 42","Calgary",11,62,1,146,2,1,1,224,429
48012,"Calgary Signal Hill/Calgary Signal Hill"," 43","Calgary",12,89,1,186,2,1,2,293,497
48012,"Calgary Signal Hill/Calgary Signal Hill"," 44","Calgary",4,61,1,184,2,0,0,252,406
48012,"Calgary Signal Hill/Calgary Signal Hill"," 45","Calgary",6,86,7,129,2,1,0,231,386
48012,"Calgary Signal Hill/Calgary Signal Hill"," 46","Calgary",6,77,6,121,3,3,1,217,411
48012,"Calgary Signal Hill/Calgary Signal Hill"," 47","Calgary",13,70,2,163,1,1,0,250,454
48012,"Calgary Signal Hill/Calgary Signal Hill"," 48","Calgary",13,86,4,142,2,0,1,248,443
48012,"Calgary Signal Hill/Calgary Signal Hill"," 49","Calgary",12,63,3,121,1,0,1,201,347
48012,"Calgary Signal Hill/Calgary Signal Hill"," 50","Calgary",15,63,9,148,1,0,1,237,440
48012,"Calgary Signal Hill/Calgary Signal Hill"," 51","Calgary",7,42,3,114,5,0,0,171,301
48012,"Calgary Signal Hill/Calgary Signal Hill"," 52","Calgary",6,73,3,130,0,0,0,212,415
48012,"Calgary Signal Hill/Calgary Signal Hill"," 53","Calgary",11,64,5,139,2,0,2,223,457
48012,"Calgary Signal Hill/Calgary Signal Hill"," 54","Calgary",10,64,9,69,2,0,0,154,347
48012,"Calgary Signal Hill/Calgary Signal Hill"," 55","Calgary",7,80,5,111,8,0,0,211,419
48012,"Calgary Signal Hill/Calgary Signal Hill"," 56","Calgary",10,77,4,157,5,0,2,255,495
48012,"Calgary Signal Hill/Calgary Signal Hill"," 57","Calgary",13,81,4,153,5,0,0,256,493
48012,"Calgary Signal Hill/Calgary Signal Hill"," 58","Calgary",4,42,5,143,3,0,0,197,395
48012,"Calgary Signal Hill/Calgary Signal Hill"," 59","Calgary",4,55,4,182,3,0,0,248,476
48012,"Calgary Signal Hill/Calgary Signal Hill"," 60","Calgary",6,54,2,141,2,0,1,206,344
48012,"Calgary Signal Hill/Calgary Signal Hill"," 61","Calgary",7,55,3,139,2,0,0,206,373
48012,"Calgary Signal Hill/Calgary Signal Hill"," 62","Calgary",6,49,0,51,2,0,1,109,290
48012,"Calgary Signal Hill/Calgary Signal Hill"," 63","Calgary",3,53,7,111,0,0,0,174,369
48012,"Calgary Signal Hill/Calgary Signal Hill"," 64","Calgary",12,62,6,118,2,0,0,200,377
48012,"Calgary Signal Hill/Calgary Signal Hill"," 65","Calgary",8,54,7,92,3,0,0,164,338
48012,"Calgary Signal Hill/Calgary Signal Hill"," 66","Calgary",5,58,4,135,3,1,0,206,404
48012,"Calgary Signal Hill/Calgary Signal Hill"," 67","Calgary",9,81,2,98,0,0,0,190,380
48012,"Calgary Signal Hill/Calgary Signal Hill"," 68","Calgary",3,61,1,134,1,0,0,200,441
48012,"Calgary Signal Hill/Calgary Signal Hill"," 69","Calgary",8,59,2,216,2,1,0,288,494
48012,"Calgary Signal Hill/Calgary Signal Hill"," 70","Calgary",5,35,4,145,1,0,0,190,385
48012,"Calgary Signal Hill/Calgary Signal Hill"," 71","Calgary",11,55,4,143,1,0,0,214,443
48012,"Calgary Signal Hill/Calgary Signal Hill"," 72","Calgary",4,65,4,166,1,0,0,240,467
48012,"Calgary Signal Hill/Calgary Signal Hill"," 73","Calgary",15,75,8,156,2,1,0,257,476
48012,"Calgary Signal Hill/Calgary Signal Hill"," 74","Calgary",13,90,7,124,0,0,0,234,395
48012,"Calgary Signal Hill/Calgary Signal Hill"," 75","Calgary",6,81,3,117,1,0,0,208,375
48012,"Calgary Signal Hill/Calgary Signal Hill"," 76","Calgary",11,75,3,162,1,0,0,252,415
48012,"Calgary Signal Hill/Calgary Signal Hill"," 77","Calgary",11,56,1,162,4,0,1,235,432
48012,"Calgary Signal Hill/Calgary Signal Hill"," 78","Calgary",10,66,5,157,5,0,0,243,433
48012,"Calgary Signal Hill/Calgary Signal Hill"," 79","Calgary",16,58,12,127,6,1,2,222,415
48012,"Calgary Signal Hill/Calgary Signal Hill"," 80","Calgary",12,95,2,135,6,1,0,251,468
48012,"Calgary Signal Hill/Calgary Signal Hill"," 81","Calgary",5,51,2,157,4,1,0,220,371
48012,"Calgary Signal Hill/Calgary Signal Hill"," 82","Calgary",8,60,1,138,3,0,0,210,374
48012,"Calgary Signal Hill/Calgary Signal Hill"," 83","Calgary",7,32,6,155,2,0,0,202,324
48012,"Calgary Signal Hill/Calgary Signal Hill"," 84","Calgary",8,87,2,209,3,2,0,311,527
48012,"Calgary Signal Hill/Calgary Signal Hill"," 85","Calgary",4,54,2,146,0,2,0,208,344
48012,"Calgary Signal Hill/Calgary Signal Hill"," 86","Calgary",4,78,2,202,0,1,1,288,570
48012,"Calgary Signal Hill/Calgary Signal Hill"," 87","Calgary",6,72,9,179,5,1,1,273,539
48012,"Calgary Signal Hill/Calgary Signal Hill"," 88","Calgary",19,66,2,160,1,1,0,249,452
48012,"Calgary Signal Hill/Calgary Signal Hill"," 89","Calgary",9,78,4,234,2,0,1,328,578
48012,"Calgary Signal Hill/Calgary Signal Hill"," 90","Calgary",8,56,1,105,2,0,0,172,356
48012,"Calgary Signal Hill/Calgary Signal Hill"," 91","Calgary",13,73,2,141,2,0,0,231,482
48012,"Calgary Signal Hill/Calgary Signal Hill"," 92","Calgary",12,77,2,129,4,0,2,226,436
48012,"Calgary Signal Hill/Calgary Signal Hill"," 93","Calgary",3,63,5,227,1,0,3,302,365
48012,"Calgary Signal Hill/Calgary Signal Hill"," 94","Calgary",10,74,3,107,4,1,0,199,362
48012,"Calgary Signal Hill/Calgary Signal Hill"," 95","Calgary",10,66,3,132,0,0,0,211,412
48012,"Calgary Signal Hill/Calgary Signal Hill"," 96","Calgary",6,44,4,197,2,0,0,253,430
48012,"Calgary Signal Hill/Calgary Signal Hill"," 97","Calgary",Merged with No./Fusionné avec le n°93,,,,,,,,199
48012,"Calgary Signal Hill/Calgary Signal Hill"," 98","Calgary",4,50,5,182,2,0,0,243,467
48012,"Calgary Signal Hill/Calgary Signal Hill"," 99","Calgary",3,62,0,182,1,0,1,249,431
48012,"Calgary Signal Hill/Calgary Signal Hill"," 100","Calgary",6,60,2,159,0,0,1,228,440
48012,"Calgary Signal Hill/Calgary Signal Hill"," 101A","Calgary",3,49,0,172,1,0,0,225,403
48012,"Calgary Signal Hill/Calgary Signal Hill"," 101B","Calgary",4,35,2,122,2,0,0,165,315
48012,"Calgary Signal Hill/Calgary Signal Hill"," 102","Calgary",3,29,1,134,0,0,0,167,327
48012,"Calgary Signal Hill/Calgary Signal Hill"," 103","Calgary",7,46,2,147,0,0,0,202,433
48012,"Calgary Signal Hill/Calgary Signal Hill"," 104","Calgary",12,73,7,219,4,2,2,319,433
48012,"Calgary Signal Hill/Calgary Signal Hill"," 105","Calgary",16,100,8,137,3,2,0,266,460
48012,"Calgary Signal Hill/Calgary Signal Hill"," 106","Calgary",5,44,4,127,0,1,0,181,345
48012,"Calgary Signal Hill/Calgary Signal Hill"," 107","Calgary",5,68,2,139,1,0,1,216,418
48012,"Calgary Signal Hill/Calgary Signal Hill"," 108","Calgary",6,75,1,209,2,2,0,295,466
48012,"Calgary Signal Hill/Calgary Signal Hill"," 109","Calgary",7,72,5,158,1,0,0,243,461
48012,"Calgary Signal Hill/Calgary Signal Hill"," 110","Calgary",9,70,2,142,4,0,1,228,393
48012,"Calgary Signal Hill/Calgary Signal Hill"," 111","Calgary",7,46,6,122,4,3,1,189,395
48012,"Calgary Signal Hill/Calgary Signal Hill"," 112","Calgary",1,92,5,103,5,0,0,206,412
48012,"Calgary Signal Hill/Calgary Signal Hill"," 113","Calgary",9,79,1,118,4,0,0,211,458
48012,"Calgary Signal Hill/Calgary Signal Hill"," 114","Calgary",11,72,3,160,4,0,1,251,480
48012,"Calgary Signal Hill/Calgary Signal Hill"," 115","Calgary",11,69,6,211,1,0,1,299,470
48012,"Calgary Signal Hill/Calgary Signal Hill"," 116","Calgary",9,54,3,137,4,0,0,207,434
48012,"Calgary Signal Hill/Calgary Signal Hill"," 117","Calgary",4,44,2,134,3,0,1,188,379
48012,"Calgary Signal Hill/Calgary Signal Hill"," 118","Calgary",5,43,1,127,4,1,0,181,409
48012,"Calgary Signal Hill/Calgary Signal Hill"," 119","Calgary",8,50,3,114,0,2,1,178,406
48012,"Calgary Signal Hill/Calgary Signal Hill"," 120","Calgary",6,70,3,124,1,0,0,204,463
48012,"Calgary Signal Hill/Calgary Signal Hill"," 121","Calgary",10,72,13,132,3,3,0,233,408
48012,"Calgary Signal Hill/Calgary Signal Hill"," 122","Calgary",12,48,6,182,3,0,0,251,492
48012,"Calgary Signal Hill/Calgary Signal Hill"," 123","Calgary",2,59,1,148,1,0,1,212,465
48012,"Calgary Signal Hill/Calgary Signal Hill"," 124","Calgary",7,97,4,131,4,0,0,243,485
48012,"Calgary Signal Hill/Calgary Signal Hill"," 125","Calgary",13,80,4,69,2,0,0,168,387
48012,"Calgary Signal Hill/Calgary Signal Hill"," 126","Calgary",15,74,3,132,4,1,0,229,452
48012,"Calgary Signal Hill/Calgary Signal Hill"," 127","Calgary",10,96,11,118,2,0,2,239,422
48012,"Calgary Signal Hill/Calgary Signal Hill"," 128","Calgary",11,77,8,94,3,1,0,194,350
48012,"Calgary Signal Hill/Calgary Signal Hill"," 129","Calgary",14,90,14,92,5,3,1,219,455
48012,"Calgary Signal Hill/Calgary Signal Hill"," 130","Calgary",19,89,7,120,1,0,1,237,486
48012,"Calgary Signal Hill/Calgary Signal Hill"," 131","Calgary",28,85,4,86,2,0,1,206,451
48012,"Calgary Signal Hill/Calgary Signal Hill"," 132","Calgary",13,76,7,76,5,2,2,181,406
48012,"Calgary Signal Hill/Calgary Signal Hill"," 133","Calgary",19,83,11,109,4,1,4,231,446
48012,"Calgary Signal Hill/Calgary Signal Hill"," 134","Calgary",21,70,7,96,6,0,1,201,394
48012,"Calgary Signal Hill/Calgary Signal Hill"," 135","Calgary",10,61,6,127,5,1,1,211,381
48012,"Calgary Signal Hill/Calgary Signal Hill"," 136","Calgary",7,73,5,136,3,0,0,224,380
48012,"Calgary Signal Hill/Calgary Signal Hill"," 137","Calgary",13,91,6,108,3,1,0,222,375
48012,"Calgary Signal Hill/Calgary Signal Hill"," 138","Calgary",13,80,10,174,4,0,0,281,395
48012,"Calgary Signal Hill/Calgary Signal Hill"," 139","Calgary",11,78,6,149,4,0,0,248,358
48012,"Calgary Signal Hill/Calgary Signal Hill"," 140","Calgary",16,97,5,142,0,1,0,261,402
48012,"Calgary Signal Hill/Calgary Signal Hill"," 141","Calgary",21,85,9,96,2,0,0,213,352
48012,"Calgary Signal Hill/Calgary Signal Hill"," 142","Calgary",15,88,5,117,3,1,0,229,383
48012,"Calgary Signal Hill/Calgary Signal Hill"," 143","Calgary",31,99,12,91,4,1,0,238,461
48012,"Calgary Signal Hill/Calgary Signal Hill"," 144","Calgary",21,144,12,129,3,4,1,314,517
48012,"Calgary Signal Hill/Calgary Signal Hill"," 145A","Calgary",4,61,4,100,1,1,0,171,351
48012,"Calgary Signal Hill/Calgary Signal Hill"," 145B","Calgary",2,45,5,95,2,0,0,149,285
48012,"Calgary Signal Hill/Calgary Signal Hill"," 146","Calgary",11,90,10,109,4,1,1,226,391
48012,"Calgary Signal Hill/Calgary Signal Hill"," 147","Calgary",7,90,2,112,0,0,1,212,484
48012,"Calgary Signal Hill/Calgary Signal Hill"," 148","Calgary",8,94,13,180,3,2,1,301,467
48012,"Calgary Signal Hill/Calgary Signal Hill"," 149","Calgary",18,76,11,163,0,1,1,270,443
48012,"Calgary Signal Hill/Calgary Signal Hill"," 150","Calgary",11,82,6,163,4,3,1,270,496
48012,"Calgary Signal Hill/Calgary Signal Hill"," 151","Calgary",3,83,5,180,5,0,1,277,436
48012,"Calgary Signal Hill/Calgary Signal Hill"," 152","Calgary",11,97,12,150,4,0,1,275,451
48012,"Calgary Signal Hill/Calgary Signal Hill"," 153","Calgary",10,64,3,137,4,0,1,219,418
48012,"Calgary Signal Hill/Calgary Signal Hill"," 154","Calgary",11,84,5,55,2,0,0,157,341
48012,"Calgary Signal Hill/Calgary Signal Hill"," 155","Calgary",14,77,12,74,1,1,0,179,331
48012,"Calgary Signal Hill/Calgary Signal Hill"," 156","Calgary",10,64,8,133,1,1,0,217,382
48012,"Calgary Signal Hill/Calgary Signal Hill"," 157","Calgary",8,63,4,122,5,1,0,203,306
48012,"Calgary Signal Hill/Calgary Signal Hill"," 158","Calgary",13,67,7,59,1,0,1,148,393
48012,"Calgary Signal Hill/Calgary Signal Hill"," 159","Calgary",21,87,7,108,6,0,1,230,458
48012,"Calgary Signal Hill/Calgary Signal Hill"," 160","Calgary",10,52,10,124,2,1,2,201,341
48012,"Calgary Signal Hill/Calgary Signal Hill"," 161","Calgary",11,99,4,142,2,1,1,260,422
48012,"Calgary Signal Hill/Calgary Signal Hill"," 162","Calgary",17,130,12,93,4,0,0,256,485
48012,"Calgary Signal Hill/Calgary Signal Hill"," 163","Calgary",14,76,5,106,3,2,0,206,401
48012,"Calgary Signal Hill/Calgary Signal Hill"," 164","Calgary",14,101,7,83,2,0,0,207,368
48012,"Calgary Signal Hill/Calgary Signal Hill"," 165","Calgary",24,109,6,72,0,2,1,214,470
48012,"Calgary Signal Hill/Calgary Signal Hill"," 166","Calgary",10,94,10,129,6,1,0,250,421
48012,"Calgary Signal Hill/Calgary Signal Hill"," 167","Calgary",22,87,15,129,1,0,0,254,427
48012,"Calgary Signal Hill/Calgary Signal Hill"," 168","Calgary",7,79,8,173,3,1,1,272,403
48012,"Calgary Signal Hill/Calgary Signal Hill"," 169","Calgary",22,100,15,112,4,1,0,254,387
48012,"Calgary Signal Hill/Calgary Signal Hill"," 170","Calgary",7,65,5,188,4,0,4,273,454
48012,"Calgary Signal Hill/Calgary Signal Hill"," 171","Calgary",8,54,3,130,1,0,0,196,379
48012,"Calgary Signal Hill/Calgary Signal Hill"," 172","Calgary",10,74,10,151,2,1,1,249,462
48012,"Calgary Signal Hill/Calgary Signal Hill"," 173","Calgary",6,63,8,132,2,2,1,214,377
48012,"Calgary Signal Hill/Calgary Signal Hill"," 174","Calgary",8,38,5,137,1,0,0,189,380
48012,"Calgary Signal Hill/Calgary Signal Hill"," 175","Calgary",13,84,5,144,3,0,2,251,492
48012,"Calgary Signal Hill/Calgary Signal Hill"," 176","Calgary",8,76,2,135,1,0,0,222,407
48012,"Calgary Signal Hill/Calgary Signal Hill"," 177","Calgary",9,53,3,203,3,1,1,273,494
48012,"Calgary Signal Hill/Calgary Signal Hill"," 178","Calgary",11,57,6,94,1,1,0,170,386
48012,"Calgary Signal Hill/Calgary Signal Hill"," 179","Calgary",11,71,1,206,5,0,0,294,510
48012,"Calgary Signal Hill/Calgary Signal Hill"," 180","Calgary",8,57,6,179,2,0,0,252,449
48012,"Calgary Signal Hill/Calgary Signal Hill"," 181","Calgary",4,65,2,209,0,1,0,281,501
48012,"Calgary Signal Hill/Calgary Signal Hill"," 182","Calgary",5,76,3,201,2,0,0,287,478
48012,"Calgary Signal Hill/Calgary Signal Hill"," 183","Calgary",9,71,2,157,2,0,0,241,423
48012,"Calgary Signal Hill/Calgary Signal Hill"," 184","Calgary",7,51,2,159,0,0,0,219,417
48012,"Calgary Signal Hill/Calgary Signal Hill"," 185","Calgary",6,55,7,154,2,0,0,224,393
48012,"Calgary Signal Hill/Calgary Signal Hill"," 186","Calgary",10,65,3,126,0,1,0,205,367
48012,"Calgary Signal Hill/Calgary Signal Hill"," 187","Calgary",7,40,6,163,2,0,1,219,408
48012,"Calgary Signal Hill/Calgary Signal Hill"," 188","Calgary",3,43,5,198,1,1,0,251,445
48012,"Calgary Signal Hill/Calgary Signal Hill"," 189","Calgary",7,44,4,119,2,0,1,177,391
48012,"Calgary Signal Hill/Calgary Signal Hill"," 190","Calgary",13,102,11,106,2,0,0,234,379
48012,"Calgary Signal Hill/Calgary Signal Hill"," 191","Calgary",17,74,6,110,3,0,0,210,347
48012,"Calgary Signal Hill/Calgary Signal Hill"," 192","Calgary",14,71,12,101,2,1,0,201,376
48012,"Calgary Signal Hill/Calgary Signal Hill"," 193","Calgary",16,83,7,156,0,1,2,265,436
48012,"Calgary Signal Hill/Calgary Signal Hill"," 194","Calgary",10,89,11,115,2,0,0,227,330
48012,"Calgary Signal Hill/Calgary Signal Hill"," 195","Calgary",18,89,2,163,2,1,2,277,404
48012,"Calgary Signal Hill/Calgary Signal Hill"," 196","Calgary",13,59,9,155,1,3,5,245,386
48012,"Calgary Signal Hill/Calgary Signal Hill"," 197","Calgary",9,79,11,164,3,1,0,267,407
48012,"Calgary Signal Hill/Calgary Signal Hill"," 198","Calgary",14,94,6,107,6,1,2,230,391
48012,"Calgary Signal Hill/Calgary Signal Hill"," 400","Calgary",Merged with No./Fusionné avec le n°121,,,,,,,,179
48012,"Calgary Signal Hill/Calgary Signal Hill"," 401","Calgary",Void/Supprimé,,,,,,,,
48012,"Calgary Signal Hill/Calgary Signal Hill"," 402","Calgary",7,45,5,82,2,0,0,141,239
48012,"Calgary Signal Hill/Calgary Signal Hill"," 403","Calgary",Merged with No./Fusionné avec le n°404,,,,,,,,171
48012,"Calgary Signal Hill/Calgary Signal Hill"," 404","Calgary",13,71,7,71,3,2,0,167,251
48012,"Calgary Signal Hill/Calgary Signal Hill"," 500","Mobile poll/Bureau itinérant",9,19,1,103,0,0,0,132,167
48012,"Calgary Signal Hill/Calgary Signal Hill"," 501","Mobile poll/Bureau itinérant",16,50,7,81,4,0,4,162,246
48012,"Calgary Signal Hill/Calgary Signal Hill"," 502","Mobile poll/Bureau itinérant",6,51,4,142,1,0,1,205,228
48012,"Calgary Signal Hill/Calgary Signal Hill"," 503A","Mobile poll/Bureau itinérant",Merged with No./Fusionné avec le n°506,,,,,,,,77
48012,"Calgary Signal Hill/Calgary Signal Hill"," 503B","Calgary",Merged with No./Fusionné avec le n°144,,,,,,,,57
48012,"Calgary Signal Hill/Calgary Signal Hill"," 504","Mobile poll/Bureau itinérant",6,23,0,56,0,2,2,89,122
48012,"Calgary Signal Hill/Calgary Signal Hill"," 505","Mobile poll/Bureau itinérant",6,17,0,61,0,2,1,87,108
48012,"Calgary Signal Hill/Calgary Signal Hill"," 506","Mobile poll/Bureau itinérant",12,34,7,134,4,5,1,197,137
48012,"Calgary Signal Hill/Calgary Signal Hill"," 600","Calgary",38,164,10,540,6,4,3,765,
48012,"Calgary Signal Hill/Calgary Signal Hill"," 601","Calgary",31,151,18,211,4,2,0,417,
48012,"Calgary Signal Hill/Calgary Signal Hill"," 602","Calgary",38,147,28,220,7,3,1,444,
48012,"Calgary Signal Hill/Calgary Signal Hill"," 603","Calgary",23,225,14,498,2,1,1,764,
48012,"Calgary Signal Hill/Calgary Signal Hill"," 604","Calgary",52,340,13,742,5,7,2,1161,
48012,"Calgary Signal Hill/Calgary Signal Hill"," 605","Calgary",45,357,26,687,6,1,2,1124,
48012,"Calgary Signal Hill/Calgary Signal Hill"," 606","Calgary",38,255,11,375,3,1,1,684,
48012,"Calgary Signal Hill/Calgary Signal Hill"," 607","Calgary",37,375,21,903,10,2,3,1351,
48012,"Calgary Signal Hill/Calgary Signal Hill"," 608","Calgary",28,296,23,688,15,0,0,1050,
48012,"Calgary Signal Hill/Calgary Signal Hill"," 609","Calgary",65,271,29,342,11,1,7,726,
48012,"Calgary Signal Hill/Calgary Signal Hill"," 610","Calgary",51,288,19,746,4,0,0,1108,
48012,"Calgary Signal Hill/Calgary Signal Hill"," 611","Calgary",43,226,19,597,8,1,0,894,
48012,"Calgary Signal Hill/Calgary Signal Hill"," 612","Calgary",47,356,24,839,9,5,0,1280,
48012,"Calgary Signal Hill/Calgary Signal Hill"," 613","Calgary",76,270,20,450,11,6,2,835,
48012,"Calgary Signal Hill/Calgary Signal Hill"," 614","Calgary",51,219,19,309,9,1,1,609,
48012,"Calgary Signal Hill/Calgary Signal Hill"," 615","Calgary",12,116,9,380,2,2,1,522,
48012,"Calgary Signal Hill/Calgary Signal Hill",,"Group 1/Groupe 1",11,51,6,46,2,2,6,124,125
48012,"Calgary Signal Hill/Calgary Signal Hill",,"Group 2/Groupe 2",171,609,52,935,25,3,33,1828,
