﻿Electoral District Number/Numéro de circonscription,Electoral District Name/Nom de circonscription,Polling Station Number/Numéro du bureau de scrutin,Polling Station Name/Nom du bureau de scrutin,Patrice Jasmin-Tremblay,Marie-Josée Lemieux,Nicolas Makridis,Lorna Mungur,Yves Robillard,Rejected Ballots/Bulletins rejetés,Total Votes/Total des votes,Electors/Électeurs
24065,"Marc-Aurèle-Fortin/Marc-Aurèle-Fortin"," 1","Laval",68,70,21,9,95,5,268,482
24065,"Marc-Aurèle-Fortin/Marc-Aurèle-Fortin"," 2","Laval",58,59,27,5,97,4,250,487
24065,"Marc-Aurèle-Fortin/Marc-Aurèle-Fortin"," 3","Laval",51,75,37,7,106,1,277,544
24065,"Marc-Aurèle-Fortin/Marc-Aurèle-Fortin"," 4","Laval",55,96,28,7,89,4,279,451
24065,"Marc-Aurèle-Fortin/Marc-Aurèle-Fortin"," 5","Laval",59,70,31,9,83,1,253,408
24065,"Marc-Aurèle-Fortin/Marc-Aurèle-Fortin"," 6","Laval",60,68,23,4,82,4,241,376
24065,"Marc-Aurèle-Fortin/Marc-Aurèle-Fortin"," 7","Laval",69,61,24,6,104,2,266,449
24065,"Marc-Aurèle-Fortin/Marc-Aurèle-Fortin"," 8","Laval",36,45,11,8,120,4,224,463
24065,"Marc-Aurèle-Fortin/Marc-Aurèle-Fortin"," 9","Laval",50,53,15,9,74,3,204,424
24065,"Marc-Aurèle-Fortin/Marc-Aurèle-Fortin"," 10","Laval",76,51,33,7,107,3,277,485
24065,"Marc-Aurèle-Fortin/Marc-Aurèle-Fortin"," 11","Laval",37,40,30,5,137,4,253,460
24065,"Marc-Aurèle-Fortin/Marc-Aurèle-Fortin"," 12","Laval",39,39,27,5,105,4,219,426
24065,"Marc-Aurèle-Fortin/Marc-Aurèle-Fortin"," 13","Laval",70,41,29,10,139,6,295,508
24065,"Marc-Aurèle-Fortin/Marc-Aurèle-Fortin"," 14","Laval",62,63,21,3,138,3,290,437
24065,"Marc-Aurèle-Fortin/Marc-Aurèle-Fortin"," 15","Laval",53,43,42,9,98,2,247,437
24065,"Marc-Aurèle-Fortin/Marc-Aurèle-Fortin"," 16","Laval",50,48,17,6,99,5,225,431
24065,"Marc-Aurèle-Fortin/Marc-Aurèle-Fortin"," 17","Laval",59,54,19,7,112,3,254,391
24065,"Marc-Aurèle-Fortin/Marc-Aurèle-Fortin"," 18","Laval",62,59,24,7,106,2,260,456
24065,"Marc-Aurèle-Fortin/Marc-Aurèle-Fortin"," 19","Laval",45,52,15,3,108,5,228,388
24065,"Marc-Aurèle-Fortin/Marc-Aurèle-Fortin"," 20","Laval",56,30,17,3,78,3,187,366
24065,"Marc-Aurèle-Fortin/Marc-Aurèle-Fortin"," 21","Laval",52,63,28,0,128,3,274,467
24065,"Marc-Aurèle-Fortin/Marc-Aurèle-Fortin"," 22","Laval",49,62,12,6,105,6,240,388
24065,"Marc-Aurèle-Fortin/Marc-Aurèle-Fortin"," 23","Laval",38,59,30,7,132,4,270,457
24065,"Marc-Aurèle-Fortin/Marc-Aurèle-Fortin"," 24","Laval",49,36,20,4,81,4,194,429
24065,"Marc-Aurèle-Fortin/Marc-Aurèle-Fortin"," 25","Laval",40,57,27,7,133,3,267,419
24065,"Marc-Aurèle-Fortin/Marc-Aurèle-Fortin"," 26","Laval",35,54,24,4,141,1,259,350
24065,"Marc-Aurèle-Fortin/Marc-Aurèle-Fortin"," 27","Laval",46,53,25,6,95,2,227,316
24065,"Marc-Aurèle-Fortin/Marc-Aurèle-Fortin"," 28","Laval",32,56,27,2,96,3,216,344
24065,"Marc-Aurèle-Fortin/Marc-Aurèle-Fortin"," 29","Laval",39,44,18,4,78,1,184,320
24065,"Marc-Aurèle-Fortin/Marc-Aurèle-Fortin"," 30","Laval",36,53,24,0,104,0,217,342
24065,"Marc-Aurèle-Fortin/Marc-Aurèle-Fortin"," 31","Laval",57,52,19,5,71,4,208,435
24065,"Marc-Aurèle-Fortin/Marc-Aurèle-Fortin"," 32","Laval",77,45,15,2,94,3,236,453
24065,"Marc-Aurèle-Fortin/Marc-Aurèle-Fortin"," 33","Laval",51,38,19,5,76,1,190,387
24065,"Marc-Aurèle-Fortin/Marc-Aurèle-Fortin"," 34","Laval",85,68,26,7,117,5,308,529
24065,"Marc-Aurèle-Fortin/Marc-Aurèle-Fortin"," 35","Laval",57,61,12,4,119,8,261,454
24065,"Marc-Aurèle-Fortin/Marc-Aurèle-Fortin"," 36","Laval",57,71,27,3,104,9,271,470
24065,"Marc-Aurèle-Fortin/Marc-Aurèle-Fortin"," 37","Laval",49,64,43,4,145,5,310,478
24065,"Marc-Aurèle-Fortin/Marc-Aurèle-Fortin"," 38","Laval",80,45,25,10,62,4,226,400
24065,"Marc-Aurèle-Fortin/Marc-Aurèle-Fortin"," 39","Laval",89,69,22,5,80,4,269,447
24065,"Marc-Aurèle-Fortin/Marc-Aurèle-Fortin"," 40","Laval",65,76,16,5,80,7,249,408
24065,"Marc-Aurèle-Fortin/Marc-Aurèle-Fortin"," 41","Laval",43,39,30,1,92,3,208,400
24065,"Marc-Aurèle-Fortin/Marc-Aurèle-Fortin"," 42","Laval",74,67,18,6,83,1,249,432
24065,"Marc-Aurèle-Fortin/Marc-Aurèle-Fortin"," 43","Laval",88,59,29,9,65,11,261,437
24065,"Marc-Aurèle-Fortin/Marc-Aurèle-Fortin"," 44","Laval",84,53,23,4,95,7,266,425
24065,"Marc-Aurèle-Fortin/Marc-Aurèle-Fortin"," 45A","Laval",44,31,1,9,44,3,132,282
24065,"Marc-Aurèle-Fortin/Marc-Aurèle-Fortin"," 45B","Laval",17,7,3,0,49,3,79,135
24065,"Marc-Aurèle-Fortin/Marc-Aurèle-Fortin"," 46","Laval",60,38,15,7,44,1,165,389
24065,"Marc-Aurèle-Fortin/Marc-Aurèle-Fortin"," 47","Laval",47,54,19,4,73,5,202,402
24065,"Marc-Aurèle-Fortin/Marc-Aurèle-Fortin"," 48","Laval",45,53,38,2,84,2,224,373
24065,"Marc-Aurèle-Fortin/Marc-Aurèle-Fortin"," 49","Laval",40,68,36,0,121,1,266,468
24065,"Marc-Aurèle-Fortin/Marc-Aurèle-Fortin"," 50","Laval",61,52,9,2,58,5,187,322
24065,"Marc-Aurèle-Fortin/Marc-Aurèle-Fortin"," 51A","Laval",52,59,34,1,68,1,215,387
24065,"Marc-Aurèle-Fortin/Marc-Aurèle-Fortin"," 51B","Laval",11,7,3,1,25,0,47,85
24065,"Marc-Aurèle-Fortin/Marc-Aurèle-Fortin"," 52","Laval",64,68,24,7,76,2,241,429
24065,"Marc-Aurèle-Fortin/Marc-Aurèle-Fortin"," 53","Laval",75,66,15,4,86,0,246,412
24065,"Marc-Aurèle-Fortin/Marc-Aurèle-Fortin"," 54","Laval",78,78,16,7,68,7,254,452
24065,"Marc-Aurèle-Fortin/Marc-Aurèle-Fortin"," 55","Laval",57,64,21,3,73,8,226,376
24065,"Marc-Aurèle-Fortin/Marc-Aurèle-Fortin"," 56","Laval",46,72,22,8,89,3,240,385
24065,"Marc-Aurèle-Fortin/Marc-Aurèle-Fortin"," 57","Laval",79,67,25,8,86,2,267,496
24065,"Marc-Aurèle-Fortin/Marc-Aurèle-Fortin"," 58","Laval",42,52,46,1,94,2,237,520
24065,"Marc-Aurèle-Fortin/Marc-Aurèle-Fortin"," 59","Laval",42,62,31,3,106,3,247,411
24065,"Marc-Aurèle-Fortin/Marc-Aurèle-Fortin"," 60","Laval",38,64,25,2,125,4,258,510
24065,"Marc-Aurèle-Fortin/Marc-Aurèle-Fortin"," 61","Laval",46,45,11,4,78,1,185,377
24065,"Marc-Aurèle-Fortin/Marc-Aurèle-Fortin"," 62","Laval",47,57,28,3,87,3,225,452
24065,"Marc-Aurèle-Fortin/Marc-Aurèle-Fortin"," 63","Laval",46,62,34,4,118,1,265,483
24065,"Marc-Aurèle-Fortin/Marc-Aurèle-Fortin"," 64","Laval",67,79,27,7,116,3,299,524
24065,"Marc-Aurèle-Fortin/Marc-Aurèle-Fortin"," 65","Laval",42,73,36,5,125,3,284,476
24065,"Marc-Aurèle-Fortin/Marc-Aurèle-Fortin"," 66","Laval",45,67,19,4,78,2,215,379
24065,"Marc-Aurèle-Fortin/Marc-Aurèle-Fortin"," 67","Laval",41,58,44,3,112,1,259,509
24065,"Marc-Aurèle-Fortin/Marc-Aurèle-Fortin"," 68","Laval",29,64,34,8,91,2,228,412
24065,"Marc-Aurèle-Fortin/Marc-Aurèle-Fortin"," 69","Laval",38,37,44,3,144,2,268,369
24065,"Marc-Aurèle-Fortin/Marc-Aurèle-Fortin"," 70","Laval",51,49,26,5,104,2,237,362
24065,"Marc-Aurèle-Fortin/Marc-Aurèle-Fortin"," 71","Laval",53,57,29,2,100,4,245,402
24065,"Marc-Aurèle-Fortin/Marc-Aurèle-Fortin"," 72","Laval",29,46,26,3,115,2,221,360
24065,"Marc-Aurèle-Fortin/Marc-Aurèle-Fortin"," 73","Laval",45,44,29,6,107,1,232,370
24065,"Marc-Aurèle-Fortin/Marc-Aurèle-Fortin"," 74","Laval",28,41,36,2,116,1,224,398
24065,"Marc-Aurèle-Fortin/Marc-Aurèle-Fortin"," 75","Laval",81,66,46,4,132,3,332,492
24065,"Marc-Aurèle-Fortin/Marc-Aurèle-Fortin"," 76","Laval",42,58,26,6,132,2,266,432
24065,"Marc-Aurèle-Fortin/Marc-Aurèle-Fortin"," 77","Laval",20,33,32,2,96,2,185,342
24065,"Marc-Aurèle-Fortin/Marc-Aurèle-Fortin"," 78","Laval",47,44,19,5,80,3,198,337
24065,"Marc-Aurèle-Fortin/Marc-Aurèle-Fortin"," 79","Laval",55,43,18,6,86,6,214,439
24065,"Marc-Aurèle-Fortin/Marc-Aurèle-Fortin"," 80","Laval",51,47,19,4,100,4,225,423
24065,"Marc-Aurèle-Fortin/Marc-Aurèle-Fortin"," 81","Laval",58,53,25,5,141,0,282,457
24065,"Marc-Aurèle-Fortin/Marc-Aurèle-Fortin"," 82","Laval",48,44,37,9,139,4,281,432
24065,"Marc-Aurèle-Fortin/Marc-Aurèle-Fortin"," 83","Laval",56,50,33,3,122,3,267,415
24065,"Marc-Aurèle-Fortin/Marc-Aurèle-Fortin"," 84","Laval",50,45,20,7,145,3,270,457
24065,"Marc-Aurèle-Fortin/Marc-Aurèle-Fortin"," 85","Laval",60,51,26,3,105,6,251,415
24065,"Marc-Aurèle-Fortin/Marc-Aurèle-Fortin"," 86","Laval",29,47,25,4,128,0,233,386
24065,"Marc-Aurèle-Fortin/Marc-Aurèle-Fortin"," 87","Laval",37,37,7,2,50,2,135,286
24065,"Marc-Aurèle-Fortin/Marc-Aurèle-Fortin"," 88","Laval",61,67,20,7,95,5,255,483
24065,"Marc-Aurèle-Fortin/Marc-Aurèle-Fortin"," 89","Laval",40,51,34,3,90,2,220,376
24065,"Marc-Aurèle-Fortin/Marc-Aurèle-Fortin"," 90","Laval",48,61,28,7,106,2,252,404
24065,"Marc-Aurèle-Fortin/Marc-Aurèle-Fortin"," 91","Laval",62,65,24,6,111,8,276,454
24065,"Marc-Aurèle-Fortin/Marc-Aurèle-Fortin"," 92","Laval",52,69,12,2,65,4,204,366
24065,"Marc-Aurèle-Fortin/Marc-Aurèle-Fortin"," 93","Laval",62,79,36,1,108,2,288,454
24065,"Marc-Aurèle-Fortin/Marc-Aurèle-Fortin"," 94","Laval",50,78,24,6,89,5,252,442
24065,"Marc-Aurèle-Fortin/Marc-Aurèle-Fortin"," 95","Laval",62,53,12,4,96,1,228,416
24065,"Marc-Aurèle-Fortin/Marc-Aurèle-Fortin"," 96","Laval",59,50,6,3,60,4,182,322
24065,"Marc-Aurèle-Fortin/Marc-Aurèle-Fortin"," 97","Laval",42,63,22,4,79,1,211,320
24065,"Marc-Aurèle-Fortin/Marc-Aurèle-Fortin"," 98","Laval",49,43,19,6,110,2,229,346
24065,"Marc-Aurèle-Fortin/Marc-Aurèle-Fortin"," 99","Laval",56,70,32,4,104,4,270,479
24065,"Marc-Aurèle-Fortin/Marc-Aurèle-Fortin"," 100","Laval",46,53,8,6,68,3,184,411
24065,"Marc-Aurèle-Fortin/Marc-Aurèle-Fortin"," 101","Laval",56,58,27,7,69,2,219,312
24065,"Marc-Aurèle-Fortin/Marc-Aurèle-Fortin"," 102","Laval",58,33,24,8,68,2,193,339
24065,"Marc-Aurèle-Fortin/Marc-Aurèle-Fortin"," 103","Laval",48,42,20,6,78,3,197,416
24065,"Marc-Aurèle-Fortin/Marc-Aurèle-Fortin"," 104","Laval",54,85,33,9,91,5,277,518
24065,"Marc-Aurèle-Fortin/Marc-Aurèle-Fortin"," 105","Laval",63,53,30,8,102,4,260,448
24065,"Marc-Aurèle-Fortin/Marc-Aurèle-Fortin"," 106","Laval",62,64,18,4,93,2,243,429
24065,"Marc-Aurèle-Fortin/Marc-Aurèle-Fortin"," 107","Laval",26,41,40,5,171,3,286,487
24065,"Marc-Aurèle-Fortin/Marc-Aurèle-Fortin"," 108","Laval",61,86,23,5,108,5,288,459
24065,"Marc-Aurèle-Fortin/Marc-Aurèle-Fortin"," 109","Laval",42,54,31,4,101,2,234,409
24065,"Marc-Aurèle-Fortin/Marc-Aurèle-Fortin"," 110","Laval",56,51,16,6,101,2,232,383
24065,"Marc-Aurèle-Fortin/Marc-Aurèle-Fortin"," 111","Laval",41,61,40,7,146,3,298,428
24065,"Marc-Aurèle-Fortin/Marc-Aurèle-Fortin"," 112","Laval",46,54,33,5,82,0,220,363
24065,"Marc-Aurèle-Fortin/Marc-Aurèle-Fortin"," 113","Laval",26,43,35,5,161,0,270,460
24065,"Marc-Aurèle-Fortin/Marc-Aurèle-Fortin"," 114","Laval",35,51,54,8,198,3,349,525
24065,"Marc-Aurèle-Fortin/Marc-Aurèle-Fortin"," 115","Laval",37,49,19,4,86,4,199,434
24065,"Marc-Aurèle-Fortin/Marc-Aurèle-Fortin"," 116","Laval",72,55,43,9,88,1,268,414
24065,"Marc-Aurèle-Fortin/Marc-Aurèle-Fortin"," 117","Laval",45,55,36,3,74,6,219,371
24065,"Marc-Aurèle-Fortin/Marc-Aurèle-Fortin"," 118","Laval",32,53,38,3,117,2,245,369
24065,"Marc-Aurèle-Fortin/Marc-Aurèle-Fortin"," 119","Laval",44,46,46,1,120,4,261,424
24065,"Marc-Aurèle-Fortin/Marc-Aurèle-Fortin"," 120","Laval",48,69,50,6,124,2,299,479
24065,"Marc-Aurèle-Fortin/Marc-Aurèle-Fortin"," 121","Laval",39,41,39,1,119,1,240,436
24065,"Marc-Aurèle-Fortin/Marc-Aurèle-Fortin"," 122","Laval",43,52,14,1,96,4,210,399
24065,"Marc-Aurèle-Fortin/Marc-Aurèle-Fortin"," 123","Laval",49,40,23,2,69,2,185,350
24065,"Marc-Aurèle-Fortin/Marc-Aurèle-Fortin"," 124","Laval",42,36,13,0,98,0,189,367
24065,"Marc-Aurèle-Fortin/Marc-Aurèle-Fortin"," 125","Laval",58,36,23,3,80,2,202,350
24065,"Marc-Aurèle-Fortin/Marc-Aurèle-Fortin"," 126","Laval",55,48,12,5,67,3,190,373
24065,"Marc-Aurèle-Fortin/Marc-Aurèle-Fortin"," 127","Laval",46,38,20,6,88,2,200,343
24065,"Marc-Aurèle-Fortin/Marc-Aurèle-Fortin"," 128","Laval",41,54,30,3,95,3,226,415
24065,"Marc-Aurèle-Fortin/Marc-Aurèle-Fortin"," 129","Laval",43,47,21,5,65,5,186,468
24065,"Marc-Aurèle-Fortin/Marc-Aurèle-Fortin"," 130","Laval",50,48,15,2,81,5,201,443
24065,"Marc-Aurèle-Fortin/Marc-Aurèle-Fortin"," 131","Laval",48,50,23,4,87,1,213,399
24065,"Marc-Aurèle-Fortin/Marc-Aurèle-Fortin"," 132","Laval",42,48,18,2,98,5,213,440
24065,"Marc-Aurèle-Fortin/Marc-Aurèle-Fortin"," 133","Laval",45,36,19,8,64,3,175,424
24065,"Marc-Aurèle-Fortin/Marc-Aurèle-Fortin"," 134","Laval",64,47,23,8,64,5,211,444
24065,"Marc-Aurèle-Fortin/Marc-Aurèle-Fortin"," 135","Laval",66,51,23,3,92,2,237,460
24065,"Marc-Aurèle-Fortin/Marc-Aurèle-Fortin"," 136","Laval",37,41,21,5,79,4,187,410
24065,"Marc-Aurèle-Fortin/Marc-Aurèle-Fortin"," 137","Laval",65,64,16,4,90,4,243,442
24065,"Marc-Aurèle-Fortin/Marc-Aurèle-Fortin"," 138","Laval",38,36,23,3,80,2,182,359
24065,"Marc-Aurèle-Fortin/Marc-Aurèle-Fortin"," 139","Laval",55,54,21,4,97,2,233,418
24065,"Marc-Aurèle-Fortin/Marc-Aurèle-Fortin"," 140","Laval",51,43,17,6,91,3,211,433
24065,"Marc-Aurèle-Fortin/Marc-Aurèle-Fortin"," 141","Laval",51,52,33,5,83,1,225,417
24065,"Marc-Aurèle-Fortin/Marc-Aurèle-Fortin"," 142","Laval",57,51,14,7,91,3,223,408
24065,"Marc-Aurèle-Fortin/Marc-Aurèle-Fortin"," 143","Laval",55,40,23,6,71,2,197,459
24065,"Marc-Aurèle-Fortin/Marc-Aurèle-Fortin"," 144","Laval",62,21,25,4,90,5,207,419
24065,"Marc-Aurèle-Fortin/Marc-Aurèle-Fortin"," 145","Laval",57,30,13,2,83,3,188,411
24065,"Marc-Aurèle-Fortin/Marc-Aurèle-Fortin"," 146","Laval",9,29,31,3,125,0,197,481
24065,"Marc-Aurèle-Fortin/Marc-Aurèle-Fortin"," 147","Laval",16,41,40,4,125,3,229,434
24065,"Marc-Aurèle-Fortin/Marc-Aurèle-Fortin"," 148","Laval",16,16,43,1,95,2,173,385
24065,"Marc-Aurèle-Fortin/Marc-Aurèle-Fortin"," 149","Laval",20,28,20,0,88,2,158,191
24065,"Marc-Aurèle-Fortin/Marc-Aurèle-Fortin"," 150A","Laval",30,37,27,4,94,2,194,465
24065,"Marc-Aurèle-Fortin/Marc-Aurèle-Fortin"," 150B","Laval",Merged with No./Fusionné avec le n°149,,,,,,,143
24065,"Marc-Aurèle-Fortin/Marc-Aurèle-Fortin"," 151","Laval",20,28,48,2,161,1,260,540
24065,"Marc-Aurèle-Fortin/Marc-Aurèle-Fortin"," 152","Laval",38,43,18,4,99,6,208,519
24065,"Marc-Aurèle-Fortin/Marc-Aurèle-Fortin"," 153","Laval",23,30,52,1,119,3,228,470
24065,"Marc-Aurèle-Fortin/Marc-Aurèle-Fortin"," 154","Laval",10,28,57,2,108,2,207,415
24065,"Marc-Aurèle-Fortin/Marc-Aurèle-Fortin"," 155","Laval",39,36,21,4,83,3,186,331
24065,"Marc-Aurèle-Fortin/Marc-Aurèle-Fortin"," 156","Laval",40,50,44,3,81,1,219,339
24065,"Marc-Aurèle-Fortin/Marc-Aurèle-Fortin"," 157","Laval",48,62,39,2,163,3,317,465
24065,"Marc-Aurèle-Fortin/Marc-Aurèle-Fortin"," 158","Laval",56,51,22,8,106,4,247,401
24065,"Marc-Aurèle-Fortin/Marc-Aurèle-Fortin"," 159","Laval",45,66,30,7,104,5,257,426
24065,"Marc-Aurèle-Fortin/Marc-Aurèle-Fortin"," 160","Laval",41,57,43,4,137,4,286,471
24065,"Marc-Aurèle-Fortin/Marc-Aurèle-Fortin"," 161","Laval",49,32,53,4,161,2,301,489
24065,"Marc-Aurèle-Fortin/Marc-Aurèle-Fortin"," 162","Laval",42,38,45,4,83,6,218,387
24065,"Marc-Aurèle-Fortin/Marc-Aurèle-Fortin"," 163","Laval",40,38,15,8,76,2,179,360
24065,"Marc-Aurèle-Fortin/Marc-Aurèle-Fortin"," 164","Laval",66,53,33,14,91,3,260,429
24065,"Marc-Aurèle-Fortin/Marc-Aurèle-Fortin"," 165","Laval",61,46,24,3,85,4,223,347
24065,"Marc-Aurèle-Fortin/Marc-Aurèle-Fortin"," 166","Laval",33,43,44,4,103,3,230,370
24065,"Marc-Aurèle-Fortin/Marc-Aurèle-Fortin"," 167","Laval",59,49,42,6,81,4,241,364
24065,"Marc-Aurèle-Fortin/Marc-Aurèle-Fortin"," 168","Laval",41,44,30,4,91,3,213,380
24065,"Marc-Aurèle-Fortin/Marc-Aurèle-Fortin"," 169","Laval",59,60,31,4,66,4,224,358
24065,"Marc-Aurèle-Fortin/Marc-Aurèle-Fortin"," 170","Laval",59,47,17,3,68,2,196,330
24065,"Marc-Aurèle-Fortin/Marc-Aurèle-Fortin"," 171","Laval",50,48,23,2,90,2,215,407
24065,"Marc-Aurèle-Fortin/Marc-Aurèle-Fortin"," 172","Laval",47,62,32,2,102,3,248,413
24065,"Marc-Aurèle-Fortin/Marc-Aurèle-Fortin"," 173","Laval",51,75,25,8,84,5,248,425
24065,"Marc-Aurèle-Fortin/Marc-Aurèle-Fortin"," 174","Laval",63,52,28,4,99,7,253,405
24065,"Marc-Aurèle-Fortin/Marc-Aurèle-Fortin"," 175","Laval",61,46,20,8,93,3,231,387
24065,"Marc-Aurèle-Fortin/Marc-Aurèle-Fortin"," 176","Laval",82,52,26,4,92,4,260,483
24065,"Marc-Aurèle-Fortin/Marc-Aurèle-Fortin"," 177","Laval",44,38,31,2,78,5,198,363
24065,"Marc-Aurèle-Fortin/Marc-Aurèle-Fortin"," 178","Laval",68,68,26,5,82,3,252,383
24065,"Marc-Aurèle-Fortin/Marc-Aurèle-Fortin"," 179","Laval",61,38,16,4,53,1,173,318
24065,"Marc-Aurèle-Fortin/Marc-Aurèle-Fortin"," 180","Laval",40,48,23,3,73,2,189,357
24065,"Marc-Aurèle-Fortin/Marc-Aurèle-Fortin"," 400","Laval",52,43,16,5,167,3,286,265
24065,"Marc-Aurèle-Fortin/Marc-Aurèle-Fortin"," 401","Laval",32,27,15,2,81,8,165,203
24065,"Marc-Aurèle-Fortin/Marc-Aurèle-Fortin"," 402","Laval",23,29,9,2,74,3,140,167
24065,"Marc-Aurèle-Fortin/Marc-Aurèle-Fortin"," 403","Laval",Void/Supprimé,,,,,,,
24065,"Marc-Aurèle-Fortin/Marc-Aurèle-Fortin"," 404","Laval",7,15,34,3,59,1,119,132
24065,"Marc-Aurèle-Fortin/Marc-Aurèle-Fortin"," 405","Laval",Merged with No./Fusionné avec le n°404,,,,,,,76
24065,"Marc-Aurèle-Fortin/Marc-Aurèle-Fortin"," 500A","Mobile poll/Bureau itinérant",6,7,3,0,12,1,29,93
24065,"Marc-Aurèle-Fortin/Marc-Aurèle-Fortin"," 500B","Laval",Merged with No./Fusionné avec le n°400,,,,,,,99
24065,"Marc-Aurèle-Fortin/Marc-Aurèle-Fortin"," 501","Mobile poll/Bureau itinérant",15,9,6,3,48,3,84,174
24065,"Marc-Aurèle-Fortin/Marc-Aurèle-Fortin"," 600","Laval",267,254,134,12,338,20,1025,
24065,"Marc-Aurèle-Fortin/Marc-Aurèle-Fortin"," 601","Laval",178,234,107,6,322,19,866,
24065,"Marc-Aurèle-Fortin/Marc-Aurèle-Fortin"," 602","Laval",189,208,132,15,297,7,848,
24065,"Marc-Aurèle-Fortin/Marc-Aurèle-Fortin"," 603","Laval",249,282,118,15,261,6,931,
24065,"Marc-Aurèle-Fortin/Marc-Aurèle-Fortin"," 604","Laval",225,322,180,11,426,16,1180,
24065,"Marc-Aurèle-Fortin/Marc-Aurèle-Fortin"," 605","Laval",161,255,114,22,327,7,886,
24065,"Marc-Aurèle-Fortin/Marc-Aurèle-Fortin"," 606","Laval",271,370,145,32,377,9,1204,
24065,"Marc-Aurèle-Fortin/Marc-Aurèle-Fortin"," 607","Laval",302,319,142,24,399,24,1210,
24065,"Marc-Aurèle-Fortin/Marc-Aurèle-Fortin"," 608","Laval",270,292,169,16,368,21,1136,
24065,"Marc-Aurèle-Fortin/Marc-Aurèle-Fortin"," 609","Laval",196,184,95,11,313,19,818,
24065,"Marc-Aurèle-Fortin/Marc-Aurèle-Fortin"," 610","Laval",96,162,160,8,356,6,788,
24065,"Marc-Aurèle-Fortin/Marc-Aurèle-Fortin",,"Group 1/Groupe 1",7,12,14,2,26,4,65,53
24065,"Marc-Aurèle-Fortin/Marc-Aurèle-Fortin",,"Group 2/Groupe 2",221,395,142,25,387,28,1198,
