﻿Electoral District Number/Numéro de circonscription,Electoral District Name/Nom de circonscription,Polling Station Number/Numéro du bureau de scrutin,Polling Station Name/Nom du bureau de scrutin,Birinder Singh Ahluwalia,James Arruda,Ali Ehsassi,Chungsen Leung,Pouyan Tabasinejad,Rejected Ballots/Bulletins rejetés,Total Votes/Total des votes,Electors/Électeurs
35115,"Willowdale/Willowdale"," 1","North York",1,3,64,59,6,0,133,292
35115,"Willowdale/Willowdale"," 2","North York",0,3,88,115,13,0,219,513
35115,"Willowdale/Willowdale"," 3","North York",0,1,56,69,7,0,133,324
35115,"Willowdale/Willowdale"," 4","North York",1,6,78,59,5,0,149,332
35115,"Willowdale/Willowdale"," 5","North York",1,2,110,78,14,0,205,392
35115,"Willowdale/Willowdale"," 6","North York",0,5,102,53,17,1,178,436
35115,"Willowdale/Willowdale"," 7","North York",0,1,97,98,7,2,205,410
35115,"Willowdale/Willowdale"," 8","North York",1,3,122,60,12,0,198,435
35115,"Willowdale/Willowdale"," 9","North York",0,3,93,64,10,3,173,356
35115,"Willowdale/Willowdale"," 10","North York",0,3,85,46,10,1,145,339
35115,"Willowdale/Willowdale"," 11","North York",1,3,80,47,8,0,139,387
35115,"Willowdale/Willowdale"," 12","North York",0,4,66,58,15,0,143,332
35115,"Willowdale/Willowdale"," 13","North York",1,1,95,63,10,4,174,392
35115,"Willowdale/Willowdale"," 14","North York",4,4,99,57,7,0,171,349
35115,"Willowdale/Willowdale"," 15","North York",5,0,115,73,9,5,207,412
35115,"Willowdale/Willowdale"," 16","North York",0,6,82,62,6,0,156,323
35115,"Willowdale/Willowdale"," 17","North York",2,3,101,77,20,0,203,410
35115,"Willowdale/Willowdale"," 18","North York",0,0,72,77,7,1,157,335
35115,"Willowdale/Willowdale"," 19","North York",0,1,71,68,13,6,159,358
35115,"Willowdale/Willowdale"," 20","North York",1,5,83,64,7,0,160,377
35115,"Willowdale/Willowdale"," 21","North York",1,4,53,58,4,0,120,340
35115,"Willowdale/Willowdale"," 22","North York",1,1,48,84,8,0,142,373
35115,"Willowdale/Willowdale"," 23","North York",3,4,69,47,15,1,139,400
35115,"Willowdale/Willowdale"," 24A","North York",1,1,103,64,15,1,185,358
35115,"Willowdale/Willowdale"," 24B","North York",Merged with No./Fusionné avec le n°23,,,,,,,4
35115,"Willowdale/Willowdale"," 25","North York",1,10,118,65,6,0,200,439
35115,"Willowdale/Willowdale"," 26","North York",Merged with No./Fusionné avec le n°27,,,,,,,185
35115,"Willowdale/Willowdale"," 27","North York",0,5,119,82,20,2,228,359
35115,"Willowdale/Willowdale"," 28A","North York",0,2,89,61,19,0,171,153
35115,"Willowdale/Willowdale"," 28B","North York",0,8,108,48,12,0,176,346
35115,"Willowdale/Willowdale"," 29","North York",2,3,81,32,11,0,129,390
35115,"Willowdale/Willowdale"," 30","North York",2,3,101,84,12,1,203,429
35115,"Willowdale/Willowdale"," 31","North York",0,4,78,83,11,1,177,409
35115,"Willowdale/Willowdale"," 31-1","North York",0,0,45,17,3,0,65,233
35115,"Willowdale/Willowdale"," 32","North York",1,4,119,102,4,0,230,456
35115,"Willowdale/Willowdale"," 33","North York",0,1,87,75,9,1,173,362
35115,"Willowdale/Willowdale"," 34","North York",0,3,75,67,11,2,158,364
35115,"Willowdale/Willowdale"," 35","North York",0,2,78,48,11,1,140,367
35115,"Willowdale/Willowdale"," 36","North York",1,1,87,41,11,0,141,389
35115,"Willowdale/Willowdale"," 37","North York",0,5,98,97,19,1,220,429
35115,"Willowdale/Willowdale"," 38","North York",1,2,85,80,31,0,199,367
35115,"Willowdale/Willowdale"," 39","North York",1,3,83,62,17,0,166,369
35115,"Willowdale/Willowdale"," 40","North York",0,2,80,60,9,2,153,397
35115,"Willowdale/Willowdale"," 41","North York",0,2,55,68,16,2,143,331
35115,"Willowdale/Willowdale"," 42","North York",0,7,88,86,13,2,196,555
35115,"Willowdale/Willowdale"," 43","North York",0,0,89,88,24,0,201,607
35115,"Willowdale/Willowdale"," 44","North York",0,4,73,117,16,0,210,464
35115,"Willowdale/Willowdale"," 45","North York",2,6,110,62,15,0,195,428
35115,"Willowdale/Willowdale"," 46","North York",0,4,103,96,13,1,217,450
35115,"Willowdale/Willowdale"," 47","North York",0,5,72,103,18,3,201,510
35115,"Willowdale/Willowdale"," 48","North York",0,4,57,80,13,0,154,318
35115,"Willowdale/Willowdale"," 49","North York",0,1,39,66,7,3,116,235
35115,"Willowdale/Willowdale"," 50","North York",3,4,128,88,16,1,240,507
35115,"Willowdale/Willowdale"," 51","North York",1,4,70,66,19,2,162,358
35115,"Willowdale/Willowdale"," 52","North York",1,2,108,75,9,0,195,397
35115,"Willowdale/Willowdale"," 53","North York",0,6,84,54,11,1,156,434
35115,"Willowdale/Willowdale"," 54","North York",0,2,75,57,7,0,141,439
35115,"Willowdale/Willowdale"," 55","North York",0,4,77,66,8,0,155,370
35115,"Willowdale/Willowdale"," 56","North York",0,3,119,58,21,2,203,399
35115,"Willowdale/Willowdale"," 57","North York",0,4,120,75,12,2,213,470
35115,"Willowdale/Willowdale"," 58","North York",0,3,205,110,21,5,344,484
35115,"Willowdale/Willowdale"," 59A","North York",0,6,141,79,14,0,240,494
35115,"Willowdale/Willowdale"," 59B","North York",0,3,100,26,10,2,141,266
35115,"Willowdale/Willowdale"," 59C","North York",1,6,115,43,8,0,173,314
35115,"Willowdale/Willowdale"," 60","North York",1,2,136,83,17,2,241,476
35115,"Willowdale/Willowdale"," 61","North York",1,4,64,47,3,0,119,373
35115,"Willowdale/Willowdale"," 62","North York",Void/Supprimé,,,,,,,
35115,"Willowdale/Willowdale"," 63","North York",1,1,102,24,22,0,150,404
35115,"Willowdale/Willowdale"," 64","North York",1,2,71,44,4,0,122,373
35115,"Willowdale/Willowdale"," 65","North York",3,9,117,57,17,0,203,478
35115,"Willowdale/Willowdale"," 66","North York",0,2,73,86,7,0,168,378
35115,"Willowdale/Willowdale"," 67","North York",2,4,72,73,5,1,157,391
35115,"Willowdale/Willowdale"," 68","North York",0,3,75,66,5,0,149,394
35115,"Willowdale/Willowdale"," 69","North York",6,2,80,73,5,0,166,397
35115,"Willowdale/Willowdale"," 70","North York",0,1,68,51,7,0,127,382
35115,"Willowdale/Willowdale"," 71","North York",1,8,82,66,15,0,172,447
35115,"Willowdale/Willowdale"," 72","North York",1,8,126,70,13,1,219,190
35115,"Willowdale/Willowdale"," 73","North York",1,4,51,55,3,0,114,336
35115,"Willowdale/Willowdale"," 74","North York",0,0,46,66,9,1,122,341
35115,"Willowdale/Willowdale"," 75","North York",0,2,70,70,9,1,152,351
35115,"Willowdale/Willowdale"," 76","North York",0,2,61,70,7,1,141,356
35115,"Willowdale/Willowdale"," 77","North York",0,3,89,87,8,3,190,501
35115,"Willowdale/Willowdale"," 78A","North York",0,2,89,72,4,1,168,395
35115,"Willowdale/Willowdale"," 78B","North York",Merged with No./Fusionné avec le n°475,,,,,,,67
35115,"Willowdale/Willowdale"," 79","North York",0,2,45,49,10,2,108,251
35115,"Willowdale/Willowdale"," 80","North York",1,2,125,88,12,4,232,200
35115,"Willowdale/Willowdale"," 80-1","North York",2,4,69,36,11,0,122,278
35115,"Willowdale/Willowdale"," 81","North York",0,5,74,32,8,1,120,229
35115,"Willowdale/Willowdale"," 82","North York",0,6,105,83,15,0,209,448
35115,"Willowdale/Willowdale"," 83","North York",0,6,125,97,20,0,248,454
35115,"Willowdale/Willowdale"," 84","North York",1,4,84,76,18,0,183,387
35115,"Willowdale/Willowdale"," 85","North York",1,4,130,80,14,1,230,431
35115,"Willowdale/Willowdale"," 86","North York",2,8,117,64,20,0,211,410
35115,"Willowdale/Willowdale"," 87","North York",0,3,106,83,5,0,197,501
35115,"Willowdale/Willowdale"," 88","North York",0,4,91,58,11,0,164,357
35115,"Willowdale/Willowdale"," 89","North York",0,4,84,74,12,0,174,355
35115,"Willowdale/Willowdale"," 90","North York",2,4,88,55,13,1,163,350
35115,"Willowdale/Willowdale"," 91","North York",0,4,71,67,11,0,153,319
35115,"Willowdale/Willowdale"," 92","North York",2,10,85,80,17,0,194,410
35115,"Willowdale/Willowdale"," 93","North York",1,7,87,71,21,3,190,475
35115,"Willowdale/Willowdale"," 94","North York",0,8,98,59,18,2,185,456
35115,"Willowdale/Willowdale"," 95","North York",0,5,76,73,8,0,162,315
35115,"Willowdale/Willowdale"," 96","North York",1,8,104,58,17,0,188,421
35115,"Willowdale/Willowdale"," 97","North York",0,13,205,142,27,4,391,735
35115,"Willowdale/Willowdale"," 98","North York",2,4,133,123,16,2,280,461
35115,"Willowdale/Willowdale"," 99","North York",0,4,105,46,14,1,170,352
35115,"Willowdale/Willowdale"," 100","North York",1,5,96,91,6,2,201,427
35115,"Willowdale/Willowdale"," 101","North York",1,9,205,96,39,1,351,562
35115,"Willowdale/Willowdale"," 102","North York",1,4,141,111,12,0,269,101
35115,"Willowdale/Willowdale"," 103","North York",1,6,152,140,18,0,317,467
35115,"Willowdale/Willowdale"," 104","North York",1,4,58,87,7,0,157,357
35115,"Willowdale/Willowdale"," 105","North York",1,10,154,77,16,3,261,482
35115,"Willowdale/Willowdale"," 106","North York",1,2,87,51,12,1,154,343
35115,"Willowdale/Willowdale"," 107A","North York",3,8,91,58,14,1,175,372
35115,"Willowdale/Willowdale"," 107B","North York",Merged with No./Fusionné avec le n°101,,,,,,,14
35115,"Willowdale/Willowdale"," 108","North York",1,4,109,63,8,0,185,343
35115,"Willowdale/Willowdale"," 109","North York",4,13,129,104,15,0,265,422
35115,"Willowdale/Willowdale"," 110","North York",2,9,85,68,32,1,197,462
35115,"Willowdale/Willowdale"," 111","North York",0,9,95,70,7,3,184,284
35115,"Willowdale/Willowdale"," 112","North York",1,10,132,124,10,0,277,428
35115,"Willowdale/Willowdale"," 113","North York",2,5,246,69,34,2,358,635
35115,"Willowdale/Willowdale"," 400","North York",0,3,88,63,14,0,168,272
35115,"Willowdale/Willowdale"," 401","North York",Void/Supprimé,,,,,,,
35115,"Willowdale/Willowdale"," 402","North York",5,5,39,82,11,4,146,242
35115,"Willowdale/Willowdale"," 403","North York",Void/Supprimé,,,,,,,
35115,"Willowdale/Willowdale"," 404","North York",1,4,84,42,20,3,154,314
35115,"Willowdale/Willowdale"," 404-1","North York",1,2,41,47,5,0,96,196
35115,"Willowdale/Willowdale"," 405","North York",Merged with No./Fusionné avec le n°406,,,,,,,163
35115,"Willowdale/Willowdale"," 406","North York",1,4,81,35,12,2,135,182
35115,"Willowdale/Willowdale"," 407","North York",2,3,100,43,23,0,171,234
35115,"Willowdale/Willowdale"," 408","North York",Merged with No./Fusionné avec le n°407,,,,,,,173
35115,"Willowdale/Willowdale"," 408-1","North York",Void/Supprimé,,,,,,,
35115,"Willowdale/Willowdale"," 408-2","North York",Merged with No./Fusionné avec le n°490,,,,,,,206
35115,"Willowdale/Willowdale"," 409","North York",1,6,58,36,22,0,123,239
35115,"Willowdale/Willowdale"," 410","North York",Void/Supprimé,,,,,,,
35115,"Willowdale/Willowdale"," 410-1","North York",7,1,137,69,19,6,239,484
35115,"Willowdale/Willowdale"," 411","North York",Void/Supprimé,,,,,,,
35115,"Willowdale/Willowdale"," 411-1","North York",0,2,41,39,4,0,86,199
35115,"Willowdale/Willowdale"," 412","North York",Void/Supprimé,,,,,,,
35115,"Willowdale/Willowdale"," 413","North York",0,5,94,135,12,0,246,471
35115,"Willowdale/Willowdale"," 414","North York",1,5,98,167,23,4,298,463
35115,"Willowdale/Willowdale"," 415","North York",5,6,49,83,9,2,154,323
35115,"Willowdale/Willowdale"," 416","North York",Void/Supprimé,,,,,,,
35115,"Willowdale/Willowdale"," 417","North York",Void/Supprimé,,,,,,,
35115,"Willowdale/Willowdale"," 418","North York",Void/Supprimé,,,,,,,
35115,"Willowdale/Willowdale"," 418-1","North York",2,7,33,172,11,2,227,301
35115,"Willowdale/Willowdale"," 418-2","North York",0,2,35,40,6,3,86,229
35115,"Willowdale/Willowdale"," 419","North York",2,9,163,56,19,2,251,422
35115,"Willowdale/Willowdale"," 420","North York",Merged with No./Fusionné avec le n°28A,,,,,,,250
35115,"Willowdale/Willowdale"," 421","North York",Merged with No./Fusionné avec le n°400,,,,,,,176
35115,"Willowdale/Willowdale"," 422","North York",Merged with No./Fusionné avec le n°423,,,,,,,288
35115,"Willowdale/Willowdale"," 423","North York",0,3,186,65,15,4,273,387
35115,"Willowdale/Willowdale"," 423-1","North York",0,9,184,70,27,1,291,301
35115,"Willowdale/Willowdale"," 424","North York",5,5,107,61,21,0,199,395
35115,"Willowdale/Willowdale"," 424-1","North York",Merged with No./Fusionné avec le n°423-1,,,,,,,264
35115,"Willowdale/Willowdale"," 425","North York",2,6,148,128,15,1,300,440
35115,"Willowdale/Willowdale"," 426","North York",Void/Supprimé,,,,,,,
35115,"Willowdale/Willowdale"," 427","North York",1,6,162,69,21,0,259,539
35115,"Willowdale/Willowdale"," 428","North York",3,3,82,62,11,1,162,302
35115,"Willowdale/Willowdale"," 429","North York",1,2,96,39,18,0,156,238
35115,"Willowdale/Willowdale"," 430","North York",Merged with No./Fusionné avec le n°429,,,,,,,162
35115,"Willowdale/Willowdale"," 431","North York",Merged with No./Fusionné avec le n°432,,,,,,,404
35115,"Willowdale/Willowdale"," 432","North York",2,10,219,95,19,4,349,421
35115,"Willowdale/Willowdale"," 432-1","North York",2,3,53,44,2,0,104,209
35115,"Willowdale/Willowdale"," 433","North York",0,5,147,57,9,0,218,429
35115,"Willowdale/Willowdale"," 433-1","North York",2,2,73,45,10,2,134,292
35115,"Willowdale/Willowdale"," 434","North York",0,9,121,57,16,1,204,342
35115,"Willowdale/Willowdale"," 435","North York",0,11,160,39,12,1,223,392
35115,"Willowdale/Willowdale"," 436","North York",0,2,97,58,6,0,163,322
35115,"Willowdale/Willowdale"," 437","North York",Merged with No./Fusionné avec le n°80,,,,,,,197
35115,"Willowdale/Willowdale"," 438","North York",Merged with No./Fusionné avec le n°80,,,,,,,222
35115,"Willowdale/Willowdale"," 439","North York",Merged with No./Fusionné avec le n°72,,,,,,,297
35115,"Willowdale/Willowdale"," 440","North York",0,1,96,62,7,0,166,378
35115,"Willowdale/Willowdale"," 441","North York",Merged with No./Fusionné avec le n°72,,,,,,,249
35115,"Willowdale/Willowdale"," 442","North York",0,3,71,76,12,1,163,362
35115,"Willowdale/Willowdale"," 443","North York",2,7,71,65,9,3,157,243
35115,"Willowdale/Willowdale"," 444","North York",1,4,64,49,13,0,131,266
35115,"Willowdale/Willowdale"," 445","North York",0,3,115,45,7,2,172,374
35115,"Willowdale/Willowdale"," 446","North York",3,5,181,75,20,1,285,374
35115,"Willowdale/Willowdale"," 447","North York",Merged with No./Fusionné avec le n°446,,,,,,,361
35115,"Willowdale/Willowdale"," 448","North York",0,4,117,65,22,0,208,350
35115,"Willowdale/Willowdale"," 449","North York",0,3,121,55,14,2,195,322
35115,"Willowdale/Willowdale"," 450","North York",Merged with No./Fusionné avec le n°81,,,,,,,256
35115,"Willowdale/Willowdale"," 451","North York",0,5,145,92,21,0,263,422
35115,"Willowdale/Willowdale"," 452","North York",0,5,130,125,9,2,271,382
35115,"Willowdale/Willowdale"," 453","North York",Void/Supprimé,,,,,,,
35115,"Willowdale/Willowdale"," 454","North York",Void/Supprimé,,,,,,,
35115,"Willowdale/Willowdale"," 455","North York",Void/Supprimé,,,,,,,
35115,"Willowdale/Willowdale"," 456","North York",2,5,127,87,10,1,232,343
35115,"Willowdale/Willowdale"," 457","North York",0,7,152,74,19,1,253,444
35115,"Willowdale/Willowdale"," 458","North York",Merged with No./Fusionné avec le n°103,,,,,,,191
35115,"Willowdale/Willowdale"," 458-1","North York",Merged with No./Fusionné avec le n°102,,,,,,,132
35115,"Willowdale/Willowdale"," 458-2","North York",Merged with No./Fusionné avec le n°102,,,,,,,175
35115,"Willowdale/Willowdale"," 459","North York",Void/Supprimé,,,,,,,
35115,"Willowdale/Willowdale"," 460","North York",1,7,204,80,21,1,314,289
35115,"Willowdale/Willowdale"," 461","North York",Merged with No./Fusionné avec le n°460,,,,,,,285
35115,"Willowdale/Willowdale"," 462","North York",0,6,134,29,12,1,182,295
35115,"Willowdale/Willowdale"," 462-1","North York",Void/Supprimé,,,,,,,
35115,"Willowdale/Willowdale"," 462-2","North York",0,3,95,27,9,0,134,231
35115,"Willowdale/Willowdale"," 463","North York",Void/Supprimé,,,,,,,
35115,"Willowdale/Willowdale"," 464","North York",Void/Supprimé,,,,,,,
35115,"Willowdale/Willowdale"," 465","North York",Void/Supprimé,,,,,,,
35115,"Willowdale/Willowdale"," 466","North York",2,3,158,84,15,1,263,467
35115,"Willowdale/Willowdale"," 467","North York",1,4,149,85,8,1,248,414
35115,"Willowdale/Willowdale"," 468","North York",Merged with No./Fusionné avec le n°469,,,,,,,137
35115,"Willowdale/Willowdale"," 469","North York",0,8,135,40,23,0,206,201
35115,"Willowdale/Willowdale"," 470","North York",1,4,86,42,16,0,149,242
35115,"Willowdale/Willowdale"," 471","North York",0,4,99,49,10,1,163,295
35115,"Willowdale/Willowdale"," 472","North York",0,4,117,73,7,0,201,396
35115,"Willowdale/Willowdale"," 473","North York",0,2,129,53,16,0,200,314
35115,"Willowdale/Willowdale"," 473-1","North York",Merged with No./Fusionné avec le n°102,,,,,,,137
35115,"Willowdale/Willowdale"," 474","North York",1,6,143,72,15,1,238,446
35115,"Willowdale/Willowdale"," 475","North York",0,4,67,64,7,0,142,255
35115,"Willowdale/Willowdale"," 476","North York",0,1,58,48,8,1,116,229
35115,"Willowdale/Willowdale"," 477","North York",0,2,112,139,8,2,263,425
35115,"Willowdale/Willowdale"," 478","North York",2,5,104,70,13,0,194,397
35115,"Willowdale/Willowdale"," 479","North York",0,7,149,102,24,0,282,544
35115,"Willowdale/Willowdale"," 480","North York",4,2,68,57,8,1,140,226
35115,"Willowdale/Willowdale"," 481","North York",0,5,115,77,7,2,206,347
35115,"Willowdale/Willowdale"," 482","North York",1,8,174,74,25,0,282,293
35115,"Willowdale/Willowdale"," 483","North York",Merged with No./Fusionné avec le n°482,,,,,,,269
35115,"Willowdale/Willowdale"," 484","North York",0,9,178,103,28,3,321,294
35115,"Willowdale/Willowdale"," 485","North York",Merged with No./Fusionné avec le n°484,,,,,,,288
35115,"Willowdale/Willowdale"," 486","North York",1,1,50,37,13,0,102,215
35115,"Willowdale/Willowdale"," 487","North York",2,1,66,55,13,1,138,258
35115,"Willowdale/Willowdale"," 488","North York",0,2,55,52,3,0,112,263
35115,"Willowdale/Willowdale"," 489","North York",0,8,145,78,6,1,238,400
35115,"Willowdale/Willowdale"," 490","North York",2,5,171,76,24,3,281,295
35115,"Willowdale/Willowdale"," 491","North York",Merged with No./Fusionné avec le n°490,,,,,,,180
35115,"Willowdale/Willowdale"," 492","North York",2,7,93,76,13,2,193,422
35115,"Willowdale/Willowdale"," 493","North York",0,2,59,57,6,2,126,326
35115,"Willowdale/Willowdale"," 494","North York",0,1,142,37,10,0,190,382
35115,"Willowdale/Willowdale"," 495","North York",3,2,63,90,9,9,176,253
35115,"Willowdale/Willowdale"," 496","North York",0,6,139,69,9,1,224,400
35115,"Willowdale/Willowdale"," 497","North York",Void/Supprimé,,,,,,,
35115,"Willowdale/Willowdale"," 498","North York",2,10,153,104,21,3,293,465
35115,"Willowdale/Willowdale"," 499","North York",3,8,137,95,25,1,269,408
35115,"Willowdale/Willowdale"," 500","Mobile poll/Bureau itinérant",2,1,50,24,4,3,84,237
35115,"Willowdale/Willowdale"," 501","Mobile poll/Bureau itinérant",1,2,59,39,8,2,111,200
35115,"Willowdale/Willowdale"," 502","Mobile poll/Bureau itinérant",2,4,85,47,11,2,151,205
35115,"Willowdale/Willowdale"," 600","North York",5,13,364,330,56,5,773,
35115,"Willowdale/Willowdale"," 601","North York",4,11,390,291,33,1,730,
35115,"Willowdale/Willowdale"," 602","North York",1,22,371,334,52,2,782,
35115,"Willowdale/Willowdale"," 603","North York",0,9,197,142,37,4,389,
35115,"Willowdale/Willowdale"," 604","North York",3,15,478,319,63,2,880,
35115,"Willowdale/Willowdale"," 605","North York",0,11,281,182,42,0,516,
35115,"Willowdale/Willowdale"," 606","North York",2,5,319,294,29,0,649,
35115,"Willowdale/Willowdale"," 607","North York",4,25,602,399,75,1,1106,
35115,"Willowdale/Willowdale"," 608","North York",3,17,376,230,31,1,658,
35115,"Willowdale/Willowdale"," 609","North York",2,5,377,225,39,2,650,
35115,"Willowdale/Willowdale"," 610","North York",1,6,172,121,31,0,331,
35115,"Willowdale/Willowdale"," 611","North York",1,11,329,215,40,3,599,
35115,"Willowdale/Willowdale"," 612","North York",1,7,186,88,29,0,311,
35115,"Willowdale/Willowdale",,"Group 1/Groupe 1",0,2,54,26,15,5,102,94
35115,"Willowdale/Willowdale",,"Group 2/Groupe 2",8,39,666,392,141,16,1262,
