﻿Electoral District Number/Numéro de circonscription,Electoral District Name/Nom de circonscription,Polling Station Number/Numéro du bureau de scrutin,Polling Station Name/Nom du bureau de scrutin,Saul Andersen,Art Lowe,Murray Rankin,Jordan Reichert,John Rizzuti,Jo-Ann Roberts,Cheryl Thomas,Rejected Ballots/Bulletins rejetés,Total Votes/Total des votes,Electors/Électeurs
59041,"Victoria/Victoria"," 1","Saanich",1,1,53,0,29,49,29,1,163,402
59041,"Victoria/Victoria"," 2","Saanich",0,6,70,0,29,95,31,0,231,477
59041,"Victoria/Victoria"," 3","Saanich",0,4,78,0,25,96,32,0,235,426
59041,"Victoria/Victoria"," 4","Saanich",0,2,55,0,24,80,34,1,196,410
59041,"Victoria/Victoria"," 5","Saanich",0,5,85,2,31,94,31,0,248,471
59041,"Victoria/Victoria"," 6","Saanich",1,0,65,1,48,98,40,2,255,437
59041,"Victoria/Victoria"," 7","Saanich",0,3,76,3,30,96,31,1,240,461
59041,"Victoria/Victoria"," 8","Saanich",0,3,120,0,28,83,28,0,262,414
59041,"Victoria/Victoria"," 9","Saanich",0,4,44,0,21,58,69,1,197,339
59041,"Victoria/Victoria"," 10","Saanich",0,1,56,0,11,66,23,0,157,346
59041,"Victoria/Victoria"," 11","Saanich",0,4,64,0,45,131,33,0,277,472
59041,"Victoria/Victoria"," 12","Saanich",0,1,41,0,25,68,24,0,159,316
59041,"Victoria/Victoria"," 13","Saanich",0,1,77,1,38,119,35,1,272,425
59041,"Victoria/Victoria"," 14","Saanich",0,1,68,1,56,119,26,0,271,422
59041,"Victoria/Victoria"," 15","Saanich",0,1,40,0,46,59,16,0,162,277
59041,"Victoria/Victoria"," 16","Saanich",0,0,49,0,74,139,20,2,284,429
59041,"Victoria/Victoria"," 17","Saanich",0,0,44,0,78,104,23,2,251,457
59041,"Victoria/Victoria"," 18","Saanich",0,1,56,1,48,112,13,0,231,401
59041,"Victoria/Victoria"," 19","Oak Bay",0,0,39,0,42,86,25,0,192,382
59041,"Victoria/Victoria"," 20","Oak Bay",2,2,70,0,38,86,15,1,214,382
59041,"Victoria/Victoria"," 21","Oak Bay",0,0,35,0,64,70,16,0,185,391
59041,"Victoria/Victoria"," 22","Oak Bay",0,0,55,1,36,72,32,0,196,344
59041,"Victoria/Victoria"," 23","Oak Bay",0,2,70,0,28,60,21,0,181,304
59041,"Victoria/Victoria"," 24","Oak Bay",0,1,58,0,34,80,21,0,194,367
59041,"Victoria/Victoria"," 25","Oak Bay",0,0,15,0,65,58,23,0,161,324
59041,"Victoria/Victoria"," 26","Oak Bay",0,1,35,0,53,46,23,0,158,283
59041,"Victoria/Victoria"," 27","Capital H (Part 1)",0,1,41,0,49,85,14,2,192,365
59041,"Victoria/Victoria"," 28","Oak Bay",0,0,80,0,26,70,24,1,201,344
59041,"Victoria/Victoria"," 29","Saanich",0,1,85,0,27,82,24,0,219,377
59041,"Victoria/Victoria"," 30","Saanich",0,0,94,2,26,90,21,1,234,385
59041,"Victoria/Victoria"," 31","Saanich",2,2,103,0,27,92,35,1,262,434
59041,"Victoria/Victoria"," 32","Saanich",0,2,91,1,39,101,38,2,274,457
59041,"Victoria/Victoria"," 33","Saanich",0,2,109,0,40,99,30,0,280,460
59041,"Victoria/Victoria"," 34","Saanich",1,0,107,3,26,121,46,1,305,423
59041,"Victoria/Victoria"," 35","Saanich",0,2,113,0,24,67,33,0,239,440
59041,"Victoria/Victoria"," 36","Victoria",0,3,65,0,33,80,35,0,216,442
59041,"Victoria/Victoria"," 37","Victoria",1,0,62,1,18,43,24,0,149,355
59041,"Victoria/Victoria"," 38","Victoria",1,1,116,2,11,84,22,0,237,445
59041,"Victoria/Victoria"," 39","Victoria",1,1,131,0,17,100,14,0,264,442
59041,"Victoria/Victoria"," 40","Victoria",0,1,77,0,10,53,36,0,177,349
59041,"Victoria/Victoria"," 41","Victoria",0,2,68,1,8,34,25,2,140,320
59041,"Victoria/Victoria"," 42","Victoria",0,0,102,0,17,85,28,1,233,446
59041,"Victoria/Victoria"," 43","Victoria",0,0,77,0,7,77,26,0,187,371
59041,"Victoria/Victoria"," 44","Victoria",0,0,112,0,11,64,16,1,204,422
59041,"Victoria/Victoria"," 45","Victoria",2,5,128,0,19,86,27,0,267,420
59041,"Victoria/Victoria"," 46","Victoria",0,3,113,1,13,121,19,2,272,471
59041,"Victoria/Victoria"," 47","Victoria",0,1,91,2,17,75,53,2,241,468
59041,"Victoria/Victoria"," 48","Victoria",0,3,124,0,18,81,30,0,256,444
59041,"Victoria/Victoria"," 49","Victoria",0,4,110,0,19,88,31,3,255,447
59041,"Victoria/Victoria"," 50","Victoria",0,2,128,0,17,69,39,1,256,454
59041,"Victoria/Victoria"," 51","Victoria",0,0,72,3,12,42,25,0,154,392
59041,"Victoria/Victoria"," 51-1A","Mobile poll/Bureau itinérant",Merged with No./Fusionné avec le n°51-1B,,,,,,,,,44
59041,"Victoria/Victoria"," 51-1B","Mobile poll/Bureau itinérant",0,2,37,2,44,39,25,0,149,141
59041,"Victoria/Victoria"," 52","Victoria",2,3,110,0,31,64,35,3,248,444
59041,"Victoria/Victoria"," 53","Victoria",0,4,124,3,13,98,35,1,278,512
59041,"Victoria/Victoria"," 54","Victoria",0,0,105,0,14,65,30,0,214,394
59041,"Victoria/Victoria"," 55","Victoria",0,1,114,1,8,88,21,1,234,455
59041,"Victoria/Victoria"," 56","Victoria",1,3,127,1,19,53,37,2,243,487
59041,"Victoria/Victoria"," 57","Victoria",0,8,91,0,16,62,40,0,217,446
59041,"Victoria/Victoria"," 58","Victoria",0,5,125,0,10,53,44,0,237,476
59041,"Victoria/Victoria"," 59","Victoria",2,0,85,0,27,52,32,0,198,422
59041,"Victoria/Victoria"," 60","Victoria",0,1,55,0,26,73,40,0,195,453
59041,"Victoria/Victoria"," 61","Victoria",0,2,59,0,27,47,34,1,170,396
59041,"Victoria/Victoria"," 62","Victoria",0,0,69,1,30,68,29,0,197,463
59041,"Victoria/Victoria"," 63","Victoria",0,2,71,2,19,44,40,0,178,434
59041,"Victoria/Victoria"," 64","Victoria",0,2,70,0,11,75,35,1,194,515
59041,"Victoria/Victoria"," 65","Victoria",0,1,79,0,15,52,42,3,192,444
59041,"Victoria/Victoria"," 66","Victoria",0,0,72,0,37,83,44,1,237,490
59041,"Victoria/Victoria"," 67","Victoria",0,4,73,0,16,37,33,3,166,484
59041,"Victoria/Victoria"," 68","Victoria",0,2,103,1,22,57,28,1,214,407
59041,"Victoria/Victoria"," 69","Victoria",0,2,87,0,18,77,21,1,206,397
59041,"Victoria/Victoria"," 70","Victoria",2,1,135,0,22,114,40,1,315,525
59041,"Victoria/Victoria"," 71","Victoria",2,2,112,0,13,76,29,1,235,463
59041,"Victoria/Victoria"," 72","Victoria",1,2,82,0,25,66,16,1,193,420
59041,"Victoria/Victoria"," 73","Victoria",0,1,89,0,9,47,30,0,176,372
59041,"Victoria/Victoria"," 74","Victoria",0,0,57,0,26,43,34,0,160,489
59041,"Victoria/Victoria"," 75","Victoria",1,3,74,0,14,56,26,0,174,342
59041,"Victoria/Victoria"," 76","Victoria",0,2,38,0,11,31,21,0,103,363
59041,"Victoria/Victoria"," 77","Victoria",2,1,108,0,17,60,52,1,241,405
59041,"Victoria/Victoria"," 78","Victoria",0,3,74,0,33,97,40,0,247,481
59041,"Victoria/Victoria"," 79","Victoria",0,5,84,3,52,98,62,0,304,543
59041,"Victoria/Victoria"," 80","Victoria",0,0,35,0,51,51,28,1,166,407
59041,"Victoria/Victoria"," 81","Victoria",0,2,54,0,40,57,33,0,186,320
59041,"Victoria/Victoria"," 82","Victoria",1,0,47,3,39,41,35,1,167,363
59041,"Victoria/Victoria"," 83","Victoria",0,1,61,1,6,38,27,0,134,337
59041,"Victoria/Victoria"," 84","Victoria",0,10,121,0,19,58,61,2,271,608
59041,"Victoria/Victoria"," 85","Victoria",0,1,36,0,13,33,15,0,98,248
59041,"Victoria/Victoria"," 86","Victoria",0,5,123,1,25,69,43,0,266,523
59041,"Victoria/Victoria"," 87","Victoria",0,1,88,1,13,52,36,1,192,417
59041,"Victoria/Victoria"," 88","Victoria",0,2,83,1,39,51,25,2,203,420
59041,"Victoria/Victoria"," 89","Victoria",1,9,91,0,17,69,37,1,225,415
59041,"Victoria/Victoria"," 90","Victoria",1,2,142,0,17,87,43,2,294,484
59041,"Victoria/Victoria"," 91","Victoria",0,4,104,0,10,62,29,2,211,412
59041,"Victoria/Victoria"," 92","Victoria",2,2,102,0,15,59,17,0,197,348
59041,"Victoria/Victoria"," 93","Victoria",0,2,109,1,9,71,16,0,208,383
59041,"Victoria/Victoria"," 94","Victoria",0,2,105,1,15,60,23,0,206,380
59041,"Victoria/Victoria"," 95","Victoria",3,1,64,0,8,66,16,2,160,413
59041,"Victoria/Victoria"," 96","Victoria",2,2,132,0,8,83,25,0,252,390
59041,"Victoria/Victoria"," 97","Victoria",0,1,107,1,10,78,17,0,214,370
59041,"Victoria/Victoria"," 98","Victoria",0,1,94,0,8,63,12,0,178,409
59041,"Victoria/Victoria"," 99","Victoria",0,4,86,0,21,63,45,0,219,480
59041,"Victoria/Victoria"," 100","Victoria",0,1,103,0,12,77,23,1,217,395
59041,"Victoria/Victoria"," 101","Victoria",0,3,121,1,18,73,16,0,232,387
59041,"Victoria/Victoria"," 102","Victoria",0,0,113,1,9,59,25,0,207,384
59041,"Victoria/Victoria"," 103","Victoria",0,0,84,1,5,41,14,1,146,353
59041,"Victoria/Victoria"," 104","Victoria",0,1,89,0,4,68,18,1,181,336
59041,"Victoria/Victoria"," 105","Victoria",0,2,90,0,14,67,43,1,217,400
59041,"Victoria/Victoria"," 106","Victoria",1,2,115,2,14,63,39,1,237,415
59041,"Victoria/Victoria"," 107","Victoria",1,2,50,0,13,49,20,0,135,302
59041,"Victoria/Victoria"," 108","Victoria",0,0,55,0,14,47,31,0,147,325
59041,"Victoria/Victoria"," 109","Victoria",0,0,99,1,25,67,42,2,236,524
59041,"Victoria/Victoria"," 110","Victoria",2,0,115,0,31,111,60,0,319,646
59041,"Victoria/Victoria"," 111","Victoria",0,1,80,0,41,62,42,1,227,438
59041,"Victoria/Victoria"," 112","Victoria",0,4,86,0,23,60,43,0,216,474
59041,"Victoria/Victoria"," 113","Victoria",0,3,46,0,13,29,18,1,110,235
59041,"Victoria/Victoria"," 114","Victoria",2,3,73,2,31,74,36,0,221,434
59041,"Victoria/Victoria"," 115","Victoria",0,0,85,0,18,60,27,0,190,339
59041,"Victoria/Victoria"," 116","Victoria",0,2,95,0,39,95,28,1,260,453
59041,"Victoria/Victoria"," 117","Victoria",0,1,84,0,35,73,38,0,231,415
59041,"Victoria/Victoria"," 118","Victoria",0,1,90,1,23,66,29,0,210,421
59041,"Victoria/Victoria"," 119","Victoria",0,0,63,1,44,77,22,0,207,437
59041,"Victoria/Victoria"," 120","Victoria",0,2,87,0,18,91,39,1,238,431
59041,"Victoria/Victoria"," 121","Victoria",0,0,92,0,23,88,19,0,222,406
59041,"Victoria/Victoria"," 122","Victoria",0,1,91,0,31,73,22,2,220,429
59041,"Victoria/Victoria"," 123","Victoria",0,2,77,0,49,60,36,1,225,435
59041,"Victoria/Victoria"," 124","Victoria",0,2,87,0,25,75,25,1,215,374
59041,"Victoria/Victoria"," 125","Victoria",0,1,75,0,20,68,37,0,201,419
59041,"Victoria/Victoria"," 126","Victoria",2,0,96,0,14,69,31,0,212,459
59041,"Victoria/Victoria"," 127","Victoria",0,2,61,1,23,59,41,1,188,428
59041,"Victoria/Victoria"," 128","Victoria",1,1,83,0,34,86,34,1,240,455
59041,"Victoria/Victoria"," 129","Victoria",0,2,103,0,36,92,27,0,260,504
59041,"Victoria/Victoria"," 130","Victoria",0,1,72,0,27,79,29,0,208,428
59041,"Victoria/Victoria"," 131","Victoria",1,1,72,0,29,75,30,0,208,400
59041,"Victoria/Victoria"," 132","Victoria",0,2,89,2,13,63,23,2,194,428
59041,"Victoria/Victoria"," 133","Victoria",0,0,89,1,28,62,18,0,198,398
59041,"Victoria/Victoria"," 134","Victoria",0,0,60,1,20,56,36,0,173,350
59041,"Victoria/Victoria"," 135","Victoria",0,2,83,0,14,58,36,1,194,408
59041,"Victoria/Victoria"," 136","Victoria",0,2,64,3,26,68,34,0,197,372
59041,"Victoria/Victoria"," 137","Victoria",1,1,112,1,16,69,35,0,235,474
59041,"Victoria/Victoria"," 138","Victoria",0,1,88,1,14,72,18,0,194,380
59041,"Victoria/Victoria"," 139","Victoria",0,2,80,0,20,76,23,0,201,402
59041,"Victoria/Victoria"," 140","Victoria",2,1,76,1,24,48,29,0,181,404
59041,"Victoria/Victoria"," 141","Victoria",0,1,98,0,19,90,34,1,243,470
59041,"Victoria/Victoria"," 142","Victoria",0,6,100,0,16,78,20,0,220,432
59041,"Victoria/Victoria"," 143","Victoria",0,5,85,1,11,74,21,1,198,473
59041,"Victoria/Victoria"," 144","Victoria",0,2,96,1,25,98,24,1,247,481
59041,"Victoria/Victoria"," 145","Victoria",0,3,96,0,11,79,23,0,212,440
59041,"Victoria/Victoria"," 146","Victoria",0,3,86,1,36,68,32,0,226,430
59041,"Victoria/Victoria"," 147","Victoria",0,3,83,0,14,69,17,0,186,386
59041,"Victoria/Victoria"," 148","Victoria",0,3,85,1,16,66,25,0,196,392
59041,"Victoria/Victoria"," 149","Victoria",0,0,48,0,11,61,18,0,138,261
59041,"Victoria/Victoria"," 150","Victoria",0,2,92,2,20,69,12,0,197,319
59041,"Victoria/Victoria"," 151","Victoria",0,4,105,1,17,100,34,2,263,529
59041,"Victoria/Victoria"," 152","Victoria",0,1,66,0,22,65,14,0,168,408
59041,"Victoria/Victoria"," 153","Victoria",1,2,123,0,20,80,21,0,247,478
59041,"Victoria/Victoria"," 154","Victoria",2,2,125,1,17,61,21,0,229,414
59041,"Victoria/Victoria"," 155","Victoria",1,0,113,0,13,89,10,0,226,419
59041,"Victoria/Victoria"," 156","Victoria",0,2,102,1,19,106,20,0,250,434
59041,"Victoria/Victoria"," 157","Victoria",0,1,109,0,27,76,30,0,243,484
59041,"Victoria/Victoria"," 158","Victoria",0,0,79,0,15,74,22,0,190,361
59041,"Victoria/Victoria"," 159","Victoria",0,1,80,0,27,95,21,1,225,424
59041,"Victoria/Victoria"," 160","Victoria",0,2,88,0,20,75,27,0,212,358
59041,"Victoria/Victoria"," 161","Victoria",0,2,100,0,27,90,11,1,231,408
59041,"Victoria/Victoria"," 162","Victoria",1,1,117,0,11,81,43,0,254,450
59041,"Victoria/Victoria"," 163","Victoria",0,3,120,2,17,80,50,2,274,517
59041,"Victoria/Victoria"," 164","Victoria",1,2,101,6,23,102,33,0,268,470
59041,"Victoria/Victoria"," 165","Victoria",0,4,110,0,23,92,24,1,254,453
59041,"Victoria/Victoria"," 166","Victoria",0,4,118,1,24,86,30,1,264,513
59041,"Victoria/Victoria"," 167","Victoria",1,1,108,0,12,92,25,1,240,447
59041,"Victoria/Victoria"," 168","Victoria",0,4,105,1,10,80,32,1,233,430
59041,"Victoria/Victoria"," 169","Victoria",1,7,104,1,27,59,40,1,240,442
59041,"Victoria/Victoria"," 170","Victoria",0,2,113,1,28,80,41,0,265,468
59041,"Victoria/Victoria"," 171","Victoria",0,1,133,0,29,72,34,1,270,521
59041,"Victoria/Victoria"," 172","Victoria",0,3,110,2,16,88,14,0,233,380
59041,"Victoria/Victoria"," 173","Victoria",0,3,106,0,18,69,22,1,219,380
59041,"Victoria/Victoria"," 174","Victoria",0,1,114,1,24,102,14,0,256,443
59041,"Victoria/Victoria"," 175","Victoria",0,1,83,0,11,76,11,0,182,427
59041,"Victoria/Victoria"," 176","Oak Bay",0,0,74,0,23,97,35,0,229,426
59041,"Victoria/Victoria"," 177","Oak Bay",1,1,104,1,27,92,25,0,251,397
59041,"Victoria/Victoria"," 178","Oak Bay",1,5,102,3,17,70,40,2,240,413
59041,"Victoria/Victoria"," 179","Oak Bay",0,1,82,1,35,100,27,0,246,404
59041,"Victoria/Victoria"," 180","Oak Bay",1,1,86,0,47,78,19,0,232,352
59041,"Victoria/Victoria"," 181","Oak Bay",1,0,69,0,36,115,19,1,241,433
59041,"Victoria/Victoria"," 182","Oak Bay",0,0,56,0,44,78,33,0,211,419
59041,"Victoria/Victoria"," 183","Oak Bay",0,1,94,1,37,82,34,1,250,438
59041,"Victoria/Victoria"," 184","Oak Bay",0,1,82,0,40,91,19,0,233,402
59041,"Victoria/Victoria"," 184-1A","Mobile poll/Bureau itinérant",Merged with No./Fusionné avec le n°184-1C,,,,,,,,,54
59041,"Victoria/Victoria"," 184-1B","Mobile poll/Bureau itinérant",Merged with No./Fusionné avec le n°184-1C,,,,,,,,,34
59041,"Victoria/Victoria"," 184-1C","Mobile poll/Bureau itinérant",0,2,44,2,20,22,24,1,115,48
59041,"Victoria/Victoria"," 184-1D","Mobile poll/Bureau itinérant",Merged with No./Fusionné avec le n°184-1C,,,,,,,,,29
59041,"Victoria/Victoria"," 185","Oak Bay",0,1,73,0,15,89,31,2,211,416
59041,"Victoria/Victoria"," 186","Oak Bay",0,1,85,0,39,85,29,0,239,491
59041,"Victoria/Victoria"," 187","Oak Bay",1,1,77,1,56,96,22,0,254,437
59041,"Victoria/Victoria"," 188","Oak Bay",1,2,72,1,29,68,11,0,184,371
59041,"Victoria/Victoria"," 189","Oak Bay",1,1,73,1,33,94,21,0,224,380
59041,"Victoria/Victoria"," 190","Oak Bay",0,2,72,0,43,60,18,0,195,369
59041,"Victoria/Victoria"," 191","Oak Bay",0,0,73,0,45,85,33,2,238,435
59041,"Victoria/Victoria"," 192","Oak Bay",0,6,65,0,58,74,29,0,232,423
59041,"Victoria/Victoria"," 193","Oak Bay",0,0,52,0,31,67,12,1,163,360
59041,"Victoria/Victoria"," 194","Victoria",0,2,105,2,26,101,27,0,263,441
59041,"Victoria/Victoria"," 195","Victoria",1,2,89,0,40,119,42,1,294,532
59041,"Victoria/Victoria"," 196","Victoria",0,2,75,1,29,70,24,0,201,372
59041,"Victoria/Victoria"," 197","Victoria",0,2,74,1,43,87,23,0,230,369
59041,"Victoria/Victoria"," 198","Victoria",0,2,111,0,22,94,19,0,248,427
59041,"Victoria/Victoria"," 199","Victoria",1,1,113,2,17,102,20,1,257,426
59041,"Victoria/Victoria"," 200","Victoria",0,0,82,0,22,90,32,0,226,425
59041,"Victoria/Victoria"," 201","Victoria",0,1,73,0,42,79,33,0,228,434
59041,"Victoria/Victoria"," 202","Victoria",0,1,85,0,30,83,37,0,236,412
59041,"Victoria/Victoria"," 203","Victoria",0,0,90,0,18,102,22,0,232,433
59041,"Victoria/Victoria"," 204","Victoria",0,1,122,1,29,85,13,0,251,398
59041,"Victoria/Victoria"," 205","Oak Bay",1,1,82,1,41,78,12,0,216,384
59041,"Victoria/Victoria"," 206","Oak Bay",1,1,72,0,28,87,13,0,202,412
59041,"Victoria/Victoria"," 207","Oak Bay",0,0,75,0,34,112,21,1,243,416
59041,"Victoria/Victoria"," 208","Oak Bay",0,2,75,1,32,90,20,0,220,412
59041,"Victoria/Victoria"," 209","Oak Bay",1,0,74,2,75,112,21,0,285,543
59041,"Victoria/Victoria"," 210","Oak Bay",0,0,64,0,36,79,23,1,203,389
59041,"Victoria/Victoria"," 211","Oak Bay",0,0,59,0,58,87,19,0,223,356
59041,"Victoria/Victoria"," 212","Oak Bay",1,1,90,2,40,77,14,1,226,365
59041,"Victoria/Victoria"," 213","Victoria",0,4,89,0,8,103,27,0,231,420
59041,"Victoria/Victoria"," 214","Victoria",1,6,106,3,17,82,16,1,232,433
59041,"Victoria/Victoria"," 215","Victoria",0,1,82,0,15,55,32,0,185,433
59041,"Victoria/Victoria"," 216","Victoria",0,1,78,0,43,65,16,0,203,400
59041,"Victoria/Victoria"," 217","Victoria",0,2,82,0,15,35,24,1,159,329
59041,"Victoria/Victoria"," 218","Victoria",0,0,83,0,10,30,21,0,144,346
59041,"Victoria/Victoria"," 219","Victoria",0,1,46,0,7,34,24,1,113,288
59041,"Victoria/Victoria"," 220","Victoria",0,1,62,0,17,29,31,0,140,299
59041,"Victoria/Victoria"," 500","Mobile poll/Bureau itinérant",Void/Supprimé,,,,,,,,,
59041,"Victoria/Victoria"," 501","Mobile poll/Bureau itinérant",0,4,28,3,14,23,14,1,87,104
59041,"Victoria/Victoria"," 502","Mobile poll/Bureau itinérant",Void/Supprimé,,,,,,,,,
59041,"Victoria/Victoria"," 503","Mobile poll/Bureau itinérant",5,10,45,3,23,30,38,6,160,244
59041,"Victoria/Victoria"," 504","Mobile poll/Bureau itinérant",1,4,17,1,25,26,13,1,88,102
59041,"Victoria/Victoria"," 505A","Victoria",Merged with No./Fusionné avec le n°164,,,,,,,,,2
59041,"Victoria/Victoria"," 505B","Mobile poll/Bureau itinérant",Merged with No./Fusionné avec le n°504,,,,,,,,,26
59041,"Victoria/Victoria"," 505C","Mobile poll/Bureau itinérant",Merged with No./Fusionné avec le n°506A,,,,,,,,,9
59041,"Victoria/Victoria"," 505D","Mobile poll/Bureau itinérant",Merged with No./Fusionné avec le n°515,,,,,,,,,66
59041,"Victoria/Victoria"," 506A","Mobile poll/Bureau itinérant",2,2,61,1,23,31,33,0,153,131
59041,"Victoria/Victoria"," 506B","Victoria",Merged with No./Fusionné avec le n°126,,,,,,,,,6
59041,"Victoria/Victoria"," 507A","Mobile poll/Bureau itinérant",0,0,29,1,18,16,10,0,74,117
59041,"Victoria/Victoria"," 507B","Mobile poll/Bureau itinérant",Merged with No./Fusionné avec le n°510B,,,,,,,,,9
59041,"Victoria/Victoria"," 508A","Mobile poll/Bureau itinérant",0,2,27,1,17,22,14,1,84,93
59041,"Victoria/Victoria"," 508B","Victoria",Merged with No./Fusionné avec le n°111,,,,,,,,,0
59041,"Victoria/Victoria"," 508C","Victoria",0,0,28,1,19,25,10,1,84,146
59041,"Victoria/Victoria"," 509","Mobile poll/Bureau itinérant",2,4,26,4,23,23,14,4,100,156
59041,"Victoria/Victoria"," 510A","Mobile poll/Bureau itinérant",1,4,27,0,29,39,29,0,129,156
59041,"Victoria/Victoria"," 510B","Mobile poll/Bureau itinérant",5,1,93,5,6,55,58,6,229,335
59041,"Victoria/Victoria"," 511","Mobile poll/Bureau itinérant",5,3,51,3,40,28,39,2,171,363
59041,"Victoria/Victoria"," 512","Mobile poll/Bureau itinérant",1,2,26,2,39,32,13,2,117,151
59041,"Victoria/Victoria"," 513","Mobile poll/Bureau itinérant",1,4,47,2,39,34,20,0,147,177
59041,"Victoria/Victoria"," 514","Mobile poll/Bureau itinérant",Void/Supprimé,,,,,,,,,
59041,"Victoria/Victoria"," 515","Mobile poll/Bureau itinérant",2,1,36,1,26,31,23,5,125,122
59041,"Victoria/Victoria"," 600","Victoria",0,4,640,2,195,393,131,2,1367,
59041,"Victoria/Victoria"," 601","Victoria",4,6,560,6,120,263,128,0,1087,
59041,"Victoria/Victoria"," 602","Victoria",2,10,601,2,116,300,104,1,1136,
59041,"Victoria/Victoria"," 603","Victoria",2,3,813,3,81,411,90,7,1410,
59041,"Victoria/Victoria"," 604","Victoria",0,7,444,0,154,396,103,2,1106,
59041,"Victoria/Victoria"," 605","Oak Bay",1,1,358,1,279,445,91,2,1178,
59041,"Victoria/Victoria"," 606","Oak Bay",2,6,526,1,162,359,85,5,1146,
59041,"Victoria/Victoria"," 607","Victoria",1,4,640,1,60,262,72,5,1045,
59041,"Victoria/Victoria"," 608","Victoria",2,7,525,5,70,264,87,2,962,
59041,"Victoria/Victoria"," 609","Victoria",3,10,543,4,146,322,113,1,1142,
59041,"Victoria/Victoria"," 610","Victoria",2,5,611,4,140,377,119,3,1261,
59041,"Victoria/Victoria"," 611","Victoria",1,6,608,4,111,380,118,2,1230,
59041,"Victoria/Victoria"," 612","Victoria",2,3,775,3,101,427,75,2,1388,
59041,"Victoria/Victoria"," 613","Victoria",1,5,578,1,146,361,91,2,1185,
59041,"Victoria/Victoria"," 614","Oak Bay",0,6,578,3,233,507,81,0,1408,
59041,"Victoria/Victoria",,"Group 1/Groupe 1",2,14,172,2,70,79,107,12,458,282
59041,"Victoria/Victoria",,"Group 2/Groupe 2",4,12,2027,8,295,1069,346,42,3803,
