﻿Electoral District Number/Numéro de circonscription,Electoral District Name/Nom de circonscription,Polling Station Number/Numéro du bureau de scrutin,Polling Station Name/Nom du bureau de scrutin,Garry Begg,Nina Grewal,Ken Hardie,Richard Hosein,Rejected Ballots/Bulletins rejetés,Total Votes/Total des votes,Electors/Électeurs
59012,"Fleetwood--Port Kells/Fleetwood--Port Kells"," 1","Surrey",31,59,80,7,1,178,455
59012,"Fleetwood--Port Kells/Fleetwood--Port Kells"," 2","Surrey",54,52,89,6,4,205,427
59012,"Fleetwood--Port Kells/Fleetwood--Port Kells"," 3","Surrey",27,50,84,3,4,168,367
59012,"Fleetwood--Port Kells/Fleetwood--Port Kells"," 4","Surrey",34,89,78,12,2,215,480
59012,"Fleetwood--Port Kells/Fleetwood--Port Kells"," 5","Surrey",38,61,88,6,0,193,431
59012,"Fleetwood--Port Kells/Fleetwood--Port Kells"," 6","Surrey",27,63,77,2,2,171,382
59012,"Fleetwood--Port Kells/Fleetwood--Port Kells"," 7","Surrey",24,80,74,0,0,178,422
59012,"Fleetwood--Port Kells/Fleetwood--Port Kells"," 8","Surrey",26,81,66,3,0,176,435
59012,"Fleetwood--Port Kells/Fleetwood--Port Kells"," 9","Surrey",22,81,112,4,1,220,500
59012,"Fleetwood--Port Kells/Fleetwood--Port Kells"," 10","Surrey",30,62,124,13,1,230,447
59012,"Fleetwood--Port Kells/Fleetwood--Port Kells"," 11","Surrey",24,64,82,10,0,180,392
59012,"Fleetwood--Port Kells/Fleetwood--Port Kells"," 12","Surrey",28,61,80,8,0,177,402
59012,"Fleetwood--Port Kells/Fleetwood--Port Kells"," 13","Surrey",22,63,64,2,0,151,382
59012,"Fleetwood--Port Kells/Fleetwood--Port Kells"," 14","Surrey",15,75,85,7,0,182,358
59012,"Fleetwood--Port Kells/Fleetwood--Port Kells"," 15","Surrey",25,87,95,4,0,211,402
59012,"Fleetwood--Port Kells/Fleetwood--Port Kells"," 16","Surrey",35,90,104,5,1,235,440
59012,"Fleetwood--Port Kells/Fleetwood--Port Kells"," 17","Surrey",37,62,45,4,0,148,363
59012,"Fleetwood--Port Kells/Fleetwood--Port Kells"," 18","Surrey",51,50,98,5,1,205,412
59012,"Fleetwood--Port Kells/Fleetwood--Port Kells"," 19A","Surrey",31,46,57,5,1,140,280
59012,"Fleetwood--Port Kells/Fleetwood--Port Kells"," 19B","Surrey",31,43,53,4,0,131,291
59012,"Fleetwood--Port Kells/Fleetwood--Port Kells"," 20A","Surrey",32,42,70,5,1,150,355
59012,"Fleetwood--Port Kells/Fleetwood--Port Kells"," 20B","Surrey",32,45,97,1,0,175,324
59012,"Fleetwood--Port Kells/Fleetwood--Port Kells"," 21","Surrey",41,56,124,9,1,231,460
59012,"Fleetwood--Port Kells/Fleetwood--Port Kells"," 22","Surrey",41,46,108,7,0,202,477
59012,"Fleetwood--Port Kells/Fleetwood--Port Kells"," 23","Surrey",29,60,91,6,1,187,451
59012,"Fleetwood--Port Kells/Fleetwood--Port Kells"," 24","Surrey",30,68,85,8,3,194,438
59012,"Fleetwood--Port Kells/Fleetwood--Port Kells"," 25","Surrey",53,56,93,5,4,211,438
59012,"Fleetwood--Port Kells/Fleetwood--Port Kells"," 26","Surrey",51,71,99,6,0,227,370
59012,"Fleetwood--Port Kells/Fleetwood--Port Kells"," 27","Surrey",58,96,86,8,1,249,455
59012,"Fleetwood--Port Kells/Fleetwood--Port Kells"," 28A","Surrey",33,51,52,12,0,148,273
59012,"Fleetwood--Port Kells/Fleetwood--Port Kells"," 28B","Surrey",32,41,61,8,0,142,245
59012,"Fleetwood--Port Kells/Fleetwood--Port Kells"," 29","Surrey",58,54,62,8,2,184,409
59012,"Fleetwood--Port Kells/Fleetwood--Port Kells"," 30","Surrey",47,38,61,0,0,146,316
59012,"Fleetwood--Port Kells/Fleetwood--Port Kells"," 31","Surrey",25,98,59,9,0,191,453
59012,"Fleetwood--Port Kells/Fleetwood--Port Kells"," 32","Surrey",18,52,47,0,0,117,313
59012,"Fleetwood--Port Kells/Fleetwood--Port Kells"," 33","Surrey",11,55,42,1,0,109,327
59012,"Fleetwood--Port Kells/Fleetwood--Port Kells"," 34","Surrey",31,91,105,3,3,233,476
59012,"Fleetwood--Port Kells/Fleetwood--Port Kells"," 35","Surrey",36,102,96,8,1,243,496
59012,"Fleetwood--Port Kells/Fleetwood--Port Kells"," 36","Surrey",35,74,57,6,1,173,416
59012,"Fleetwood--Port Kells/Fleetwood--Port Kells"," 37","Surrey",37,96,65,2,0,200,433
59012,"Fleetwood--Port Kells/Fleetwood--Port Kells"," 38","Surrey",17,126,90,3,0,236,490
59012,"Fleetwood--Port Kells/Fleetwood--Port Kells"," 39","Surrey",30,128,65,2,0,225,440
59012,"Fleetwood--Port Kells/Fleetwood--Port Kells"," 40","Surrey",20,78,92,6,1,197,393
59012,"Fleetwood--Port Kells/Fleetwood--Port Kells"," 41","Surrey",28,97,118,4,2,249,462
59012,"Fleetwood--Port Kells/Fleetwood--Port Kells"," 42A","Surrey",23,67,69,1,0,160,292
59012,"Fleetwood--Port Kells/Fleetwood--Port Kells"," 42B","Surrey",20,57,41,1,0,119,249
59012,"Fleetwood--Port Kells/Fleetwood--Port Kells"," 43","Greater Vancouver A",34,111,81,11,0,237,424
59012,"Fleetwood--Port Kells/Fleetwood--Port Kells"," 44","Surrey",44,61,84,9,0,198,448
59012,"Fleetwood--Port Kells/Fleetwood--Port Kells"," 45","Surrey",36,91,66,14,0,207,439
59012,"Fleetwood--Port Kells/Fleetwood--Port Kells"," 46","Surrey",36,72,130,5,0,243,449
59012,"Fleetwood--Port Kells/Fleetwood--Port Kells"," 47","Surrey",29,46,79,1,2,157,392
59012,"Fleetwood--Port Kells/Fleetwood--Port Kells"," 48","Surrey",34,67,92,6,0,199,416
59012,"Fleetwood--Port Kells/Fleetwood--Port Kells"," 49","Surrey",58,50,100,4,2,214,500
59012,"Fleetwood--Port Kells/Fleetwood--Port Kells"," 50","Surrey",41,39,92,4,3,179,382
59012,"Fleetwood--Port Kells/Fleetwood--Port Kells"," 51","Surrey",41,59,71,2,1,174,384
59012,"Fleetwood--Port Kells/Fleetwood--Port Kells"," 52","Surrey",38,46,117,2,1,204,452
59012,"Fleetwood--Port Kells/Fleetwood--Port Kells"," 53","Surrey",41,77,71,6,1,196,418
59012,"Fleetwood--Port Kells/Fleetwood--Port Kells"," 54","Surrey",54,75,115,7,3,254,487
59012,"Fleetwood--Port Kells/Fleetwood--Port Kells"," 55","Surrey",61,52,93,9,3,218,486
59012,"Fleetwood--Port Kells/Fleetwood--Port Kells"," 56","Surrey",60,47,129,4,1,241,498
59012,"Fleetwood--Port Kells/Fleetwood--Port Kells"," 57","Surrey",38,50,108,0,3,199,387
59012,"Fleetwood--Port Kells/Fleetwood--Port Kells"," 58A","Surrey",16,28,43,2,0,89,250
59012,"Fleetwood--Port Kells/Fleetwood--Port Kells"," 58B","Surrey",25,27,43,2,1,98,280
59012,"Fleetwood--Port Kells/Fleetwood--Port Kells"," 59","Surrey",57,48,86,6,0,197,478
59012,"Fleetwood--Port Kells/Fleetwood--Port Kells"," 60","Surrey",31,54,92,4,0,181,381
59012,"Fleetwood--Port Kells/Fleetwood--Port Kells"," 61A","Surrey",29,52,47,4,2,134,309
59012,"Fleetwood--Port Kells/Fleetwood--Port Kells"," 61B","Surrey",24,46,58,1,0,129,257
59012,"Fleetwood--Port Kells/Fleetwood--Port Kells"," 62","Surrey",52,114,92,10,3,271,509
59012,"Fleetwood--Port Kells/Fleetwood--Port Kells"," 63","Surrey",74,89,130,4,0,297,513
59012,"Fleetwood--Port Kells/Fleetwood--Port Kells"," 64A","Surrey",28,44,71,8,1,152,275
59012,"Fleetwood--Port Kells/Fleetwood--Port Kells"," 64B","Surrey",27,34,65,10,0,136,252
59012,"Fleetwood--Port Kells/Fleetwood--Port Kells"," 65","Surrey",62,76,127,9,4,278,434
59012,"Fleetwood--Port Kells/Fleetwood--Port Kells"," 66","Surrey",46,48,85,4,0,183,451
59012,"Fleetwood--Port Kells/Fleetwood--Port Kells"," 67","Surrey",65,70,81,7,1,224,391
59012,"Fleetwood--Port Kells/Fleetwood--Port Kells"," 68","Surrey",55,50,113,5,3,226,462
59012,"Fleetwood--Port Kells/Fleetwood--Port Kells"," 69","Surrey",42,29,49,2,0,122,298
59012,"Fleetwood--Port Kells/Fleetwood--Port Kells"," 70","Surrey",38,48,105,5,1,197,427
59012,"Fleetwood--Port Kells/Fleetwood--Port Kells"," 71","Surrey",42,23,76,7,0,148,446
59012,"Fleetwood--Port Kells/Fleetwood--Port Kells"," 72","Surrey",28,30,66,5,0,129,423
59012,"Fleetwood--Port Kells/Fleetwood--Port Kells"," 73","Surrey",28,27,74,8,0,137,412
59012,"Fleetwood--Port Kells/Fleetwood--Port Kells"," 74","Surrey",51,90,95,6,0,242,470
59012,"Fleetwood--Port Kells/Fleetwood--Port Kells"," 75","Surrey",38,47,104,2,2,193,463
59012,"Fleetwood--Port Kells/Fleetwood--Port Kells"," 76A","Surrey",24,26,60,6,0,116,296
59012,"Fleetwood--Port Kells/Fleetwood--Port Kells"," 76B","Surrey",16,27,48,3,1,95,263
59012,"Fleetwood--Port Kells/Fleetwood--Port Kells"," 77","Surrey",43,29,94,10,0,176,476
59012,"Fleetwood--Port Kells/Fleetwood--Port Kells"," 78","Surrey",42,43,99,7,1,192,489
59012,"Fleetwood--Port Kells/Fleetwood--Port Kells"," 79","Surrey",48,48,115,5,2,218,426
59012,"Fleetwood--Port Kells/Fleetwood--Port Kells"," 80","Surrey",37,45,82,7,0,171,500
59012,"Fleetwood--Port Kells/Fleetwood--Port Kells"," 81","Surrey",32,35,54,2,0,123,479
59012,"Fleetwood--Port Kells/Fleetwood--Port Kells"," 82","Surrey",42,61,78,6,1,188,410
59012,"Fleetwood--Port Kells/Fleetwood--Port Kells"," 83A","Surrey",22,26,52,5,0,105,283
59012,"Fleetwood--Port Kells/Fleetwood--Port Kells"," 83B","Surrey",23,37,42,3,2,107,276
59012,"Fleetwood--Port Kells/Fleetwood--Port Kells"," 84","Surrey",24,35,60,6,0,125,322
59012,"Fleetwood--Port Kells/Fleetwood--Port Kells"," 85","Surrey",29,39,54,2,0,124,383
59012,"Fleetwood--Port Kells/Fleetwood--Port Kells"," 86A","Surrey",42,47,95,2,0,186,409
59012,"Fleetwood--Port Kells/Fleetwood--Port Kells"," 86B","Surrey",24,53,104,1,4,186,433
59012,"Fleetwood--Port Kells/Fleetwood--Port Kells"," 87","Surrey",50,62,86,3,0,201,359
59012,"Fleetwood--Port Kells/Fleetwood--Port Kells"," 88","Surrey",38,76,76,2,0,192,320
59012,"Fleetwood--Port Kells/Fleetwood--Port Kells"," 89","Surrey",23,27,77,1,0,128,297
59012,"Fleetwood--Port Kells/Fleetwood--Port Kells"," 90A","Surrey",12,30,60,2,0,104,276
59012,"Fleetwood--Port Kells/Fleetwood--Port Kells"," 90B","Surrey",27,30,48,4,0,109,267
59012,"Fleetwood--Port Kells/Fleetwood--Port Kells"," 91","Surrey",64,63,133,13,6,279,515
59012,"Fleetwood--Port Kells/Fleetwood--Port Kells"," 92","Surrey",36,54,128,7,1,226,439
59012,"Fleetwood--Port Kells/Fleetwood--Port Kells"," 93","Surrey",30,70,109,5,2,216,470
59012,"Fleetwood--Port Kells/Fleetwood--Port Kells"," 94A","Surrey",21,38,68,2,0,129,262
59012,"Fleetwood--Port Kells/Fleetwood--Port Kells"," 94B","Surrey",16,40,53,4,0,113,263
59012,"Fleetwood--Port Kells/Fleetwood--Port Kells"," 95","Surrey",40,74,91,5,0,210,397
59012,"Fleetwood--Port Kells/Fleetwood--Port Kells"," 96","Surrey",35,45,85,2,0,167,374
59012,"Fleetwood--Port Kells/Fleetwood--Port Kells"," 97","Surrey",52,76,97,6,0,231,504
59012,"Fleetwood--Port Kells/Fleetwood--Port Kells"," 98","Surrey",46,61,111,4,1,223,413
59012,"Fleetwood--Port Kells/Fleetwood--Port Kells"," 99A","Surrey",24,62,53,6,0,145,269
59012,"Fleetwood--Port Kells/Fleetwood--Port Kells"," 99B","Surrey",25,61,57,3,0,146,250
59012,"Fleetwood--Port Kells/Fleetwood--Port Kells"," 100","Surrey",53,74,104,5,1,237,459
59012,"Fleetwood--Port Kells/Fleetwood--Port Kells"," 101A","Surrey",35,66,71,3,0,175,391
59012,"Fleetwood--Port Kells/Fleetwood--Port Kells"," 101B","Surrey",33,42,59,1,2,137,331
59012,"Fleetwood--Port Kells/Fleetwood--Port Kells"," 102","Surrey",35,63,98,2,0,198,400
59012,"Fleetwood--Port Kells/Fleetwood--Port Kells"," 103","Surrey",28,71,150,3,1,253,469
59012,"Fleetwood--Port Kells/Fleetwood--Port Kells"," 104","Surrey",26,75,107,9,1,218,376
59012,"Fleetwood--Port Kells/Fleetwood--Port Kells"," 105","Surrey",25,52,77,1,0,155,352
59012,"Fleetwood--Port Kells/Fleetwood--Port Kells"," 106","Surrey",40,63,153,7,3,266,516
59012,"Fleetwood--Port Kells/Fleetwood--Port Kells"," 107","Surrey",51,74,123,4,0,252,481
59012,"Fleetwood--Port Kells/Fleetwood--Port Kells"," 108","Surrey",40,42,142,4,1,229,455
59012,"Fleetwood--Port Kells/Fleetwood--Port Kells"," 109","Surrey",25,39,120,8,1,193,425
59012,"Fleetwood--Port Kells/Fleetwood--Port Kells"," 110","Surrey",42,25,98,3,2,170,411
59012,"Fleetwood--Port Kells/Fleetwood--Port Kells"," 111","Surrey",21,32,77,4,0,134,356
59012,"Fleetwood--Port Kells/Fleetwood--Port Kells"," 112","Surrey",44,26,108,2,1,181,418
59012,"Fleetwood--Port Kells/Fleetwood--Port Kells"," 113","Surrey",37,32,113,1,2,185,480
59012,"Fleetwood--Port Kells/Fleetwood--Port Kells"," 114","Surrey",39,46,92,2,3,182,491
59012,"Fleetwood--Port Kells/Fleetwood--Port Kells"," 115","Surrey",43,87,129,2,0,261,502
59012,"Fleetwood--Port Kells/Fleetwood--Port Kells"," 116","Surrey",23,45,86,4,2,160,363
59012,"Fleetwood--Port Kells/Fleetwood--Port Kells"," 117A","Surrey",20,33,84,4,0,141,271
59012,"Fleetwood--Port Kells/Fleetwood--Port Kells"," 117B","Surrey",23,31,61,5,1,121,256
59012,"Fleetwood--Port Kells/Fleetwood--Port Kells"," 118","Surrey",56,52,144,1,1,254,514
59012,"Fleetwood--Port Kells/Fleetwood--Port Kells"," 119","Surrey",56,31,125,5,1,218,395
59012,"Fleetwood--Port Kells/Fleetwood--Port Kells"," 120","Surrey",35,52,85,6,0,178,501
59012,"Fleetwood--Port Kells/Fleetwood--Port Kells"," 121","Surrey",41,41,47,2,0,131,413
59012,"Fleetwood--Port Kells/Fleetwood--Port Kells"," 122","Surrey",27,33,54,6,0,120,324
59012,"Fleetwood--Port Kells/Fleetwood--Port Kells"," 123","Surrey",54,38,100,8,0,200,419
59012,"Fleetwood--Port Kells/Fleetwood--Port Kells"," 124A","Surrey",31,43,76,5,0,155,300
59012,"Fleetwood--Port Kells/Fleetwood--Port Kells"," 124B","Surrey",36,37,68,5,0,146,276
59012,"Fleetwood--Port Kells/Fleetwood--Port Kells"," 125","Surrey",49,44,110,3,2,208,392
59012,"Fleetwood--Port Kells/Fleetwood--Port Kells"," 126","Surrey",43,45,86,7,1,182,417
59012,"Fleetwood--Port Kells/Fleetwood--Port Kells"," 127","Surrey",48,42,170,1,1,262,482
59012,"Fleetwood--Port Kells/Fleetwood--Port Kells"," 128","Surrey",46,39,116,2,3,206,414
59012,"Fleetwood--Port Kells/Fleetwood--Port Kells"," 129","Surrey",46,39,128,4,1,218,424
59012,"Fleetwood--Port Kells/Fleetwood--Port Kells"," 130","Surrey",45,13,116,2,0,176,344
59012,"Fleetwood--Port Kells/Fleetwood--Port Kells"," 131A","Surrey",41,15,103,2,0,161,290
59012,"Fleetwood--Port Kells/Fleetwood--Port Kells"," 131B","Surrey",33,26,86,2,5,152,264
59012,"Fleetwood--Port Kells/Fleetwood--Port Kells"," 132","Surrey",52,39,155,6,2,254,488
59012,"Fleetwood--Port Kells/Fleetwood--Port Kells"," 133A","Surrey",20,33,71,0,0,124,259
59012,"Fleetwood--Port Kells/Fleetwood--Port Kells"," 133B","Surrey",41,56,51,3,0,151,269
59012,"Fleetwood--Port Kells/Fleetwood--Port Kells"," 134","Surrey",38,63,110,7,0,218,496
59012,"Fleetwood--Port Kells/Fleetwood--Port Kells"," 135","Surrey",42,28,130,4,1,205,473
59012,"Fleetwood--Port Kells/Fleetwood--Port Kells"," 136","Surrey",41,53,126,5,2,227,504
59012,"Fleetwood--Port Kells/Fleetwood--Port Kells"," 137","Surrey",36,15,121,2,7,181,384
59012,"Fleetwood--Port Kells/Fleetwood--Port Kells"," 138","Surrey",30,26,144,4,2,206,447
59012,"Fleetwood--Port Kells/Fleetwood--Port Kells"," 139","Surrey",28,13,119,4,0,164,457
59012,"Fleetwood--Port Kells/Fleetwood--Port Kells"," 140","Surrey",40,59,118,9,0,226,490
59012,"Fleetwood--Port Kells/Fleetwood--Port Kells"," 141","Surrey",28,23,135,2,1,189,428
59012,"Fleetwood--Port Kells/Fleetwood--Port Kells"," 142","Surrey",38,16,113,2,3,172,391
59012,"Fleetwood--Port Kells/Fleetwood--Port Kells"," 143","Surrey",43,21,108,4,1,177,417
59012,"Fleetwood--Port Kells/Fleetwood--Port Kells"," 144","Surrey",36,43,104,2,0,185,432
59012,"Fleetwood--Port Kells/Fleetwood--Port Kells"," 145","Surrey",37,62,131,1,2,233,474
59012,"Fleetwood--Port Kells/Fleetwood--Port Kells"," 146","Surrey",42,37,116,4,0,199,470
59012,"Fleetwood--Port Kells/Fleetwood--Port Kells"," 147","Surrey",32,25,137,0,1,195,456
59012,"Fleetwood--Port Kells/Fleetwood--Port Kells"," 148A","Surrey",20,28,70,0,0,118,271
59012,"Fleetwood--Port Kells/Fleetwood--Port Kells"," 148B","Surrey",17,25,81,3,0,126,299
59012,"Fleetwood--Port Kells/Fleetwood--Port Kells"," 149","Surrey",33,45,106,2,0,186,376
59012,"Fleetwood--Port Kells/Fleetwood--Port Kells"," 150A","Surrey",20,11,66,2,2,101,260
59012,"Fleetwood--Port Kells/Fleetwood--Port Kells"," 150B","Surrey",26,12,95,0,0,133,308
59012,"Fleetwood--Port Kells/Fleetwood--Port Kells"," 151A","Surrey",24,12,86,1,1,124,260
59012,"Fleetwood--Port Kells/Fleetwood--Port Kells"," 151B","Surrey",26,16,95,0,1,138,279
59012,"Fleetwood--Port Kells/Fleetwood--Port Kells"," 152A","Surrey",36,20,81,3,0,140,310
59012,"Fleetwood--Port Kells/Fleetwood--Port Kells"," 152B","Surrey",37,14,68,1,0,120,329
59012,"Fleetwood--Port Kells/Fleetwood--Port Kells"," 153","Surrey",24,28,71,6,0,129,341
59012,"Fleetwood--Port Kells/Fleetwood--Port Kells"," 154A","Surrey",28,11,72,1,0,112,262
59012,"Fleetwood--Port Kells/Fleetwood--Port Kells"," 154B","Surrey",13,20,70,0,0,103,280
59012,"Fleetwood--Port Kells/Fleetwood--Port Kells"," 155A","Surrey",17,11,82,4,1,115,290
59012,"Fleetwood--Port Kells/Fleetwood--Port Kells"," 155B","Surrey",19,17,76,1,0,113,286
59012,"Fleetwood--Port Kells/Fleetwood--Port Kells"," 156","Surrey",48,63,79,10,0,200,402
59012,"Fleetwood--Port Kells/Fleetwood--Port Kells"," 157","Surrey",36,64,136,13,1,250,526
59012,"Fleetwood--Port Kells/Fleetwood--Port Kells"," 158","Surrey",34,76,134,8,2,254,524
59012,"Fleetwood--Port Kells/Fleetwood--Port Kells"," 159A","Surrey",32,34,86,1,0,153,304
59012,"Fleetwood--Port Kells/Fleetwood--Port Kells"," 159B","Surrey",31,30,70,0,0,131,296
59012,"Fleetwood--Port Kells/Fleetwood--Port Kells"," 160","Surrey",41,43,97,7,2,190,394
59012,"Fleetwood--Port Kells/Fleetwood--Port Kells"," 161","Surrey",37,80,112,7,1,237,395
59012,"Fleetwood--Port Kells/Fleetwood--Port Kells"," 162","Surrey",35,71,89,4,0,199,337
59012,"Fleetwood--Port Kells/Fleetwood--Port Kells"," 163","Surrey",30,60,118,4,0,212,429
59012,"Fleetwood--Port Kells/Fleetwood--Port Kells"," 164","Surrey",55,73,108,13,0,249,491
59012,"Fleetwood--Port Kells/Fleetwood--Port Kells"," 165","Surrey",29,64,149,11,1,254,468
59012,"Fleetwood--Port Kells/Fleetwood--Port Kells"," 500A","Mobile poll/Bureau itinérant",11,31,16,2,1,61,115
59012,"Fleetwood--Port Kells/Fleetwood--Port Kells"," 500B","Surrey",Merged with No./Fusionné avec le n°75,,,,,,62
59012,"Fleetwood--Port Kells/Fleetwood--Port Kells"," 501A","Mobile poll/Bureau itinérant",23,57,50,3,4,137,206
59012,"Fleetwood--Port Kells/Fleetwood--Port Kells"," 501B","Surrey",17,17,31,4,0,69,88
59012,"Fleetwood--Port Kells/Fleetwood--Port Kells"," 600","Surrey",193,382,328,17,4,924,
59012,"Fleetwood--Port Kells/Fleetwood--Port Kells"," 601","Surrey",200,492,325,12,2,1031,
59012,"Fleetwood--Port Kells/Fleetwood--Port Kells"," 602","Surrey",165,212,214,17,2,610,
59012,"Fleetwood--Port Kells/Fleetwood--Port Kells"," 603","Surrey",323,603,447,22,8,1403,
59012,"Fleetwood--Port Kells/Fleetwood--Port Kells"," 604","Surrey",206,208,262,17,6,699,
59012,"Fleetwood--Port Kells/Fleetwood--Port Kells"," 605","Surrey",344,296,396,17,4,1057,
59012,"Fleetwood--Port Kells/Fleetwood--Port Kells"," 606","Surrey",229,313,384,23,1,950,
59012,"Fleetwood--Port Kells/Fleetwood--Port Kells"," 607","Surrey",222,282,370,20,2,896,
59012,"Fleetwood--Port Kells/Fleetwood--Port Kells"," 608","Surrey",346,337,510,29,4,1226,
59012,"Fleetwood--Port Kells/Fleetwood--Port Kells"," 609","Surrey",402,539,647,30,13,1631,
59012,"Fleetwood--Port Kells/Fleetwood--Port Kells"," 610","Surrey",323,183,550,20,9,1085,
59012,"Fleetwood--Port Kells/Fleetwood--Port Kells"," 611","Surrey",326,242,670,14,12,1264,
59012,"Fleetwood--Port Kells/Fleetwood--Port Kells",,"Group 1/Groupe 1",11,26,44,5,3,89,73
59012,"Fleetwood--Port Kells/Fleetwood--Port Kells",,"Group 2/Groupe 2",410,306,506,38,26,1286,
