﻿Electoral District Number/Numéro de circonscription,Electoral District Name/Nom de circonscription,Polling Station Number/Numéro du bureau de scrutin,Polling Station Name/Nom du bureau de scrutin,Stephen C. Burry,Joanne Cave,James Ford,Rod Frank,Garnett Genuis,Brandie Harrop,Rejected Ballots/Bulletins rejetés,Total Votes/Total des votes,Electors/Électeurs
48032,"Sherwood Park--Fort Saskatchewan/Sherwood Park--Fort Saskatchewan"," 1","Fort Saskatchewan",2,31,13,67,143,6,0,262,500
48032,"Sherwood Park--Fort Saskatchewan/Sherwood Park--Fort Saskatchewan"," 2","Fort Saskatchewan",6,32,4,35,121,9,0,207,444
48032,"Sherwood Park--Fort Saskatchewan/Sherwood Park--Fort Saskatchewan"," 3","Fort Saskatchewan",1,29,11,51,107,4,0,203,436
48032,"Sherwood Park--Fort Saskatchewan/Sherwood Park--Fort Saskatchewan"," 4","Fort Saskatchewan",4,29,7,47,102,10,1,200,405
48032,"Sherwood Park--Fort Saskatchewan/Sherwood Park--Fort Saskatchewan"," 5","Fort Saskatchewan",5,31,9,49,157,0,0,251,424
48032,"Sherwood Park--Fort Saskatchewan/Sherwood Park--Fort Saskatchewan"," 6","Fort Saskatchewan",1,21,11,52,149,4,1,239,520
48032,"Sherwood Park--Fort Saskatchewan/Sherwood Park--Fort Saskatchewan"," 7","Fort Saskatchewan",5,25,9,41,129,8,2,219,443
48032,"Sherwood Park--Fort Saskatchewan/Sherwood Park--Fort Saskatchewan"," 8","Fort Saskatchewan",4,23,9,59,160,6,3,264,453
48032,"Sherwood Park--Fort Saskatchewan/Sherwood Park--Fort Saskatchewan"," 9","Fort Saskatchewan",1,45,7,49,101,7,1,211,385
48032,"Sherwood Park--Fort Saskatchewan/Sherwood Park--Fort Saskatchewan"," 10","Fort Saskatchewan",6,27,9,47,150,14,3,256,437
48032,"Sherwood Park--Fort Saskatchewan/Sherwood Park--Fort Saskatchewan"," 11","Fort Saskatchewan",2,29,11,36,146,7,1,232,393
48032,"Sherwood Park--Fort Saskatchewan/Sherwood Park--Fort Saskatchewan"," 12","Fort Saskatchewan",3,33,10,43,140,13,0,242,398
48032,"Sherwood Park--Fort Saskatchewan/Sherwood Park--Fort Saskatchewan"," 13","Fort Saskatchewan",3,21,14,56,149,2,0,245,428
48032,"Sherwood Park--Fort Saskatchewan/Sherwood Park--Fort Saskatchewan"," 14","Fort Saskatchewan",2,29,9,56,186,10,0,292,475
48032,"Sherwood Park--Fort Saskatchewan/Sherwood Park--Fort Saskatchewan"," 15","Fort Saskatchewan",6,17,5,27,110,4,0,169,316
48032,"Sherwood Park--Fort Saskatchewan/Sherwood Park--Fort Saskatchewan"," 16","Fort Saskatchewan",4,14,6,49,106,3,0,182,313
48032,"Sherwood Park--Fort Saskatchewan/Sherwood Park--Fort Saskatchewan"," 17","Fort Saskatchewan",1,20,9,31,110,9,0,180,315
48032,"Sherwood Park--Fort Saskatchewan/Sherwood Park--Fort Saskatchewan"," 18","Fort Saskatchewan",6,36,9,39,139,4,1,234,379
48032,"Sherwood Park--Fort Saskatchewan/Sherwood Park--Fort Saskatchewan"," 19","Fort Saskatchewan",5,33,11,43,133,9,0,234,390
48032,"Sherwood Park--Fort Saskatchewan/Sherwood Park--Fort Saskatchewan"," 20","Fort Saskatchewan",4,23,4,48,117,5,0,201,381
48032,"Sherwood Park--Fort Saskatchewan/Sherwood Park--Fort Saskatchewan"," 21","Fort Saskatchewan",2,26,4,39,179,2,0,252,472
48032,"Sherwood Park--Fort Saskatchewan/Sherwood Park--Fort Saskatchewan"," 22","Fort Saskatchewan",4,19,10,33,189,1,1,257,478
48032,"Sherwood Park--Fort Saskatchewan/Sherwood Park--Fort Saskatchewan"," 23","Fort Saskatchewan",1,15,8,39,161,5,1,230,373
48032,"Sherwood Park--Fort Saskatchewan/Sherwood Park--Fort Saskatchewan"," 24","Fort Saskatchewan",1,22,4,41,99,8,0,175,370
48032,"Sherwood Park--Fort Saskatchewan/Sherwood Park--Fort Saskatchewan"," 25","Fort Saskatchewan",2,26,5,59,132,3,1,228,394
48032,"Sherwood Park--Fort Saskatchewan/Sherwood Park--Fort Saskatchewan"," 26","Fort Saskatchewan",7,19,5,31,172,6,0,240,423
48032,"Sherwood Park--Fort Saskatchewan/Sherwood Park--Fort Saskatchewan"," 27","Fort Saskatchewan",9,20,5,47,220,2,1,304,569
48032,"Sherwood Park--Fort Saskatchewan/Sherwood Park--Fort Saskatchewan"," 28A","Fort Saskatchewan",3,20,5,39,136,1,1,205,393
48032,"Sherwood Park--Fort Saskatchewan/Sherwood Park--Fort Saskatchewan"," 28B","Fort Saskatchewan",1,13,4,36,144,1,0,199,373
48032,"Sherwood Park--Fort Saskatchewan/Sherwood Park--Fort Saskatchewan"," 29","Fort Saskatchewan",4,18,2,71,149,3,2,249,501
48032,"Sherwood Park--Fort Saskatchewan/Sherwood Park--Fort Saskatchewan"," 30","Fort Saskatchewan",1,15,3,26,83,2,0,130,379
48032,"Sherwood Park--Fort Saskatchewan/Sherwood Park--Fort Saskatchewan"," 31A","Fort Saskatchewan",3,16,2,63,146,8,0,238,448
48032,"Sherwood Park--Fort Saskatchewan/Sherwood Park--Fort Saskatchewan"," 31B","Fort Saskatchewan",2,17,5,57,141,4,0,226,412
48032,"Sherwood Park--Fort Saskatchewan/Sherwood Park--Fort Saskatchewan"," 32","Fort Saskatchewan",4,17,2,39,165,5,2,234,556
48032,"Sherwood Park--Fort Saskatchewan/Sherwood Park--Fort Saskatchewan"," 33","Fort Saskatchewan",1,16,7,28,148,9,1,210,489
48032,"Sherwood Park--Fort Saskatchewan/Sherwood Park--Fort Saskatchewan"," 34","Fort Saskatchewan",3,11,3,38,132,4,3,194,425
48032,"Sherwood Park--Fort Saskatchewan/Sherwood Park--Fort Saskatchewan"," 35","Fort Saskatchewan",3,21,4,64,144,6,0,242,554
48032,"Sherwood Park--Fort Saskatchewan/Sherwood Park--Fort Saskatchewan"," 36A","Fort Saskatchewan",3,20,1,53,158,2,0,237,469
48032,"Sherwood Park--Fort Saskatchewan/Sherwood Park--Fort Saskatchewan"," 36B","Fort Saskatchewan",3,14,1,57,208,2,0,285,527
48032,"Sherwood Park--Fort Saskatchewan/Sherwood Park--Fort Saskatchewan"," 37","Scotford",2,7,3,16,102,6,0,136,267
48032,"Sherwood Park--Fort Saskatchewan/Sherwood Park--Fort Saskatchewan"," 38","Strathcona County",1,11,4,23,116,1,1,157,324
48032,"Sherwood Park--Fort Saskatchewan/Sherwood Park--Fort Saskatchewan"," 39","Josephburg",0,27,8,24,115,3,0,177,322
48032,"Sherwood Park--Fort Saskatchewan/Sherwood Park--Fort Saskatchewan"," 40","Good Hope",0,16,2,13,104,9,0,144,309
48032,"Sherwood Park--Fort Saskatchewan/Sherwood Park--Fort Saskatchewan"," 41","Hilliard",1,1,1,4,50,0,0,57,86
48032,"Sherwood Park--Fort Saskatchewan/Sherwood Park--Fort Saskatchewan"," 42","Strathcona County",0,18,4,25,103,2,0,152,275
48032,"Sherwood Park--Fort Saskatchewan/Sherwood Park--Fort Saskatchewan"," 43","Akenside",7,35,5,43,152,8,2,252,497
48032,"Sherwood Park--Fort Saskatchewan/Sherwood Park--Fort Saskatchewan"," 44A","Akenside",3,23,4,57,150,5,1,243,409
48032,"Sherwood Park--Fort Saskatchewan/Sherwood Park--Fort Saskatchewan"," 44B","Akenside",1,12,4,55,142,4,0,218,408
48032,"Sherwood Park--Fort Saskatchewan/Sherwood Park--Fort Saskatchewan"," 45","Akenside",6,41,3,108,214,4,3,379,598
48032,"Sherwood Park--Fort Saskatchewan/Sherwood Park--Fort Saskatchewan"," 46","Sherwood Park",1,24,5,60,180,3,0,273,442
48032,"Sherwood Park--Fort Saskatchewan/Sherwood Park--Fort Saskatchewan"," 47","Sherwood Park",2,18,6,52,109,5,0,192,332
48032,"Sherwood Park--Fort Saskatchewan/Sherwood Park--Fort Saskatchewan"," 48","Sherwood Park",3,13,8,40,111,1,0,176,277
48032,"Sherwood Park--Fort Saskatchewan/Sherwood Park--Fort Saskatchewan"," 49","Sherwood Park",1,28,14,51,142,4,0,240,382
48032,"Sherwood Park--Fort Saskatchewan/Sherwood Park--Fort Saskatchewan"," 50","Sherwood Park",0,7,7,32,99,1,0,146,225
48032,"Sherwood Park--Fort Saskatchewan/Sherwood Park--Fort Saskatchewan"," 51","Sherwood Park",2,15,7,44,97,3,0,168,308
48032,"Sherwood Park--Fort Saskatchewan/Sherwood Park--Fort Saskatchewan"," 52","Sherwood Park",0,13,3,47,120,5,0,188,337
48032,"Sherwood Park--Fort Saskatchewan/Sherwood Park--Fort Saskatchewan"," 53","Strathcona County",2,25,9,41,146,3,0,226,392
48032,"Sherwood Park--Fort Saskatchewan/Sherwood Park--Fort Saskatchewan"," 54A","Uncas",0,12,1,41,130,6,0,190,360
48032,"Sherwood Park--Fort Saskatchewan/Sherwood Park--Fort Saskatchewan"," 54B","Uncas",2,17,3,41,152,8,2,225,365
48032,"Sherwood Park--Fort Saskatchewan/Sherwood Park--Fort Saskatchewan"," 55","East Edmonton",Void/Supprimé,,,,,,,,
48032,"Sherwood Park--Fort Saskatchewan/Sherwood Park--Fort Saskatchewan"," 56","Sherwood Park",1,20,3,43,145,2,0,214,345
48032,"Sherwood Park--Fort Saskatchewan/Sherwood Park--Fort Saskatchewan"," 57","Sherwood Park",0,17,7,49,143,3,0,219,344
48032,"Sherwood Park--Fort Saskatchewan/Sherwood Park--Fort Saskatchewan"," 58","Sherwood Park",2,16,9,42,117,2,0,188,301
48032,"Sherwood Park--Fort Saskatchewan/Sherwood Park--Fort Saskatchewan"," 59","Sherwood Park",3,14,12,65,146,2,0,242,395
48032,"Sherwood Park--Fort Saskatchewan/Sherwood Park--Fort Saskatchewan"," 60","Sherwood Park",3,28,5,33,132,4,0,205,383
48032,"Sherwood Park--Fort Saskatchewan/Sherwood Park--Fort Saskatchewan"," 61","Sherwood Park",2,12,5,49,89,2,0,159,224
48032,"Sherwood Park--Fort Saskatchewan/Sherwood Park--Fort Saskatchewan"," 62","Strathcona County",4,11,0,22,59,5,0,101,249
48032,"Sherwood Park--Fort Saskatchewan/Sherwood Park--Fort Saskatchewan"," 63","Sherwood Park",1,20,6,59,214,6,2,308,506
48032,"Sherwood Park--Fort Saskatchewan/Sherwood Park--Fort Saskatchewan"," 64","Sherwood Park",3,26,1,54,245,2,0,331,519
48032,"Sherwood Park--Fort Saskatchewan/Sherwood Park--Fort Saskatchewan"," 65","Sherwood Park",2,24,2,58,234,7,3,330,553
48032,"Sherwood Park--Fort Saskatchewan/Sherwood Park--Fort Saskatchewan"," 66","Sherwood Park",1,18,6,54,231,3,0,313,520
48032,"Sherwood Park--Fort Saskatchewan/Sherwood Park--Fort Saskatchewan"," 67","Sherwood Park",1,13,7,46,151,3,0,221,337
48032,"Sherwood Park--Fort Saskatchewan/Sherwood Park--Fort Saskatchewan"," 68","Sherwood Park",1,8,2,34,94,0,1,140,258
48032,"Sherwood Park--Fort Saskatchewan/Sherwood Park--Fort Saskatchewan"," 69","Sherwood Park",8,36,4,80,182,5,0,315,528
48032,"Sherwood Park--Fort Saskatchewan/Sherwood Park--Fort Saskatchewan"," 70","Sherwood Park",3,30,4,62,138,6,0,243,417
48032,"Sherwood Park--Fort Saskatchewan/Sherwood Park--Fort Saskatchewan"," 71","Sherwood Park",1,15,1,49,172,3,1,242,398
48032,"Sherwood Park--Fort Saskatchewan/Sherwood Park--Fort Saskatchewan"," 72","Sherwood Park",1,23,4,49,145,2,1,225,362
48032,"Sherwood Park--Fort Saskatchewan/Sherwood Park--Fort Saskatchewan"," 73","Sherwood Park",2,15,2,47,145,6,2,219,402
48032,"Sherwood Park--Fort Saskatchewan/Sherwood Park--Fort Saskatchewan"," 74","Sherwood Park",0,10,5,46,106,3,1,171,330
48032,"Sherwood Park--Fort Saskatchewan/Sherwood Park--Fort Saskatchewan"," 75","Sherwood Park",0,41,4,60,140,8,0,253,410
48032,"Sherwood Park--Fort Saskatchewan/Sherwood Park--Fort Saskatchewan"," 76","Sherwood Park",2,18,7,48,143,2,1,221,377
48032,"Sherwood Park--Fort Saskatchewan/Sherwood Park--Fort Saskatchewan"," 77","Sherwood Park",6,28,2,61,154,2,0,253,481
48032,"Sherwood Park--Fort Saskatchewan/Sherwood Park--Fort Saskatchewan"," 78","Sherwood Park",0,23,9,71,114,9,1,227,405
48032,"Sherwood Park--Fort Saskatchewan/Sherwood Park--Fort Saskatchewan"," 79","Sherwood Park",1,17,5,39,79,6,1,148,326
48032,"Sherwood Park--Fort Saskatchewan/Sherwood Park--Fort Saskatchewan"," 80","Sherwood Park",2,16,4,31,74,9,1,137,310
48032,"Sherwood Park--Fort Saskatchewan/Sherwood Park--Fort Saskatchewan"," 81","Sherwood Park",1,18,6,32,106,2,1,166,305
48032,"Sherwood Park--Fort Saskatchewan/Sherwood Park--Fort Saskatchewan"," 82","Sherwood Park",1,7,1,23,102,2,1,137,265
48032,"Sherwood Park--Fort Saskatchewan/Sherwood Park--Fort Saskatchewan"," 83","Sherwood Park",2,13,4,42,56,1,0,118,274
48032,"Sherwood Park--Fort Saskatchewan/Sherwood Park--Fort Saskatchewan"," 84","Sherwood Park",3,21,2,50,135,4,0,215,372
48032,"Sherwood Park--Fort Saskatchewan/Sherwood Park--Fort Saskatchewan"," 85","Sherwood Park",0,21,3,42,112,4,1,183,333
48032,"Sherwood Park--Fort Saskatchewan/Sherwood Park--Fort Saskatchewan"," 86","Sherwood Park",1,11,4,46,90,4,0,156,307
48032,"Sherwood Park--Fort Saskatchewan/Sherwood Park--Fort Saskatchewan"," 87","Sherwood Park",1,23,5,63,141,1,0,234,448
48032,"Sherwood Park--Fort Saskatchewan/Sherwood Park--Fort Saskatchewan"," 88A","Sherwood Park",1,19,3,51,163,1,0,238,393
48032,"Sherwood Park--Fort Saskatchewan/Sherwood Park--Fort Saskatchewan"," 88B","Sherwood Park",1,19,1,59,190,2,1,273,438
48032,"Sherwood Park--Fort Saskatchewan/Sherwood Park--Fort Saskatchewan"," 89","Sherwood Park",6,23,5,74,204,3,1,316,535
48032,"Sherwood Park--Fort Saskatchewan/Sherwood Park--Fort Saskatchewan"," 90","Sherwood Park",1,15,6,52,141,5,1,221,349
48032,"Sherwood Park--Fort Saskatchewan/Sherwood Park--Fort Saskatchewan"," 91","Sherwood Park",6,15,6,45,137,5,0,214,369
48032,"Sherwood Park--Fort Saskatchewan/Sherwood Park--Fort Saskatchewan"," 92","Sherwood Park",1,26,4,40,147,5,0,223,377
48032,"Sherwood Park--Fort Saskatchewan/Sherwood Park--Fort Saskatchewan"," 93","Sherwood Park",1,20,4,52,110,9,1,197,353
48032,"Sherwood Park--Fort Saskatchewan/Sherwood Park--Fort Saskatchewan"," 94","Sherwood Park",4,22,4,57,97,9,0,193,307
48032,"Sherwood Park--Fort Saskatchewan/Sherwood Park--Fort Saskatchewan"," 95","Sherwood Park",1,6,2,34,100,4,1,148,286
48032,"Sherwood Park--Fort Saskatchewan/Sherwood Park--Fort Saskatchewan"," 96","Sherwood Park",1,34,7,72,170,5,2,291,525
48032,"Sherwood Park--Fort Saskatchewan/Sherwood Park--Fort Saskatchewan"," 97","Ardrossan",0,22,1,23,120,10,0,176,342
48032,"Sherwood Park--Fort Saskatchewan/Sherwood Park--Fort Saskatchewan"," 98","Ardrossan",2,21,4,47,186,9,3,272,443
48032,"Sherwood Park--Fort Saskatchewan/Sherwood Park--Fort Saskatchewan"," 99","Ardrossan",1,8,7,29,108,2,0,155,285
48032,"Sherwood Park--Fort Saskatchewan/Sherwood Park--Fort Saskatchewan"," 100","Ardrossan",0,17,3,36,126,5,1,188,314
48032,"Sherwood Park--Fort Saskatchewan/Sherwood Park--Fort Saskatchewan"," 101","Ardrossan",2,13,2,40,117,7,0,181,344
48032,"Sherwood Park--Fort Saskatchewan/Sherwood Park--Fort Saskatchewan"," 102","Ardrossan",0,15,8,31,127,6,0,187,293
48032,"Sherwood Park--Fort Saskatchewan/Sherwood Park--Fort Saskatchewan"," 103","Cooking Lake",2,10,2,26,146,6,1,193,317
48032,"Sherwood Park--Fort Saskatchewan/Sherwood Park--Fort Saskatchewan"," 104","Cooking Lake",4,22,4,24,135,3,0,192,321
48032,"Sherwood Park--Fort Saskatchewan/Sherwood Park--Fort Saskatchewan"," 105","Cooking Lake",3,22,3,21,155,6,0,210,394
48032,"Sherwood Park--Fort Saskatchewan/Sherwood Park--Fort Saskatchewan"," 106","Ardrossan",4,15,9,29,139,4,0,200,345
48032,"Sherwood Park--Fort Saskatchewan/Sherwood Park--Fort Saskatchewan"," 107","Ardrossan",0,13,7,29,119,9,0,177,319
48032,"Sherwood Park--Fort Saskatchewan/Sherwood Park--Fort Saskatchewan"," 108","Ardrossan",2,23,8,30,134,10,0,207,363
48032,"Sherwood Park--Fort Saskatchewan/Sherwood Park--Fort Saskatchewan"," 109","Ardrossan",2,23,3,35,121,11,0,195,346
48032,"Sherwood Park--Fort Saskatchewan/Sherwood Park--Fort Saskatchewan"," 110","Ardrossan",4,25,5,24,112,2,0,172,316
48032,"Sherwood Park--Fort Saskatchewan/Sherwood Park--Fort Saskatchewan"," 111","Wyeclif",3,10,2,18,99,3,1,136,183
48032,"Sherwood Park--Fort Saskatchewan/Sherwood Park--Fort Saskatchewan"," 112","Wyeclif",4,9,2,22,126,1,0,164,237
48032,"Sherwood Park--Fort Saskatchewan/Sherwood Park--Fort Saskatchewan"," 113","Ardrossan",4,19,2,31,102,6,0,164,278
48032,"Sherwood Park--Fort Saskatchewan/Sherwood Park--Fort Saskatchewan"," 114","Wyeclif",3,9,1,29,178,0,0,220,354
48032,"Sherwood Park--Fort Saskatchewan/Sherwood Park--Fort Saskatchewan"," 115","Wyeclif",4,20,8,70,163,7,0,272,410
48032,"Sherwood Park--Fort Saskatchewan/Sherwood Park--Fort Saskatchewan"," 116","Wyeclif",4,15,9,44,169,5,1,247,412
48032,"Sherwood Park--Fort Saskatchewan/Sherwood Park--Fort Saskatchewan"," 117","Wyeclif",2,15,5,37,165,10,0,234,399
48032,"Sherwood Park--Fort Saskatchewan/Sherwood Park--Fort Saskatchewan"," 118","Ardrossan",4,25,5,47,217,3,0,301,471
48032,"Sherwood Park--Fort Saskatchewan/Sherwood Park--Fort Saskatchewan"," 119","Ardrossan",2,29,11,42,153,2,0,239,401
48032,"Sherwood Park--Fort Saskatchewan/Sherwood Park--Fort Saskatchewan"," 120","Ardrossan",0,6,3,25,126,12,1,173,306
48032,"Sherwood Park--Fort Saskatchewan/Sherwood Park--Fort Saskatchewan"," 121","Sherwood Park",1,18,6,67,149,4,0,245,389
48032,"Sherwood Park--Fort Saskatchewan/Sherwood Park--Fort Saskatchewan"," 122","Sherwood Park",4,19,1,60,114,2,0,200,345
48032,"Sherwood Park--Fort Saskatchewan/Sherwood Park--Fort Saskatchewan"," 123","Sherwood Park",7,21,9,42,206,1,1,287,464
48032,"Sherwood Park--Fort Saskatchewan/Sherwood Park--Fort Saskatchewan"," 124","Sherwood Park",4,20,4,60,188,2,1,279,451
48032,"Sherwood Park--Fort Saskatchewan/Sherwood Park--Fort Saskatchewan"," 125","Sherwood Park",3,13,6,42,160,1,0,225,415
48032,"Sherwood Park--Fort Saskatchewan/Sherwood Park--Fort Saskatchewan"," 126","Sherwood Park",3,26,2,66,220,3,0,320,567
48032,"Sherwood Park--Fort Saskatchewan/Sherwood Park--Fort Saskatchewan"," 127","Sherwood Park",3,30,1,65,141,10,0,250,439
48032,"Sherwood Park--Fort Saskatchewan/Sherwood Park--Fort Saskatchewan"," 128","Sherwood Park",2,25,10,59,165,4,0,265,463
48032,"Sherwood Park--Fort Saskatchewan/Sherwood Park--Fort Saskatchewan"," 129","Sherwood Park",3,18,6,54,115,2,0,198,334
48032,"Sherwood Park--Fort Saskatchewan/Sherwood Park--Fort Saskatchewan"," 130","Sherwood Park",2,9,2,34,118,0,0,165,276
48032,"Sherwood Park--Fort Saskatchewan/Sherwood Park--Fort Saskatchewan"," 131","Sherwood Park",1,9,0,43,93,0,0,146,282
48032,"Sherwood Park--Fort Saskatchewan/Sherwood Park--Fort Saskatchewan"," 132","Sherwood Park",5,12,1,38,142,0,2,200,362
48032,"Sherwood Park--Fort Saskatchewan/Sherwood Park--Fort Saskatchewan"," 133","Sherwood Park",1,21,3,44,85,5,1,160,306
48032,"Sherwood Park--Fort Saskatchewan/Sherwood Park--Fort Saskatchewan"," 134","Sherwood Park",4,19,17,41,118,6,0,205,368
48032,"Sherwood Park--Fort Saskatchewan/Sherwood Park--Fort Saskatchewan"," 135","Sherwood Park",2,30,3,64,96,2,1,198,338
48032,"Sherwood Park--Fort Saskatchewan/Sherwood Park--Fort Saskatchewan"," 136","Sherwood Park",7,31,10,54,130,16,4,252,400
48032,"Sherwood Park--Fort Saskatchewan/Sherwood Park--Fort Saskatchewan"," 137","Sherwood Park",4,28,6,65,189,11,1,304,510
48032,"Sherwood Park--Fort Saskatchewan/Sherwood Park--Fort Saskatchewan"," 138","Sherwood Park",4,29,5,68,148,9,3,266,445
48032,"Sherwood Park--Fort Saskatchewan/Sherwood Park--Fort Saskatchewan"," 139","Sherwood Park",1,24,4,66,116,5,0,216,340
48032,"Sherwood Park--Fort Saskatchewan/Sherwood Park--Fort Saskatchewan"," 140","Sherwood Park",1,20,6,42,146,6,0,221,408
48032,"Sherwood Park--Fort Saskatchewan/Sherwood Park--Fort Saskatchewan"," 141","Sherwood Park",3,35,7,49,133,9,0,236,329
48032,"Sherwood Park--Fort Saskatchewan/Sherwood Park--Fort Saskatchewan"," 142","Sherwood Park",0,24,6,54,121,3,0,208,374
48032,"Sherwood Park--Fort Saskatchewan/Sherwood Park--Fort Saskatchewan"," 143","Sherwood Park",0,22,5,45,106,5,0,183,298
48032,"Sherwood Park--Fort Saskatchewan/Sherwood Park--Fort Saskatchewan"," 144","Sherwood Park",5,24,5,79,153,3,0,269,413
48032,"Sherwood Park--Fort Saskatchewan/Sherwood Park--Fort Saskatchewan"," 145","Sherwood Park",3,21,2,33,85,6,2,152,263
48032,"Sherwood Park--Fort Saskatchewan/Sherwood Park--Fort Saskatchewan"," 146","Sherwood Park",0,16,6,43,100,10,0,175,315
48032,"Sherwood Park--Fort Saskatchewan/Sherwood Park--Fort Saskatchewan"," 147","Sherwood Park",2,21,14,67,120,6,2,232,396
48032,"Sherwood Park--Fort Saskatchewan/Sherwood Park--Fort Saskatchewan"," 148","Sherwood Park",6,18,3,37,140,4,0,208,326
48032,"Sherwood Park--Fort Saskatchewan/Sherwood Park--Fort Saskatchewan"," 149","Sherwood Park",4,16,6,58,99,2,1,186,271
48032,"Sherwood Park--Fort Saskatchewan/Sherwood Park--Fort Saskatchewan"," 150","Sherwood Park",4,27,3,52,99,4,0,189,311
48032,"Sherwood Park--Fort Saskatchewan/Sherwood Park--Fort Saskatchewan"," 151","Sherwood Park",1,36,4,55,145,8,0,249,422
48032,"Sherwood Park--Fort Saskatchewan/Sherwood Park--Fort Saskatchewan"," 152","Sherwood Park",2,29,3,77,98,4,0,213,378
48032,"Sherwood Park--Fort Saskatchewan/Sherwood Park--Fort Saskatchewan"," 153","Sherwood Park",1,14,5,40,119,6,0,185,312
48032,"Sherwood Park--Fort Saskatchewan/Sherwood Park--Fort Saskatchewan"," 154","Sherwood Park",4,21,9,32,82,0,1,149,271
48032,"Sherwood Park--Fort Saskatchewan/Sherwood Park--Fort Saskatchewan"," 155","Sherwood Park",7,32,3,52,128,5,3,230,350
48032,"Sherwood Park--Fort Saskatchewan/Sherwood Park--Fort Saskatchewan"," 156","Sherwood Park",3,37,5,62,130,5,0,242,386
48032,"Sherwood Park--Fort Saskatchewan/Sherwood Park--Fort Saskatchewan"," 157","Sherwood Park",3,12,5,39,130,4,0,193,288
48032,"Sherwood Park--Fort Saskatchewan/Sherwood Park--Fort Saskatchewan"," 158","Sherwood Park",2,15,4,35,90,12,0,158,265
48032,"Sherwood Park--Fort Saskatchewan/Sherwood Park--Fort Saskatchewan"," 159","Sherwood Park",2,33,3,49,112,9,3,211,341
48032,"Sherwood Park--Fort Saskatchewan/Sherwood Park--Fort Saskatchewan"," 160","Sherwood Park",3,29,6,49,77,3,0,167,297
48032,"Sherwood Park--Fort Saskatchewan/Sherwood Park--Fort Saskatchewan"," 161","Sherwood Park",3,20,3,52,107,8,0,193,391
48032,"Sherwood Park--Fort Saskatchewan/Sherwood Park--Fort Saskatchewan"," 162","Sherwood Park",1,29,14,38,112,9,1,204,332
48032,"Sherwood Park--Fort Saskatchewan/Sherwood Park--Fort Saskatchewan"," 163","Sherwood Park",1,14,6,8,73,2,0,104,189
48032,"Sherwood Park--Fort Saskatchewan/Sherwood Park--Fort Saskatchewan"," 164","Sherwood Park",0,18,5,39,105,10,0,177,434
48032,"Sherwood Park--Fort Saskatchewan/Sherwood Park--Fort Saskatchewan"," 165","Sherwood Park",2,26,3,42,97,7,0,177,328
48032,"Sherwood Park--Fort Saskatchewan/Sherwood Park--Fort Saskatchewan"," 166","Sherwood Park",5,26,9,46,122,6,1,215,386
48032,"Sherwood Park--Fort Saskatchewan/Sherwood Park--Fort Saskatchewan"," 167","Sherwood Park",4,25,4,81,145,11,0,270,448
48032,"Sherwood Park--Fort Saskatchewan/Sherwood Park--Fort Saskatchewan"," 168","Sherwood Park",1,28,6,65,78,8,0,186,296
48032,"Sherwood Park--Fort Saskatchewan/Sherwood Park--Fort Saskatchewan"," 169","Sherwood Park",0,14,10,54,117,5,0,200,325
48032,"Sherwood Park--Fort Saskatchewan/Sherwood Park--Fort Saskatchewan"," 170","Sherwood Park",1,34,5,53,150,16,1,260,399
48032,"Sherwood Park--Fort Saskatchewan/Sherwood Park--Fort Saskatchewan"," 171","Sherwood Park",3,35,13,57,112,8,0,228,382
48032,"Sherwood Park--Fort Saskatchewan/Sherwood Park--Fort Saskatchewan"," 172","Sherwood Park",3,25,3,52,86,4,0,173,290
48032,"Sherwood Park--Fort Saskatchewan/Sherwood Park--Fort Saskatchewan"," 173","Sherwood Park",3,31,8,57,128,6,0,233,395
48032,"Sherwood Park--Fort Saskatchewan/Sherwood Park--Fort Saskatchewan"," 174","Sherwood Park",2,37,7,56,130,8,1,241,376
48032,"Sherwood Park--Fort Saskatchewan/Sherwood Park--Fort Saskatchewan"," 175","Sherwood Park",2,32,1,36,92,2,0,165,268
48032,"Sherwood Park--Fort Saskatchewan/Sherwood Park--Fort Saskatchewan"," 176","Sherwood Park",1,32,5,44,121,8,0,211,352
48032,"Sherwood Park--Fort Saskatchewan/Sherwood Park--Fort Saskatchewan"," 177","Sherwood Park",2,30,8,42,97,7,1,187,326
48032,"Sherwood Park--Fort Saskatchewan/Sherwood Park--Fort Saskatchewan"," 178","Sherwood Park",3,22,4,62,131,1,1,224,375
48032,"Sherwood Park--Fort Saskatchewan/Sherwood Park--Fort Saskatchewan"," 179","Sherwood Park",2,33,5,52,109,5,0,206,331
48032,"Sherwood Park--Fort Saskatchewan/Sherwood Park--Fort Saskatchewan"," 180","Sherwood Park",2,18,7,35,57,3,0,122,233
48032,"Sherwood Park--Fort Saskatchewan/Sherwood Park--Fort Saskatchewan"," 181","Sherwood Park",2,23,6,45,100,7,2,185,297
48032,"Sherwood Park--Fort Saskatchewan/Sherwood Park--Fort Saskatchewan"," 182","Sherwood Park",0,32,9,58,121,6,0,226,332
48032,"Sherwood Park--Fort Saskatchewan/Sherwood Park--Fort Saskatchewan"," 183","Sherwood Park",2,21,8,50,107,5,0,193,287
48032,"Sherwood Park--Fort Saskatchewan/Sherwood Park--Fort Saskatchewan"," 184","Sherwood Park",1,22,4,57,129,8,0,221,388
48032,"Sherwood Park--Fort Saskatchewan/Sherwood Park--Fort Saskatchewan"," 185","Sherwood Park",0,14,5,29,104,2,0,154,254
48032,"Sherwood Park--Fort Saskatchewan/Sherwood Park--Fort Saskatchewan"," 186","Sherwood Park",5,24,2,62,166,4,0,263,452
48032,"Sherwood Park--Fort Saskatchewan/Sherwood Park--Fort Saskatchewan"," 187","Sherwood Park",3,29,5,69,168,6,0,280,465
48032,"Sherwood Park--Fort Saskatchewan/Sherwood Park--Fort Saskatchewan"," 188","Sherwood Park",1,19,4,50,135,3,2,214,336
48032,"Sherwood Park--Fort Saskatchewan/Sherwood Park--Fort Saskatchewan"," 189","Sherwood Park",1,20,3,45,163,5,0,237,405
48032,"Sherwood Park--Fort Saskatchewan/Sherwood Park--Fort Saskatchewan"," 190","Sherwood Park",2,18,3,54,126,5,3,211,386
48032,"Sherwood Park--Fort Saskatchewan/Sherwood Park--Fort Saskatchewan"," 191","Sherwood Park",2,13,4,66,138,4,0,227,383
48032,"Sherwood Park--Fort Saskatchewan/Sherwood Park--Fort Saskatchewan"," 192","Sherwood Park",4,17,4,47,133,4,0,209,335
48032,"Sherwood Park--Fort Saskatchewan/Sherwood Park--Fort Saskatchewan"," 193","Sherwood Park",2,17,5,52,171,9,0,256,444
48032,"Sherwood Park--Fort Saskatchewan/Sherwood Park--Fort Saskatchewan"," 194","Sherwood Park",3,11,2,42,156,3,0,217,355
48032,"Sherwood Park--Fort Saskatchewan/Sherwood Park--Fort Saskatchewan"," 195","Sherwood Park",0,18,4,28,156,3,0,209,302
48032,"Sherwood Park--Fort Saskatchewan/Sherwood Park--Fort Saskatchewan"," 196","Sherwood Park",4,30,7,61,201,5,0,308,506
48032,"Sherwood Park--Fort Saskatchewan/Sherwood Park--Fort Saskatchewan"," 197","Sherwood Park",0,13,6,49,148,9,0,225,409
48032,"Sherwood Park--Fort Saskatchewan/Sherwood Park--Fort Saskatchewan"," 198","Sherwood Park",3,19,7,50,153,2,2,236,397
48032,"Sherwood Park--Fort Saskatchewan/Sherwood Park--Fort Saskatchewan"," 199","Sherwood Park",4,17,5,50,155,6,0,237,416
48032,"Sherwood Park--Fort Saskatchewan/Sherwood Park--Fort Saskatchewan"," 200","Sherwood Park",1,17,3,47,185,6,1,260,413
48032,"Sherwood Park--Fort Saskatchewan/Sherwood Park--Fort Saskatchewan"," 201","Sherwood Park",4,8,5,60,136,4,0,217,351
48032,"Sherwood Park--Fort Saskatchewan/Sherwood Park--Fort Saskatchewan"," 202A","Sherwood Park",1,9,4,20,152,0,1,187,316
48032,"Sherwood Park--Fort Saskatchewan/Sherwood Park--Fort Saskatchewan"," 202B","Sherwood Park",5,12,0,23,135,5,1,181,306
48032,"Sherwood Park--Fort Saskatchewan/Sherwood Park--Fort Saskatchewan"," 203","Sherwood Park",0,14,3,21,83,2,1,124,225
48032,"Sherwood Park--Fort Saskatchewan/Sherwood Park--Fort Saskatchewan"," 204","Whitecroft",0,4,3,9,42,1,0,59,110
48032,"Sherwood Park--Fort Saskatchewan/Sherwood Park--Fort Saskatchewan"," 205","Whitecroft",2,23,7,72,158,4,1,267,478
48032,"Sherwood Park--Fort Saskatchewan/Sherwood Park--Fort Saskatchewan"," 206","Whitecroft",0,11,7,31,122,2,0,173,339
48032,"Sherwood Park--Fort Saskatchewan/Sherwood Park--Fort Saskatchewan"," 207","Whitecroft",1,8,1,31,117,4,0,162,313
48032,"Sherwood Park--Fort Saskatchewan/Sherwood Park--Fort Saskatchewan"," 208","Whitecroft",4,11,6,34,124,3,0,182,318
48032,"Sherwood Park--Fort Saskatchewan/Sherwood Park--Fort Saskatchewan"," 209","Whitecroft",0,13,6,46,120,3,0,188,288
48032,"Sherwood Park--Fort Saskatchewan/Sherwood Park--Fort Saskatchewan"," 210","Whitecroft",1,10,7,30,99,3,0,150,269
48032,"Sherwood Park--Fort Saskatchewan/Sherwood Park--Fort Saskatchewan"," 211A","Whitecroft",4,14,1,53,160,2,1,235,420
48032,"Sherwood Park--Fort Saskatchewan/Sherwood Park--Fort Saskatchewan"," 211B","Whitecroft",0,13,1,63,128,0,0,205,392
48032,"Sherwood Park--Fort Saskatchewan/Sherwood Park--Fort Saskatchewan"," 212","Bretona",2,19,3,40,126,2,0,192,339
48032,"Sherwood Park--Fort Saskatchewan/Sherwood Park--Fort Saskatchewan"," 213","Bretona",0,20,5,40,143,6,1,215,418
48032,"Sherwood Park--Fort Saskatchewan/Sherwood Park--Fort Saskatchewan"," 214","Bretona",2,15,6,35,128,7,0,193,334
48032,"Sherwood Park--Fort Saskatchewan/Sherwood Park--Fort Saskatchewan"," 215","Cooking Lake",0,19,3,37,133,4,0,196,359
48032,"Sherwood Park--Fort Saskatchewan/Sherwood Park--Fort Saskatchewan"," 216","Cooking Lake",2,11,3,26,132,1,0,175,266
48032,"Sherwood Park--Fort Saskatchewan/Sherwood Park--Fort Saskatchewan"," 217","Cooking Lake",2,15,3,34,163,6,0,223,368
48032,"Sherwood Park--Fort Saskatchewan/Sherwood Park--Fort Saskatchewan"," 218","Strathcona County",1,20,7,26,185,6,0,245,396
48032,"Sherwood Park--Fort Saskatchewan/Sherwood Park--Fort Saskatchewan"," 219","Cooking Lake",1,9,1,25,139,4,1,180,348
48032,"Sherwood Park--Fort Saskatchewan/Sherwood Park--Fort Saskatchewan"," 220","Cooking Lake",2,24,4,27,134,3,3,197,338
48032,"Sherwood Park--Fort Saskatchewan/Sherwood Park--Fort Saskatchewan"," 221","Cooking Lake",0,16,5,31,118,8,1,179,304
48032,"Sherwood Park--Fort Saskatchewan/Sherwood Park--Fort Saskatchewan"," 222","Cooking Lake",2,11,2,26,75,7,0,123,257
48032,"Sherwood Park--Fort Saskatchewan/Sherwood Park--Fort Saskatchewan"," 223","Ministik Lake",2,15,3,27,128,9,0,184,308
48032,"Sherwood Park--Fort Saskatchewan/Sherwood Park--Fort Saskatchewan"," 224","Ministik Lake",4,29,5,27,124,10,0,199,354
48032,"Sherwood Park--Fort Saskatchewan/Sherwood Park--Fort Saskatchewan"," 225","Ardrossan",1,18,4,24,137,7,1,192,288
48032,"Sherwood Park--Fort Saskatchewan/Sherwood Park--Fort Saskatchewan"," 226","Uncas",2,19,5,28,193,9,0,256,443
48032,"Sherwood Park--Fort Saskatchewan/Sherwood Park--Fort Saskatchewan"," 227","Uncas",0,22,5,37,190,9,0,263,395
48032,"Sherwood Park--Fort Saskatchewan/Sherwood Park--Fort Saskatchewan"," 228","Whitecroft",1,11,5,22,120,4,0,163,277
48032,"Sherwood Park--Fort Saskatchewan/Sherwood Park--Fort Saskatchewan"," 229","Whitecroft",2,18,5,35,168,9,1,238,378
48032,"Sherwood Park--Fort Saskatchewan/Sherwood Park--Fort Saskatchewan"," 230","North Cooking Lake",0,24,8,33,99,21,1,186,380
48032,"Sherwood Park--Fort Saskatchewan/Sherwood Park--Fort Saskatchewan"," 231","North Cooking Lake",4,22,5,50,133,8,0,222,330
48032,"Sherwood Park--Fort Saskatchewan/Sherwood Park--Fort Saskatchewan"," 232","North Cooking Lake",2,18,3,22,117,10,1,173,310
48032,"Sherwood Park--Fort Saskatchewan/Sherwood Park--Fort Saskatchewan"," 233","Cooking Lake",1,15,3,31,122,7,2,181,325
48032,"Sherwood Park--Fort Saskatchewan/Sherwood Park--Fort Saskatchewan"," 234","North Cooking Lake",5,8,7,32,155,11,1,219,397
48032,"Sherwood Park--Fort Saskatchewan/Sherwood Park--Fort Saskatchewan"," 235","Deville",0,6,3,14,67,1,0,91,134
48032,"Sherwood Park--Fort Saskatchewan/Sherwood Park--Fort Saskatchewan"," 236","Deville",6,23,1,36,121,3,1,191,410
48032,"Sherwood Park--Fort Saskatchewan/Sherwood Park--Fort Saskatchewan"," 500","Mobile poll/Bureau itinérant",0,15,7,14,74,4,0,114,167
48032,"Sherwood Park--Fort Saskatchewan/Sherwood Park--Fort Saskatchewan"," 501","Mobile poll/Bureau itinérant",4,12,8,17,75,5,0,121,164
48032,"Sherwood Park--Fort Saskatchewan/Sherwood Park--Fort Saskatchewan"," 502","Mobile poll/Bureau itinérant",0,12,2,18,75,3,1,111,150
48032,"Sherwood Park--Fort Saskatchewan/Sherwood Park--Fort Saskatchewan"," 503","Mobile poll/Bureau itinérant",8,7,2,12,49,4,0,82,97
48032,"Sherwood Park--Fort Saskatchewan/Sherwood Park--Fort Saskatchewan"," 504","Mobile poll/Bureau itinérant",3,17,4,13,52,0,1,90,124
48032,"Sherwood Park--Fort Saskatchewan/Sherwood Park--Fort Saskatchewan"," 505","Mobile poll/Bureau itinérant",0,19,7,29,67,1,0,123,128
48032,"Sherwood Park--Fort Saskatchewan/Sherwood Park--Fort Saskatchewan"," 600","Strathcona County--Ardrossan",3,50,9,78,411,19,1,571,
48032,"Sherwood Park--Fort Saskatchewan/Sherwood Park--Fort Saskatchewan"," 601","Fort Saskatchewan",3,86,22,114,408,33,5,671,
48032,"Sherwood Park--Fort Saskatchewan/Sherwood Park--Fort Saskatchewan"," 602","Fort Saskatchewan",6,108,15,139,507,36,1,812,
48032,"Sherwood Park--Fort Saskatchewan/Sherwood Park--Fort Saskatchewan"," 603","Fort Saskatchewan",11,101,16,188,749,17,1,1083,
48032,"Sherwood Park--Fort Saskatchewan/Sherwood Park--Fort Saskatchewan"," 604","Strathcona County",2,85,15,171,566,20,2,861,
48032,"Sherwood Park--Fort Saskatchewan/Sherwood Park--Fort Saskatchewan"," 605","Strathcona County",2,78,9,129,306,11,0,535,
48032,"Sherwood Park--Fort Saskatchewan/Sherwood Park--Fort Saskatchewan"," 606","Strathcona County",3,120,18,174,541,14,1,871,
48032,"Sherwood Park--Fort Saskatchewan/Sherwood Park--Fort Saskatchewan"," 607","Strathcona County",7,86,22,190,649,20,1,975,
48032,"Sherwood Park--Fort Saskatchewan/Sherwood Park--Fort Saskatchewan"," 608","Sherwood Park",2,91,29,218,687,18,1,1046,
48032,"Sherwood Park--Fort Saskatchewan/Sherwood Park--Fort Saskatchewan"," 609","Strathcona County",3,108,21,169,488,15,1,805,
48032,"Sherwood Park--Fort Saskatchewan/Sherwood Park--Fort Saskatchewan"," 610","Strathcona County",2,92,18,160,563,21,2,858,
48032,"Sherwood Park--Fort Saskatchewan/Sherwood Park--Fort Saskatchewan"," 611","Sherwood Park",5,75,16,175,729,20,1,1021,
48032,"Sherwood Park--Fort Saskatchewan/Sherwood Park--Fort Saskatchewan"," 612","Strathcona County",9,37,5,128,451,6,0,636,
48032,"Sherwood Park--Fort Saskatchewan/Sherwood Park--Fort Saskatchewan"," 613","Wyeclif",7,39,4,67,393,5,1,516,
48032,"Sherwood Park--Fort Saskatchewan/Sherwood Park--Fort Saskatchewan"," 614","Strathcona County",9,58,11,71,411,28,0,588,
48032,"Sherwood Park--Fort Saskatchewan/Sherwood Park--Fort Saskatchewan"," 615","Cooking Lake",8,50,13,85,374,20,0,550,
48032,"Sherwood Park--Fort Saskatchewan/Sherwood Park--Fort Saskatchewan"," 616","Strathcona County",6,43,10,93,326,35,1,514,
48032,"Sherwood Park--Fort Saskatchewan/Sherwood Park--Fort Saskatchewan",,"Group 1/Groupe 1",3,23,1,42,58,2,7,136,88
48032,"Sherwood Park--Fort Saskatchewan/Sherwood Park--Fort Saskatchewan",,"Group 2/Groupe 2",8,250,41,324,1286,57,23,1989,
