﻿Electoral District Number/Numéro de circonscription,Electoral District Name/Nom de circonscription,Polling Station Number/Numéro du bureau de scrutin,Polling Station Name/Nom du bureau de scrutin,Devon Babstock,Terry Cormier,Gudie Hutchings,Wayne Ruth,Rejected Ballots/Bulletins rejetés,Total Votes/Total des votes,Electors/Électeurs
10005,"Long Range Mountains/Long Range Mountains"," 1","Straitsview",5,3,106,9,0,123,168
10005,"Long Range Mountains/Long Range Mountains"," 2","St. Lunaire-Griquet",3,1,48,4,0,56,122
10005,"Long Range Mountains/Long Range Mountains"," 3","St. Lunaire-Griquet",4,2,155,27,4,192,476
10005,"Long Range Mountains/Long Range Mountains"," 4","Raleigh",8,1,85,9,0,103,183
10005,"Long Range Mountains/Long Range Mountains"," 5","Ship Cove",2,0,30,6,0,38,60
10005,"Long Range Mountains/Long Range Mountains"," 6","St. Anthony Bight",8,0,66,5,0,79,175
10005,"Long Range Mountains/Long Range Mountains"," 7","St. Anthony",7,3,128,7,0,145,330
10005,"Long Range Mountains/Long Range Mountains"," 8","St. Anthony",13,0,140,14,0,167,325
10005,"Long Range Mountains/Long Range Mountains"," 9","St. Anthony",13,0,129,8,0,150,373
10005,"Long Range Mountains/Long Range Mountains"," 10","St. Anthony",14,3,188,23,1,229,493
10005,"Long Range Mountains/Long Range Mountains"," 11","St. Anthony",7,0,119,13,0,139,352
10005,"Long Range Mountains/Long Range Mountains"," 12","Goose Cove East",4,2,78,4,0,88,136
10005,"Long Range Mountains/Long Range Mountains"," 13","Main Brook",8,2,115,23,0,148,226
10005,"Long Range Mountains/Long Range Mountains"," 14","Cook's Harbour",2,2,96,11,0,111,175
10005,"Long Range Mountains/Long Range Mountains"," 15","Eddie's Cove/Green Island Brook",15,3,156,11,2,187,320
10005,"Long Range Mountains/Long Range Mountains"," 16","Sandy Cove/Green Island Cove",7,0,75,25,0,107,204
10005,"Long Range Mountains/Long Range Mountains"," 17A","Flower's Cove",8,3,190,18,1,220,435
10005,"Long Range Mountains/Long Range Mountains"," 17B","Mobile poll/Bureau itinérant",Merged with No./Fusionné avec le n°501,,,,,,2
10005,"Long Range Mountains/Long Range Mountains"," 17C","Mobile poll/Bureau itinérant",Merged with No./Fusionné avec le n°501,,,,,,2
10005,"Long Range Mountains/Long Range Mountains"," 18","Anchor Point",12,1,134,6,0,153,301
10005,"Long Range Mountains/Long Range Mountains"," 19","St. Julien-Croque",1,0,32,2,0,35,56
10005,"Long Range Mountains/Long Range Mountains"," 20","Conche",9,1,81,2,0,93,167
10005,"Long Range Mountains/Long Range Mountains"," 21","Roddickton",4,3,134,34,0,175,385
10005,"Long Range Mountains/Long Range Mountains"," 22","Roddickton",11,2,112,39,0,164,356
10005,"Long Range Mountains/Long Range Mountains"," 23","Plum Point",13,3,120,29,1,166,255
10005,"Long Range Mountains/Long Range Mountains"," 24","Forresters Point",7,1,261,10,2,281,411
10005,"Long Range Mountains/Long Range Mountains"," 25","Bird Cove",7,0,74,10,0,91,166
10005,"Long Range Mountains/Long Range Mountains"," 26","Shoal Cove",9,2,88,13,0,112,201
10005,"Long Range Mountains/Long Range Mountains"," 27","Castors River",22,2,153,9,0,186,297
10005,"Long Range Mountains/Long Range Mountains"," 28","Englee",3,0,145,28,0,176,451
10005,"Long Range Mountains/Long Range Mountains"," 29","Port Saunders",21,1,197,44,0,263,548
10005,"Long Range Mountains/Long Range Mountains"," 30","Hawke's Bay",14,1,112,23,0,150,180
10005,"Long Range Mountains/Long Range Mountains"," 31","Port Saunders",0,0,29,6,0,35,62
10005,"Long Range Mountains/Long Range Mountains"," 32","River of Ponds",10,2,78,16,0,106,198
10005,"Long Range Mountains/Long Range Mountains"," 33","Jackson's Arm",15,1,93,13,0,122,253
10005,"Long Range Mountains/Long Range Mountains"," 34","Daniel's Harbour",25,3,132,23,1,184,338
10005,"Long Range Mountains/Long Range Mountains"," 35","Parson's Pond",18,2,135,19,0,174,417
10005,"Long Range Mountains/Long Range Mountains"," 36","Cow Head",13,3,49,11,0,76,132
10005,"Long Range Mountains/Long Range Mountains"," 37","Cow Head",19,3,96,26,0,144,243
10005,"Long Range Mountains/Long Range Mountains"," 38","St. Paul's",23,4,92,9,0,128,224
10005,"Long Range Mountains/Long Range Mountains"," 39A","Pollards Point",18,3,87,14,0,122,237
10005,"Long Range Mountains/Long Range Mountains"," 39B","Mobile poll/Bureau itinérant",Merged with No./Fusionné avec le n°502,,,,,,1
10005,"Long Range Mountains/Long Range Mountains"," 40","Hampden",26,5,147,36,0,214,480
10005,"Long Range Mountains/Long Range Mountains"," 41","Sop's Arm",2,1,54,23,0,80,138
10005,"Long Range Mountains/Long Range Mountains"," 42","Rocky Harbour",26,8,161,20,0,215,365
10005,"Long Range Mountains/Long Range Mountains"," 43","Rocky Harbour",46,4,140,19,0,209,405
10005,"Long Range Mountains/Long Range Mountains"," 44","Norris Point",46,3,188,13,0,250,507
10005,"Long Range Mountains/Long Range Mountains"," 45","Norris Point",13,2,57,3,1,76,109
10005,"Long Range Mountains/Long Range Mountains"," 46","Wiltondale",17,4,71,6,0,98,140
10005,"Long Range Mountains/Long Range Mountains"," 47","Cormack",25,2,173,43,0,243,514
10005,"Long Range Mountains/Long Range Mountains"," 48","Reidville",16,6,141,37,0,200,402
10005,"Long Range Mountains/Long Range Mountains"," 49","Deer Lake",25,4,124,42,0,195,477
10005,"Long Range Mountains/Long Range Mountains"," 50","Deer Lake",27,2,176,44,0,249,474
10005,"Long Range Mountains/Long Range Mountains"," 51","Deer Lake",27,2,103,50,0,182,424
10005,"Long Range Mountains/Long Range Mountains"," 52","Deer Lake",24,2,109,29,1,165,388
10005,"Long Range Mountains/Long Range Mountains"," 53","Nicholsville",9,2,97,29,0,137,336
10005,"Long Range Mountains/Long Range Mountains"," 54","Deer Lake",15,2,114,64,0,195,414
10005,"Long Range Mountains/Long Range Mountains"," 55","Nicholsville",41,6,139,51,0,237,302
10005,"Long Range Mountains/Long Range Mountains"," 56","Deer Lake",41,2,95,17,0,155,461
10005,"Long Range Mountains/Long Range Mountains"," 57","Deer Lake",19,1,99,16,0,135,319
10005,"Long Range Mountains/Long Range Mountains"," 58","Deer Lake",19,2,103,26,1,151,323
10005,"Long Range Mountains/Long Range Mountains"," 59A","Deer Lake",Merged with No./Fusionné avec le n°57,,,,,,119
10005,"Long Range Mountains/Long Range Mountains"," 59B","Howley",30,0,105,24,1,160,293
10005,"Long Range Mountains/Long Range Mountains"," 60","Deer Lake",11,2,103,43,0,159,337
10005,"Long Range Mountains/Long Range Mountains"," 61","Humber Village--Little Rapids",26,11,158,31,0,226,342
10005,"Long Range Mountains/Long Range Mountains"," 62","Shoal Brook",16,3,79,25,0,123,217
10005,"Long Range Mountains/Long Range Mountains"," 63","Woody Point",17,5,89,19,1,131,243
10005,"Long Range Mountains/Long Range Mountains"," 64","Trout River",15,5,211,19,1,251,492
10005,"Long Range Mountains/Long Range Mountains"," 65","Cox's Cove",13,6,130,31,1,181,337
10005,"Long Range Mountains/Long Range Mountains"," 66","Cox's Cove",11,1,102,15,2,131,226
10005,"Long Range Mountains/Long Range Mountains"," 67","Irishtown",25,3,182,29,1,240,403
10005,"Long Range Mountains/Long Range Mountains"," 68","Irishtown",14,0,168,13,1,196,293
10005,"Long Range Mountains/Long Range Mountains"," 69","Corner Brook",31,14,143,18,2,208,373
10005,"Long Range Mountains/Long Range Mountains"," 70","Corner Brook",25,12,109,21,0,167,369
10005,"Long Range Mountains/Long Range Mountains"," 71","Corner Brook",25,3,130,11,0,169,369
10005,"Long Range Mountains/Long Range Mountains"," 72","Corner Brook",24,3,119,36,0,182,334
10005,"Long Range Mountains/Long Range Mountains"," 73","Steady Brook",23,10,152,36,1,222,328
10005,"Long Range Mountains/Long Range Mountains"," 74","Massey Drive",19,5,182,33,0,239,409
10005,"Long Range Mountains/Long Range Mountains"," 75","Massey Drive",27,5,159,12,0,203,386
10005,"Long Range Mountains/Long Range Mountains"," 76","Massey Drive",26,4,163,31,2,226,409
10005,"Long Range Mountains/Long Range Mountains"," 77","Pasadena",40,7,185,47,0,279,574
10005,"Long Range Mountains/Long Range Mountains"," 78","Pasadena",28,4,163,29,1,225,454
10005,"Long Range Mountains/Long Range Mountains"," 79","Pasadena",13,12,182,27,1,235,442
10005,"Long Range Mountains/Long Range Mountains"," 80","Pasadena",23,6,132,26,0,187,350
10005,"Long Range Mountains/Long Range Mountains"," 81","Pasadena",25,8,126,36,0,195,353
10005,"Long Range Mountains/Long Range Mountains"," 82","Pasadena",19,6,119,31,0,175,341
10005,"Long Range Mountains/Long Range Mountains"," 83","Pasadena",29,12,170,44,1,256,504
10005,"Long Range Mountains/Long Range Mountains"," 84","Corner Brook",27,7,169,15,0,218,377
10005,"Long Range Mountains/Long Range Mountains"," 85","Corner Brook",25,23,189,35,1,273,529
10005,"Long Range Mountains/Long Range Mountains"," 86","Corner Brook",21,4,132,27,0,184,355
10005,"Long Range Mountains/Long Range Mountains"," 87","Corner Brook",34,9,143,27,2,215,408
10005,"Long Range Mountains/Long Range Mountains"," 88","Corner Brook",15,4,72,13,0,104,207
10005,"Long Range Mountains/Long Range Mountains"," 89","Corner Brook",15,3,109,22,0,149,292
10005,"Long Range Mountains/Long Range Mountains"," 90","Corner Brook",31,20,156,27,0,234,432
10005,"Long Range Mountains/Long Range Mountains"," 91","Corner Brook",33,12,171,19,0,235,437
10005,"Long Range Mountains/Long Range Mountains"," 92","Corner Brook",34,23,192,31,0,280,530
10005,"Long Range Mountains/Long Range Mountains"," 93","Corner Brook",26,9,157,33,2,227,443
10005,"Long Range Mountains/Long Range Mountains"," 94A","Corner Brook",10,3,59,12,1,85,123
10005,"Long Range Mountains/Long Range Mountains"," 94B","Corner Brook",30,10,94,4,0,138,170
10005,"Long Range Mountains/Long Range Mountains"," 94C","Mobile poll/Bureau itinérant",9,2,30,11,1,53,113
10005,"Long Range Mountains/Long Range Mountains"," 95","Corner Brook",33,7,147,24,1,212,477
10005,"Long Range Mountains/Long Range Mountains"," 96","Corner Brook",40,6,184,16,0,246,473
10005,"Long Range Mountains/Long Range Mountains"," 97","Corner Brook",40,5,139,21,0,205,435
10005,"Long Range Mountains/Long Range Mountains"," 98","Corner Brook",35,9,138,23,1,206,412
10005,"Long Range Mountains/Long Range Mountains"," 99","Corner Brook",19,8,123,18,0,168,356
10005,"Long Range Mountains/Long Range Mountains"," 100","Corner Brook",31,8,164,23,0,226,398
10005,"Long Range Mountains/Long Range Mountains"," 101","Corner Brook",36,7,153,7,0,203,394
10005,"Long Range Mountains/Long Range Mountains"," 102","Corner Brook",28,7,176,24,0,235,469
10005,"Long Range Mountains/Long Range Mountains"," 103","Corner Brook",45,3,141,36,0,225,429
10005,"Long Range Mountains/Long Range Mountains"," 104","Corner Brook",28,6,142,17,0,193,388
10005,"Long Range Mountains/Long Range Mountains"," 105","Corner Brook",32,7,137,16,1,193,420
10005,"Long Range Mountains/Long Range Mountains"," 106","Corner Brook",20,4,189,27,1,241,386
10005,"Long Range Mountains/Long Range Mountains"," 107","Corner Brook",37,1,174,24,0,236,492
10005,"Long Range Mountains/Long Range Mountains"," 108","Corner Brook",34,6,175,30,0,245,454
10005,"Long Range Mountains/Long Range Mountains"," 109","Corner Brook",26,5,177,43,0,251,451
10005,"Long Range Mountains/Long Range Mountains"," 110","Corner Brook",32,10,200,30,2,274,513
10005,"Long Range Mountains/Long Range Mountains"," 111","Corner Brook",25,7,110,8,0,150,341
10005,"Long Range Mountains/Long Range Mountains"," 112A","Corner Brook",24,10,83,17,0,134,259
10005,"Long Range Mountains/Long Range Mountains"," 112B","Mobile poll/Bureau itinérant",Merged with No./Fusionné avec le n°94C,,,,,,24
10005,"Long Range Mountains/Long Range Mountains"," 113","Corner Brook",13,5,85,7,1,111,331
10005,"Long Range Mountains/Long Range Mountains"," 114","Corner Brook",12,5,65,11,0,93,285
10005,"Long Range Mountains/Long Range Mountains"," 115","Corner Brook",20,8,103,17,2,150,262
10005,"Long Range Mountains/Long Range Mountains"," 116","Corner Brook",25,8,124,16,0,173,385
10005,"Long Range Mountains/Long Range Mountains"," 117","Corner Brook",16,3,93,18,0,130,269
10005,"Long Range Mountains/Long Range Mountains"," 118","Corner Brook",26,15,121,17,0,179,398
10005,"Long Range Mountains/Long Range Mountains"," 119","Corner Brook",12,2,56,8,1,79,226
10005,"Long Range Mountains/Long Range Mountains"," 120","Corner Brook",33,1,104,8,0,146,325
10005,"Long Range Mountains/Long Range Mountains"," 121A","Corner Brook",21,3,108,21,0,153,316
10005,"Long Range Mountains/Long Range Mountains"," 121B","Mobile poll/Bureau itinérant",Merged with No./Fusionné avec le n°503A,,,,,,2
10005,"Long Range Mountains/Long Range Mountains"," 122","Corner Brook",25,11,132,14,1,183,402
10005,"Long Range Mountains/Long Range Mountains"," 123","Mount Moriah",5,5,116,10,0,136,268
10005,"Long Range Mountains/Long Range Mountains"," 124","Mount Moriah",23,6,146,17,0,192,348
10005,"Long Range Mountains/Long Range Mountains"," 125","Meadows",19,8,205,29,0,261,433
10005,"Long Range Mountains/Long Range Mountains"," 126","Gillams",23,3,128,26,1,181,375
10005,"Long Range Mountains/Long Range Mountains"," 127","McIver's",47,3,171,28,0,249,380
10005,"Long Range Mountains/Long Range Mountains"," 128","Humber Arm South",7,0,61,11,0,79,184
10005,"Long Range Mountains/Long Range Mountains"," 129","York Harbour",14,3,161,14,0,192,288
10005,"Long Range Mountains/Long Range Mountains"," 130","Lark Harbour",6,3,105,11,0,125,180
10005,"Long Range Mountains/Long Range Mountains"," 131","Lark Harbour",12,4,134,18,0,168,289
10005,"Long Range Mountains/Long Range Mountains"," 132","Humber Arm South",18,6,159,18,0,201,325
10005,"Long Range Mountains/Long Range Mountains"," 133A","Benoit's Cove",26,1,126,11,0,164,330
10005,"Long Range Mountains/Long Range Mountains"," 133B","Benoit's Cove",31,1,104,16,0,152,332
10005,"Long Range Mountains/Long Range Mountains"," 134","Humber Arm South",22,2,74,9,0,107,195
10005,"Long Range Mountains/Long Range Mountains"," 135","Summerside",29,4,201,41,0,275,410
10005,"Long Range Mountains/Long Range Mountains"," 136","Gallants--Georges Lake",5,5,38,9,0,57,171
10005,"Long Range Mountains/Long Range Mountains"," 137","Stephenville Crossing",7,1,22,2,0,32,169
10005,"Long Range Mountains/Long Range Mountains"," 138","Stephenville Crossing",4,0,10,3,0,17,62
10005,"Long Range Mountains/Long Range Mountains"," 139","Stephenville Crossing",26,5,115,18,0,164,392
10005,"Long Range Mountains/Long Range Mountains"," 140A","Stephenville Crossing",7,3,55,11,0,76,208
10005,"Long Range Mountains/Long Range Mountains"," 140B","Mobile poll/Bureau itinérant",Merged with No./Fusionné avec le n°505,,,,,,15
10005,"Long Range Mountains/Long Range Mountains"," 141","Stephenville Crossing",26,10,142,19,2,199,428
10005,"Long Range Mountains/Long Range Mountains"," 142","Stephenville Crossing",28,5,83,27,1,144,384
10005,"Long Range Mountains/Long Range Mountains"," 143","Black Duck Siding",5,1,29,7,0,42,69
10005,"Long Range Mountains/Long Range Mountains"," 144","Noels Pond--Cold Brook",13,4,147,14,2,180,280
10005,"Long Range Mountains/Long Range Mountains"," 145","Fox Island River--Point au Mal",12,3,72,3,0,90,140
10005,"Long Range Mountains/Long Range Mountains"," 146","Black Duck Brook",6,2,35,6,0,49,49
10005,"Long Range Mountains/Long Range Mountains"," 147A","Lourdes",18,1,89,9,0,117,330
10005,"Long Range Mountains/Long Range Mountains"," 147B","Lourdes",10,4,105,13,0,132,362
10005,"Long Range Mountains/Long Range Mountains"," 148","West Bay Centre",19,3,50,20,0,92,167
10005,"Long Range Mountains/Long Range Mountains"," 149","Three Rock Cove",8,2,44,6,0,60,84
10005,"Long Range Mountains/Long Range Mountains"," 150","Mainland",18,3,110,9,0,140,216
10005,"Long Range Mountains/Long Range Mountains"," 151","Sheaves Cove",3,0,49,3,0,55,67
10005,"Long Range Mountains/Long Range Mountains"," 152","Piccadilly",26,8,104,18,2,158,295
10005,"Long Range Mountains/Long Range Mountains"," 153","Piccadilly",16,5,51,11,0,83,201
10005,"Long Range Mountains/Long Range Mountains"," 154","Port au Port West",22,3,84,9,1,119,269
10005,"Long Range Mountains/Long Range Mountains"," 155","Port au Port West",30,5,159,25,0,219,412
10005,"Long Range Mountains/Long Range Mountains"," 156","Stephenville",8,2,102,16,1,129,356
10005,"Long Range Mountains/Long Range Mountains"," 157","Stephenville",26,4,140,18,0,188,382
10005,"Long Range Mountains/Long Range Mountains"," 158","Stephenville",23,4,126,21,0,174,434
10005,"Long Range Mountains/Long Range Mountains"," 159","Stephenville",14,1,107,12,1,135,384
10005,"Long Range Mountains/Long Range Mountains"," 160","Stephenville",30,3,155,27,0,215,424
10005,"Long Range Mountains/Long Range Mountains"," 161","Stephenville",22,6,156,35,0,219,390
10005,"Long Range Mountains/Long Range Mountains"," 162","Stephenville",16,3,114,26,1,160,343
10005,"Long Range Mountains/Long Range Mountains"," 163","Stephenville",11,2,109,17,0,139,362
10005,"Long Range Mountains/Long Range Mountains"," 164","Stephenville",19,5,120,22,1,167,344
10005,"Long Range Mountains/Long Range Mountains"," 165","Stephenville",31,8,83,26,1,149,366
10005,"Long Range Mountains/Long Range Mountains"," 166","Stephenville",20,3,139,13,0,175,413
10005,"Long Range Mountains/Long Range Mountains"," 167","Stephenville",25,4,137,18,0,184,414
10005,"Long Range Mountains/Long Range Mountains"," 168","Stephenville",23,6,105,28,1,163,372
10005,"Long Range Mountains/Long Range Mountains"," 169","Stephenville",14,4,115,23,0,156,370
10005,"Long Range Mountains/Long Range Mountains"," 170","Kippens",24,5,154,30,1,214,404
10005,"Long Range Mountains/Long Range Mountains"," 171","Kippens",17,4,114,37,0,172,348
10005,"Long Range Mountains/Long Range Mountains"," 172","Kippens",27,4,142,39,0,212,402
10005,"Long Range Mountains/Long Range Mountains"," 173","Kippens",18,11,154,34,0,217,421
10005,"Long Range Mountains/Long Range Mountains"," 174","Port au Port East",22,5,97,18,0,142,318
10005,"Long Range Mountains/Long Range Mountains"," 175","Saint-Georges",18,5,95,18,0,136,277
10005,"Long Range Mountains/Long Range Mountains"," 176","Saint-Georges",24,3,104,16,1,148,301
10005,"Long Range Mountains/Long Range Mountains"," 177","Saint-Georges",31,7,180,22,0,240,476
10005,"Long Range Mountains/Long Range Mountains"," 178","Barachois Brook",6,1,51,3,0,61,101
10005,"Long Range Mountains/Long Range Mountains"," 179","St. Teresas-Flat Bay",18,5,129,8,0,160,258
10005,"Long Range Mountains/Long Range Mountains"," 180","Campbells Creek",9,0,28,8,0,45,105
10005,"Long Range Mountains/Long Range Mountains"," 181","Heatherton",17,3,59,15,0,94,172
10005,"Long Range Mountains/Long Range Mountains"," 182A","Cape St. George -- Red Brook -- Marches Point",32,6,122,18,2,180,395
10005,"Long Range Mountains/Long Range Mountains"," 182B","Cape St. George -- Red Brook -- Marches Point",14,4,145,10,0,173,351
10005,"Long Range Mountains/Long Range Mountains"," 183","Robinsons-McKays",10,2,75,17,0,104,213
10005,"Long Range Mountains/Long Range Mountains"," 184","Jeffreys-Cartyville",12,6,114,20,0,152,280
10005,"Long Range Mountains/Long Range Mountains"," 185","St. David's-St. Fintan's",25,5,113,13,3,159,333
10005,"Long Range Mountains/Long Range Mountains"," 186","La Poile",1,1,48,3,0,53,76
10005,"Long Range Mountains/Long Range Mountains"," 187","Burgeo",7,1,89,2,0,99,210
10005,"Long Range Mountains/Long Range Mountains"," 188","Burgeo",10,0,158,16,0,184,394
10005,"Long Range Mountains/Long Range Mountains"," 189","Burgeo",5,0,149,4,0,158,278
10005,"Long Range Mountains/Long Range Mountains"," 190","Burgeo",17,4,159,7,0,187,377
10005,"Long Range Mountains/Long Range Mountains"," 191","Francois",0,1,36,8,0,45,79
10005,"Long Range Mountains/Long Range Mountains"," 192","François",Void/Supprimé,,,,,,
10005,"Long Range Mountains/Long Range Mountains"," 193","Grey River",0,0,41,1,0,42,102
10005,"Long Range Mountains/Long Range Mountains"," 194","Ramea",11,2,64,7,0,84,200
10005,"Long Range Mountains/Long Range Mountains"," 195","Ramea",12,2,91,8,1,114,232
10005,"Long Range Mountains/Long Range Mountains"," 196","Highlands",6,2,29,5,0,42,63
10005,"Long Range Mountains/Long Range Mountains"," 197","Coal Brook--South Branch",13,6,97,18,0,134,218
10005,"Long Range Mountains/Long Range Mountains"," 198","Codroy-Doyles-Upper Ferry",12,1,72,19,0,104,194
10005,"Long Range Mountains/Long Range Mountains"," 199","Codroy-Doyles-Upper Ferry",23,5,168,15,0,211,459
10005,"Long Range Mountains/Long Range Mountains"," 200","Codroy",6,1,148,13,0,168,276
10005,"Long Range Mountains/Long Range Mountains"," 201","Saint Andrews",15,8,111,21,2,157,211
10005,"Long Range Mountains/Long Range Mountains"," 202","Isle aux Morts",5,2,115,6,0,128,276
10005,"Long Range Mountains/Long Range Mountains"," 203","Isle aux Morts",13,3,127,14,1,158,306
10005,"Long Range Mountains/Long Range Mountains"," 204","Burnt Islands",10,1,144,4,0,159,375
10005,"Long Range Mountains/Long Range Mountains"," 205","Burnt Islands",4,1,82,3,1,91,168
10005,"Long Range Mountains/Long Range Mountains"," 206","Rose Blanche-Harbour le Cou",5,1,147,12,2,167,444
10005,"Long Range Mountains/Long Range Mountains"," 207","Cape Ray",17,3,138,10,0,168,290
10005,"Long Range Mountains/Long Range Mountains"," 208","Channel-Port aux Basques",18,1,129,12,0,160,431
10005,"Long Range Mountains/Long Range Mountains"," 209","Channel-Port aux Basques",6,1,184,12,0,203,398
10005,"Long Range Mountains/Long Range Mountains"," 210","Channel-Port aux Basques",4,2,146,10,0,162,400
10005,"Long Range Mountains/Long Range Mountains"," 211","Channel-Port aux Basques",16,3,159,14,1,193,403
10005,"Long Range Mountains/Long Range Mountains"," 212","Channel-Port aux Basques",14,4,204,21,2,245,526
10005,"Long Range Mountains/Long Range Mountains"," 213","Channel-Port aux Basques",10,1,154,21,0,186,323
10005,"Long Range Mountains/Long Range Mountains"," 214","Channel-Port aux Basques",9,2,210,17,1,239,495
10005,"Long Range Mountains/Long Range Mountains"," 215","Channel-Port aux Basques",7,1,138,14,0,160,352
10005,"Long Range Mountains/Long Range Mountains"," 216","Channel-Port aux Basques",11,1,138,10,0,160,366
10005,"Long Range Mountains/Long Range Mountains"," 217","Fox Roost-Margaree",5,1,130,9,0,145,245
10005,"Long Range Mountains/Long Range Mountains"," 218","Port au Choix",10,0,119,10,0,139,287
10005,"Long Range Mountains/Long Range Mountains"," 219","Port au Choix",9,3,153,23,0,188,410
10005,"Long Range Mountains/Long Range Mountains"," 500","Mobile poll/Bureau itinérant",3,0,57,4,0,64,95
10005,"Long Range Mountains/Long Range Mountains"," 501","Mobile poll/Bureau itinérant",3,2,36,2,0,43,39
10005,"Long Range Mountains/Long Range Mountains"," 502","Mobile poll/Bureau itinérant",3,2,43,8,0,56,87
10005,"Long Range Mountains/Long Range Mountains"," 503A","Mobile poll/Bureau itinérant",3,2,26,4,0,35,43
10005,"Long Range Mountains/Long Range Mountains"," 503B","Cornerbrook",Merged with No./Fusionné avec le n°112A,,,,,,2
10005,"Long Range Mountains/Long Range Mountains"," 504","Mobile poll/Bureau itinérant",4,2,27,11,1,45,61
10005,"Long Range Mountains/Long Range Mountains"," 505","Mobile poll/Bureau itinérant",12,13,54,28,1,108,145
10005,"Long Range Mountains/Long Range Mountains"," 600","St. Anthony",14,1,111,15,0,141,
10005,"Long Range Mountains/Long Range Mountains"," 601","Flower's Cove",1,0,20,4,0,25,
10005,"Long Range Mountains/Long Range Mountains"," 602","Roddickton",0,0,28,4,0,32,
10005,"Long Range Mountains/Long Range Mountains"," 603","Plum Point",3,0,22,1,0,26,
10005,"Long Range Mountains/Long Range Mountains"," 604","Port au Choix",3,4,54,10,0,71,
10005,"Long Range Mountains/Long Range Mountains"," 605","Parson's Pond",7,0,26,5,0,38,
10005,"Long Range Mountains/Long Range Mountains"," 606","Sop's Arm",0,1,10,0,0,11,
10005,"Long Range Mountains/Long Range Mountains"," 607","Woody Point",14,0,24,3,0,41,
10005,"Long Range Mountains/Long Range Mountains"," 608","Rocky Harbour",10,1,58,9,0,78,
10005,"Long Range Mountains/Long Range Mountains"," 609","Deer Lake",74,13,355,84,0,526,
10005,"Long Range Mountains/Long Range Mountains"," 610","Pasadena",30,10,272,45,2,359,
10005,"Long Range Mountains/Long Range Mountains"," 611","Benoit's Cove",12,0,92,9,0,113,
10005,"Long Range Mountains/Long Range Mountains"," 612","Corner Brook",56,20,378,61,0,515,
10005,"Long Range Mountains/Long Range Mountains"," 613","Corner Brook",85,20,337,99,2,543,
10005,"Long Range Mountains/Long Range Mountains"," 614","Corner Brook",81,24,282,61,0,448,
10005,"Long Range Mountains/Long Range Mountains"," 615","Meadows",9,0,63,7,0,79,
10005,"Long Range Mountains/Long Range Mountains"," 616","Piccadilly",17,1,65,17,0,100,
10005,"Long Range Mountains/Long Range Mountains"," 617","Kippens",26,8,116,61,0,211,
10005,"Long Range Mountains/Long Range Mountains"," 618","Stephenville",55,13,329,60,1,458,
10005,"Long Range Mountains/Long Range Mountains"," 619","Stephenville Crossing",31,5,91,29,0,156,
10005,"Long Range Mountains/Long Range Mountains"," 620","St. Fintan's",9,1,67,15,0,92,
10005,"Long Range Mountains/Long Range Mountains"," 621","Port aux Basques",19,2,184,13,0,218,
10005,"Long Range Mountains/Long Range Mountains"," 622","Burnt Islands",0,0,29,6,0,35,
10005,"Long Range Mountains/Long Range Mountains"," 623","Burgeo",3,0,115,7,1,126,
10005,"Long Range Mountains/Long Range Mountains",,"Group 1/Groupe 1",22,11,142,91,8,274,67
10005,"Long Range Mountains/Long Range Mountains",,"Group 2/Groupe 2",123,61,625,139,10,958,
