﻿Electoral District Number/Numéro de circonscription,Electoral District Name/Nom de circonscription,Polling Station Number/Numéro du bureau de scrutin,Polling Station Name/Nom du bureau de scrutin,John Hansen,Karen McCrimmon,Walter Pamic,Andrew West,Rejected Ballots/Bulletins rejetés,Total Votes/Total des votes,Electors/Électeurs
35041,"Kanata--Carleton/Kanata--Carleton"," 1","West Carleton",10,95,81,7,0,193,430
35041,"Kanata--Carleton/Kanata--Carleton"," 2","West Carleton",12,116,89,8,1,226,432
35041,"Kanata--Carleton/Kanata--Carleton"," 3","West Carleton",34,120,109,11,1,275,442
35041,"Kanata--Carleton/Kanata--Carleton"," 4","West Carleton",21,98,120,8,1,248,444
35041,"Kanata--Carleton/Kanata--Carleton"," 5","West Carleton",9,83,77,10,0,179,358
35041,"Kanata--Carleton/Kanata--Carleton"," 6","West Carleton",6,69,103,8,0,186,328
35041,"Kanata--Carleton/Kanata--Carleton"," 7","West Carleton",11,59,102,7,0,179,353
35041,"Kanata--Carleton/Kanata--Carleton"," 8","West Carleton",12,116,135,10,1,274,441
35041,"Kanata--Carleton/Kanata--Carleton"," 9","West Carleton",13,155,134,9,0,311,445
35041,"Kanata--Carleton/Kanata--Carleton"," 10","West Carleton",25,143,145,12,0,325,461
35041,"Kanata--Carleton/Kanata--Carleton"," 11","West Carleton",12,73,85,6,1,177,334
35041,"Kanata--Carleton/Kanata--Carleton"," 12","West Carleton",20,64,98,2,0,184,377
35041,"Kanata--Carleton/Kanata--Carleton"," 13","West Carleton",4,95,115,15,2,231,400
35041,"Kanata--Carleton/Kanata--Carleton"," 14","Kanata",10,101,145,7,0,263,418
35041,"Kanata--Carleton/Kanata--Carleton"," 15","West Carleton",10,67,141,4,1,223,335
35041,"Kanata--Carleton/Kanata--Carleton"," 16","West Carleton",18,79,116,4,1,218,333
35041,"Kanata--Carleton/Kanata--Carleton"," 17","West Carleton",24,99,99,5,2,229,339
35041,"Kanata--Carleton/Kanata--Carleton"," 18","West Carleton",24,70,122,4,1,221,353
35041,"Kanata--Carleton/Kanata--Carleton"," 19","West Carleton",9,65,181,9,0,264,395
35041,"Kanata--Carleton/Kanata--Carleton"," 20","West Carleton",14,90,122,10,0,236,443
35041,"Kanata--Carleton/Kanata--Carleton"," 21","West Carleton",16,78,149,9,2,254,425
35041,"Kanata--Carleton/Kanata--Carleton"," 22","West Carleton",14,91,152,13,4,274,446
35041,"Kanata--Carleton/Kanata--Carleton"," 23","West Carleton",10,116,148,9,0,283,460
35041,"Kanata--Carleton/Kanata--Carleton"," 24","Kanata",20,102,128,12,0,262,410
35041,"Kanata--Carleton/Kanata--Carleton"," 25","Kanata",14,138,142,5,0,299,510
35041,"Kanata--Carleton/Kanata--Carleton"," 26","Kanata",11,121,122,10,0,264,445
35041,"Kanata--Carleton/Kanata--Carleton"," 27","Kanata",16,94,50,2,0,162,331
35041,"Kanata--Carleton/Kanata--Carleton"," 28","Kanata",11,110,139,5,0,265,427
35041,"Kanata--Carleton/Kanata--Carleton"," 29","Kanata",20,130,60,9,0,219,397
35041,"Kanata--Carleton/Kanata--Carleton"," 30","Kanata",18,131,73,4,1,227,378
35041,"Kanata--Carleton/Kanata--Carleton"," 31","Kanata",13,122,63,4,0,202,436
35041,"Kanata--Carleton/Kanata--Carleton"," 32","Kanata",15,131,62,8,0,216,402
35041,"Kanata--Carleton/Kanata--Carleton"," 33","Kanata",13,104,54,2,0,173,359
35041,"Kanata--Carleton/Kanata--Carleton"," 34","Kanata",16,116,73,5,0,210,404
35041,"Kanata--Carleton/Kanata--Carleton"," 35","Kanata",17,139,94,4,2,256,408
35041,"Kanata--Carleton/Kanata--Carleton"," 36","Kanata",17,134,53,2,0,206,427
35041,"Kanata--Carleton/Kanata--Carleton"," 37","Kanata",23,138,61,13,1,236,426
35041,"Kanata--Carleton/Kanata--Carleton"," 38","Kanata",14,101,56,2,0,173,363
35041,"Kanata--Carleton/Kanata--Carleton"," 39","Kanata",8,77,70,7,1,163,322
35041,"Kanata--Carleton/Kanata--Carleton"," 40","Kanata",15,169,73,9,1,267,450
35041,"Kanata--Carleton/Kanata--Carleton"," 41","Kanata",21,144,67,4,0,236,408
35041,"Kanata--Carleton/Kanata--Carleton"," 42","Kanata",17,92,70,5,0,184,388
35041,"Kanata--Carleton/Kanata--Carleton"," 43","Kanata",16,150,87,4,1,258,497
35041,"Kanata--Carleton/Kanata--Carleton"," 44","Kanata",7,136,69,2,0,214,414
35041,"Kanata--Carleton/Kanata--Carleton"," 45","Kanata",14,157,78,5,1,255,510
35041,"Kanata--Carleton/Kanata--Carleton"," 46","Kanata",11,95,67,1,1,175,382
35041,"Kanata--Carleton/Kanata--Carleton"," 47","Kanata",13,89,62,5,1,170,309
35041,"Kanata--Carleton/Kanata--Carleton"," 48","Kanata",20,173,76,6,0,275,498
35041,"Kanata--Carleton/Kanata--Carleton"," 49","Kanata",8,152,66,5,1,232,444
35041,"Kanata--Carleton/Kanata--Carleton"," 50","Kanata",11,102,93,8,0,214,393
35041,"Kanata--Carleton/Kanata--Carleton"," 51","Kanata",24,79,51,2,0,156,363
35041,"Kanata--Carleton/Kanata--Carleton"," 52","Kanata",22,102,63,5,0,192,377
35041,"Kanata--Carleton/Kanata--Carleton"," 53","Kanata",9,147,81,5,1,243,483
35041,"Kanata--Carleton/Kanata--Carleton"," 54","Kanata",19,156,75,13,0,263,375
35041,"Kanata--Carleton/Kanata--Carleton"," 55","Kanata",31,140,69,9,1,250,394
35041,"Kanata--Carleton/Kanata--Carleton"," 56","Kanata",8,118,82,16,1,225,346
35041,"Kanata--Carleton/Kanata--Carleton"," 57","Kanata",28,188,95,12,0,323,535
35041,"Kanata--Carleton/Kanata--Carleton"," 58","Kanata",16,153,81,11,2,263,416
35041,"Kanata--Carleton/Kanata--Carleton"," 59","Kanata",20,129,65,5,0,219,324
35041,"Kanata--Carleton/Kanata--Carleton"," 60","Kanata",27,111,64,11,0,213,429
35041,"Kanata--Carleton/Kanata--Carleton"," 61","Kanata",17,159,87,3,0,266,459
35041,"Kanata--Carleton/Kanata--Carleton"," 62","Kanata",7,93,82,11,0,193,339
35041,"Kanata--Carleton/Kanata--Carleton"," 63","Kanata",4,107,70,8,2,191,381
35041,"Kanata--Carleton/Kanata--Carleton"," 64","Kanata",14,116,88,7,0,225,408
35041,"Kanata--Carleton/Kanata--Carleton"," 65","Kanata",13,118,112,7,0,250,515
35041,"Kanata--Carleton/Kanata--Carleton"," 66","Kanata",12,133,75,11,0,231,452
35041,"Kanata--Carleton/Kanata--Carleton"," 67","Kanata",13,77,67,8,0,165,391
35041,"Kanata--Carleton/Kanata--Carleton"," 68","Kanata",22,107,53,8,0,190,406
35041,"Kanata--Carleton/Kanata--Carleton"," 69","Kanata",17,112,53,4,0,186,364
35041,"Kanata--Carleton/Kanata--Carleton"," 70","Kanata",19,110,53,5,1,188,361
35041,"Kanata--Carleton/Kanata--Carleton"," 71","Kanata",8,94,72,4,0,178,363
35041,"Kanata--Carleton/Kanata--Carleton"," 72","Kanata",7,126,150,14,0,297,490
35041,"Kanata--Carleton/Kanata--Carleton"," 73A","Kanata",13,151,86,6,0,256,405
35041,"Kanata--Carleton/Kanata--Carleton"," 73B","Kanata",14,124,105,3,0,246,418
35041,"Kanata--Carleton/Kanata--Carleton"," 74","Kanata",9,113,87,2,0,211,431
35041,"Kanata--Carleton/Kanata--Carleton"," 75","Kanata",1,99,73,5,0,178,317
35041,"Kanata--Carleton/Kanata--Carleton"," 76","Kanata",10,131,86,8,0,235,423
35041,"Kanata--Carleton/Kanata--Carleton"," 77","Kanata",9,132,123,3,0,267,447
35041,"Kanata--Carleton/Kanata--Carleton"," 78","Kanata",7,188,108,3,1,307,504
35041,"Kanata--Carleton/Kanata--Carleton"," 79","Kanata",14,181,109,2,0,306,498
35041,"Kanata--Carleton/Kanata--Carleton"," 80","Kanata",16,151,83,3,0,253,426
35041,"Kanata--Carleton/Kanata--Carleton"," 81","Kanata",19,139,95,3,0,256,420
35041,"Kanata--Carleton/Kanata--Carleton"," 82","Kanata",4,90,59,4,0,157,328
35041,"Kanata--Carleton/Kanata--Carleton"," 83","Kanata",14,103,59,4,0,180,318
35041,"Kanata--Carleton/Kanata--Carleton"," 84","Kanata",7,101,78,2,1,189,389
35041,"Kanata--Carleton/Kanata--Carleton"," 85","Kanata",8,118,99,2,1,228,399
35041,"Kanata--Carleton/Kanata--Carleton"," 86","Kanata",15,218,143,8,2,386,626
35041,"Kanata--Carleton/Kanata--Carleton"," 87","Kanata",19,165,127,15,0,326,575
35041,"Kanata--Carleton/Kanata--Carleton"," 88","Kanata",13,128,79,5,0,225,423
35041,"Kanata--Carleton/Kanata--Carleton"," 89","Kanata",14,131,84,5,1,235,419
35041,"Kanata--Carleton/Kanata--Carleton"," 90","Kanata",7,104,73,9,0,193,391
35041,"Kanata--Carleton/Kanata--Carleton"," 91A","Kanata",7,74,79,3,0,163,482
35041,"Kanata--Carleton/Kanata--Carleton"," 91B","Kanata",2,61,49,2,0,114,172
35041,"Kanata--Carleton/Kanata--Carleton"," 92","Kanata",37,134,107,5,0,283,489
35041,"Kanata--Carleton/Kanata--Carleton"," 93","Kanata",11,118,116,7,1,253,441
35041,"Kanata--Carleton/Kanata--Carleton"," 94","Kanata",21,100,65,7,2,195,355
35041,"Kanata--Carleton/Kanata--Carleton"," 95","Kanata",8,99,75,2,4,188,324
35041,"Kanata--Carleton/Kanata--Carleton"," 96","Kanata",16,119,106,5,7,253,485
35041,"Kanata--Carleton/Kanata--Carleton"," 97","Kanata",18,109,64,8,2,201,368
35041,"Kanata--Carleton/Kanata--Carleton"," 98","Kanata",10,96,80,9,0,195,352
35041,"Kanata--Carleton/Kanata--Carleton"," 99","Kanata",31,132,55,7,0,225,369
35041,"Kanata--Carleton/Kanata--Carleton"," 100","Kanata",27,144,84,6,0,261,474
35041,"Kanata--Carleton/Kanata--Carleton"," 101","Kanata",29,137,93,6,0,265,455
35041,"Kanata--Carleton/Kanata--Carleton"," 102","Kanata",18,115,76,6,0,215,334
35041,"Kanata--Carleton/Kanata--Carleton"," 103","Kanata",10,110,67,3,0,190,318
35041,"Kanata--Carleton/Kanata--Carleton"," 104","Kanata",20,95,63,10,1,189,329
35041,"Kanata--Carleton/Kanata--Carleton"," 105","Kanata",26,124,76,10,3,239,464
35041,"Kanata--Carleton/Kanata--Carleton"," 106","Kanata",22,117,88,2,0,229,376
35041,"Kanata--Carleton/Kanata--Carleton"," 107","Kanata",26,133,84,3,0,246,433
35041,"Kanata--Carleton/Kanata--Carleton"," 108","Kanata",18,128,83,7,0,236,428
35041,"Kanata--Carleton/Kanata--Carleton"," 109","Kanata",16,97,58,6,0,177,367
35041,"Kanata--Carleton/Kanata--Carleton"," 110","Kanata",14,108,64,7,1,194,300
35041,"Kanata--Carleton/Kanata--Carleton"," 111","Kanata",14,119,92,7,0,232,381
35041,"Kanata--Carleton/Kanata--Carleton"," 112","Kanata",8,102,116,12,3,241,389
35041,"Kanata--Carleton/Kanata--Carleton"," 113","Kanata",34,112,84,9,0,239,421
35041,"Kanata--Carleton/Kanata--Carleton"," 114","Kanata",25,106,79,13,1,224,404
35041,"Kanata--Carleton/Kanata--Carleton"," 115","Kanata",16,102,88,5,0,211,377
35041,"Kanata--Carleton/Kanata--Carleton"," 116","Kanata",20,121,74,10,1,226,406
35041,"Kanata--Carleton/Kanata--Carleton"," 117","Kanata",24,86,92,3,0,205,342
35041,"Kanata--Carleton/Kanata--Carleton"," 118","Kanata",15,88,102,2,1,208,345
35041,"Kanata--Carleton/Kanata--Carleton"," 119","Kanata",22,95,110,8,1,236,394
35041,"Kanata--Carleton/Kanata--Carleton"," 120","Kanata",23,98,115,11,0,247,352
35041,"Kanata--Carleton/Kanata--Carleton"," 121","Kanata",40,147,111,7,0,305,534
35041,"Kanata--Carleton/Kanata--Carleton"," 122","Kanata",21,120,110,10,0,261,420
35041,"Kanata--Carleton/Kanata--Carleton"," 123","Kanata",6,115,67,6,0,194,353
35041,"Kanata--Carleton/Kanata--Carleton"," 124","Kanata",9,93,74,5,0,181,355
35041,"Kanata--Carleton/Kanata--Carleton"," 125","Kanata",20,119,112,17,0,268,463
35041,"Kanata--Carleton/Kanata--Carleton"," 126","Kanata",21,139,56,7,1,224,402
35041,"Kanata--Carleton/Kanata--Carleton"," 127","Kanata",12,117,87,4,0,220,395
35041,"Kanata--Carleton/Kanata--Carleton"," 128","Kanata",10,108,72,7,0,197,384
35041,"Kanata--Carleton/Kanata--Carleton"," 129","Kanata",23,127,87,8,0,245,463
35041,"Kanata--Carleton/Kanata--Carleton"," 130","Kanata",15,134,78,3,0,230,403
35041,"Kanata--Carleton/Kanata--Carleton"," 131","Kanata",17,151,106,7,1,282,478
35041,"Kanata--Carleton/Kanata--Carleton"," 132","Kanata",8,68,85,5,0,166,401
35041,"Kanata--Carleton/Kanata--Carleton"," 133","Kanata",3,76,98,6,0,183,374
35041,"Kanata--Carleton/Kanata--Carleton"," 134","Kanata",27,146,80,15,1,269,464
35041,"Kanata--Carleton/Kanata--Carleton"," 135","Kanata",13,117,78,3,0,211,383
35041,"Kanata--Carleton/Kanata--Carleton"," 136","Kanata",20,101,85,8,4,218,407
35041,"Kanata--Carleton/Kanata--Carleton"," 137","Kanata",19,176,106,7,0,308,556
35041,"Kanata--Carleton/Kanata--Carleton"," 138","Kanata",12,104,69,5,1,191,331
35041,"Kanata--Carleton/Kanata--Carleton"," 139","Kanata",28,184,122,10,1,345,568
35041,"Kanata--Carleton/Kanata--Carleton"," 140","Kanata",25,160,106,9,0,300,523
35041,"Kanata--Carleton/Kanata--Carleton"," 141","Kanata",13,151,108,5,0,277,397
35041,"Kanata--Carleton/Kanata--Carleton"," 142","Kanata",15,167,71,6,0,259,426
35041,"Kanata--Carleton/Kanata--Carleton"," 143","Kanata",26,191,120,10,1,348,600
35041,"Kanata--Carleton/Kanata--Carleton"," 144A","Kanata",26,137,90,3,1,257,470
35041,"Kanata--Carleton/Kanata--Carleton"," 144B","Kanata",20,136,82,7,2,247,444
35041,"Kanata--Carleton/Kanata--Carleton"," 145","Kanata",6,115,99,7,1,228,381
35041,"Kanata--Carleton/Kanata--Carleton"," 146","Kanata",21,164,90,3,0,278,456
35041,"Kanata--Carleton/Kanata--Carleton"," 147","Kanata",20,147,117,10,0,294,532
35041,"Kanata--Carleton/Kanata--Carleton"," 148","Kanata",25,133,90,6,0,254,443
35041,"Kanata--Carleton/Kanata--Carleton"," 149","Kanata",19,144,74,3,0,240,428
35041,"Kanata--Carleton/Kanata--Carleton"," 150","Kanata",15,74,87,10,2,188,337
35041,"Kanata--Carleton/Kanata--Carleton"," 151","Kanata",28,114,90,1,0,233,399
35041,"Kanata--Carleton/Kanata--Carleton"," 152","Kanata",19,131,63,2,0,215,414
35041,"Kanata--Carleton/Kanata--Carleton"," 153","Kanata",17,87,71,4,0,179,336
35041,"Kanata--Carleton/Kanata--Carleton"," 154","Kanata",29,156,105,7,0,297,455
35041,"Kanata--Carleton/Kanata--Carleton"," 155","Kanata",23,150,106,6,3,288,510
35041,"Kanata--Carleton/Kanata--Carleton"," 156","Goulbourn",30,136,102,8,0,276,486
35041,"Kanata--Carleton/Kanata--Carleton"," 157","Kanata",13,140,73,3,0,229,400
35041,"Kanata--Carleton/Kanata--Carleton"," 158","Kanata",23,121,89,5,1,239,439
35041,"Kanata--Carleton/Kanata--Carleton"," 159","Kanata",23,117,90,5,0,235,434
35041,"Kanata--Carleton/Kanata--Carleton"," 160","Kanata",13,165,80,5,0,263,449
35041,"Kanata--Carleton/Kanata--Carleton"," 161","Kanata",32,187,114,9,2,344,574
35041,"Kanata--Carleton/Kanata--Carleton"," 162","Kanata",16,76,58,6,0,156,306
35041,"Kanata--Carleton/Kanata--Carleton"," 163","Kanata",26,129,80,3,0,238,470
35041,"Kanata--Carleton/Kanata--Carleton"," 164","Kanata",22,144,64,6,0,236,438
35041,"Kanata--Carleton/Kanata--Carleton"," 165","Kanata",22,143,65,2,0,232,442
35041,"Kanata--Carleton/Kanata--Carleton"," 166","Kanata",16,110,97,14,2,239,412
35041,"Kanata--Carleton/Kanata--Carleton"," 167","Kanata",29,130,69,7,1,236,426
35041,"Kanata--Carleton/Kanata--Carleton"," 168","Kanata",14,89,71,8,1,183,360
35041,"Kanata--Carleton/Kanata--Carleton"," 169","Kanata",21,110,90,8,0,229,437
35041,"Kanata--Carleton/Kanata--Carleton"," 170","Kanata",36,113,90,7,1,247,456
35041,"Kanata--Carleton/Kanata--Carleton"," 171","Kanata",10,113,102,6,0,231,375
35041,"Kanata--Carleton/Kanata--Carleton"," 172","Kanata",23,130,105,8,2,268,488
35041,"Kanata--Carleton/Kanata--Carleton"," 173","West Carleton",15,139,153,7,0,314,491
35041,"Kanata--Carleton/Kanata--Carleton"," 174","West Carleton",10,134,118,7,0,269,411
35041,"Kanata--Carleton/Kanata--Carleton"," 175","West Carleton",8,92,138,7,2,247,456
35041,"Kanata--Carleton/Kanata--Carleton"," 176","West Carleton",13,95,118,6,0,232,412
35041,"Kanata--Carleton/Kanata--Carleton"," 177","West Carleton",14,73,125,6,0,218,440
35041,"Kanata--Carleton/Kanata--Carleton"," 178","West Carleton",17,136,142,7,0,302,473
35041,"Kanata--Carleton/Kanata--Carleton"," 179","West Carleton",18,80,115,7,1,221,351
35041,"Kanata--Carleton/Kanata--Carleton"," 180","West Carleton",12,84,132,8,0,236,386
35041,"Kanata--Carleton/Kanata--Carleton"," 181","West Carleton",20,69,96,3,1,189,332
35041,"Kanata--Carleton/Kanata--Carleton"," 182","West Carleton",10,92,106,9,0,217,379
35041,"Kanata--Carleton/Kanata--Carleton"," 183","West Carleton",7,72,119,3,0,201,410
35041,"Kanata--Carleton/Kanata--Carleton"," 184","West Carleton",5,93,82,6,0,186,356
35041,"Kanata--Carleton/Kanata--Carleton"," 185","West Carleton",15,100,128,3,0,246,375
35041,"Kanata--Carleton/Kanata--Carleton"," 186","West Carleton",15,92,138,9,0,254,395
35041,"Kanata--Carleton/Kanata--Carleton"," 187","West Carleton",16,105,78,4,2,205,383
35041,"Kanata--Carleton/Kanata--Carleton"," 188","West Carleton",16,77,116,3,0,212,377
35041,"Kanata--Carleton/Kanata--Carleton"," 400","Kanata",4,63,52,2,1,122,183
35041,"Kanata--Carleton/Kanata--Carleton"," 401","Kanata",Void/Supprimé,,,,,,
35041,"Kanata--Carleton/Kanata--Carleton"," 402","Kanata",5,58,73,2,1,139,178
35041,"Kanata--Carleton/Kanata--Carleton"," 403","Goulbourn",2,38,51,1,0,92,135
35041,"Kanata--Carleton/Kanata--Carleton"," 500A","Mobile poll/Bureau itinérant",2,21,35,0,3,61,84
35041,"Kanata--Carleton/Kanata--Carleton"," 500B","Mobile poll/Bureau itinérant",Merged with No./Fusionné avec le n°502A,,,,,,54
35041,"Kanata--Carleton/Kanata--Carleton"," 501A","Mobile poll/Bureau itinérant",1,62,73,4,6,146,80
35041,"Kanata--Carleton/Kanata--Carleton"," 501B","Kanata",Merged with No./Fusionné avec le n°67,,,,,,157
35041,"Kanata--Carleton/Kanata--Carleton"," 501C","Mobile poll/Bureau itinérant",Merged with No./Fusionné avec le n°501A,,,,,,151
35041,"Kanata--Carleton/Kanata--Carleton"," 501D","Mobile poll/Bureau itinérant",Merged with No./Fusionné avec le n°501A,,,,,,118
35041,"Kanata--Carleton/Kanata--Carleton"," 502A","Mobile poll/Bureau itinérant",17,50,74,2,0,143,139
35041,"Kanata--Carleton/Kanata--Carleton"," 502B","Mobile poll/Bureau itinérant",15,39,22,3,3,82,135
35041,"Kanata--Carleton/Kanata--Carleton"," 600","West Carleton",47,472,552,25,0,1096,
35041,"Kanata--Carleton/Kanata--Carleton"," 601","West Carleton",43,370,574,34,2,1023,
35041,"Kanata--Carleton/Kanata--Carleton"," 602","West Carleton",52,558,625,33,3,1271,
35041,"Kanata--Carleton/Kanata--Carleton"," 603","Kanata",74,898,411,21,2,1406,
35041,"Kanata--Carleton/Kanata--Carleton"," 604","Kanata",78,722,431,34,4,1269,
35041,"Kanata--Carleton/Kanata--Carleton"," 605","Kanata",61,644,398,29,2,1134,
35041,"Kanata--Carleton/Kanata--Carleton"," 606","Kanata",67,842,564,35,3,1511,
35041,"Kanata--Carleton/Kanata--Carleton"," 607","Kanata",114,650,414,39,1,1218,
35041,"Kanata--Carleton/Kanata--Carleton"," 608","Kanata",92,556,494,27,2,1171,
35041,"Kanata--Carleton/Kanata--Carleton"," 609","Kanata",64,712,513,26,4,1319,
35041,"Kanata--Carleton/Kanata--Carleton"," 610","Kanata",92,798,588,35,2,1515,
35041,"Kanata--Carleton/Kanata--Carleton"," 611","Kanata",76,747,393,31,7,1254,
35041,"Kanata--Carleton/Kanata--Carleton",,"Group 1/Groupe 1",38,174,195,12,17,436,131
35041,"Kanata--Carleton/Kanata--Carleton",,"Group 2/Groupe 2",223,1508,798,58,22,2609,
