﻿Electoral District Number/Numéro de circonscription,Electoral District Name/Nom de circonscription,Polling Station Number/Numéro du bureau de scrutin,Polling Station Name/Nom du bureau de scrutin,Cameron Alexis,Chris Brown,Sabrina Lee Levac,Jeremy Sergeew,Arnold Viersen,Rejected Ballots/Bulletins rejetés,Total Votes/Total des votes,Electors/Électeurs
48028,"Peace River--Westlock/Peace River--Westlock"," 1A","Child Lake 164A",51,21,0,0,6,1,79,91
48028,"Peace River--Westlock/Peace River--Westlock"," 1B","Child Lake 164A",13,16,2,0,148,1,180,320
48028,"Peace River--Westlock/Peace River--Westlock"," 2","Rocky Lane",23,20,7,1,82,0,133,282
48028,"Peace River--Westlock/Peace River--Westlock"," 3","Jean d'Or Prairie 215",154,26,1,4,9,1,195,385
48028,"Peace River--Westlock/Peace River--Westlock"," 4","Garden Creek",160,13,5,0,6,0,184,239
48028,"Peace River--Westlock/Peace River--Westlock"," 5","Boyer 164",34,26,2,0,1,0,63,120
48028,"Peace River--Westlock/Peace River--Westlock"," 6","La Crête","Results combined with No./Résultats combinés au n°7",,,,,,,230
48028,"Peace River--Westlock/Peace River--Westlock"," 7","La Crête",2,0,1,0,210,1,214,288
48028,"Peace River--Westlock/Peace River--Westlock"," 8","La Crête",0,2,0,0,225,0,227,410
48028,"Peace River--Westlock/Peace River--Westlock"," 9","La Crête",4,0,1,0,273,1,279,491
48028,"Peace River--Westlock/Peace River--Westlock"," 10","La Crête",3,8,3,0,277,0,291,549
48028,"Peace River--Westlock/Peace River--Westlock"," 11","La Crête",2,0,1,0,129,1,133,262
48028,"Peace River--Westlock/Peace River--Westlock"," 12A","La Crête",16,26,1,0,553,1,597,1154
48028,"Peace River--Westlock/Peace River--Westlock"," 12B","Mobile poll/Bureau itinérant",1,6,1,1,10,1,20,20
48028,"Peace River--Westlock/Peace River--Westlock"," 12C","Mobile poll/Bureau itinérant",Merged with No./Fusionné avec le n°12B,,,,,,,21
48028,"Peace River--Westlock/Peace River--Westlock"," 13","La Crête",0,0,1,0,215,0,216,518
48028,"Peace River--Westlock/Peace River--Westlock"," 14A","Fort Vermilion",48,39,4,2,47,0,140,321
48028,"Peace River--Westlock/Peace River--Westlock"," 14B","Mobile poll/Bureau itinérant",Merged with No./Fusionné avec le n°12B,,,,,,,2
48028,"Peace River--Westlock/Peace River--Westlock"," 15","Tall Cree 173A",60,17,4,1,48,0,130,495
48028,"Peace River--Westlock/Peace River--Westlock"," 16","Tall Cree 173",41,9,0,0,0,0,50,109
48028,"Peace River--Westlock/Peace River--Westlock"," 17","Tall Cree 173A",63,10,1,0,0,2,76,138
48028,"Peace River--Westlock/Peace River--Westlock"," 18","Paddle Prairie",Merged with No./Fusionné avec le n°14A,,,,,,,4
48028,"Peace River--Westlock/Peace River--Westlock"," 19","Buffalo Head Prairie",2,1,0,0,178,0,181,810
48028,"Peace River--Westlock/Peace River--Westlock"," 20","Deadwood",19,10,3,0,54,0,86,156
48028,"Peace River--Westlock/Peace River--Westlock"," 21","Cadotte Lake",135,47,1,0,2,1,186,396
48028,"Peace River--Westlock/Peace River--Westlock"," 22","Fox Lake",307,36,2,3,12,1,361,708
48028,"Peace River--Westlock/Peace River--Westlock"," 23","Peace River",30,46,3,3,122,0,204,374
48028,"Peace River--Westlock/Peace River--Westlock"," 24","Peace River",28,43,6,2,78,0,157,372
48028,"Peace River--Westlock/Peace River--Westlock"," 25","Peace River",46,48,6,1,130,1,232,419
48028,"Peace River--Westlock/Peace River--Westlock"," 26","Peace River",44,45,5,5,94,1,194,387
48028,"Peace River--Westlock/Peace River--Westlock"," 27","Peace River",16,21,0,0,80,0,117,262
48028,"Peace River--Westlock/Peace River--Westlock"," 28","Grimshaw",20,17,3,3,127,1,171,349
48028,"Peace River--Westlock/Peace River--Westlock"," 29","Grimshaw",13,31,6,0,86,3,139,369
48028,"Peace River--Westlock/Peace River--Westlock"," 30","Roma",48,33,7,1,205,2,296,553
48028,"Peace River--Westlock/Peace River--Westlock"," 31A","Grimshaw",34,43,8,0,194,1,280,554
48028,"Peace River--Westlock/Peace River--Westlock"," 31B","Mobile poll/Bureau itinérant",Merged with No./Fusionné avec le n°502B,,,,,,,34
48028,"Peace River--Westlock/Peace River--Westlock"," 32","Grimshaw",19,24,1,1,127,1,173,346
48028,"Peace River--Westlock/Peace River--Westlock"," 33","Grimshaw",22,24,4,2,97,0,149,332
48028,"Peace River--Westlock/Peace River--Westlock"," 34","Brownvale",47,19,6,1,111,0,184,368
48028,"Peace River--Westlock/Peace River--Westlock"," 35","Whitelaw",20,8,11,4,115,1,159,303
48028,"Peace River--Westlock/Peace River--Westlock"," 36","Highland Park",28,24,12,2,165,0,231,385
48028,"Peace River--Westlock/Peace River--Westlock"," 37","Bluesky",17,24,9,2,126,0,178,295
48028,"Peace River--Westlock/Peace River--Westlock"," 38","Fairview",15,15,5,1,137,0,173,308
48028,"Peace River--Westlock/Peace River--Westlock"," 39","Friedenstal",20,25,3,2,182,3,235,422
48028,"Peace River--Westlock/Peace River--Westlock"," 40","Fairview",28,27,11,3,120,1,190,405
48028,"Peace River--Westlock/Peace River--Westlock"," 41","Fairview",18,18,5,1,125,0,167,350
48028,"Peace River--Westlock/Peace River--Westlock"," 42","Fairview",6,16,3,0,80,0,105,263
48028,"Peace River--Westlock/Peace River--Westlock"," 43","Fairview",31,34,13,4,154,1,237,460
48028,"Peace River--Westlock/Peace River--Westlock"," 44","Friedenstal",23,15,3,1,147,0,189,340
48028,"Peace River--Westlock/Peace River--Westlock"," 45","Belloy",23,17,10,2,109,0,161,289
48028,"Peace River--Westlock/Peace River--Westlock"," 46","Peoria",4,12,7,1,121,0,145,277
48028,"Peace River--Westlock/Peace River--Westlock"," 47","Eaglesham",27,16,6,1,232,2,284,557
48028,"Peace River--Westlock/Peace River--Westlock"," 48","Berwyn",30,20,11,2,110,3,176,321
48028,"Peace River--Westlock/Peace River--Westlock"," 49","Berwyn",32,19,4,0,126,0,181,289
48028,"Peace River--Westlock/Peace River--Westlock"," 50","Marie-Reine",22,29,8,1,144,0,204,372
48028,"Peace River--Westlock/Peace River--Westlock"," 51","Nampa",14,25,1,2,120,1,163,274
48028,"Peace River--Westlock/Peace River--Westlock"," 52","Nampa",15,14,3,2,107,1,142,252
48028,"Peace River--Westlock/Peace River--Westlock"," 53","St. Isidore",40,67,8,3,95,0,213,327
48028,"Peace River--Westlock/Peace River--Westlock"," 54","Harmon Valley",19,21,7,1,109,0,157,249
48028,"Peace River--Westlock/Peace River--Westlock"," 55","Donnelly",33,51,9,4,116,0,213,402
48028,"Peace River--Westlock/Peace River--Westlock"," 56","McLennan",28,28,6,2,119,0,183,260
48028,"Peace River--Westlock/Peace River--Westlock"," 57","McLennan",56,38,5,0,109,0,208,364
48028,"Peace River--Westlock/Peace River--Westlock"," 58A","McLennan",21,26,4,1,36,0,88,173
48028,"Peace River--Westlock/Peace River--Westlock"," 58B","Mobile poll/Bureau itinérant",Merged with No./Fusionné avec le n°501,,,,,,,31
48028,"Peace River--Westlock/Peace River--Westlock"," 59","Prairie Echo ",14,12,4,3,95,1,129,240
48028,"Peace River--Westlock/Peace River--Westlock"," 60","Peavine",129,51,2,0,19,0,201,441
48028,"Peace River--Westlock/Peace River--Westlock"," 61","Gift Lake ",105,26,1,1,21,0,154,370
48028,"Peace River--Westlock/Peace River--Westlock"," 62","Atikameg",153,45,2,1,17,4,222,545
48028,"Peace River--Westlock/Peace River--Westlock"," 63","Loon Lake",42,28,1,0,19,0,90,206
48028,"Peace River--Westlock/Peace River--Westlock"," 64","Little Buffalo",69,13,1,0,5,0,88,180
48028,"Peace River--Westlock/Peace River--Westlock"," 65","Red Earth Creek ",6,23,1,0,127,0,157,330
48028,"Peace River--Westlock/Peace River--Westlock"," 66","Peerless Lake ",101,20,1,0,26,0,148,311
48028,"Peace River--Westlock/Peace River--Westlock"," 67","Grouard ",106,48,8,4,44,0,210,358
48028,"Peace River--Westlock/Peace River--Westlock"," 68","Enilda",16,21,6,1,120,1,165,386
48028,"Peace River--Westlock/Peace River--Westlock"," 69","High Prairie",47,50,8,2,155,0,262,569
48028,"Peace River--Westlock/Peace River--Westlock"," 70","High Prairie",35,49,5,2,120,0,211,427
48028,"Peace River--Westlock/Peace River--Westlock"," 71","High Prairie",25,34,2,1,66,0,128,394
48028,"Peace River--Westlock/Peace River--Westlock"," 72","High Prairie",24,41,7,2,185,0,259,507
48028,"Peace River--Westlock/Peace River--Westlock"," 73","High Prairie",39,33,4,1,81,0,158,379
48028,"Peace River--Westlock/Peace River--Westlock"," 74","Triangle",21,23,2,0,163,0,209,397
48028,"Peace River--Westlock/Peace River--Westlock"," 75","Guy",14,28,1,2,123,0,168,263
48028,"Peace River--Westlock/Peace River--Westlock"," 76","Culp",32,49,16,1,158,0,256,481
48028,"Peace River--Westlock/Peace River--Westlock"," 77","Falher",23,26,6,0,104,2,161,321
48028,"Peace River--Westlock/Peace River--Westlock"," 78","Falher",26,21,5,4,100,0,156,300
48028,"Peace River--Westlock/Peace River--Westlock"," 79","Falher",25,30,7,3,109,1,175,289
48028,"Peace River--Westlock/Peace River--Westlock"," 80","Whitemud Creek",9,12,6,1,129,0,157,395
48028,"Peace River--Westlock/Peace River--Westlock"," 81","Sweethouse Creek",11,11,7,0,164,1,194,322
48028,"Peace River--Westlock/Peace River--Westlock"," 82","Valleyview",6,7,3,1,175,0,192,310
48028,"Peace River--Westlock/Peace River--Westlock"," 83A","Valleyview",45,41,9,1,248,2,346,606
48028,"Peace River--Westlock/Peace River--Westlock"," 83B","Mobile poll/Bureau itinérant",8,7,0,0,32,1,48,49
48028,"Peace River--Westlock/Peace River--Westlock"," 84","Valleyview",20,21,4,0,79,1,125,277
48028,"Peace River--Westlock/Peace River--Westlock"," 85A","Valleyview",43,43,5,4,175,2,272,647
48028,"Peace River--Westlock/Peace River--Westlock"," 85B","Mobile poll/Bureau itinérant",Merged with No./Fusionné avec le n°83B,,,,,,,4
48028,"Peace River--Westlock/Peace River--Westlock"," 86","Sweethouse Creek",18,14,6,0,181,0,219,395
48028,"Peace River--Westlock/Peace River--Westlock"," 87","Sturgeon Lake 154",0,4,0,0,7,0,11,25
48028,"Peace River--Westlock/Peace River--Westlock"," 88","Sunset House",8,12,6,0,109,0,135,310
48028,"Peace River--Westlock/Peace River--Westlock"," 89","Big Lakes",12,1,1,0,44,0,58,77
48028,"Peace River--Westlock/Peace River--Westlock"," 90","East Prairie Metis Settlement",61,24,3,1,5,0,94,198
48028,"Peace River--Westlock/Peace River--Westlock"," 91","Joussard",32,31,7,0,42,0,112,326
48028,"Peace River--Westlock/Peace River--Westlock"," 92","Sucker Creek 150A",203,53,4,2,21,0,283,413
48028,"Peace River--Westlock/Peace River--Westlock"," 93","Drift Pile River 150 ",162,81,3,3,13,7,269,454
48028,"Peace River--Westlock/Peace River--Westlock"," 94","Faust",57,50,2,0,58,3,170,277
48028,"Peace River--Westlock/Peace River--Westlock"," 95","Swan River 150E",23,6,1,0,39,0,69,146
48028,"Peace River--Westlock/Peace River--Westlock"," 96","Swan River 150E",27,4,0,0,24,1,56,77
48028,"Peace River--Westlock/Peace River--Westlock"," 97","Kinuso",87,27,3,2,60,0,179,274
48028,"Peace River--Westlock/Peace River--Westlock"," 98","Big Lakes",14,12,3,2,123,0,154,226
48028,"Peace River--Westlock/Peace River--Westlock"," 99","Widewater",34,56,16,4,331,1,442,710
48028,"Peace River--Westlock/Peace River--Westlock"," 100","Slave Lake",28,40,7,5,110,2,192,545
48028,"Peace River--Westlock/Peace River--Westlock"," 101","Slave Lake",29,49,12,2,129,2,223,522
48028,"Peace River--Westlock/Peace River--Westlock"," 102","Slave Lake",29,28,4,3,107,0,171,443
48028,"Peace River--Westlock/Peace River--Westlock"," 103","Slave Lake",28,37,2,0,114,2,183,422
48028,"Peace River--Westlock/Peace River--Westlock"," 104","Slave Lake",21,32,2,6,105,0,166,452
48028,"Peace River--Westlock/Peace River--Westlock"," 105","Slave Lake",23,34,4,3,191,0,255,620
48028,"Peace River--Westlock/Peace River--Westlock"," 106","Slave Lake",22,42,8,4,165,0,241,468
48028,"Peace River--Westlock/Peace River--Westlock"," 107","Slave Lake",21,33,3,6,137,0,200,413
48028,"Peace River--Westlock/Peace River--Westlock"," 108","Slave Lake",20,28,5,0,175,2,230,544
48028,"Peace River--Westlock/Peace River--Westlock"," 109","Slave Lake",16,42,6,1,144,0,209,447
48028,"Peace River--Westlock/Peace River--Westlock"," 110","Slave Lake",50,40,9,1,142,1,243,464
48028,"Peace River--Westlock/Peace River--Westlock"," 111","Smith",34,24,6,5,254,2,325,414
48028,"Peace River--Westlock/Peace River--Westlock"," 112","Grosmont",11,8,0,2,62,0,83,231
48028,"Peace River--Westlock/Peace River--Westlock"," 113","Flatbush",11,18,1,1,100,0,131,252
48028,"Peace River--Westlock/Peace River--Westlock"," 114","Fawcett",7,17,10,3,120,2,159,313
48028,"Peace River--Westlock/Peace River--Westlock"," 115","Jarvie",14,15,6,3,225,0,263,448
48028,"Peace River--Westlock/Peace River--Westlock"," 116","Freeman River",28,11,7,1,213,0,260,424
48028,"Peace River--Westlock/Peace River--Westlock"," 117","Lone Pine",28,11,9,4,167,0,219,395
48028,"Peace River--Westlock/Peace River--Westlock"," 118","Tiger Lily",6,5,2,3,119,0,135,305
48028,"Peace River--Westlock/Peace River--Westlock"," 119","Campsie",9,19,7,2,171,0,208,374
48028,"Peace River--Westlock/Peace River--Westlock"," 120","Swan Hills",11,22,3,3,179,0,218,410
48028,"Peace River--Westlock/Peace River--Westlock"," 121","Swan Hills",8,29,3,4,110,0,154,292
48028,"Peace River--Westlock/Peace River--Westlock"," 122","Swan Hills",12,21,5,0,149,1,188,371
48028,"Peace River--Westlock/Peace River--Westlock"," 123","Little Smoky",10,9,11,2,230,0,262,440
48028,"Peace River--Westlock/Peace River--Westlock"," 124","Fox Creek",10,30,5,4,126,0,175,330
48028,"Peace River--Westlock/Peace River--Westlock"," 125","Fox Creek",18,34,3,2,206,0,263,531
48028,"Peace River--Westlock/Peace River--Westlock"," 126","Fox Creek",3,16,4,0,83,0,106,268
48028,"Peace River--Westlock/Peace River--Westlock"," 127","Fox Creek",16,48,4,1,181,0,250,454
48028,"Peace River--Westlock/Peace River--Westlock"," 128","Windfall",13,26,10,3,184,1,237,448
48028,"Peace River--Westlock/Peace River--Westlock"," 129","Windfall",10,31,10,4,282,1,338,605
48028,"Peace River--Westlock/Peace River--Westlock"," 130","Whitecourt",14,25,3,3,128,0,173,455
48028,"Peace River--Westlock/Peace River--Westlock"," 131","Whitecourt",8,31,4,3,146,0,192,387
48028,"Peace River--Westlock/Peace River--Westlock"," 132","Whitecourt",12,25,5,2,189,0,233,467
48028,"Peace River--Westlock/Peace River--Westlock"," 133","Whitecourt",5,31,6,3,181,0,226,421
48028,"Peace River--Westlock/Peace River--Westlock"," 134","Whitecourt",9,24,4,0,141,0,178,409
48028,"Peace River--Westlock/Peace River--Westlock"," 135","Whitecourt",11,14,2,3,179,1,210,436
48028,"Peace River--Westlock/Peace River--Westlock"," 136","Whitecourt",13,29,4,3,125,0,174,399
48028,"Peace River--Westlock/Peace River--Westlock"," 137","Whitecourt",6,22,5,3,99,1,136,386
48028,"Peace River--Westlock/Peace River--Westlock"," 138","Whitecourt",5,22,3,0,82,0,112,385
48028,"Peace River--Westlock/Peace River--Westlock"," 139","Whitecourt",23,36,12,2,131,0,204,493
48028,"Peace River--Westlock/Peace River--Westlock"," 140","Whitecourt",10,30,0,2,143,0,185,405
48028,"Peace River--Westlock/Peace River--Westlock"," 141","Whitecourt",13,29,4,2,138,0,186,414
48028,"Peace River--Westlock/Peace River--Westlock"," 142","Whitecourt",18,35,8,3,132,0,196,416
48028,"Peace River--Westlock/Peace River--Westlock"," 143","Whitecourt",12,37,2,2,205,1,259,515
48028,"Peace River--Westlock/Peace River--Westlock"," 144","Whitecourt",8,28,5,2,225,0,268,493
48028,"Peace River--Westlock/Peace River--Westlock"," 145","Whitecourt",6,26,3,2,191,0,228,478
48028,"Peace River--Westlock/Peace River--Westlock"," 146","Whitecourt",15,20,2,7,196,0,240,539
48028,"Peace River--Westlock/Peace River--Westlock"," 147","Whitecourt",12,13,5,5,199,2,236,498
48028,"Peace River--Westlock/Peace River--Westlock"," 148","Whitecourt",13,14,6,4,239,0,276,597
48028,"Peace River--Westlock/Peace River--Westlock"," 149","Blue Ridge",7,12,4,3,175,0,201,331
48028,"Peace River--Westlock/Peace River--Westlock"," 150","Anselmo",17,11,3,1,166,0,198,261
48028,"Peace River--Westlock/Peace River--Westlock"," 151","Vega",2,2,1,0,171,0,176,227
48028,"Peace River--Westlock/Peace River--Westlock"," 152","Neerlandia",8,2,1,3,301,1,316,410
48028,"Peace River--Westlock/Peace River--Westlock"," 153","Bloomsbury",19,13,10,4,228,1,275,451
48028,"Peace River--Westlock/Peace River--Westlock"," 154","Barrhead",19,18,2,1,208,0,248,421
48028,"Peace River--Westlock/Peace River--Westlock"," 155","Barrhead",12,10,6,1,174,1,204,327
48028,"Peace River--Westlock/Peace River--Westlock"," 156","Barrhead",8,21,1,2,147,0,179,386
48028,"Peace River--Westlock/Peace River--Westlock"," 157","Barrhead",18,25,6,6,201,0,256,416
48028,"Peace River--Westlock/Peace River--Westlock"," 158","Barrhead",15,18,3,2,159,0,197,434
48028,"Peace River--Westlock/Peace River--Westlock"," 159","Barrhead",24,22,3,3,122,0,174,371
48028,"Peace River--Westlock/Peace River--Westlock"," 160","Barrhead",17,17,2,0,109,0,145,332
48028,"Peace River--Westlock/Peace River--Westlock"," 161","Barrhead",16,31,7,3,209,1,267,424
48028,"Peace River--Westlock/Peace River--Westlock"," 162","Barrhead",27,32,5,1,197,0,262,474
48028,"Peace River--Westlock/Peace River--Westlock"," 163","Barrhead",21,27,6,1,179,0,234,391
48028,"Peace River--Westlock/Peace River--Westlock"," 164","Manola",17,18,7,4,177,0,223,378
48028,"Peace River--Westlock/Peace River--Westlock"," 165","Manola",20,28,9,3,150,1,211,371
48028,"Peace River--Westlock/Peace River--Westlock"," 166","Barrhead",5,16,7,2,91,0,121,261
48028,"Peace River--Westlock/Peace River--Westlock"," 167","Pembina Heights",15,9,4,1,152,0,181,314
48028,"Peace River--Westlock/Peace River--Westlock"," 168","Pembina Heights",6,8,2,2,137,0,155,285
48028,"Peace River--Westlock/Peace River--Westlock"," 169","Pibroch",14,14,4,0,115,1,148,339
48028,"Peace River--Westlock/Peace River--Westlock"," 170","Gladwin",19,29,11,1,192,0,252,457
48028,"Peace River--Westlock/Peace River--Westlock"," 171","Westlock",9,21,2,1,197,2,232,431
48028,"Peace River--Westlock/Peace River--Westlock"," 172","Westlock",10,21,6,0,86,0,123,380
48028,"Peace River--Westlock/Peace River--Westlock"," 173","Westlock",24,28,4,3,168,0,227,509
48028,"Peace River--Westlock/Peace River--Westlock"," 174","Westlock",13,32,8,1,144,2,200,390
48028,"Peace River--Westlock/Peace River--Westlock"," 175","Westlock",17,25,1,0,174,1,218,408
48028,"Peace River--Westlock/Peace River--Westlock"," 176","Westlock",30,25,8,0,169,0,232,454
48028,"Peace River--Westlock/Peace River--Westlock"," 177","Westlock",28,39,9,1,114,1,192,425
48028,"Peace River--Westlock/Peace River--Westlock"," 178","Westlock",23,29,12,0,130,0,194,469
48028,"Peace River--Westlock/Peace River--Westlock"," 179","Westlock",11,22,1,0,110,0,144,338
48028,"Peace River--Westlock/Peace River--Westlock"," 180","Westlock",19,30,2,0,131,0,182,396
48028,"Peace River--Westlock/Peace River--Westlock"," 181","Westlock",10,25,5,2,185,0,227,434
48028,"Peace River--Westlock/Peace River--Westlock"," 182","Clyde-Tawatinaw",15,17,4,2,130,0,168,310
48028,"Peace River--Westlock/Peace River--Westlock"," 183","Clyde",11,22,4,1,112,0,150,251
48028,"Peace River--Westlock/Peace River--Westlock"," 184","Clyde",15,32,10,3,153,0,213,416
48028,"Peace River--Westlock/Peace River--Westlock"," 185","Waugh",25,32,5,1,143,0,206,361
48028,"Peace River--Westlock/Peace River--Westlock"," 186","Pickardville",33,52,10,3,233,0,331,564
48028,"Peace River--Westlock/Peace River--Westlock"," 187","Pickardville",16,22,5,0,132,0,175,421
48028,"Peace River--Westlock/Peace River--Westlock"," 188","Busby",15,27,7,1,198,0,248,466
48028,"Peace River--Westlock/Peace River--Westlock"," 189","Lawton",18,21,5,0,233,1,278,497
48028,"Peace River--Westlock/Peace River--Westlock"," 190","Belvédère",12,8,6,1,169,0,196,296
48028,"Peace River--Westlock/Peace River--Westlock"," 191","Peace River",46,32,9,5,181,0,273,554
48028,"Peace River--Westlock/Peace River--Westlock"," 192","Peace River",32,40,4,2,167,0,245,541
48028,"Peace River--Westlock/Peace River--Westlock"," 193","Peace River",32,33,5,0,90,1,161,373
48028,"Peace River--Westlock/Peace River--Westlock"," 194","Peace River",29,25,6,0,160,0,220,396
48028,"Peace River--Westlock/Peace River--Westlock"," 195","Peace River",31,44,7,2,62,0,146,418
48028,"Peace River--Westlock/Peace River--Westlock"," 196","Peace River",41,38,14,1,107,0,201,484
48028,"Peace River--Westlock/Peace River--Westlock"," 197","Peace River",56,45,6,3,126,0,236,468
48028,"Peace River--Westlock/Peace River--Westlock"," 500A","Mobile poll/Bureau itinérant",19,10,2,0,42,1,74,124
48028,"Peace River--Westlock/Peace River--Westlock"," 500B","Mobile poll/Bureau itinérant",Merged with No./Fusionné avec le n°502B,,,,,,,4
48028,"Peace River--Westlock/Peace River--Westlock"," 501","Mobile poll/Bureau itinérant",11,23,1,3,40,0,78,83
48028,"Peace River--Westlock/Peace River--Westlock"," 502A","Mobile poll/Bureau itinérant",17,7,5,2,33,0,64,96
48028,"Peace River--Westlock/Peace River--Westlock"," 502B","Mobile poll/Bureau itinérant",6,9,1,1,45,0,62,39
48028,"Peace River--Westlock/Peace River--Westlock"," 503","Mobile poll/Bureau itinérant",22,12,3,0,37,0,74,97
48028,"Peace River--Westlock/Peace River--Westlock"," 504","Mobile poll/Bureau itinérant",6,5,3,1,32,0,47,100
48028,"Peace River--Westlock/Peace River--Westlock"," 505","Mobile poll/Bureau itinérant",32,29,7,3,128,4,203,280
48028,"Peace River--Westlock/Peace River--Westlock"," 506","Mobile poll/Bureau itinérant",14,17,2,1,107,2,143,195
48028,"Peace River--Westlock/Peace River--Westlock"," 507","Mobile poll/Bureau itinérant",16,10,2,2,37,0,67,120
48028,"Peace River--Westlock/Peace River--Westlock"," 508","Mobile poll/Bureau itinérant",1,4,1,2,27,0,35,58
48028,"Peace River--Westlock/Peace River--Westlock"," 600","MacKenzie No. 23--High Level",25,9,0,2,46,0,82,
48028,"Peace River--Westlock/Peace River--Westlock"," 601","MacKenzie No. 23--Fort Vermilion",52,39,1,1,329,0,422,
48028,"Peace River--Westlock/Peace River--Westlock"," 602","Peace River",155,130,14,5,451,1,756,
48028,"Peace River--Westlock/Peace River--Westlock"," 603","Loon Lake",3,7,0,0,11,0,21,
48028,"Peace River--Westlock/Peace River--Westlock"," 604","Birch Hills County",88,53,9,4,398,0,552,
48028,"Peace River--Westlock/Peace River--Westlock"," 605","Grimshaw",71,49,12,4,288,0,424,
48028,"Peace River--Westlock/Peace River--Westlock"," 606","Falher",41,48,16,0,265,1,371,
48028,"Peace River--Westlock/Peace River--Westlock"," 607","Valleyview",30,47,9,2,405,1,494,
48028,"Peace River--Westlock/Peace River--Westlock"," 608","High Prairie",137,104,21,6,398,0,666,
48028,"Peace River--Westlock/Peace River--Westlock"," 609","Slave Lake",125,143,20,6,760,1,1055,
48028,"Peace River--Westlock/Peace River--Westlock"," 610","Lesser Slave River",4,15,4,0,75,0,98,
48028,"Peace River--Westlock/Peace River--Westlock"," 611","Fox Creek",11,21,5,2,112,0,151,
48028,"Peace River--Westlock/Peace River--Westlock"," 612","Swan Hills",9,15,4,2,95,0,125,
48028,"Peace River--Westlock/Peace River--Westlock"," 613","Whitecourt",21,53,23,9,605,2,713,
48028,"Peace River--Westlock/Peace River--Westlock"," 614","Whitecourt",61,106,25,23,804,0,1019,
48028,"Peace River--Westlock/Peace River--Westlock"," 615","Barrhead",27,20,11,1,289,0,348,
48028,"Peace River--Westlock/Peace River--Westlock"," 616","Barrhead",93,75,17,8,567,1,761,
48028,"Peace River--Westlock/Peace River--Westlock"," 617","Westlock County",110,112,35,7,881,1,1146,
48028,"Peace River--Westlock/Peace River--Westlock",,"Group 1/Groupe 1",39,85,3,4,22,8,161,152
48028,"Peace River--Westlock/Peace River--Westlock",,"Group 2/Groupe 2",168,139,32,14,644,49,1046,
