﻿Electoral District Number/Numéro de circonscription,Electoral District Name/Nom de circonscription,Polling Station Number/Numéro du bureau de scrutin,Polling Station Name/Nom du bureau de scrutin,Xavier Barsalou-Duval,Raphaël Fortin,Lucie Gagnon,JiCi Lauzon,Clovis Maheux,Rejected Ballots/Bulletins rejetés,Total Votes/Total des votes,Electors/Électeurs
24014,"Pierre-Boucher--Les Patriotes--Verchères/Pierre-Boucher--Les Patriotes--Verchères"," 1","Contrecoeur",115,41,41,32,27,5,261,440
24014,"Pierre-Boucher--Les Patriotes--Verchères/Pierre-Boucher--Les Patriotes--Verchères"," 2","Contrecoeur",107,43,54,19,19,2,244,412
24014,"Pierre-Boucher--Les Patriotes--Verchères/Pierre-Boucher--Les Patriotes--Verchères"," 3","Contrecoeur",79,36,54,17,12,3,201,421
24014,"Pierre-Boucher--Les Patriotes--Verchères/Pierre-Boucher--Les Patriotes--Verchères"," 4","Contrecoeur",71,56,53,17,27,0,224,413
24014,"Pierre-Boucher--Les Patriotes--Verchères/Pierre-Boucher--Les Patriotes--Verchères"," 5","Contrecoeur",88,70,61,22,15,5,261,519
24014,"Pierre-Boucher--Les Patriotes--Verchères/Pierre-Boucher--Les Patriotes--Verchères"," 6","Contrecoeur",69,38,52,15,16,3,193,380
24014,"Pierre-Boucher--Les Patriotes--Verchères/Pierre-Boucher--Les Patriotes--Verchères"," 7","Contrecoeur",118,61,61,34,25,1,300,564
24014,"Pierre-Boucher--Les Patriotes--Verchères/Pierre-Boucher--Les Patriotes--Verchères"," 8A","Contrecoeur",62,23,52,12,17,2,168,339
24014,"Pierre-Boucher--Les Patriotes--Verchères/Pierre-Boucher--Les Patriotes--Verchères"," 8B","Contrecoeur",45,24,44,24,14,2,153,314
24014,"Pierre-Boucher--Les Patriotes--Verchères/Pierre-Boucher--Les Patriotes--Verchères"," 9","Contrecoeur",76,14,43,16,14,2,165,401
24014,"Pierre-Boucher--Les Patriotes--Verchères/Pierre-Boucher--Les Patriotes--Verchères"," 10","Contrecoeur",53,18,29,16,6,0,122,345
24014,"Pierre-Boucher--Les Patriotes--Verchères/Pierre-Boucher--Les Patriotes--Verchères"," 11","Contrecoeur",69,44,41,16,11,4,185,411
24014,"Pierre-Boucher--Les Patriotes--Verchères/Pierre-Boucher--Les Patriotes--Verchères"," 12","Contrecoeur",87,30,41,21,10,5,194,394
24014,"Pierre-Boucher--Les Patriotes--Verchères/Pierre-Boucher--Les Patriotes--Verchères"," 13","Contrecoeur",58,27,44,11,12,4,156,377
24014,"Pierre-Boucher--Les Patriotes--Verchères/Pierre-Boucher--Les Patriotes--Verchères"," 14","Contrecoeur",66,36,35,19,13,5,174,414
24014,"Pierre-Boucher--Les Patriotes--Verchères/Pierre-Boucher--Les Patriotes--Verchères"," 15","Saint-Antoine-sur-Richelieu",83,23,37,16,21,2,182,289
24014,"Pierre-Boucher--Les Patriotes--Verchères/Pierre-Boucher--Les Patriotes--Verchères"," 16","Saint-Antoine-sur-Richelieu",84,44,59,36,16,2,241,343
24014,"Pierre-Boucher--Les Patriotes--Verchères/Pierre-Boucher--Les Patriotes--Verchères"," 17","Saint-Antoine-sur-Richelieu",75,49,57,29,17,4,231,369
24014,"Pierre-Boucher--Les Patriotes--Verchères/Pierre-Boucher--Les Patriotes--Verchères"," 18","Saint-Antoine-sur-Richelieu",59,63,49,29,16,4,220,366
24014,"Pierre-Boucher--Les Patriotes--Verchères/Pierre-Boucher--Les Patriotes--Verchères"," 19","Saint-Denis-sur-Richelieu",100,42,51,23,28,4,248,418
24014,"Pierre-Boucher--Les Patriotes--Verchères/Pierre-Boucher--Les Patriotes--Verchères"," 20","Saint-Denis-sur-Richelieu",118,64,54,21,15,6,278,409
24014,"Pierre-Boucher--Les Patriotes--Verchères/Pierre-Boucher--Les Patriotes--Verchères"," 21","Saint-Denis-sur-Richelieu",107,52,52,22,13,4,250,366
24014,"Pierre-Boucher--Les Patriotes--Verchères/Pierre-Boucher--Les Patriotes--Verchères"," 22","Saint-Denis-sur-Richelieu",97,45,51,14,16,1,224,354
24014,"Pierre-Boucher--Les Patriotes--Verchères/Pierre-Boucher--Les Patriotes--Verchères"," 23","Saint-Denis-sur-Richelieu",38,46,34,18,25,3,164,291
24014,"Pierre-Boucher--Les Patriotes--Verchères/Pierre-Boucher--Les Patriotes--Verchères"," 24","Saint-Marc-sur-Richelieu",61,36,30,19,15,5,166,330
24014,"Pierre-Boucher--Les Patriotes--Verchères/Pierre-Boucher--Les Patriotes--Verchères"," 25","Saint-Marc-sur-Richelieu",76,43,46,22,12,3,202,345
24014,"Pierre-Boucher--Les Patriotes--Verchères/Pierre-Boucher--Les Patriotes--Verchères"," 26","Saint-Marc-sur-Richelieu",82,64,59,29,19,2,255,406
24014,"Pierre-Boucher--Les Patriotes--Verchères/Pierre-Boucher--Les Patriotes--Verchères"," 27","Saint-Marc-sur-Richelieu",69,48,56,22,17,1,213,334
24014,"Pierre-Boucher--Les Patriotes--Verchères/Pierre-Boucher--Les Patriotes--Verchères"," 28","Saint-Marc-sur-Richelieu",61,33,50,12,24,1,181,351
24014,"Pierre-Boucher--Les Patriotes--Verchères/Pierre-Boucher--Les Patriotes--Verchères"," 29","Calixa-Lavallée",111,69,65,51,18,0,314,426
24014,"Pierre-Boucher--Les Patriotes--Verchères/Pierre-Boucher--Les Patriotes--Verchères"," 30","Verchères",88,61,79,31,21,4,284,417
24014,"Pierre-Boucher--Les Patriotes--Verchères/Pierre-Boucher--Les Patriotes--Verchères"," 31","Verchères",103,59,47,13,19,6,247,394
24014,"Pierre-Boucher--Les Patriotes--Verchères/Pierre-Boucher--Les Patriotes--Verchères"," 32","Verchères",58,25,31,18,9,8,149,294
24014,"Pierre-Boucher--Les Patriotes--Verchères/Pierre-Boucher--Les Patriotes--Verchères"," 33","Verchères",69,52,47,18,16,5,207,384
24014,"Pierre-Boucher--Les Patriotes--Verchères/Pierre-Boucher--Les Patriotes--Verchères"," 34","Verchères",64,38,36,18,9,2,167,370
24014,"Pierre-Boucher--Les Patriotes--Verchères/Pierre-Boucher--Les Patriotes--Verchères"," 35","Verchères",70,17,36,21,11,2,157,297
24014,"Pierre-Boucher--Les Patriotes--Verchères/Pierre-Boucher--Les Patriotes--Verchères"," 36","Verchères",70,33,42,20,10,3,178,272
24014,"Pierre-Boucher--Les Patriotes--Verchères/Pierre-Boucher--Les Patriotes--Verchères"," 37","Verchères",69,36,46,19,12,3,185,325
24014,"Pierre-Boucher--Les Patriotes--Verchères/Pierre-Boucher--Les Patriotes--Verchères"," 38","Verchères",68,39,49,22,16,5,199,341
24014,"Pierre-Boucher--Les Patriotes--Verchères/Pierre-Boucher--Les Patriotes--Verchères"," 39","Verchères",74,61,28,15,17,0,195,365
24014,"Pierre-Boucher--Les Patriotes--Verchères/Pierre-Boucher--Les Patriotes--Verchères"," 40","Verchères",93,48,33,36,19,3,232,367
24014,"Pierre-Boucher--Les Patriotes--Verchères/Pierre-Boucher--Les Patriotes--Verchères"," 41","Verchères",76,40,38,19,20,1,194,331
24014,"Pierre-Boucher--Les Patriotes--Verchères/Pierre-Boucher--Les Patriotes--Verchères"," 42","Verchères",64,52,40,14,15,3,188,298
24014,"Pierre-Boucher--Les Patriotes--Verchères/Pierre-Boucher--Les Patriotes--Verchères"," 43","Varennes",87,47,76,31,27,2,270,471
24014,"Pierre-Boucher--Les Patriotes--Verchères/Pierre-Boucher--Les Patriotes--Verchères"," 44","Varennes",79,38,56,21,11,2,207,393
24014,"Pierre-Boucher--Les Patriotes--Verchères/Pierre-Boucher--Les Patriotes--Verchères"," 45","Varennes",83,51,61,32,17,5,249,421
24014,"Pierre-Boucher--Les Patriotes--Verchères/Pierre-Boucher--Les Patriotes--Verchères"," 46","Varennes",40,27,56,12,9,0,144,323
24014,"Pierre-Boucher--Les Patriotes--Verchères/Pierre-Boucher--Les Patriotes--Verchères"," 47","Varennes",42,49,31,19,16,1,158,276
24014,"Pierre-Boucher--Les Patriotes--Verchères/Pierre-Boucher--Les Patriotes--Verchères"," 48","Saint-Amable",68,30,31,8,7,2,146,293
24014,"Pierre-Boucher--Les Patriotes--Verchères/Pierre-Boucher--Les Patriotes--Verchères"," 49","Saint-Amable",89,40,26,19,12,8,194,408
24014,"Pierre-Boucher--Les Patriotes--Verchères/Pierre-Boucher--Les Patriotes--Verchères"," 50","Saint-Amable",50,44,58,7,16,4,179,385
24014,"Pierre-Boucher--Les Patriotes--Verchères/Pierre-Boucher--Les Patriotes--Verchères"," 51","Saint-Amable",38,28,30,8,11,3,118,262
24014,"Pierre-Boucher--Les Patriotes--Verchères/Pierre-Boucher--Les Patriotes--Verchères"," 52","Saint-Amable",59,29,31,15,17,4,155,289
24014,"Pierre-Boucher--Les Patriotes--Verchères/Pierre-Boucher--Les Patriotes--Verchères"," 53","Saint-Amable",66,30,34,7,14,6,157,279
24014,"Pierre-Boucher--Les Patriotes--Verchères/Pierre-Boucher--Les Patriotes--Verchères"," 54","Saint-Amable",76,24,45,7,16,3,171,413
24014,"Pierre-Boucher--Les Patriotes--Verchères/Pierre-Boucher--Les Patriotes--Verchères"," 55","Saint-Amable",52,24,33,15,17,1,142,303
24014,"Pierre-Boucher--Les Patriotes--Verchères/Pierre-Boucher--Les Patriotes--Verchères"," 56","Saint-Amable",59,21,28,4,6,8,126,260
24014,"Pierre-Boucher--Les Patriotes--Verchères/Pierre-Boucher--Les Patriotes--Verchères"," 57","Saint-Amable",63,26,36,11,16,3,155,325
24014,"Pierre-Boucher--Les Patriotes--Verchères/Pierre-Boucher--Les Patriotes--Verchères"," 58","Saint-Amable",80,28,40,10,8,1,167,354
24014,"Pierre-Boucher--Les Patriotes--Verchères/Pierre-Boucher--Les Patriotes--Verchères"," 59","Saint-Amable",67,27,34,9,16,2,155,295
24014,"Pierre-Boucher--Les Patriotes--Verchères/Pierre-Boucher--Les Patriotes--Verchères"," 60","Saint-Amable",42,20,34,9,12,4,121,326
24014,"Pierre-Boucher--Les Patriotes--Verchères/Pierre-Boucher--Les Patriotes--Verchères"," 61","Saint-Amable",76,31,52,14,24,2,199,420
24014,"Pierre-Boucher--Les Patriotes--Verchères/Pierre-Boucher--Les Patriotes--Verchères"," 62","Saint-Amable",76,56,64,14,26,7,243,478
24014,"Pierre-Boucher--Les Patriotes--Verchères/Pierre-Boucher--Les Patriotes--Verchères"," 63","Saint-Amable",62,27,35,10,19,5,158,319
24014,"Pierre-Boucher--Les Patriotes--Verchères/Pierre-Boucher--Les Patriotes--Verchères"," 64","Saint-Amable",72,27,43,8,17,2,169,308
24014,"Pierre-Boucher--Les Patriotes--Verchères/Pierre-Boucher--Les Patriotes--Verchères"," 65","Saint-Amable",73,43,40,8,12,3,179,390
24014,"Pierre-Boucher--Les Patriotes--Verchères/Pierre-Boucher--Les Patriotes--Verchères"," 66","Saint-Amable",75,25,58,15,20,2,195,442
24014,"Pierre-Boucher--Les Patriotes--Verchères/Pierre-Boucher--Les Patriotes--Verchères"," 67","Saint-Amable",44,38,44,15,13,4,158,341
24014,"Pierre-Boucher--Les Patriotes--Verchères/Pierre-Boucher--Les Patriotes--Verchères"," 68","Saint-Amable",49,63,41,7,11,4,175,326
24014,"Pierre-Boucher--Les Patriotes--Verchères/Pierre-Boucher--Les Patriotes--Verchères"," 69","Saint-Amable",69,23,47,9,13,4,165,317
24014,"Pierre-Boucher--Les Patriotes--Verchères/Pierre-Boucher--Les Patriotes--Verchères"," 70","Saint-Amable",79,34,52,8,18,6,197,392
24014,"Pierre-Boucher--Les Patriotes--Verchères/Pierre-Boucher--Les Patriotes--Verchères"," 71","Saint-Amable",47,56,58,5,22,1,189,357
24014,"Pierre-Boucher--Les Patriotes--Verchères/Pierre-Boucher--Les Patriotes--Verchères"," 72","Saint-Amable",97,42,46,6,14,6,211,396
24014,"Pierre-Boucher--Les Patriotes--Verchères/Pierre-Boucher--Les Patriotes--Verchères"," 73","Saint-Amable",65,30,43,10,14,3,165,305
24014,"Pierre-Boucher--Les Patriotes--Verchères/Pierre-Boucher--Les Patriotes--Verchères"," 74","Varennes",83,74,64,27,25,5,278,473
24014,"Pierre-Boucher--Les Patriotes--Verchères/Pierre-Boucher--Les Patriotes--Verchères"," 75","Varennes",107,75,63,24,20,1,290,487
24014,"Pierre-Boucher--Les Patriotes--Verchères/Pierre-Boucher--Les Patriotes--Verchères"," 76","Varennes",83,60,71,18,19,2,253,430
24014,"Pierre-Boucher--Les Patriotes--Verchères/Pierre-Boucher--Les Patriotes--Verchères"," 77","Varennes",91,53,55,26,18,4,247,538
24014,"Pierre-Boucher--Les Patriotes--Verchères/Pierre-Boucher--Les Patriotes--Verchères"," 78","Varennes",69,59,45,18,23,4,218,398
24014,"Pierre-Boucher--Les Patriotes--Verchères/Pierre-Boucher--Les Patriotes--Verchères"," 79","Varennes",63,53,69,24,20,1,230,448
24014,"Pierre-Boucher--Les Patriotes--Verchères/Pierre-Boucher--Les Patriotes--Verchères"," 80","Varennes",61,24,44,21,13,3,166,338
24014,"Pierre-Boucher--Les Patriotes--Verchères/Pierre-Boucher--Les Patriotes--Verchères"," 81","Varennes",74,42,65,24,19,3,227,389
24014,"Pierre-Boucher--Les Patriotes--Verchères/Pierre-Boucher--Les Patriotes--Verchères"," 82","Varennes",54,35,47,24,8,1,169,270
24014,"Pierre-Boucher--Les Patriotes--Verchères/Pierre-Boucher--Les Patriotes--Verchères"," 83","Varennes",69,59,56,24,17,1,226,382
24014,"Pierre-Boucher--Les Patriotes--Verchères/Pierre-Boucher--Les Patriotes--Verchères"," 84","Varennes",59,76,78,14,37,1,265,411
24014,"Pierre-Boucher--Les Patriotes--Verchères/Pierre-Boucher--Les Patriotes--Verchères"," 85","Varennes",55,78,72,20,26,5,256,395
24014,"Pierre-Boucher--Les Patriotes--Verchères/Pierre-Boucher--Les Patriotes--Verchères"," 86","Varennes",91,45,61,13,19,0,229,437
24014,"Pierre-Boucher--Les Patriotes--Verchères/Pierre-Boucher--Les Patriotes--Verchères"," 87","Varennes",75,34,74,13,30,3,229,403
24014,"Pierre-Boucher--Les Patriotes--Verchères/Pierre-Boucher--Les Patriotes--Verchères"," 88","Varennes",104,55,55,25,14,5,258,495
24014,"Pierre-Boucher--Les Patriotes--Verchères/Pierre-Boucher--Les Patriotes--Verchères"," 89","Varennes",88,67,87,21,22,2,287,466
24014,"Pierre-Boucher--Les Patriotes--Verchères/Pierre-Boucher--Les Patriotes--Verchères"," 90","Varennes",84,67,56,29,14,6,256,441
24014,"Pierre-Boucher--Les Patriotes--Verchères/Pierre-Boucher--Les Patriotes--Verchères"," 91","Varennes",76,58,75,26,24,4,263,429
24014,"Pierre-Boucher--Les Patriotes--Verchères/Pierre-Boucher--Les Patriotes--Verchères"," 92","Varennes",74,84,63,26,23,5,275,428
24014,"Pierre-Boucher--Les Patriotes--Verchères/Pierre-Boucher--Les Patriotes--Verchères"," 93","Varennes",75,74,67,12,18,3,249,451
24014,"Pierre-Boucher--Les Patriotes--Verchères/Pierre-Boucher--Les Patriotes--Verchères"," 94","Varennes",83,56,83,22,15,2,261,411
24014,"Pierre-Boucher--Les Patriotes--Verchères/Pierre-Boucher--Les Patriotes--Verchères"," 95","Varennes",81,57,71,32,21,5,267,470
24014,"Pierre-Boucher--Les Patriotes--Verchères/Pierre-Boucher--Les Patriotes--Verchères"," 96","Varennes",77,53,59,28,20,4,241,432
24014,"Pierre-Boucher--Les Patriotes--Verchères/Pierre-Boucher--Les Patriotes--Verchères"," 97","Varennes",72,53,69,36,21,3,254,416
24014,"Pierre-Boucher--Les Patriotes--Verchères/Pierre-Boucher--Les Patriotes--Verchères"," 98","Varennes",32,38,60,19,26,2,177,289
24014,"Pierre-Boucher--Les Patriotes--Verchères/Pierre-Boucher--Les Patriotes--Verchères"," 99","Varennes",77,68,69,22,26,2,264,421
24014,"Pierre-Boucher--Les Patriotes--Verchères/Pierre-Boucher--Les Patriotes--Verchères"," 100","Varennes",75,55,71,28,33,1,263,405
24014,"Pierre-Boucher--Les Patriotes--Verchères/Pierre-Boucher--Les Patriotes--Verchères"," 101","Varennes",60,41,57,15,24,7,204,366
24014,"Pierre-Boucher--Les Patriotes--Verchères/Pierre-Boucher--Les Patriotes--Verchères"," 102","Varennes",49,39,42,21,9,3,163,357
24014,"Pierre-Boucher--Les Patriotes--Verchères/Pierre-Boucher--Les Patriotes--Verchères"," 103","Varennes",67,52,49,17,22,5,212,464
24014,"Pierre-Boucher--Les Patriotes--Verchères/Pierre-Boucher--Les Patriotes--Verchères"," 104","Varennes",59,40,42,25,15,4,185,362
24014,"Pierre-Boucher--Les Patriotes--Verchères/Pierre-Boucher--Les Patriotes--Verchères"," 105","Varennes",88,54,68,31,9,1,251,503
24014,"Pierre-Boucher--Les Patriotes--Verchères/Pierre-Boucher--Les Patriotes--Verchères"," 106","Varennes",35,21,41,20,15,1,133,234
24014,"Pierre-Boucher--Les Patriotes--Verchères/Pierre-Boucher--Les Patriotes--Verchères"," 107","Varennes",56,31,44,23,7,3,164,294
24014,"Pierre-Boucher--Les Patriotes--Verchères/Pierre-Boucher--Les Patriotes--Verchères"," 108","Varennes",55,44,50,11,23,2,185,280
24014,"Pierre-Boucher--Les Patriotes--Verchères/Pierre-Boucher--Les Patriotes--Verchères"," 109","Varennes",73,37,72,13,31,2,228,351
24014,"Pierre-Boucher--Les Patriotes--Verchères/Pierre-Boucher--Les Patriotes--Verchères"," 110","Boucherville",39,57,76,25,52,3,252,403
24014,"Pierre-Boucher--Les Patriotes--Verchères/Pierre-Boucher--Les Patriotes--Verchères"," 111A","Boucherville",26,62,72,11,28,2,201,336
24014,"Pierre-Boucher--Les Patriotes--Verchères/Pierre-Boucher--Les Patriotes--Verchères"," 111B","Boucherville",49,52,49,6,16,0,172,324
24014,"Pierre-Boucher--Les Patriotes--Verchères/Pierre-Boucher--Les Patriotes--Verchères"," 112","Boucherville",44,72,125,25,54,3,323,452
24014,"Pierre-Boucher--Les Patriotes--Verchères/Pierre-Boucher--Les Patriotes--Verchères"," 113","Boucherville",61,78,93,16,33,2,283,425
24014,"Pierre-Boucher--Les Patriotes--Verchères/Pierre-Boucher--Les Patriotes--Verchères"," 114","Boucherville",53,75,109,26,30,1,294,461
24014,"Pierre-Boucher--Les Patriotes--Verchères/Pierre-Boucher--Les Patriotes--Verchères"," 115","Boucherville",41,54,118,13,37,2,265,454
24014,"Pierre-Boucher--Les Patriotes--Verchères/Pierre-Boucher--Les Patriotes--Verchères"," 116","Boucherville",42,65,104,17,59,0,287,453
24014,"Pierre-Boucher--Les Patriotes--Verchères/Pierre-Boucher--Les Patriotes--Verchères"," 117","Boucherville",52,72,112,10,64,1,311,500
24014,"Pierre-Boucher--Les Patriotes--Verchères/Pierre-Boucher--Les Patriotes--Verchères"," 118","Boucherville",49,58,90,15,19,3,234,419
24014,"Pierre-Boucher--Les Patriotes--Verchères/Pierre-Boucher--Les Patriotes--Verchères"," 119","Boucherville",81,67,66,41,32,1,288,445
24014,"Pierre-Boucher--Les Patriotes--Verchères/Pierre-Boucher--Les Patriotes--Verchères"," 120","Boucherville",62,82,108,28,31,2,313,494
24014,"Pierre-Boucher--Les Patriotes--Verchères/Pierre-Boucher--Les Patriotes--Verchères"," 121","Boucherville",42,75,80,27,27,1,252,382
24014,"Pierre-Boucher--Les Patriotes--Verchères/Pierre-Boucher--Les Patriotes--Verchères"," 122","Boucherville",71,64,63,33,13,7,251,403
24014,"Pierre-Boucher--Les Patriotes--Verchères/Pierre-Boucher--Les Patriotes--Verchères"," 123","Boucherville",62,57,60,20,30,2,231,356
24014,"Pierre-Boucher--Les Patriotes--Verchères/Pierre-Boucher--Les Patriotes--Verchères"," 124","Boucherville",80,66,58,36,18,2,260,388
24014,"Pierre-Boucher--Les Patriotes--Verchères/Pierre-Boucher--Les Patriotes--Verchères"," 125","Boucherville",62,68,89,26,29,2,276,425
24014,"Pierre-Boucher--Les Patriotes--Verchères/Pierre-Boucher--Les Patriotes--Verchères"," 126","Boucherville",73,82,66,28,25,1,275,420
24014,"Pierre-Boucher--Les Patriotes--Verchères/Pierre-Boucher--Les Patriotes--Verchères"," 127","Boucherville",67,61,68,23,21,4,244,381
24014,"Pierre-Boucher--Les Patriotes--Verchères/Pierre-Boucher--Les Patriotes--Verchères"," 128","Boucherville",69,77,72,20,17,3,258,431
24014,"Pierre-Boucher--Les Patriotes--Verchères/Pierre-Boucher--Les Patriotes--Verchères"," 129","Boucherville",73,62,62,33,15,3,248,396
24014,"Pierre-Boucher--Les Patriotes--Verchères/Pierre-Boucher--Les Patriotes--Verchères"," 130","Boucherville",67,72,93,27,22,2,283,450
24014,"Pierre-Boucher--Les Patriotes--Verchères/Pierre-Boucher--Les Patriotes--Verchères"," 131","Boucherville",69,49,75,20,20,4,237,404
24014,"Pierre-Boucher--Les Patriotes--Verchères/Pierre-Boucher--Les Patriotes--Verchères"," 132","Boucherville",87,56,43,42,19,2,249,417
24014,"Pierre-Boucher--Les Patriotes--Verchères/Pierre-Boucher--Les Patriotes--Verchères"," 133","Boucherville",65,65,82,22,17,5,256,432
24014,"Pierre-Boucher--Les Patriotes--Verchères/Pierre-Boucher--Les Patriotes--Verchères"," 134","Boucherville",75,50,65,25,16,0,231,433
24014,"Pierre-Boucher--Les Patriotes--Verchères/Pierre-Boucher--Les Patriotes--Verchères"," 135","Boucherville",76,67,75,27,10,7,262,439
24014,"Pierre-Boucher--Les Patriotes--Verchères/Pierre-Boucher--Les Patriotes--Verchères"," 136","Boucherville",51,56,82,23,32,2,246,417
24014,"Pierre-Boucher--Les Patriotes--Verchères/Pierre-Boucher--Les Patriotes--Verchères"," 137","Boucherville",58,56,63,28,9,3,217,429
24014,"Pierre-Boucher--Les Patriotes--Verchères/Pierre-Boucher--Les Patriotes--Verchères"," 138","Boucherville",69,76,67,22,17,2,253,407
24014,"Pierre-Boucher--Les Patriotes--Verchères/Pierre-Boucher--Les Patriotes--Verchères"," 139","Boucherville",59,60,76,14,24,3,236,375
24014,"Pierre-Boucher--Les Patriotes--Verchères/Pierre-Boucher--Les Patriotes--Verchères"," 140","Boucherville",54,56,63,18,20,3,214,354
24014,"Pierre-Boucher--Les Patriotes--Verchères/Pierre-Boucher--Les Patriotes--Verchères"," 141","Boucherville",65,55,70,25,24,0,239,375
24014,"Pierre-Boucher--Les Patriotes--Verchères/Pierre-Boucher--Les Patriotes--Verchères"," 142","Boucherville",57,63,65,24,15,5,229,358
24014,"Pierre-Boucher--Les Patriotes--Verchères/Pierre-Boucher--Les Patriotes--Verchères"," 143","Boucherville",48,85,86,28,17,2,266,445
24014,"Pierre-Boucher--Les Patriotes--Verchères/Pierre-Boucher--Les Patriotes--Verchères"," 144","Boucherville",83,65,84,26,22,0,280,553
24014,"Pierre-Boucher--Les Patriotes--Verchères/Pierre-Boucher--Les Patriotes--Verchères"," 145","Boucherville",73,36,71,20,9,1,210,430
24014,"Pierre-Boucher--Les Patriotes--Verchères/Pierre-Boucher--Les Patriotes--Verchères"," 146","Boucherville",38,72,65,17,14,4,210,357
24014,"Pierre-Boucher--Les Patriotes--Verchères/Pierre-Boucher--Les Patriotes--Verchères"," 147","Boucherville",35,61,93,39,26,5,259,405
24014,"Pierre-Boucher--Les Patriotes--Verchères/Pierre-Boucher--Les Patriotes--Verchères"," 148","Boucherville",73,87,65,32,27,4,288,433
24014,"Pierre-Boucher--Les Patriotes--Verchères/Pierre-Boucher--Les Patriotes--Verchères"," 149","Boucherville",66,97,86,27,17,0,293,447
24014,"Pierre-Boucher--Les Patriotes--Verchères/Pierre-Boucher--Les Patriotes--Verchères"," 150","Boucherville",52,70,73,15,16,0,226,387
24014,"Pierre-Boucher--Les Patriotes--Verchères/Pierre-Boucher--Les Patriotes--Verchères"," 151","Boucherville",45,68,82,17,33,3,248,390
24014,"Pierre-Boucher--Les Patriotes--Verchères/Pierre-Boucher--Les Patriotes--Verchères"," 152","Boucherville",57,61,84,19,17,3,241,356
24014,"Pierre-Boucher--Les Patriotes--Verchères/Pierre-Boucher--Les Patriotes--Verchères"," 153","Boucherville",48,77,84,28,18,2,257,385
24014,"Pierre-Boucher--Les Patriotes--Verchères/Pierre-Boucher--Les Patriotes--Verchères"," 154","Boucherville",46,73,82,20,21,0,242,371
24014,"Pierre-Boucher--Les Patriotes--Verchères/Pierre-Boucher--Les Patriotes--Verchères"," 155","Boucherville",45,50,68,15,15,3,196,331
24014,"Pierre-Boucher--Les Patriotes--Verchères/Pierre-Boucher--Les Patriotes--Verchères"," 156","Boucherville",41,48,74,15,35,1,214,323
24014,"Pierre-Boucher--Les Patriotes--Verchères/Pierre-Boucher--Les Patriotes--Verchères"," 157","Boucherville",52,66,73,27,17,3,238,363
24014,"Pierre-Boucher--Les Patriotes--Verchères/Pierre-Boucher--Les Patriotes--Verchères"," 158","Boucherville",53,58,79,17,44,1,252,405
24014,"Pierre-Boucher--Les Patriotes--Verchères/Pierre-Boucher--Les Patriotes--Verchères"," 159","Boucherville",64,64,104,24,22,0,278,440
24014,"Pierre-Boucher--Les Patriotes--Verchères/Pierre-Boucher--Les Patriotes--Verchères"," 160","Boucherville",72,65,71,18,18,2,246,392
24014,"Pierre-Boucher--Les Patriotes--Verchères/Pierre-Boucher--Les Patriotes--Verchères"," 161","Boucherville",49,55,54,22,22,0,202,352
24014,"Pierre-Boucher--Les Patriotes--Verchères/Pierre-Boucher--Les Patriotes--Verchères"," 162","Boucherville",52,41,62,24,20,2,201,328
24014,"Pierre-Boucher--Les Patriotes--Verchères/Pierre-Boucher--Les Patriotes--Verchères"," 163","Boucherville",52,65,56,15,25,7,220,377
24014,"Pierre-Boucher--Les Patriotes--Verchères/Pierre-Boucher--Les Patriotes--Verchères"," 164","Boucherville",48,40,126,5,38,0,257,536
24014,"Pierre-Boucher--Les Patriotes--Verchères/Pierre-Boucher--Les Patriotes--Verchères"," 165","Boucherville",33,41,96,9,25,2,206,393
24014,"Pierre-Boucher--Les Patriotes--Verchères/Pierre-Boucher--Les Patriotes--Verchères"," 166","Boucherville",49,38,88,10,27,3,215,356
24014,"Pierre-Boucher--Les Patriotes--Verchères/Pierre-Boucher--Les Patriotes--Verchères"," 167","Boucherville",56,46,55,18,15,3,193,349
24014,"Pierre-Boucher--Les Patriotes--Verchères/Pierre-Boucher--Les Patriotes--Verchères"," 168","Boucherville",42,63,60,15,15,0,195,325
24014,"Pierre-Boucher--Les Patriotes--Verchères/Pierre-Boucher--Les Patriotes--Verchères"," 169","Boucherville",56,48,78,22,9,1,214,350
24014,"Pierre-Boucher--Les Patriotes--Verchères/Pierre-Boucher--Les Patriotes--Verchères"," 170","Boucherville",47,75,67,10,18,2,219,382
24014,"Pierre-Boucher--Les Patriotes--Verchères/Pierre-Boucher--Les Patriotes--Verchères"," 171","Boucherville",56,57,75,21,11,2,222,344
24014,"Pierre-Boucher--Les Patriotes--Verchères/Pierre-Boucher--Les Patriotes--Verchères"," 172","Boucherville",55,78,105,21,29,3,291,409
24014,"Pierre-Boucher--Les Patriotes--Verchères/Pierre-Boucher--Les Patriotes--Verchères"," 173","Boucherville",42,38,39,15,13,2,149,342
24014,"Pierre-Boucher--Les Patriotes--Verchères/Pierre-Boucher--Les Patriotes--Verchères"," 174","Boucherville",55,52,58,14,17,2,198,352
24014,"Pierre-Boucher--Les Patriotes--Verchères/Pierre-Boucher--Les Patriotes--Verchères"," 175","Boucherville",61,56,65,29,26,0,237,354
24014,"Pierre-Boucher--Les Patriotes--Verchères/Pierre-Boucher--Les Patriotes--Verchères"," 176","Boucherville",47,57,105,25,26,3,263,438
24014,"Pierre-Boucher--Les Patriotes--Verchères/Pierre-Boucher--Les Patriotes--Verchères"," 177","Boucherville",76,66,78,14,28,2,264,399
24014,"Pierre-Boucher--Les Patriotes--Verchères/Pierre-Boucher--Les Patriotes--Verchères"," 178","Boucherville",54,73,81,16,33,4,261,417
24014,"Pierre-Boucher--Les Patriotes--Verchères/Pierre-Boucher--Les Patriotes--Verchères"," 179","Boucherville",67,45,63,18,24,3,220,400
24014,"Pierre-Boucher--Les Patriotes--Verchères/Pierre-Boucher--Les Patriotes--Verchères"," 180","Boucherville",50,70,64,20,11,3,218,369
24014,"Pierre-Boucher--Les Patriotes--Verchères/Pierre-Boucher--Les Patriotes--Verchères"," 181","Boucherville",58,55,97,20,25,5,260,460
24014,"Pierre-Boucher--Les Patriotes--Verchères/Pierre-Boucher--Les Patriotes--Verchères"," 182","Boucherville",61,78,127,22,34,2,324,484
24014,"Pierre-Boucher--Les Patriotes--Verchères/Pierre-Boucher--Les Patriotes--Verchères"," 183","Boucherville",27,49,88,10,25,4,203,361
24014,"Pierre-Boucher--Les Patriotes--Verchères/Pierre-Boucher--Les Patriotes--Verchères"," 184","Boucherville",46,68,76,19,34,3,246,459
24014,"Pierre-Boucher--Les Patriotes--Verchères/Pierre-Boucher--Les Patriotes--Verchères"," 185","Boucherville",59,73,102,20,26,2,282,474
24014,"Pierre-Boucher--Les Patriotes--Verchères/Pierre-Boucher--Les Patriotes--Verchères"," 186","Boucherville",41,51,93,14,38,5,242,435
24014,"Pierre-Boucher--Les Patriotes--Verchères/Pierre-Boucher--Les Patriotes--Verchères"," 187","Boucherville",46,56,98,19,28,0,247,424
24014,"Pierre-Boucher--Les Patriotes--Verchères/Pierre-Boucher--Les Patriotes--Verchères"," 188","Boucherville",40,77,119,22,40,0,298,478
24014,"Pierre-Boucher--Les Patriotes--Verchères/Pierre-Boucher--Les Patriotes--Verchères"," 189","Boucherville",41,67,71,16,23,0,218,382
24014,"Pierre-Boucher--Les Patriotes--Verchères/Pierre-Boucher--Les Patriotes--Verchères"," 190","Saint-Mathieu-de-Beloeil",49,58,67,10,18,6,208,423
24014,"Pierre-Boucher--Les Patriotes--Verchères/Pierre-Boucher--Les Patriotes--Verchères"," 191","Saint-Mathieu-de-Beloeil",64,46,68,18,17,3,216,341
24014,"Pierre-Boucher--Les Patriotes--Verchères/Pierre-Boucher--Les Patriotes--Verchères"," 192","Saint-Mathieu-de-Beloeil",53,48,67,6,27,3,204,362
24014,"Pierre-Boucher--Les Patriotes--Verchères/Pierre-Boucher--Les Patriotes--Verchères"," 193","Saint-Mathieu-de-Beloeil",92,57,77,3,42,1,272,465
24014,"Pierre-Boucher--Les Patriotes--Verchères/Pierre-Boucher--Les Patriotes--Verchères"," 194","Saint-Mathieu-de-Beloeil",62,60,62,10,13,6,213,367
24014,"Pierre-Boucher--Les Patriotes--Verchères/Pierre-Boucher--Les Patriotes--Verchères"," 195","Saint-Mathieu-de-Beloeil",23,24,36,4,13,1,101,178
24014,"Pierre-Boucher--Les Patriotes--Verchères/Pierre-Boucher--Les Patriotes--Verchères"," 196","Saint-Charles-sur-Richelieu",56,40,55,9,10,3,173,300
24014,"Pierre-Boucher--Les Patriotes--Verchères/Pierre-Boucher--Les Patriotes--Verchères"," 197","Saint-Charles-sur-Richelieu",65,32,38,12,14,4,165,294
24014,"Pierre-Boucher--Les Patriotes--Verchères/Pierre-Boucher--Les Patriotes--Verchères"," 198","Saint-Charles-sur-Richelieu",57,55,52,15,29,3,211,371
24014,"Pierre-Boucher--Les Patriotes--Verchères/Pierre-Boucher--Les Patriotes--Verchères"," 199","Saint-Charles-sur-Richelieu",56,38,38,10,14,4,160,277
24014,"Pierre-Boucher--Les Patriotes--Verchères/Pierre-Boucher--Les Patriotes--Verchères"," 200","Saint-Charles-sur-Richelieu",50,33,25,6,9,1,124,216
24014,"Pierre-Boucher--Les Patriotes--Verchères/Pierre-Boucher--Les Patriotes--Verchères"," 400","Montréal",7,4,11,2,1,0,25,85
24014,"Pierre-Boucher--Les Patriotes--Verchères/Pierre-Boucher--Les Patriotes--Verchères"," 401","Boucherville",18,11,41,1,7,3,81,110
24014,"Pierre-Boucher--Les Patriotes--Verchères/Pierre-Boucher--Les Patriotes--Verchères"," 402","Boucherville",25,18,78,8,10,2,141,174
24014,"Pierre-Boucher--Les Patriotes--Verchères/Pierre-Boucher--Les Patriotes--Verchères"," 500","Mobile poll/Bureau itinérant",15,10,42,11,8,3,89,159
24014,"Pierre-Boucher--Les Patriotes--Verchères/Pierre-Boucher--Les Patriotes--Verchères"," 501A","Mobile poll/Bureau itinérant",4,1,6,0,3,0,14,24
24014,"Pierre-Boucher--Les Patriotes--Verchères/Pierre-Boucher--Les Patriotes--Verchères"," 501B","Mobile poll/Bureau itinérant",Merged with No./Fusionné avec le n°504,,,,,,,0
24014,"Pierre-Boucher--Les Patriotes--Verchères/Pierre-Boucher--Les Patriotes--Verchères"," 502","Mobile poll/Bureau itinérant",42,23,70,4,25,9,173,207
24014,"Pierre-Boucher--Les Patriotes--Verchères/Pierre-Boucher--Les Patriotes--Verchères"," 503A","Mobile poll/Bureau itinérant",1,4,23,1,3,1,33,92
24014,"Pierre-Boucher--Les Patriotes--Verchères/Pierre-Boucher--Les Patriotes--Verchères"," 503B","Boucherville",Merged with No./Fusionné avec le n°132,,,,,,,0
24014,"Pierre-Boucher--Les Patriotes--Verchères/Pierre-Boucher--Les Patriotes--Verchères"," 504","Mobile poll/Bureau itinérant",6,8,26,0,3,1,44,93
24014,"Pierre-Boucher--Les Patriotes--Verchères/Pierre-Boucher--Les Patriotes--Verchères"," 505","Mobile poll/Bureau itinérant",7,8,26,4,6,1,52,57
24014,"Pierre-Boucher--Les Patriotes--Verchères/Pierre-Boucher--Les Patriotes--Verchères"," 600","Contrecoeur",414,258,236,101,170,26,1205,
24014,"Pierre-Boucher--Les Patriotes--Verchères/Pierre-Boucher--Les Patriotes--Verchères"," 601","Verchères--Calixa-Lavallée",242,188,154,70,84,10,748,
24014,"Pierre-Boucher--Les Patriotes--Verchères/Pierre-Boucher--Les Patriotes--Verchères"," 602","Saint-Antoine-sur-Richelieu--Saint-Marc-sur-Richelieu",113,145,122,48,49,12,489,
24014,"Pierre-Boucher--Les Patriotes--Verchères/Pierre-Boucher--Les Patriotes--Verchères"," 603","Saint-Denis-sur-Richelieu--Saint-Charles-sur-Richelieu",131,139,111,34,36,3,454,
24014,"Pierre-Boucher--Les Patriotes--Verchères/Pierre-Boucher--Les Patriotes--Verchères"," 604","Saint-Mathieu-de-Beloeil",116,88,84,13,45,7,353,
24014,"Pierre-Boucher--Les Patriotes--Verchères/Pierre-Boucher--Les Patriotes--Verchères"," 605","Saint-Amable",202,153,140,48,79,8,630,
24014,"Pierre-Boucher--Les Patriotes--Verchères/Pierre-Boucher--Les Patriotes--Verchères"," 606","Saint-Amable",189,141,96,24,64,12,526,
24014,"Pierre-Boucher--Les Patriotes--Verchères/Pierre-Boucher--Les Patriotes--Verchères"," 607","Varennes",274,285,255,112,130,10,1066,
24014,"Pierre-Boucher--Les Patriotes--Verchères/Pierre-Boucher--Les Patriotes--Verchères"," 608","Varennes",285,225,260,106,91,12,979,
24014,"Pierre-Boucher--Les Patriotes--Verchères/Pierre-Boucher--Les Patriotes--Verchères"," 609","Varennes",337,283,230,78,141,22,1091,
24014,"Pierre-Boucher--Les Patriotes--Verchères/Pierre-Boucher--Les Patriotes--Verchères"," 610","Boucherville",268,396,472,82,232,11,1461,
24014,"Pierre-Boucher--Les Patriotes--Verchères/Pierre-Boucher--Les Patriotes--Verchères"," 611","Boucherville",236,321,297,94,116,11,1075,
24014,"Pierre-Boucher--Les Patriotes--Verchères/Pierre-Boucher--Les Patriotes--Verchères"," 612","Boucherville",267,333,365,74,201,13,1253,
24014,"Pierre-Boucher--Les Patriotes--Verchères/Pierre-Boucher--Les Patriotes--Verchères"," 613","Boucherville",223,305,345,94,142,10,1119,
24014,"Pierre-Boucher--Les Patriotes--Verchères/Pierre-Boucher--Les Patriotes--Verchères"," 614","Boucherville",220,389,481,80,188,19,1377,
24014,"Pierre-Boucher--Les Patriotes--Verchères/Pierre-Boucher--Les Patriotes--Verchères",,"Group 1/Groupe 1",9,15,36,2,28,4,94,53
24014,"Pierre-Boucher--Les Patriotes--Verchères/Pierre-Boucher--Les Patriotes--Verchères",,"Group 2/Groupe 2",274,312,189,74,122,29,1000,
