﻿Electoral District Number/Numéro de circonscription,Electoral District Name/Nom de circonscription,Polling Station Number/Numéro du bureau de scrutin,Polling Station Name/Nom du bureau de scrutin,Richard Banigan,Jacob Kearey-Moreland,Liz Riley,Bruce Stanton,Peter Stubbins,Scott Whittaker,Rejected Ballots/Bulletins rejetés,Total Votes/Total des votes,Electors/Électeurs
35100,"Simcoe North/Simcoe-Nord"," 1","Severn",7,2,41,51,5,0,1,107,231
35100,"Simcoe North/Simcoe-Nord"," 2","Severn",23,6,72,102,17,0,0,220,361
35100,"Simcoe North/Simcoe-Nord"," 3","Severn",32,3,68,110,12,0,0,225,431
35100,"Simcoe North/Simcoe-Nord"," 4","Severn",12,1,66,111,5,0,0,195,397
35100,"Simcoe North/Simcoe-Nord"," 5","Severn",28,2,64,77,7,4,0,182,364
35100,"Simcoe North/Simcoe-Nord"," 6","Ramara",16,4,96,133,8,0,0,257,479
35100,"Simcoe North/Simcoe-Nord"," 7","Ramara",23,2,90,60,6,0,0,181,316
35100,"Simcoe North/Simcoe-Nord"," 8","Ramara",11,2,71,57,8,1,0,150,271
35100,"Simcoe North/Simcoe-Nord"," 9","Severn",16,2,47,88,7,2,0,162,308
35100,"Simcoe North/Simcoe-Nord"," 10","Severn",8,0,50,71,10,1,1,141,288
35100,"Simcoe North/Simcoe-Nord"," 11","Severn",15,1,48,115,5,3,0,187,320
35100,"Simcoe North/Simcoe-Nord"," 12","Severn",20,0,48,83,8,0,0,159,327
35100,"Simcoe North/Simcoe-Nord"," 13","Severn",22,3,66,105,17,1,0,214,473
35100,"Simcoe North/Simcoe-Nord"," 14","Severn",18,2,88,79,3,0,0,190,345
35100,"Simcoe North/Simcoe-Nord"," 15","Severn",18,2,42,74,7,2,0,145,308
35100,"Simcoe North/Simcoe-Nord"," 16","Severn",9,1,75,98,9,3,0,195,369
35100,"Simcoe North/Simcoe-Nord"," 17","Ramara",31,5,90,94,7,5,0,232,410
35100,"Simcoe North/Simcoe-Nord"," 18","Ramara",15,2,68,92,6,0,0,183,365
35100,"Simcoe North/Simcoe-Nord"," 19","Ramara",106,6,190,28,10,1,1,342,518
35100,"Simcoe North/Simcoe-Nord"," 20","Ramara",21,5,66,108,4,4,0,208,419
35100,"Simcoe North/Simcoe-Nord"," 21","Ramara",19,3,66,83,6,3,1,181,312
35100,"Simcoe North/Simcoe-Nord"," 22","Ramara",21,4,55,81,4,3,0,168,304
35100,"Simcoe North/Simcoe-Nord"," 23","Ramara",16,3,85,83,6,1,0,194,337
35100,"Simcoe North/Simcoe-Nord"," 24","Ramara",13,0,35,62,2,0,1,113,246
35100,"Simcoe North/Simcoe-Nord"," 25","Ramara",20,3,39,95,3,0,0,160,376
35100,"Simcoe North/Simcoe-Nord"," 26","Ramara",23,6,82,131,4,1,0,247,456
35100,"Simcoe North/Simcoe-Nord"," 27","Ramara",17,3,78,120,3,2,0,223,413
35100,"Simcoe North/Simcoe-Nord"," 28","Ramara",11,1,60,79,2,0,1,154,358
35100,"Simcoe North/Simcoe-Nord"," 29","Ramara",17,0,54,85,11,2,1,170,332
35100,"Simcoe North/Simcoe-Nord"," 30","Ramara",16,2,80,60,4,2,0,164,310
35100,"Simcoe North/Simcoe-Nord"," 31","Ramara",14,2,51,137,7,2,2,215,399
35100,"Simcoe North/Simcoe-Nord"," 32","Ramara",9,2,54,72,3,1,0,141,256
35100,"Simcoe North/Simcoe-Nord"," 33","Ramara",14,1,60,102,1,2,1,181,322
35100,"Simcoe North/Simcoe-Nord"," 34","Ramara",15,2,67,132,3,1,0,220,383
35100,"Simcoe North/Simcoe-Nord"," 35","Ramara",4,1,61,96,1,0,0,163,259
35100,"Simcoe North/Simcoe-Nord"," 36","Ramara",9,0,56,103,4,0,0,172,250
35100,"Simcoe North/Simcoe-Nord"," 37","Oro-Medonte",9,1,47,65,10,0,0,132,313
35100,"Simcoe North/Simcoe-Nord"," 38A","Orillia",Merged with No./Fusionné avec le n°199,,,,,,,,104
35100,"Simcoe North/Simcoe-Nord"," 38B","Oro-Medonte",8,2,62,77,4,4,1,158,326
35100,"Simcoe North/Simcoe-Nord"," 39","Oro-Medonte",Merged with No./Fusionné avec le n°41,,,,,,,,302
35100,"Simcoe North/Simcoe-Nord"," 40","Oro-Medonte",12,0,68,131,12,2,0,225,378
35100,"Simcoe North/Simcoe-Nord"," 41","Oro-Medonte",27,3,126,198,13,0,0,367,306
35100,"Simcoe North/Simcoe-Nord"," 42","Oro-Medonte",16,0,78,85,11,1,0,191,305
35100,"Simcoe North/Simcoe-Nord"," 43","Oro-Medonte",16,1,63,92,8,2,0,182,327
35100,"Simcoe North/Simcoe-Nord"," 44","Severn",9,0,46,60,4,5,0,124,260
35100,"Simcoe North/Simcoe-Nord"," 45","Orillia",27,6,65,63,4,0,0,165,416
35100,"Simcoe North/Simcoe-Nord"," 46","Orillia",24,6,86,51,4,3,1,175,338
35100,"Simcoe North/Simcoe-Nord"," 47","Orillia",30,3,115,144,14,0,1,307,626
35100,"Simcoe North/Simcoe-Nord"," 48","Oro-Medonte",17,2,69,124,7,1,1,221,469
35100,"Simcoe North/Simcoe-Nord"," 49","Oro-Medonte",23,4,94,161,15,3,0,300,271
35100,"Simcoe North/Simcoe-Nord"," 50","Severn",12,0,29,85,12,1,1,140,331
35100,"Simcoe North/Simcoe-Nord"," 51","Severn",16,2,58,92,4,2,0,174,340
35100,"Simcoe North/Simcoe-Nord"," 52","Severn",10,3,53,102,8,2,0,178,317
35100,"Simcoe North/Simcoe-Nord"," 53","Severn",17,4,69,110,6,0,1,207,365
35100,"Simcoe North/Simcoe-Nord"," 54","Severn",9,1,71,87,5,2,0,175,324
35100,"Simcoe North/Simcoe-Nord"," 55","Severn",18,4,73,102,4,0,0,201,307
35100,"Simcoe North/Simcoe-Nord"," 56","Severn",13,6,53,87,3,1,1,164,294
35100,"Simcoe North/Simcoe-Nord"," 57","Tay",14,0,59,62,10,0,1,146,351
35100,"Simcoe North/Simcoe-Nord"," 58","Tay",19,4,54,59,20,0,0,156,356
35100,"Simcoe North/Simcoe-Nord"," 59","Tay",6,0,52,66,7,1,1,133,358
35100,"Simcoe North/Simcoe-Nord"," 60","Tay",34,2,78,103,12,4,0,233,487
35100,"Simcoe North/Simcoe-Nord"," 61","Tay",25,1,62,60,8,0,0,156,303
35100,"Simcoe North/Simcoe-Nord"," 62","Tay",16,0,45,52,4,2,0,119,247
35100,"Simcoe North/Simcoe-Nord"," 63","Tay",27,1,86,86,8,0,0,208,442
35100,"Simcoe North/Simcoe-Nord"," 64","Tay",25,1,65,78,9,0,1,179,362
35100,"Simcoe North/Simcoe-Nord"," 65","Tay",17,0,65,66,15,2,0,165,318
35100,"Simcoe North/Simcoe-Nord"," 66","Tay",45,0,86,61,12,0,1,205,413
35100,"Simcoe North/Simcoe-Nord"," 67","Midland",20,0,90,62,6,1,0,179,406
35100,"Simcoe North/Simcoe-Nord"," 68","Midland",16,0,70,64,7,0,0,157,389
35100,"Simcoe North/Simcoe-Nord"," 69","Midland",36,1,139,68,13,1,1,259,336
35100,"Simcoe North/Simcoe-Nord"," 70","Midland",Merged with No./Fusionné avec le n°69,,,,,,,,272
35100,"Simcoe North/Simcoe-Nord"," 71","Midland",10,1,83,48,7,0,0,149,344
35100,"Simcoe North/Simcoe-Nord"," 72","Midland",16,1,69,77,3,0,1,167,516
35100,"Simcoe North/Simcoe-Nord"," 73","Penetanguishene",15,0,73,55,11,1,0,155,298
35100,"Simcoe North/Simcoe-Nord"," 74","Penetanguishene",6,0,74,56,2,0,0,138,273
35100,"Simcoe North/Simcoe-Nord"," 75","Penetanguishene",27,0,86,50,7,0,0,170,337
35100,"Simcoe North/Simcoe-Nord"," 76","Penetanguishene",24,0,71,50,6,1,0,152,319
35100,"Simcoe North/Simcoe-Nord"," 77","Penetanguishene",22,1,70,42,12,2,0,149,340
35100,"Simcoe North/Simcoe-Nord"," 78","Penetanguishene",22,1,90,49,10,0,0,172,346
35100,"Simcoe North/Simcoe-Nord"," 79","Tiny",12,0,70,39,11,0,0,132,285
35100,"Simcoe North/Simcoe-Nord"," 80","Tiny",19,0,58,47,7,0,0,131,296
35100,"Simcoe North/Simcoe-Nord"," 81","Tiny",19,1,57,64,20,0,1,162,338
35100,"Simcoe North/Simcoe-Nord"," 82","Tiny",18,0,89,56,12,1,1,177,341
35100,"Simcoe North/Simcoe-Nord"," 83","Tiny",24,0,69,47,7,0,0,147,340
35100,"Simcoe North/Simcoe-Nord"," 84","Christian Island 30",71,0,183,20,5,0,0,279,421
35100,"Simcoe North/Simcoe-Nord"," 85","Tiny",25,1,83,54,14,0,1,178,312
35100,"Simcoe North/Simcoe-Nord"," 86","Tiny",11,0,78,45,11,2,0,147,338
35100,"Simcoe North/Simcoe-Nord"," 87A","Tiny",35,2,173,91,26,3,1,331,270
35100,"Simcoe North/Simcoe-Nord"," 87B","Mobile poll/Bureau itinérant",7,1,48,27,3,2,2,90,53
35100,"Simcoe North/Simcoe-Nord"," 88","Tiny",30,0,61,52,4,0,0,147,303
35100,"Simcoe North/Simcoe-Nord"," 89","Tiny",Merged with No./Fusionné avec le n°87A,,,,,,,,298
35100,"Simcoe North/Simcoe-Nord"," 90","Tiny",18,2,92,52,12,0,0,176,336
35100,"Simcoe North/Simcoe-Nord"," 91","Tiny",15,0,74,52,7,0,1,149,290
35100,"Simcoe North/Simcoe-Nord"," 92","Penetanguishene",30,0,115,82,14,0,0,241,272
35100,"Simcoe North/Simcoe-Nord"," 93","Penetanguishene",5,0,82,65,12,0,0,164,403
35100,"Simcoe North/Simcoe-Nord"," 94","Penetanguishene",19,1,74,47,7,0,2,150,378
35100,"Simcoe North/Simcoe-Nord"," 95","Penetanguishene",23,1,77,49,12,0,0,162,391
35100,"Simcoe North/Simcoe-Nord"," 96A","Penetanguishene",16,1,111,70,6,0,1,205,411
35100,"Simcoe North/Simcoe-Nord"," 96B","Penetanguishene",15,1,81,37,6,1,0,141,272
35100,"Simcoe North/Simcoe-Nord"," 97","Penetanguishene",Merged with No./Fusionné avec le n°92,,,,,,,,337
35100,"Simcoe North/Simcoe-Nord"," 98","Penetanguishene",22,1,75,59,10,1,0,168,355
35100,"Simcoe North/Simcoe-Nord"," 99","Penetanguishene",15,0,75,88,8,1,0,187,387
35100,"Simcoe North/Simcoe-Nord"," 100","Penetanguishene",11,0,74,47,12,1,2,147,303
35100,"Simcoe North/Simcoe-Nord"," 101","Penetanguishene",20,1,106,56,17,2,2,204,400
35100,"Simcoe North/Simcoe-Nord"," 102","Penetanguishene",24,0,87,62,8,1,0,182,373
35100,"Simcoe North/Simcoe-Nord"," 103","Penetanguishene",20,0,81,53,9,0,1,164,421
35100,"Simcoe North/Simcoe-Nord"," 104","Penetanguishene",31,1,84,63,12,0,1,192,375
35100,"Simcoe North/Simcoe-Nord"," 105","Midland",24,1,92,71,25,1,1,215,453
35100,"Simcoe North/Simcoe-Nord"," 106","Midland",24,1,101,65,19,3,2,215,481
35100,"Simcoe North/Simcoe-Nord"," 107","Midland",21,0,83,66,13,0,0,183,440
35100,"Simcoe North/Simcoe-Nord"," 108","Midland",23,0,74,34,5,1,0,137,398
35100,"Simcoe North/Simcoe-Nord"," 109","Midland",20,1,116,110,10,4,1,262,537
35100,"Simcoe North/Simcoe-Nord"," 110","Midland",15,0,95,96,16,0,1,223,509
35100,"Simcoe North/Simcoe-Nord"," 111","Tay",27,0,47,50,7,0,0,131,275
35100,"Simcoe North/Simcoe-Nord"," 112","Tay",22,1,56,44,5,0,1,129,313
35100,"Simcoe North/Simcoe-Nord"," 113","Tay",40,1,51,49,6,0,0,147,294
35100,"Simcoe North/Simcoe-Nord"," 114","Tay",32,3,122,111,12,1,1,282,285
35100,"Simcoe North/Simcoe-Nord"," 115","Tay",13,0,55,46,7,1,1,123,329
35100,"Simcoe North/Simcoe-Nord"," 116","Tay",Merged with No./Fusionné avec le n°114,,,,,,,,289
35100,"Simcoe North/Simcoe-Nord"," 117","Midland",23,1,63,63,10,0,3,163,398
35100,"Simcoe North/Simcoe-Nord"," 118","Midland",14,0,72,57,11,3,0,157,365
35100,"Simcoe North/Simcoe-Nord"," 119","Midland",22,2,65,53,8,0,1,151,364
35100,"Simcoe North/Simcoe-Nord"," 120A","Midland",18,0,59,57,6,1,0,141,337
35100,"Simcoe North/Simcoe-Nord"," 120B","Mobile poll/Bureau itinérant",Merged with No./Fusionné avec le n°87B,,,,,,,,46
35100,"Simcoe North/Simcoe-Nord"," 121","Midland",33,1,75,55,17,1,2,184,446
35100,"Simcoe North/Simcoe-Nord"," 122","Midland",15,1,74,59,14,1,1,165,405
35100,"Simcoe North/Simcoe-Nord"," 123A","Midland",22,1,72,48,6,0,0,149,326
35100,"Simcoe North/Simcoe-Nord"," 123B","Midland",10,4,26,35,6,1,4,86,166
35100,"Simcoe North/Simcoe-Nord"," 124","Midland",30,0,75,47,13,6,3,174,401
35100,"Simcoe North/Simcoe-Nord"," 125","Midland",15,0,76,42,17,0,3,153,412
35100,"Simcoe North/Simcoe-Nord"," 126","Midland",15,0,76,48,5,0,0,144,402
35100,"Simcoe North/Simcoe-Nord"," 127","Midland",22,1,56,48,6,0,0,133,349
35100,"Simcoe North/Simcoe-Nord"," 128","Midland",16,0,68,55,7,0,1,147,360
35100,"Simcoe North/Simcoe-Nord"," 129","Midland",20,0,59,50,14,0,1,144,348
35100,"Simcoe North/Simcoe-Nord"," 130","Midland",34,2,143,86,16,2,0,283,347
35100,"Simcoe North/Simcoe-Nord"," 131A","Midland",Merged with No./Fusionné avec le n°130,,,,,,,,254
35100,"Simcoe North/Simcoe-Nord"," 131B","Midland",5,0,25,25,3,1,1,60,113
35100,"Simcoe North/Simcoe-Nord"," 132","Midland",32,0,90,78,14,2,1,217,459
35100,"Simcoe North/Simcoe-Nord"," 133","Midland",20,0,88,85,12,1,0,206,457
35100,"Simcoe North/Simcoe-Nord"," 134","Midland",20,0,42,30,5,1,1,99,307
35100,"Simcoe North/Simcoe-Nord"," 135","Midland",14,0,94,68,13,1,1,191,386
35100,"Simcoe North/Simcoe-Nord"," 136","Midland",23,1,97,109,16,1,2,249,504
35100,"Simcoe North/Simcoe-Nord"," 137","Tay",23,1,75,64,15,1,0,179,364
35100,"Simcoe North/Simcoe-Nord"," 138","Tay",11,0,80,90,10,0,0,191,312
35100,"Simcoe North/Simcoe-Nord"," 139","Tay",7,0,47,83,10,0,0,147,300
35100,"Simcoe North/Simcoe-Nord"," 140","Tay",28,1,46,60,15,0,0,150,326
35100,"Simcoe North/Simcoe-Nord"," 141","Tay",16,0,60,72,7,0,0,155,349
35100,"Simcoe North/Simcoe-Nord"," 142","Tay",24,0,72,96,21,0,0,213,428
35100,"Simcoe North/Simcoe-Nord"," 143","Tay",16,0,54,57,5,0,0,132,327
35100,"Simcoe North/Simcoe-Nord"," 144","Tay",11,0,67,79,9,0,0,166,335
35100,"Simcoe North/Simcoe-Nord"," 145","Tiny",18,0,62,80,13,1,0,174,328
35100,"Simcoe North/Simcoe-Nord"," 146","Tiny",10,0,25,35,6,0,1,77,167
35100,"Simcoe North/Simcoe-Nord"," 147","Tiny",13,0,82,81,9,2,0,187,410
35100,"Simcoe North/Simcoe-Nord"," 148","Tiny",15,0,89,71,17,0,0,192,384
35100,"Simcoe North/Simcoe-Nord"," 149","Tiny",19,1,92,89,9,2,0,212,369
35100,"Simcoe North/Simcoe-Nord"," 150","Tiny",17,0,77,70,4,1,0,169,315
35100,"Simcoe North/Simcoe-Nord"," 151","Tiny",16,2,86,81,12,1,1,199,339
35100,"Simcoe North/Simcoe-Nord"," 152","Tiny",19,1,62,68,11,0,0,161,343
35100,"Simcoe North/Simcoe-Nord"," 153","Tiny",26,4,175,142,18,0,1,366,324
35100,"Simcoe North/Simcoe-Nord"," 154","Tiny",Merged with No./Fusionné avec le n°153,,,,,,,,348
35100,"Simcoe North/Simcoe-Nord"," 155","Tiny",14,0,87,96,8,0,1,206,325
35100,"Simcoe North/Simcoe-Nord"," 156","Tiny",14,0,63,74,15,0,0,166,278
35100,"Simcoe North/Simcoe-Nord"," 157","Tiny",18,0,46,104,16,0,0,184,311
35100,"Simcoe North/Simcoe-Nord"," 158","Tiny",7,2,97,73,8,2,0,189,333
35100,"Simcoe North/Simcoe-Nord"," 159","Tiny",20,1,71,92,5,0,1,190,380
35100,"Simcoe North/Simcoe-Nord"," 160","Tiny",25,0,76,64,13,0,0,178,337
35100,"Simcoe North/Simcoe-Nord"," 161","Severn",28,2,50,118,14,1,2,215,378
35100,"Simcoe North/Simcoe-Nord"," 162","Severn",17,2,48,90,11,1,0,169,323
35100,"Simcoe North/Simcoe-Nord"," 163","Severn",37,0,70,107,8,1,0,223,399
35100,"Simcoe North/Simcoe-Nord"," 164","Severn",17,4,66,145,13,1,0,246,453
35100,"Simcoe North/Simcoe-Nord"," 165","Oro-Medonte",18,1,63,111,11,1,0,205,383
35100,"Simcoe North/Simcoe-Nord"," 166","Oro-Medonte",21,0,72,126,10,2,1,232,434
35100,"Simcoe North/Simcoe-Nord"," 167","Oro-Medonte",21,2,40,87,8,1,1,160,327
35100,"Simcoe North/Simcoe-Nord"," 168","Oro-Medonte",20,4,70,141,2,1,1,239,438
35100,"Simcoe North/Simcoe-Nord"," 169","Oro-Medonte",9,4,51,114,5,2,2,187,329
35100,"Simcoe North/Simcoe-Nord"," 170","Oro-Medonte",23,1,73,123,4,0,0,224,441
35100,"Simcoe North/Simcoe-Nord"," 171","Oro-Medonte",18,4,94,169,3,1,0,289,384
35100,"Simcoe North/Simcoe-Nord"," 172","Oro-Medonte",9,3,58,124,9,3,0,206,310
35100,"Simcoe North/Simcoe-Nord"," 173","Oro-Medonte",11,3,55,110,6,2,0,187,318
35100,"Simcoe North/Simcoe-Nord"," 174","Severn",33,3,82,135,11,4,0,268,485
35100,"Simcoe North/Simcoe-Nord"," 175","Severn",14,5,76,146,8,1,0,250,451
35100,"Simcoe North/Simcoe-Nord"," 176","Severn",27,1,71,106,14,0,0,219,430
35100,"Simcoe North/Simcoe-Nord"," 177","Orillia",12,6,93,111,11,0,0,233,448
35100,"Simcoe North/Simcoe-Nord"," 178","Orillia",12,4,59,67,4,4,0,150,328
35100,"Simcoe North/Simcoe-Nord"," 179","Orillia",19,1,76,66,6,2,0,170,385
35100,"Simcoe North/Simcoe-Nord"," 180","Orillia",24,3,80,91,9,1,0,208,418
35100,"Simcoe North/Simcoe-Nord"," 181","Orillia",28,5,76,78,7,0,0,194,417
35100,"Simcoe North/Simcoe-Nord"," 182A","Orillia",11,8,55,51,1,0,0,126,228
35100,"Simcoe North/Simcoe-Nord"," 182B","Orillia",3,0,11,10,0,1,2,27,67
35100,"Simcoe North/Simcoe-Nord"," 183","Orillia",15,2,95,116,3,1,1,233,409
35100,"Simcoe North/Simcoe-Nord"," 184A","Orillia",15,4,61,56,9,2,0,147,328
35100,"Simcoe North/Simcoe-Nord"," 184B","Mobile poll/Bureau itinérant",Merged with No./Fusionné avec le n°501,,,,,,,,34
35100,"Simcoe North/Simcoe-Nord"," 185","Orillia",29,5,81,64,7,2,0,188,400
35100,"Simcoe North/Simcoe-Nord"," 186","Orillia",27,13,89,59,9,3,0,200,376
35100,"Simcoe North/Simcoe-Nord"," 187","Orillia",17,10,108,73,14,1,0,223,406
35100,"Simcoe North/Simcoe-Nord"," 188A","Orillia",Merged with No./Fusionné avec le n°191,,,,,,,,156
35100,"Simcoe North/Simcoe-Nord"," 188B","Orillia",14,3,84,94,4,0,1,200,288
35100,"Simcoe North/Simcoe-Nord"," 188C","Orillia",2,1,10,16,1,2,0,32,142
35100,"Simcoe North/Simcoe-Nord"," 188D","Orillia",4,0,28,12,2,0,1,47,125
35100,"Simcoe North/Simcoe-Nord"," 189","Orillia",17,6,95,57,8,1,0,184,435
35100,"Simcoe North/Simcoe-Nord"," 190","Orillia",25,5,79,48,4,1,1,163,476
35100,"Simcoe North/Simcoe-Nord"," 191","Orillia",27,10,89,55,3,0,0,184,425
35100,"Simcoe North/Simcoe-Nord"," 192","Orillia",32,8,76,70,5,0,0,191,506
35100,"Simcoe North/Simcoe-Nord"," 193","Orillia",7,3,71,96,5,1,0,183,379
35100,"Simcoe North/Simcoe-Nord"," 194","Orillia",18,0,80,68,7,2,1,176,426
35100,"Simcoe North/Simcoe-Nord"," 195","Orillia",10,6,62,48,5,0,0,131,323
35100,"Simcoe North/Simcoe-Nord"," 196","Orillia",29,5,58,45,6,2,0,145,412
35100,"Simcoe North/Simcoe-Nord"," 197","Orillia",24,2,61,77,8,0,0,172,387
35100,"Simcoe North/Simcoe-Nord"," 198","Orillia",18,5,54,74,7,0,0,158,452
35100,"Simcoe North/Simcoe-Nord"," 199","Orillia",16,4,126,134,4,0,0,284,464
35100,"Simcoe North/Simcoe-Nord"," 200","Orillia",46,3,95,94,13,2,0,253,410
35100,"Simcoe North/Simcoe-Nord"," 201A","Orillia",Merged with No./Fusionné avec le n°200,,,,,,,,216
35100,"Simcoe North/Simcoe-Nord"," 201B","Orillia",Merged with No./Fusionné avec le n°204,,,,,,,,207
35100,"Simcoe North/Simcoe-Nord"," 202","Orillia",28,5,78,92,13,6,0,222,493
35100,"Simcoe North/Simcoe-Nord"," 203","Orillia",32,2,89,87,4,1,0,215,483
35100,"Simcoe North/Simcoe-Nord"," 204","Orillia",51,7,98,122,13,2,0,293,470
35100,"Simcoe North/Simcoe-Nord"," 205","Orillia",39,4,94,83,8,3,2,233,501
35100,"Simcoe North/Simcoe-Nord"," 206","Orillia",12,2,75,80,11,0,0,180,356
35100,"Simcoe North/Simcoe-Nord"," 207","Orillia",20,7,71,62,14,0,1,175,334
35100,"Simcoe North/Simcoe-Nord"," 208","Orillia",28,4,43,54,6,1,2,138,343
35100,"Simcoe North/Simcoe-Nord"," 209A","Orillia",15,4,55,58,2,0,0,134,234
35100,"Simcoe North/Simcoe-Nord"," 209B","Orillia",1,1,21,29,0,1,2,55,94
35100,"Simcoe North/Simcoe-Nord"," 210","Orillia",16,3,68,61,2,3,0,153,321
35100,"Simcoe North/Simcoe-Nord"," 211","Orillia",28,5,51,71,5,2,0,162,290
35100,"Simcoe North/Simcoe-Nord"," 212","Oro-Medonte",Merged with No./Fusionné avec le n°49,,,,,,,,341
35100,"Simcoe North/Simcoe-Nord"," 213","Orillia",10,2,69,58,6,3,1,149,274
35100,"Simcoe North/Simcoe-Nord"," 214","Orillia",11,6,68,76,1,2,0,164,313
35100,"Simcoe North/Simcoe-Nord"," 215","Orillia",20,2,85,69,2,1,0,179,421
35100,"Simcoe North/Simcoe-Nord"," 216A","Orillia",9,9,66,53,7,1,0,145,257
35100,"Simcoe North/Simcoe-Nord"," 216B","Orillia",5,1,8,17,1,0,0,32,45
35100,"Simcoe North/Simcoe-Nord"," 217","Orillia",31,3,112,64,8,1,0,219,447
35100,"Simcoe North/Simcoe-Nord"," 218","Orillia",40,9,97,103,9,2,2,262,545
35100,"Simcoe North/Simcoe-Nord"," 219","Orillia",30,8,100,75,7,2,1,223,489
35100,"Simcoe North/Simcoe-Nord"," 220","Orillia",21,12,77,47,10,1,2,170,466
35100,"Simcoe North/Simcoe-Nord"," 221A","Orillia",18,2,66,63,10,1,0,160,409
35100,"Simcoe North/Simcoe-Nord"," 221B","Orillia",4,3,16,17,0,0,0,40,67
35100,"Simcoe North/Simcoe-Nord"," 222","Orillia",26,1,53,72,6,4,0,162,401
35100,"Simcoe North/Simcoe-Nord"," 223","Orillia",18,9,74,76,6,2,0,185,415
35100,"Simcoe North/Simcoe-Nord"," 224","Orillia",38,7,90,87,3,1,1,227,478
35100,"Simcoe North/Simcoe-Nord"," 225","Orillia",30,6,67,77,6,2,0,188,438
35100,"Simcoe North/Simcoe-Nord"," 226","Orillia",32,6,47,63,8,3,0,159,428
35100,"Simcoe North/Simcoe-Nord"," 227","Orillia",16,1,47,57,4,0,0,125,280
35100,"Simcoe North/Simcoe-Nord"," 228","Orillia",23,6,74,64,3,0,0,170,380
35100,"Simcoe North/Simcoe-Nord"," 229","Orillia",19,5,64,64,4,2,0,158,481
35100,"Simcoe North/Simcoe-Nord"," 230","Orillia",12,3,83,89,11,1,0,199,416
35100,"Simcoe North/Simcoe-Nord"," 231","Orillia",19,2,71,110,7,2,3,214,537
35100,"Simcoe North/Simcoe-Nord"," 400","Orillia",4,2,10,31,1,0,1,49,159
35100,"Simcoe North/Simcoe-Nord"," 401","Penetanguishene","Electors voted by special ballot in Group 2",,,,,,,,113
35100,"Simcoe North/Simcoe-Nord"," 500","Mobile poll/Bureau itinérant",2,0,22,18,2,2,0,46,86
35100,"Simcoe North/Simcoe-Nord"," 501","Mobile poll/Bureau itinérant",5,1,22,33,1,0,2,64,84
35100,"Simcoe North/Simcoe-Nord"," 600","Tiny",36,0,176,135,21,1,1,370,
35100,"Simcoe North/Simcoe-Nord"," 601","Tiny",45,0,223,226,23,1,2,520,
35100,"Simcoe North/Simcoe-Nord"," 602","Penetanguishene",117,3,560,392,58,2,0,1132,
35100,"Simcoe North/Simcoe-Nord"," 603","Midland",130,0,466,463,64,6,2,1131,
35100,"Simcoe North/Simcoe-Nord"," 604","Tay",52,0,201,270,32,1,0,556,
35100,"Simcoe North/Simcoe-Nord"," 605","Midland",137,4,555,556,67,2,0,1321,
35100,"Simcoe North/Simcoe-Nord"," 606","Tiny",38,1,173,191,28,1,1,433,
35100,"Simcoe North/Simcoe-Nord"," 607","Tay",61,2,222,267,33,1,1,587,
35100,"Simcoe North/Simcoe-Nord"," 608","Severn",20,6,104,205,10,0,0,345,
35100,"Simcoe North/Simcoe-Nord"," 609","Severn",29,4,167,292,17,1,1,511,
35100,"Simcoe North/Simcoe-Nord"," 610","Orillia",84,3,367,437,20,5,4,920,
35100,"Simcoe North/Simcoe-Nord"," 611","Severn",26,4,129,285,10,4,0,458,
35100,"Simcoe North/Simcoe-Nord"," 612","Severn",32,3,146,241,12,0,2,436,
35100,"Simcoe North/Simcoe-Nord"," 613","Ramara",42,0,135,197,5,2,3,384,
35100,"Simcoe North/Simcoe-Nord"," 614","Orillia",78,9,392,392,25,7,0,903,
35100,"Simcoe North/Simcoe-Nord"," 615","Orillia",88,14,331,437,38,5,0,913,
35100,"Simcoe North/Simcoe-Nord"," 616","Orillia",83,14,277,418,26,9,2,829,
35100,"Simcoe North/Simcoe-Nord"," 617","Oro-Medonte",36,2,127,275,7,0,2,449,
35100,"Simcoe North/Simcoe-Nord"," 618","Ramara",27,2,157,274,12,3,0,475,
35100,"Simcoe North/Simcoe-Nord",,"Group 1/Groupe 1",8,2,71,53,5,2,6,147,83
35100,"Simcoe North/Simcoe-Nord",,"Group 2/Groupe 2",261,39,861,1094,96,15,51,2417,
