﻿Electoral District Number/Numéro de circonscription,Electoral District Name/Nom de circonscription,Polling Station Number/Numéro du bureau de scrutin,Polling Station Name/Nom du bureau de scrutin,Stella Ambler,Ariana Burgener,Eric Guerbilsky,Sven Spengemann,Dagmar Sullivan,Paul Woodworth,Rejected Ballots/Bulletins rejetés,Total Votes/Total des votes,Electors/Électeurs
35061,"Mississauga--Lakeshore/Mississauga--Lakeshore"," 1","Mississauga",156,3,10,124,0,1,3,297,476
35061,"Mississauga--Lakeshore/Mississauga--Lakeshore"," 2","Mississauga",114,7,19,134,1,2,1,278,448
35061,"Mississauga--Lakeshore/Mississauga--Lakeshore"," 3","Mississauga",131,1,10,129,0,3,2,276,389
35061,"Mississauga--Lakeshore/Mississauga--Lakeshore"," 4","Mississauga",93,5,15,116,0,1,0,230,366
35061,"Mississauga--Lakeshore/Mississauga--Lakeshore"," 5","Mississauga",103,7,23,125,1,2,3,264,406
35061,"Mississauga--Lakeshore/Mississauga--Lakeshore"," 6","Mississauga",92,7,24,101,1,1,1,227,433
35061,"Mississauga--Lakeshore/Mississauga--Lakeshore"," 7","Mississauga",97,9,25,93,1,1,0,226,413
35061,"Mississauga--Lakeshore/Mississauga--Lakeshore"," 8","Mississauga",83,3,25,106,0,0,1,218,388
35061,"Mississauga--Lakeshore/Mississauga--Lakeshore"," 9","Mississauga",99,4,16,101,0,1,1,222,406
35061,"Mississauga--Lakeshore/Mississauga--Lakeshore"," 10","Mississauga",89,21,1,97,12,2,0,222,441
35061,"Mississauga--Lakeshore/Mississauga--Lakeshore"," 11","Mississauga",123,3,10,111,0,3,2,252,459
35061,"Mississauga--Lakeshore/Mississauga--Lakeshore"," 12","Mississauga",101,9,19,112,0,1,0,242,394
35061,"Mississauga--Lakeshore/Mississauga--Lakeshore"," 13","Mississauga",73,6,19,117,2,3,2,222,379
35061,"Mississauga--Lakeshore/Mississauga--Lakeshore"," 14","Mississauga",99,6,15,105,1,3,1,230,411
35061,"Mississauga--Lakeshore/Mississauga--Lakeshore"," 15","Mississauga",84,5,13,123,0,0,0,225,360
35061,"Mississauga--Lakeshore/Mississauga--Lakeshore"," 16","Mississauga",91,6,15,84,0,0,0,196,350
35061,"Mississauga--Lakeshore/Mississauga--Lakeshore"," 17","Mississauga",66,5,18,107,0,1,0,197,377
35061,"Mississauga--Lakeshore/Mississauga--Lakeshore"," 18","Mississauga",82,3,5,98,0,0,0,188,377
35061,"Mississauga--Lakeshore/Mississauga--Lakeshore"," 19","Mississauga",72,7,14,86,1,0,0,180,379
35061,"Mississauga--Lakeshore/Mississauga--Lakeshore"," 20","Mississauga",87,2,12,92,0,1,1,195,404
35061,"Mississauga--Lakeshore/Mississauga--Lakeshore"," 21","Mississauga",109,2,25,105,0,1,0,242,456
35061,"Mississauga--Lakeshore/Mississauga--Lakeshore"," 22","Mississauga",84,6,14,87,1,0,4,196,367
35061,"Mississauga--Lakeshore/Mississauga--Lakeshore"," 23","Mississauga",93,7,27,84,0,1,1,213,461
35061,"Mississauga--Lakeshore/Mississauga--Lakeshore"," 24","Mississauga",61,4,16,84,0,3,0,168,379
35061,"Mississauga--Lakeshore/Mississauga--Lakeshore"," 25","Mississauga",73,9,19,112,0,2,2,217,480
35061,"Mississauga--Lakeshore/Mississauga--Lakeshore"," 26","Mississauga",77,11,23,86,1,2,1,201,406
35061,"Mississauga--Lakeshore/Mississauga--Lakeshore"," 27","Mississauga",80,2,15,93,1,0,1,192,368
35061,"Mississauga--Lakeshore/Mississauga--Lakeshore"," 28","Mississauga",88,4,9,97,0,3,2,203,434
35061,"Mississauga--Lakeshore/Mississauga--Lakeshore"," 29","Mississauga",105,9,13,87,1,1,0,216,393
35061,"Mississauga--Lakeshore/Mississauga--Lakeshore"," 30","Mississauga",84,1,11,76,2,0,0,174,397
35061,"Mississauga--Lakeshore/Mississauga--Lakeshore"," 31","Mississauga",73,7,20,116,2,1,1,220,465
35061,"Mississauga--Lakeshore/Mississauga--Lakeshore"," 32","Mississauga",96,5,18,80,0,1,2,202,322
35061,"Mississauga--Lakeshore/Mississauga--Lakeshore"," 33","Mississauga",114,6,20,142,1,1,1,285,463
35061,"Mississauga--Lakeshore/Mississauga--Lakeshore"," 34","Mississauga",84,4,18,84,0,1,0,191,396
35061,"Mississauga--Lakeshore/Mississauga--Lakeshore"," 35","Mississauga",74,3,24,145,1,1,2,250,431
35061,"Mississauga--Lakeshore/Mississauga--Lakeshore"," 36","Mississauga",38,1,12,71,0,1,1,124,371
35061,"Mississauga--Lakeshore/Mississauga--Lakeshore"," 37","Mississauga",133,4,13,115,0,1,1,267,432
35061,"Mississauga--Lakeshore/Mississauga--Lakeshore"," 38","Mississauga",72,0,23,137,0,2,1,235,389
35061,"Mississauga--Lakeshore/Mississauga--Lakeshore"," 39","Mississauga",55,4,11,96,0,2,0,168,460
35061,"Mississauga--Lakeshore/Mississauga--Lakeshore"," 40","Mississauga",76,2,32,113,1,1,1,226,487
35061,"Mississauga--Lakeshore/Mississauga--Lakeshore"," 40-1","Mississauga",79,8,10,96,1,3,0,197,469
35061,"Mississauga--Lakeshore/Mississauga--Lakeshore"," 41","Mississauga",Void/Supprimé,,,,,,,,
35061,"Mississauga--Lakeshore/Mississauga--Lakeshore"," 42","Mississauga",Void/Supprimé,,,,,,,,
35061,"Mississauga--Lakeshore/Mississauga--Lakeshore"," 43A","Mississauga",41,2,11,84,0,2,0,140,301
35061,"Mississauga--Lakeshore/Mississauga--Lakeshore"," 43B","Mississauga",39,0,10,62,0,0,0,111,218
35061,"Mississauga--Lakeshore/Mississauga--Lakeshore"," 44","Mississauga",57,2,20,89,1,4,3,176,410
35061,"Mississauga--Lakeshore/Mississauga--Lakeshore"," 45","Mississauga",94,4,17,106,0,3,2,226,427
35061,"Mississauga--Lakeshore/Mississauga--Lakeshore"," 46","Mississauga",89,5,5,73,0,0,1,173,299
35061,"Mississauga--Lakeshore/Mississauga--Lakeshore"," 47","Mississauga",102,8,12,65,1,0,0,188,303
35061,"Mississauga--Lakeshore/Mississauga--Lakeshore"," 48","Mississauga",66,4,8,68,1,0,0,147,319
35061,"Mississauga--Lakeshore/Mississauga--Lakeshore"," 49","Mississauga",114,16,14,111,1,0,0,256,436
35061,"Mississauga--Lakeshore/Mississauga--Lakeshore"," 50","Mississauga",83,13,22,127,0,2,1,248,453
35061,"Mississauga--Lakeshore/Mississauga--Lakeshore"," 51","Mississauga",104,4,9,136,0,3,0,256,444
35061,"Mississauga--Lakeshore/Mississauga--Lakeshore"," 52","Mississauga",Void/Supprimé,,,,,,,,
35061,"Mississauga--Lakeshore/Mississauga--Lakeshore"," 53","Mississauga",66,2,26,64,0,3,0,161,385
35061,"Mississauga--Lakeshore/Mississauga--Lakeshore"," 54","Mississauga",61,5,25,106,0,4,1,202,472
35061,"Mississauga--Lakeshore/Mississauga--Lakeshore"," 55","Mississauga",85,14,27,120,0,1,2,249,451
35061,"Mississauga--Lakeshore/Mississauga--Lakeshore"," 56","Mississauga",75,1,18,98,0,1,1,194,459
35061,"Mississauga--Lakeshore/Mississauga--Lakeshore"," 57","Mississauga",53,4,14,50,2,3,1,127,414
35061,"Mississauga--Lakeshore/Mississauga--Lakeshore"," 58","Mississauga",72,6,42,74,0,1,0,195,401
35061,"Mississauga--Lakeshore/Mississauga--Lakeshore"," 59","Mississauga",58,4,26,73,0,2,0,163,341
35061,"Mississauga--Lakeshore/Mississauga--Lakeshore"," 60","Mississauga",77,2,17,75,0,2,1,174,388
35061,"Mississauga--Lakeshore/Mississauga--Lakeshore"," 61","Mississauga",55,1,18,97,2,1,0,174,420
35061,"Mississauga--Lakeshore/Mississauga--Lakeshore"," 62","Mississauga",57,2,18,98,0,1,1,177,435
35061,"Mississauga--Lakeshore/Mississauga--Lakeshore"," 63","Mississauga",46,6,14,76,1,1,0,144,375
35061,"Mississauga--Lakeshore/Mississauga--Lakeshore"," 64","Mississauga",98,11,13,123,0,0,0,245,440
35061,"Mississauga--Lakeshore/Mississauga--Lakeshore"," 65","Mississauga",64,5,16,107,1,0,0,193,376
35061,"Mississauga--Lakeshore/Mississauga--Lakeshore"," 66","Mississauga",56,13,20,106,0,2,0,197,409
35061,"Mississauga--Lakeshore/Mississauga--Lakeshore"," 67","Mississauga",70,2,9,78,0,0,1,160,282
35061,"Mississauga--Lakeshore/Mississauga--Lakeshore"," 68","Mississauga",72,4,8,92,1,2,0,179,371
35061,"Mississauga--Lakeshore/Mississauga--Lakeshore"," 69","Mississauga",97,10,12,120,0,0,0,239,451
35061,"Mississauga--Lakeshore/Mississauga--Lakeshore"," 70","Mississauga",57,4,31,98,1,2,2,195,448
35061,"Mississauga--Lakeshore/Mississauga--Lakeshore"," 71A","Mississauga",38,6,14,74,1,1,0,134,292
35061,"Mississauga--Lakeshore/Mississauga--Lakeshore"," 71B","Mississauga",33,5,13,40,0,2,0,93,230
35061,"Mississauga--Lakeshore/Mississauga--Lakeshore"," 72A","Mississauga",23,3,10,61,0,0,1,98,282
35061,"Mississauga--Lakeshore/Mississauga--Lakeshore"," 72B","Mississauga",16,1,6,36,1,0,0,60,234
35061,"Mississauga--Lakeshore/Mississauga--Lakeshore"," 73","Mississauga",52,8,26,106,0,2,1,195,470
35061,"Mississauga--Lakeshore/Mississauga--Lakeshore"," 74","Mississauga",145,5,12,95,0,1,0,258,487
35061,"Mississauga--Lakeshore/Mississauga--Lakeshore"," 75","Mississauga",105,5,7,89,0,2,0,208,367
35061,"Mississauga--Lakeshore/Mississauga--Lakeshore"," 76","Mississauga",126,3,3,58,1,1,1,193,388
35061,"Mississauga--Lakeshore/Mississauga--Lakeshore"," 77","Mississauga",160,7,10,92,0,3,1,273,387
35061,"Mississauga--Lakeshore/Mississauga--Lakeshore"," 78","Mississauga",118,4,12,97,0,2,0,233,404
35061,"Mississauga--Lakeshore/Mississauga--Lakeshore"," 79","Mississauga",112,4,6,88,1,0,0,211,446
35061,"Mississauga--Lakeshore/Mississauga--Lakeshore"," 80","Mississauga",113,5,13,112,0,0,2,245,422
35061,"Mississauga--Lakeshore/Mississauga--Lakeshore"," 81","Mississauga",83,2,7,71,0,2,0,165,337
35061,"Mississauga--Lakeshore/Mississauga--Lakeshore"," 82","Mississauga",97,1,8,70,0,0,0,176,385
35061,"Mississauga--Lakeshore/Mississauga--Lakeshore"," 83A","Mississauga",41,1,13,70,0,0,0,125,283
35061,"Mississauga--Lakeshore/Mississauga--Lakeshore"," 83B","Mississauga",53,1,7,42,0,2,0,105,264
35061,"Mississauga--Lakeshore/Mississauga--Lakeshore"," 84","Mississauga",84,2,10,82,0,1,0,179,336
35061,"Mississauga--Lakeshore/Mississauga--Lakeshore"," 85","Mississauga",99,0,6,73,1,0,0,179,309
35061,"Mississauga--Lakeshore/Mississauga--Lakeshore"," 86","Mississauga",88,3,13,71,0,0,1,176,350
35061,"Mississauga--Lakeshore/Mississauga--Lakeshore"," 87","Mississauga",66,5,17,107,0,1,0,196,489
35061,"Mississauga--Lakeshore/Mississauga--Lakeshore"," 88","Mississauga",106,4,18,107,0,0,0,235,419
35061,"Mississauga--Lakeshore/Mississauga--Lakeshore"," 89","Mississauga",98,0,15,94,1,0,0,208,377
35061,"Mississauga--Lakeshore/Mississauga--Lakeshore"," 90","Mississauga",84,3,12,76,0,1,2,178,359
35061,"Mississauga--Lakeshore/Mississauga--Lakeshore"," 91","Mississauga",102,7,11,89,1,2,2,214,491
35061,"Mississauga--Lakeshore/Mississauga--Lakeshore"," 92","Mississauga",99,6,12,113,0,1,1,232,493
35061,"Mississauga--Lakeshore/Mississauga--Lakeshore"," 93","Mississauga",80,4,9,86,0,0,0,179,411
35061,"Mississauga--Lakeshore/Mississauga--Lakeshore"," 94","Mississauga",73,2,3,65,0,0,0,143,287
35061,"Mississauga--Lakeshore/Mississauga--Lakeshore"," 95","Mississauga",68,0,5,66,0,1,0,140,292
35061,"Mississauga--Lakeshore/Mississauga--Lakeshore"," 96","Mississauga",112,6,13,127,1,2,0,261,476
35061,"Mississauga--Lakeshore/Mississauga--Lakeshore"," 97A","Mississauga",96,5,11,48,0,1,0,161,288
35061,"Mississauga--Lakeshore/Mississauga--Lakeshore"," 97B","Mississauga",61,2,3,58,0,0,0,124,213
35061,"Mississauga--Lakeshore/Mississauga--Lakeshore"," 98","Mississauga",81,4,10,68,0,1,2,166,418
35061,"Mississauga--Lakeshore/Mississauga--Lakeshore"," 99","Mississauga",110,1,5,114,0,0,0,230,431
35061,"Mississauga--Lakeshore/Mississauga--Lakeshore"," 100","Mississauga",110,1,7,81,0,1,0,200,357
35061,"Mississauga--Lakeshore/Mississauga--Lakeshore"," 101","Mississauga",110,5,10,94,0,0,0,219,385
35061,"Mississauga--Lakeshore/Mississauga--Lakeshore"," 102","Mississauga",108,3,13,88,0,1,0,213,359
35061,"Mississauga--Lakeshore/Mississauga--Lakeshore"," 103","Mississauga",89,4,12,97,0,0,1,203,375
35061,"Mississauga--Lakeshore/Mississauga--Lakeshore"," 104","Mississauga",134,3,10,69,0,1,0,217,401
35061,"Mississauga--Lakeshore/Mississauga--Lakeshore"," 105","Mississauga",116,3,7,82,0,1,2,211,379
35061,"Mississauga--Lakeshore/Mississauga--Lakeshore"," 106","Mississauga",125,3,7,68,0,0,1,204,353
35061,"Mississauga--Lakeshore/Mississauga--Lakeshore"," 107","Mississauga",136,0,3,79,0,2,0,220,420
35061,"Mississauga--Lakeshore/Mississauga--Lakeshore"," 108","Mississauga",48,3,15,75,1,0,0,142,367
35061,"Mississauga--Lakeshore/Mississauga--Lakeshore"," 109","Mississauga",72,6,25,97,0,2,0,202,492
35061,"Mississauga--Lakeshore/Mississauga--Lakeshore"," 110","Mississauga",75,2,7,101,0,1,0,186,455
35061,"Mississauga--Lakeshore/Mississauga--Lakeshore"," 111","Mississauga",74,5,10,81,0,0,0,170,401
35061,"Mississauga--Lakeshore/Mississauga--Lakeshore"," 112","Mississauga",91,5,9,97,0,0,0,202,389
35061,"Mississauga--Lakeshore/Mississauga--Lakeshore"," 113","Mississauga",129,4,11,78,0,0,1,223,402
35061,"Mississauga--Lakeshore/Mississauga--Lakeshore"," 114","Mississauga",101,4,0,65,0,1,1,172,380
35061,"Mississauga--Lakeshore/Mississauga--Lakeshore"," 115","Mississauga",113,5,5,79,0,0,0,202,437
35061,"Mississauga--Lakeshore/Mississauga--Lakeshore"," 116","Mississauga",108,9,7,70,0,0,0,194,373
35061,"Mississauga--Lakeshore/Mississauga--Lakeshore"," 117","Mississauga",78,2,11,113,1,1,1,207,391
35061,"Mississauga--Lakeshore/Mississauga--Lakeshore"," 118","Mississauga",142,5,15,112,1,3,0,278,465
35061,"Mississauga--Lakeshore/Mississauga--Lakeshore"," 119","Mississauga",92,1,10,107,1,1,1,213,452
35061,"Mississauga--Lakeshore/Mississauga--Lakeshore"," 120","Mississauga",131,2,9,72,1,3,0,218,397
35061,"Mississauga--Lakeshore/Mississauga--Lakeshore"," 121","Mississauga",101,2,4,69,0,0,0,176,401
35061,"Mississauga--Lakeshore/Mississauga--Lakeshore"," 122","Mississauga",77,2,9,71,0,1,0,160,336
35061,"Mississauga--Lakeshore/Mississauga--Lakeshore"," 123","Mississauga",71,6,11,65,0,0,0,153,352
35061,"Mississauga--Lakeshore/Mississauga--Lakeshore"," 124","Mississauga",79,3,8,73,0,1,0,164,371
35061,"Mississauga--Lakeshore/Mississauga--Lakeshore"," 125","Mississauga",100,6,21,114,0,0,0,241,393
35061,"Mississauga--Lakeshore/Mississauga--Lakeshore"," 126","Mississauga",65,17,16,111,0,3,1,213,411
35061,"Mississauga--Lakeshore/Mississauga--Lakeshore"," 127","Mississauga",53,2,8,82,1,3,0,149,403
35061,"Mississauga--Lakeshore/Mississauga--Lakeshore"," 128","Mississauga",13,4,15,97,0,2,1,132,379
35061,"Mississauga--Lakeshore/Mississauga--Lakeshore"," 129","Mississauga",20,1,20,69,0,0,2,112,363
35061,"Mississauga--Lakeshore/Mississauga--Lakeshore"," 130","Mississauga",39,6,13,82,2,2,4,148,389
35061,"Mississauga--Lakeshore/Mississauga--Lakeshore"," 131","Mississauga",17,1,23,60,1,1,1,104,336
35061,"Mississauga--Lakeshore/Mississauga--Lakeshore"," 132","Mississauga",60,4,13,90,0,0,1,168,302
35061,"Mississauga--Lakeshore/Mississauga--Lakeshore"," 133","Mississauga",112,6,17,121,0,1,0,257,391
35061,"Mississauga--Lakeshore/Mississauga--Lakeshore"," 134","Mississauga",108,2,20,108,0,1,1,240,444
35061,"Mississauga--Lakeshore/Mississauga--Lakeshore"," 135","Mississauga",67,8,10,104,0,0,2,191,371
35061,"Mississauga--Lakeshore/Mississauga--Lakeshore"," 136","Mississauga",46,3,22,76,0,1,0,148,336
35061,"Mississauga--Lakeshore/Mississauga--Lakeshore"," 137","Mississauga",80,3,31,109,1,2,2,228,392
35061,"Mississauga--Lakeshore/Mississauga--Lakeshore"," 138","Mississauga",90,2,19,110,0,1,1,223,418
35061,"Mississauga--Lakeshore/Mississauga--Lakeshore"," 139","Mississauga",71,10,14,109,0,1,1,206,495
35061,"Mississauga--Lakeshore/Mississauga--Lakeshore"," 140","Mississauga",90,0,29,117,0,0,0,236,411
35061,"Mississauga--Lakeshore/Mississauga--Lakeshore"," 141","Mississauga",102,3,27,118,1,1,0,252,422
35061,"Mississauga--Lakeshore/Mississauga--Lakeshore"," 142","Mississauga",85,4,21,103,0,1,0,214,363
35061,"Mississauga--Lakeshore/Mississauga--Lakeshore"," 143","Mississauga",77,7,21,122,0,1,4,232,390
35061,"Mississauga--Lakeshore/Mississauga--Lakeshore"," 144","Mississauga",117,9,14,127,0,0,0,267,411
35061,"Mississauga--Lakeshore/Mississauga--Lakeshore"," 145","Mississauga",106,4,15,120,0,2,1,248,458
35061,"Mississauga--Lakeshore/Mississauga--Lakeshore"," 146","Mississauga",106,6,32,104,0,0,2,250,417
35061,"Mississauga--Lakeshore/Mississauga--Lakeshore"," 147A","Mississauga",58,6,19,84,0,1,0,168,310
35061,"Mississauga--Lakeshore/Mississauga--Lakeshore"," 147B","Mississauga",48,5,11,52,0,0,0,116,239
35061,"Mississauga--Lakeshore/Mississauga--Lakeshore"," 148","Mississauga",59,7,17,76,0,0,1,160,328
35061,"Mississauga--Lakeshore/Mississauga--Lakeshore"," 149","Mississauga",51,6,29,105,0,2,0,193,421
35061,"Mississauga--Lakeshore/Mississauga--Lakeshore"," 150","Mississauga",35,5,26,107,0,4,0,177,468
35061,"Mississauga--Lakeshore/Mississauga--Lakeshore"," 151","Mississauga",38,11,19,73,0,1,1,143,308
35061,"Mississauga--Lakeshore/Mississauga--Lakeshore"," 152","Mississauga",93,4,16,85,0,2,0,200,357
35061,"Mississauga--Lakeshore/Mississauga--Lakeshore"," 153","Mississauga",78,5,27,86,0,0,1,197,351
35061,"Mississauga--Lakeshore/Mississauga--Lakeshore"," 154","Mississauga",87,7,27,79,0,1,0,201,365
35061,"Mississauga--Lakeshore/Mississauga--Lakeshore"," 155","Mississauga",114,9,27,108,1,2,1,262,433
35061,"Mississauga--Lakeshore/Mississauga--Lakeshore"," 156A","Mississauga",69,4,36,97,0,0,1,207,473
35061,"Mississauga--Lakeshore/Mississauga--Lakeshore"," 156B","Mississauga",40,7,13,67,0,2,3,132,310
35061,"Mississauga--Lakeshore/Mississauga--Lakeshore"," 157","Mississauga",106,9,21,103,1,1,0,241,442
35061,"Mississauga--Lakeshore/Mississauga--Lakeshore"," 158","Mississauga",74,6,28,109,1,2,0,220,437
35061,"Mississauga--Lakeshore/Mississauga--Lakeshore"," 159","Mississauga",88,2,14,58,1,1,0,164,309
35061,"Mississauga--Lakeshore/Mississauga--Lakeshore"," 160","Mississauga",53,2,14,99,0,3,3,174,330
35061,"Mississauga--Lakeshore/Mississauga--Lakeshore"," 161","Mississauga",61,4,16,87,1,2,2,173,379
35061,"Mississauga--Lakeshore/Mississauga--Lakeshore"," 162","Mississauga",106,6,40,112,0,0,0,264,445
35061,"Mississauga--Lakeshore/Mississauga--Lakeshore"," 163","Mississauga",67,2,19,56,0,1,3,148,265
35061,"Mississauga--Lakeshore/Mississauga--Lakeshore"," 164","Mississauga",73,3,18,85,0,2,0,181,424
35061,"Mississauga--Lakeshore/Mississauga--Lakeshore"," 165","Mississauga",39,0,17,52,0,0,1,109,308
35061,"Mississauga--Lakeshore/Mississauga--Lakeshore"," 166A","Mississauga",43,3,20,39,0,1,1,107,287
35061,"Mississauga--Lakeshore/Mississauga--Lakeshore"," 166B","Mississauga",28,2,13,39,0,0,1,83,233
35061,"Mississauga--Lakeshore/Mississauga--Lakeshore"," 167","Mississauga",Void/Supprimé,,,,,,,,
35061,"Mississauga--Lakeshore/Mississauga--Lakeshore"," 168","Mississauga",99,3,7,52,3,0,0,164,350
35061,"Mississauga--Lakeshore/Mississauga--Lakeshore"," 169","Mississauga",124,5,13,75,0,1,0,218,401
35061,"Mississauga--Lakeshore/Mississauga--Lakeshore"," 170","Mississauga",90,3,8,103,0,0,2,206,378
35061,"Mississauga--Lakeshore/Mississauga--Lakeshore"," 171","Mississauga",68,8,15,101,0,1,1,194,442
35061,"Mississauga--Lakeshore/Mississauga--Lakeshore"," 172","Mississauga",61,15,17,114,0,0,2,209,416
35061,"Mississauga--Lakeshore/Mississauga--Lakeshore"," 173","Mississauga",68,3,13,80,0,1,2,167,378
35061,"Mississauga--Lakeshore/Mississauga--Lakeshore"," 174","Mississauga",79,10,10,102,0,2,1,204,366
35061,"Mississauga--Lakeshore/Mississauga--Lakeshore"," 175","Mississauga",82,5,4,82,0,3,0,176,347
35061,"Mississauga--Lakeshore/Mississauga--Lakeshore"," 176","Mississauga",89,5,7,81,0,0,0,182,329
35061,"Mississauga--Lakeshore/Mississauga--Lakeshore"," 177","Mississauga",110,5,3,80,0,1,0,199,370
35061,"Mississauga--Lakeshore/Mississauga--Lakeshore"," 178","Mississauga",65,4,3,86,0,1,0,159,311
35061,"Mississauga--Lakeshore/Mississauga--Lakeshore"," 179","Mississauga",70,10,28,108,2,5,2,225,476
35061,"Mississauga--Lakeshore/Mississauga--Lakeshore"," 180","Mississauga",48,4,11,83,0,4,1,151,338
35061,"Mississauga--Lakeshore/Mississauga--Lakeshore"," 181A","Mississauga",40,1,15,103,0,1,0,160,267
35061,"Mississauga--Lakeshore/Mississauga--Lakeshore"," 181B","Mississauga",40,7,9,70,0,0,1,127,253
35061,"Mississauga--Lakeshore/Mississauga--Lakeshore"," 182","Mississauga",88,7,22,68,0,1,0,186,327
35061,"Mississauga--Lakeshore/Mississauga--Lakeshore"," 183","Mississauga",81,10,28,95,1,0,1,216,442
35061,"Mississauga--Lakeshore/Mississauga--Lakeshore"," 184","Mississauga",Void/Supprimé,,,,,,,,
35061,"Mississauga--Lakeshore/Mississauga--Lakeshore"," 185","Mississauga",60,5,23,105,0,2,0,195,378
35061,"Mississauga--Lakeshore/Mississauga--Lakeshore"," 186A","Mississauga",33,4,16,60,1,1,1,116,235
35061,"Mississauga--Lakeshore/Mississauga--Lakeshore"," 186B","Mississauga",57,5,14,57,0,2,0,135,269
35061,"Mississauga--Lakeshore/Mississauga--Lakeshore"," 187","Mississauga",123,3,14,115,0,0,1,256,429
35061,"Mississauga--Lakeshore/Mississauga--Lakeshore"," 188","Mississauga",121,7,10,97,0,0,0,235,462
35061,"Mississauga--Lakeshore/Mississauga--Lakeshore"," 189","Mississauga",127,16,21,138,0,1,0,303,467
35061,"Mississauga--Lakeshore/Mississauga--Lakeshore"," 190","Mississauga",92,3,0,57,0,0,0,152,320
35061,"Mississauga--Lakeshore/Mississauga--Lakeshore"," 191","Mississauga",90,10,14,118,0,0,0,232,396
35061,"Mississauga--Lakeshore/Mississauga--Lakeshore"," 192","Mississauga",120,6,25,155,1,1,1,309,504
35061,"Mississauga--Lakeshore/Mississauga--Lakeshore"," 193","Mississauga",93,3,15,138,1,3,0,253,468
35061,"Mississauga--Lakeshore/Mississauga--Lakeshore"," 194A","Mississauga",47,3,16,50,0,1,1,118,277
35061,"Mississauga--Lakeshore/Mississauga--Lakeshore"," 194B","Mississauga",37,5,16,51,1,2,0,112,263
35061,"Mississauga--Lakeshore/Mississauga--Lakeshore"," 195","Mississauga",71,8,16,93,1,0,0,189,367
35061,"Mississauga--Lakeshore/Mississauga--Lakeshore"," 196","Mississauga",Void/Supprimé,,,,,,,,
35061,"Mississauga--Lakeshore/Mississauga--Lakeshore"," 197","Mississauga",Void/Supprimé,,,,,,,,
35061,"Mississauga--Lakeshore/Mississauga--Lakeshore"," 198","Mississauga",38,5,18,87,0,0,2,150,341
35061,"Mississauga--Lakeshore/Mississauga--Lakeshore"," 400","Mississauga",117,5,14,126,0,1,0,263,365
35061,"Mississauga--Lakeshore/Mississauga--Lakeshore"," 401","Mississauga",52,1,18,105,0,4,1,181,460
35061,"Mississauga--Lakeshore/Mississauga--Lakeshore"," 402","Mississauga",25,2,16,66,1,0,1,111,247
35061,"Mississauga--Lakeshore/Mississauga--Lakeshore"," 403","Mississauga",51,3,25,98,0,2,0,179,364
35061,"Mississauga--Lakeshore/Mississauga--Lakeshore"," 404","Mississauga",19,1,12,73,0,1,0,106,233
35061,"Mississauga--Lakeshore/Mississauga--Lakeshore"," 405","Mississauga",77,7,27,106,0,2,1,220,311
35061,"Mississauga--Lakeshore/Mississauga--Lakeshore"," 406","Mississauga",89,3,21,102,0,2,1,218,357
35061,"Mississauga--Lakeshore/Mississauga--Lakeshore"," 407","Mississauga",61,5,13,109,0,2,0,190,278
35061,"Mississauga--Lakeshore/Mississauga--Lakeshore"," 408","Mississauga",45,2,6,60,2,0,1,116,152
35061,"Mississauga--Lakeshore/Mississauga--Lakeshore"," 409","Mississauga",63,3,28,77,1,0,1,173,364
35061,"Mississauga--Lakeshore/Mississauga--Lakeshore"," 410","Mississauga",41,6,19,80,3,1,0,150,335
35061,"Mississauga--Lakeshore/Mississauga--Lakeshore"," 411","Mississauga",24,0,12,60,0,0,2,98,229
35061,"Mississauga--Lakeshore/Mississauga--Lakeshore"," 412","Mississauga",44,1,10,56,0,2,0,113,260
35061,"Mississauga--Lakeshore/Mississauga--Lakeshore"," 413","Mississauga",54,3,31,70,1,0,0,159,267
35061,"Mississauga--Lakeshore/Mississauga--Lakeshore"," 414","Mississauga",36,2,12,60,1,1,1,113,260
35061,"Mississauga--Lakeshore/Mississauga--Lakeshore"," 415","Mississauga",30,2,17,45,0,0,0,94,241
35061,"Mississauga--Lakeshore/Mississauga--Lakeshore"," 416","Mississauga",39,5,14,63,0,0,0,121,198
35061,"Mississauga--Lakeshore/Mississauga--Lakeshore"," 417","Mississauga",54,2,12,65,0,0,0,133,340
35061,"Mississauga--Lakeshore/Mississauga--Lakeshore"," 418","Mississauga",75,8,18,108,1,4,1,215,313
35061,"Mississauga--Lakeshore/Mississauga--Lakeshore"," 419","Mississauga",33,1,3,26,1,1,1,66,92
35061,"Mississauga--Lakeshore/Mississauga--Lakeshore"," 420","Mississauga",75,1,10,43,0,0,0,129,169
35061,"Mississauga--Lakeshore/Mississauga--Lakeshore"," 421","Mississauga",44,1,16,93,0,2,1,157,257
35061,"Mississauga--Lakeshore/Mississauga--Lakeshore"," 422","Mississauga",54,1,1,56,0,1,0,113,165
35061,"Mississauga--Lakeshore/Mississauga--Lakeshore"," 423","Mississauga",41,1,6,58,0,0,0,106,149
35061,"Mississauga--Lakeshore/Mississauga--Lakeshore"," 424","Mississauga",81,5,19,115,0,1,0,221,309
35061,"Mississauga--Lakeshore/Mississauga--Lakeshore"," 425","Mississauga",16,1,4,17,0,0,1,39,82
35061,"Mississauga--Lakeshore/Mississauga--Lakeshore"," 426","Mississauga",45,7,12,82,0,0,1,147,232
35061,"Mississauga--Lakeshore/Mississauga--Lakeshore"," 500A","Mobile poll/Bureau itinérant",41,6,16,60,0,1,7,131,236
35061,"Mississauga--Lakeshore/Mississauga--Lakeshore"," 500B","Mobile poll/Bureau itinérant",Merged with No./Fusionné avec le n°505A,,,,,,,,159
35061,"Mississauga--Lakeshore/Mississauga--Lakeshore"," 501","Mobile poll/Bureau itinérant",44,2,8,77,1,1,0,133,206
35061,"Mississauga--Lakeshore/Mississauga--Lakeshore"," 502","Mobile poll/Bureau itinérant",85,3,9,101,0,2,5,205,282
35061,"Mississauga--Lakeshore/Mississauga--Lakeshore"," 503","Mobile poll/Bureau itinérant",37,2,6,42,0,2,7,96,207
35061,"Mississauga--Lakeshore/Mississauga--Lakeshore"," 504","Mobile poll/Bureau itinérant",16,1,2,17,0,0,1,37,195
35061,"Mississauga--Lakeshore/Mississauga--Lakeshore"," 505A","Mobile poll/Bureau itinérant",29,1,10,39,2,2,0,83,80
35061,"Mississauga--Lakeshore/Mississauga--Lakeshore"," 505B","Mobile poll/Bureau itinérant",Merged with No./Fusionné avec le n°500A,,,,,,,,72
35061,"Mississauga--Lakeshore/Mississauga--Lakeshore"," 600","Mississauga",320,17,48,371,1,1,1,759,
35061,"Mississauga--Lakeshore/Mississauga--Lakeshore"," 601","Mississauga",316,15,66,394,3,2,1,797,
35061,"Mississauga--Lakeshore/Mississauga--Lakeshore"," 602","Mississauga",330,18,68,420,0,2,1,839,
35061,"Mississauga--Lakeshore/Mississauga--Lakeshore"," 603","Mississauga",200,12,52,333,0,5,1,603,
35061,"Mississauga--Lakeshore/Mississauga--Lakeshore"," 604","Mississauga",364,22,73,480,4,1,6,950,
35061,"Mississauga--Lakeshore/Mississauga--Lakeshore"," 605","Mississauga",328,25,94,476,1,7,2,933,
35061,"Mississauga--Lakeshore/Mississauga--Lakeshore"," 606","Mississauga",460,15,39,460,0,5,1,980,
35061,"Mississauga--Lakeshore/Mississauga--Lakeshore"," 607","Mississauga",449,21,53,433,1,6,6,969,
35061,"Mississauga--Lakeshore/Mississauga--Lakeshore"," 608","Mississauga",642,27,71,619,0,1,2,1362,
35061,"Mississauga--Lakeshore/Mississauga--Lakeshore"," 609","Mississauga",632,25,75,699,2,3,3,1439,
35061,"Mississauga--Lakeshore/Mississauga--Lakeshore"," 610","Mississauga",283,20,107,517,3,3,8,941,
35061,"Mississauga--Lakeshore/Mississauga--Lakeshore"," 611","Mississauga",289,17,93,457,0,0,1,857,
35061,"Mississauga--Lakeshore/Mississauga--Lakeshore"," 612","Mississauga",384,14,125,443,1,9,2,978,
35061,"Mississauga--Lakeshore/Mississauga--Lakeshore"," 613","Mississauga",331,24,67,470,1,1,3,897,
35061,"Mississauga--Lakeshore/Mississauga--Lakeshore",,"Group 1/Groupe 1",26,7,13,59,0,2,8,115,108
35061,"Mississauga--Lakeshore/Mississauga--Lakeshore",,"Group 2/Groupe 2",878,38,167,807,1,5,51,1947,
