﻿Electoral District Number/Numéro de circonscription,Electoral District Name/Nom de circonscription,Polling Station Number/Numéro du bureau de scrutin,Polling Station Name/Nom du bureau de scrutin,Alex Anabusi,Mini Batra,Chris Jewell,Lisa Raitt,Azim Rizvee,Rejected Ballots/Bulletins rejetés,Total Votes/Total des votes,Electors/Électeurs
35057,"Milton/Milton"," 1","Milton",23,7,5,98,97,0,230,482
35057,"Milton/Milton"," 2","Milton",35,1,3,118,121,1,279,529
35057,"Milton/Milton"," 3","Milton",33,7,4,137,109,3,293,520
35057,"Milton/Milton"," 4","Milton",29,6,6,103,119,1,264,479
35057,"Milton/Milton"," 5","Milton",37,1,3,73,89,0,203,432
35057,"Milton/Milton"," 6","Milton",29,4,2,80,109,3,227,510
35057,"Milton/Milton"," 7","Milton",Merged with No./Fusionné avec le n°5,,,,,,,53
35057,"Milton/Milton"," 8A","Milton",18,1,4,54,61,0,138,255
35057,"Milton/Milton"," 8B","Milton",24,4,3,66,61,1,159,318
35057,"Milton/Milton"," 9","Milton",24,0,1,83,63,1,172,356
35057,"Milton/Milton"," 10","Milton",14,4,2,47,63,2,132,353
35057,"Milton/Milton"," 11","Milton",21,4,1,91,107,0,224,502
35057,"Milton/Milton"," 12A","Milton",20,1,3,57,67,2,150,292
35057,"Milton/Milton"," 12B","Milton",21,3,1,75,81,1,182,313
35057,"Milton/Milton"," 13","Milton",19,2,5,79,57,0,162,378
35057,"Milton/Milton"," 14A","Milton",39,5,1,117,151,1,314,553
35057,"Milton/Milton"," 14B","Milton",24,3,0,68,110,2,207,404
35057,"Milton/Milton"," 15","Milton",33,2,3,111,101,1,251,452
35057,"Milton/Milton"," 16","Milton",27,7,2,92,81,0,209,380
35057,"Milton/Milton"," 17","Milton",30,5,1,130,97,1,264,500
35057,"Milton/Milton"," 18","Milton",15,7,0,96,84,0,202,394
35057,"Milton/Milton"," 19","Milton",20,1,5,96,69,0,191,397
35057,"Milton/Milton"," 20A","Milton",19,3,2,79,65,0,168,293
35057,"Milton/Milton"," 20B","Milton",10,1,0,81,64,2,158,289
35057,"Milton/Milton"," 21","Milton",23,4,2,100,99,2,230,470
35057,"Milton/Milton"," 22","Milton",17,3,3,66,81,2,172,377
35057,"Milton/Milton"," 23","Milton",29,4,2,79,88,2,204,417
35057,"Milton/Milton"," 24","Milton",18,1,2,98,74,0,193,404
35057,"Milton/Milton"," 25","Milton",22,5,3,95,97,0,222,436
35057,"Milton/Milton"," 26","Milton",13,4,3,85,96,0,201,443
35057,"Milton/Milton"," 27","Milton",16,1,6,93,105,0,221,428
35057,"Milton/Milton"," 28","Milton",20,8,0,158,135,3,324,526
35057,"Milton/Milton"," 29","Milton",33,4,0,131,78,0,246,419
35057,"Milton/Milton"," 30","Milton",32,16,2,131,114,5,300,476
35057,"Milton/Milton"," 31","Milton",27,13,4,141,89,1,275,442
35057,"Milton/Milton"," 32","Milton",28,4,4,129,66,3,234,419
35057,"Milton/Milton"," 33","Milton",34,8,5,101,85,1,234,416
35057,"Milton/Milton"," 34","Milton",16,2,2,63,37,0,120,268
35057,"Milton/Milton"," 35","Milton",28,10,10,158,110,2,318,528
35057,"Milton/Milton"," 36","Milton",30,9,3,152,66,2,262,440
35057,"Milton/Milton"," 37","Milton",22,2,1,106,83,0,214,383
35057,"Milton/Milton"," 38","Milton",34,13,2,165,126,2,342,574
35057,"Milton/Milton"," 39","Milton",17,5,1,104,67,0,194,344
35057,"Milton/Milton"," 40","Milton",25,5,3,122,68,0,223,416
35057,"Milton/Milton"," 41","Milton",27,5,3,129,120,0,284,490
35057,"Milton/Milton"," 42","Milton",26,0,4,122,79,0,231,387
35057,"Milton/Milton"," 43","Milton",24,8,3,85,48,1,169,323
35057,"Milton/Milton"," 44","Milton",29,10,8,80,67,1,195,489
35057,"Milton/Milton"," 45","Milton",43,6,5,103,97,0,254,459
35057,"Milton/Milton"," 46","Milton",17,3,3,82,47,0,152,276
35057,"Milton/Milton"," 47","Milton",19,5,2,73,41,0,140,321
35057,"Milton/Milton"," 48","Milton",25,3,0,113,71,0,212,379
35057,"Milton/Milton"," 49","Milton",43,8,2,158,83,0,294,469
35057,"Milton/Milton"," 50","Milton",39,7,1,136,78,0,261,445
35057,"Milton/Milton"," 51","Milton",23,12,2,163,105,0,305,485
35057,"Milton/Milton"," 52","Milton",22,4,1,138,99,0,264,474
35057,"Milton/Milton"," 53","Milton",9,12,2,123,84,0,230,429
35057,"Milton/Milton"," 54","Milton",23,2,2,62,82,0,171,328
35057,"Milton/Milton"," 55","Milton",22,1,1,93,127,1,245,467
35057,"Milton/Milton"," 56","Milton",22,3,5,127,143,3,303,517
35057,"Milton/Milton"," 57","Milton",25,8,4,136,105,1,279,467
35057,"Milton/Milton"," 58","Milton",23,5,1,105,109,1,244,468
35057,"Milton/Milton"," 59","Milton",22,3,4,100,117,0,246,492
35057,"Milton/Milton"," 60","Milton",14,2,1,84,82,1,184,349
35057,"Milton/Milton"," 61","Milton",23,6,1,123,88,2,243,428
35057,"Milton/Milton"," 62","Milton",15,4,3,111,107,0,240,423
35057,"Milton/Milton"," 63","Milton",11,0,2,143,83,0,239,440
35057,"Milton/Milton"," 64A","Milton",5,0,0,58,78,0,141,272
35057,"Milton/Milton"," 64B","Milton",18,1,1,62,64,0,146,302
35057,"Milton/Milton"," 65","Milton",22,0,1,91,111,3,228,468
35057,"Milton/Milton"," 66","Milton",37,6,1,112,110,1,267,476
35057,"Milton/Milton"," 67","Milton",18,5,3,114,106,5,251,457
35057,"Milton/Milton"," 68","Milton",45,6,5,99,80,0,235,415
35057,"Milton/Milton"," 69","Milton",30,4,4,86,77,0,201,369
35057,"Milton/Milton"," 70","Milton",26,6,0,94,86,0,212,388
35057,"Milton/Milton"," 71","Milton",29,1,1,75,93,5,204,407
35057,"Milton/Milton"," 72","Milton",24,1,3,128,77,1,234,389
35057,"Milton/Milton"," 73","Milton",20,5,3,100,100,0,228,453
35057,"Milton/Milton"," 74","Milton",14,3,1,122,102,1,243,411
35057,"Milton/Milton"," 75","Milton",31,4,3,155,126,0,319,530
35057,"Milton/Milton"," 76","Milton",29,11,4,120,108,0,272,480
35057,"Milton/Milton"," 77","Milton",35,5,1,94,105,0,240,461
35057,"Milton/Milton"," 78","Milton",40,2,1,101,96,3,243,470
35057,"Milton/Milton"," 79","Milton",43,7,0,138,75,3,266,471
35057,"Milton/Milton"," 80","Milton",24,6,4,94,86,0,214,420
35057,"Milton/Milton"," 81","Milton",24,5,0,85,95,0,209,436
35057,"Milton/Milton"," 82","Milton",31,6,1,114,101,1,254,519
35057,"Milton/Milton"," 83","Milton",24,6,4,84,109,0,227,431
35057,"Milton/Milton"," 84A","Milton",16,2,0,53,64,2,137,247
35057,"Milton/Milton"," 84B","Milton",27,2,4,52,72,2,159,319
35057,"Milton/Milton"," 85","Milton",27,6,0,108,97,1,239,410
35057,"Milton/Milton"," 86","Milton",15,2,2,94,106,0,219,469
35057,"Milton/Milton"," 87","Milton",30,4,1,110,79,1,225,433
35057,"Milton/Milton"," 88","Milton",25,4,0,86,74,0,189,380
35057,"Milton/Milton"," 89","Milton",33,6,1,119,73,0,232,404
35057,"Milton/Milton"," 90","Milton",40,8,4,146,114,2,314,509
35057,"Milton/Milton"," 91","Milton",19,13,2,144,83,0,261,427
35057,"Milton/Milton"," 92","Milton",16,6,0,112,76,0,210,380
35057,"Milton/Milton"," 93","Milton",23,6,0,119,70,0,218,460
35057,"Milton/Milton"," 94","Milton",28,7,1,99,70,0,205,409
35057,"Milton/Milton"," 95","Milton",30,10,1,113,86,1,241,422
35057,"Milton/Milton"," 96","Milton",27,17,7,112,64,2,229,428
35057,"Milton/Milton"," 97","Milton",18,10,5,64,63,0,160,330
35057,"Milton/Milton"," 98A","Milton",11,3,1,99,49,0,163,283
35057,"Milton/Milton"," 98B","Milton",21,3,1,79,45,0,149,272
35057,"Milton/Milton"," 99","Milton",24,7,2,126,73,0,232,388
35057,"Milton/Milton"," 100","Milton",21,5,0,89,65,2,182,345
35057,"Milton/Milton"," 101","Milton",28,13,7,97,64,0,209,377
35057,"Milton/Milton"," 102","Milton",33,5,4,167,101,0,310,534
35057,"Milton/Milton"," 103A","Milton",17,1,2,59,69,0,148,330
35057,"Milton/Milton"," 103B","Milton",14,2,4,46,55,2,123,239
35057,"Milton/Milton"," 104","Milton",13,4,3,123,113,2,258,482
35057,"Milton/Milton"," 105A","Milton",14,0,2,52,71,0,139,276
35057,"Milton/Milton"," 105B","Milton",19,0,0,49,58,0,126,277
35057,"Milton/Milton"," 106A","Milton",35,8,3,70,104,1,221,449
35057,"Milton/Milton"," 106B","Milton",21,2,1,51,81,0,156,335
35057,"Milton/Milton"," 107","Milton",38,6,0,75,111,0,230,515
35057,"Milton/Milton"," 108","Milton",37,2,2,113,124,4,282,499
35057,"Milton/Milton"," 109A","Milton",25,2,1,73,101,0,202,362
35057,"Milton/Milton"," 109B","Milton",19,1,1,83,76,0,180,378
35057,"Milton/Milton"," 110A","Milton",25,4,3,88,84,1,205,373
35057,"Milton/Milton"," 110B","Milton",19,0,1,76,82,0,178,367
35057,"Milton/Milton"," 111A","Milton",10,2,1,48,74,1,136,300
35057,"Milton/Milton"," 111B","Milton",12,2,0,51,58,2,125,296
35057,"Milton/Milton"," 112","Milton",27,5,1,83,140,1,257,505
35057,"Milton/Milton"," 113","Milton",24,8,3,117,114,0,266,465
35057,"Milton/Milton"," 114","Milton",27,2,2,111,111,2,255,451
35057,"Milton/Milton"," 115","Milton",25,15,5,81,117,2,245,526
35057,"Milton/Milton"," 116","Milton",13,2,0,80,72,1,168,385
35057,"Milton/Milton"," 117","Milton",29,1,3,107,95,0,235,407
35057,"Milton/Milton"," 118","Milton",30,6,0,85,139,0,260,482
35057,"Milton/Milton"," 119A","Milton",17,4,0,57,63,2,143,285
35057,"Milton/Milton"," 119B","Milton",16,4,1,63,71,1,156,319
35057,"Milton/Milton"," 120A","Milton",20,3,5,62,69,1,160,303
35057,"Milton/Milton"," 120B","Milton",18,4,2,69,79,1,173,301
35057,"Milton/Milton"," 121","Milton",32,3,1,51,106,0,193,340
35057,"Milton/Milton"," 122","Milton",26,9,2,135,111,1,284,495
35057,"Milton/Milton"," 123","Milton",26,11,1,116,102,1,257,512
35057,"Milton/Milton"," 124","Milton",16,3,0,115,100,2,236,430
35057,"Milton/Milton"," 125","Milton",26,3,1,82,97,1,210,456
35057,"Milton/Milton"," 126","Milton",17,6,3,72,59,0,157,374
35057,"Milton/Milton"," 127","Milton",30,1,3,83,97,3,217,391
35057,"Milton/Milton"," 128","Milton",16,4,0,140,126,1,287,549
35057,"Milton/Milton"," 129A","Milton",16,3,5,53,86,1,164,279
35057,"Milton/Milton"," 129B","Milton",13,2,3,74,57,0,149,292
35057,"Milton/Milton"," 130","Milton",21,4,0,138,118,1,282,482
35057,"Milton/Milton"," 131","Milton",39,4,3,98,106,0,250,496
35057,"Milton/Milton"," 132","Milton",31,5,0,84,85,0,205,403
35057,"Milton/Milton"," 133","Milton",29,3,2,79,86,1,200,409
35057,"Milton/Milton"," 134","Milton",21,6,4,83,81,3,198,393
35057,"Milton/Milton"," 135","Milton",26,6,1,102,107,3,245,456
35057,"Milton/Milton"," 136A","Milton",14,4,2,56,58,0,134,259
35057,"Milton/Milton"," 136B","Milton",26,4,2,75,84,3,194,326
35057,"Milton/Milton"," 137","Milton",31,2,1,124,138,1,297,560
35057,"Milton/Milton"," 138","Milton",18,5,4,108,57,1,193,408
35057,"Milton/Milton"," 139","Milton",19,12,6,136,60,0,233,433
35057,"Milton/Milton"," 140","Burlington",13,12,1,140,90,0,256,441
35057,"Milton/Milton"," 141","Burlington",18,10,3,113,96,1,241,459
35057,"Milton/Milton"," 142","Milton",16,9,3,93,52,1,174,319
35057,"Milton/Milton"," 143","Milton",15,6,0,86,43,1,151,285
35057,"Milton/Milton"," 144","Milton",40,14,4,227,152,1,438,685
35057,"Milton/Milton"," 145","Milton",12,4,0,165,91,1,273,433
35057,"Milton/Milton"," 146","Milton",25,19,5,204,123,4,380,678
35057,"Milton/Milton"," 147","Milton",16,10,5,182,108,0,321,580
35057,"Milton/Milton"," 148","Milton",31,18,2,169,103,0,323,601
35057,"Milton/Milton"," 149","Milton",24,8,1,157,78,5,273,485
35057,"Milton/Milton"," 150","Milton",10,9,5,149,78,0,251,481
35057,"Milton/Milton"," 151","Burlington",19,7,4,99,81,1,211,411
35057,"Milton/Milton"," 152","Burlington",17,9,4,133,82,1,246,477
35057,"Milton/Milton"," 153","Burlington",22,5,6,134,78,4,249,452
35057,"Milton/Milton"," 154","Burlington",13,11,3,129,77,0,233,449
35057,"Milton/Milton"," 155","Burlington",19,5,0,119,50,1,194,379
35057,"Milton/Milton"," 400","Milton",12,3,5,64,36,1,121,209
35057,"Milton/Milton"," 401","Milton",12,1,1,65,57,0,136,211
35057,"Milton/Milton"," 500A","Mobile poll/Bureau itinérant",7,4,7,44,36,0,98,131
35057,"Milton/Milton"," 500B","Mobile poll/Bureau itinérant",Merged with No./Fusionné avec le n°502,,,,,,,83
35057,"Milton/Milton"," 501","Mobile poll/Bureau itinérant",19,4,4,59,33,2,121,211
35057,"Milton/Milton"," 502","Mobile poll/Bureau itinérant",6,5,2,32,23,2,70,49
35057,"Milton/Milton"," 600","Milton",41,26,2,267,171,1,508,
35057,"Milton/Milton"," 601","Milton",92,20,5,422,290,4,833,
35057,"Milton/Milton"," 602","Milton",117,11,8,373,469,4,982,
35057,"Milton/Milton"," 603","Milton",77,13,10,405,411,1,917,
35057,"Milton/Milton"," 604","Milton",119,17,6,307,397,2,848,
35057,"Milton/Milton"," 605","Milton",162,16,3,372,431,3,987,
35057,"Milton/Milton"," 606","Milton",92,22,8,506,319,1,948,
35057,"Milton/Milton"," 607","Milton",90,17,4,385,433,2,931,
35057,"Milton/Milton"," 608","Milton",116,20,12,410,431,7,996,
35057,"Milton/Milton"," 609","Milton",123,7,2,238,430,3,803,
35057,"Milton/Milton"," 610","Milton",75,27,8,517,371,3,1001,
35057,"Milton/Milton",,"Group 1/Groupe 1",12,4,1,22,19,3,61,54
35057,"Milton/Milton",,"Group 2/Groupe 2",152,22,10,404,524,9,1121,
