﻿Electoral District Number/Numéro de circonscription,Electoral District Name/Nom de circonscription,Polling Station Number/Numéro du bureau de scrutin,Polling Station Name/Nom du bureau de scrutin,Peggy Askin,Haley Brown,Jason Kenney,Brennan Wauters,Laura Weston,Rejected Ballots/Bulletins rejetés,Total Votes/Total des votes,Electors/Électeurs
48008,"Calgary Midnapore/Calgary Midnapore"," 1","Calgary",1,64,169,11,19,0,264,439
48008,"Calgary Midnapore/Calgary Midnapore"," 2","Calgary",2,74,72,4,19,0,171,379
48008,"Calgary Midnapore/Calgary Midnapore"," 3","Calgary",1,43,178,11,19,0,252,385
48008,"Calgary Midnapore/Calgary Midnapore"," 4","Calgary",0,58,162,7,21,1,249,389
48008,"Calgary Midnapore/Calgary Midnapore"," 5","Calgary",1,79,174,18,20,0,292,412
48008,"Calgary Midnapore/Calgary Midnapore"," 6","Calgary",0,40,170,4,21,1,236,349
48008,"Calgary Midnapore/Calgary Midnapore"," 7","Calgary",1,60,175,13,17,0,266,414
48008,"Calgary Midnapore/Calgary Midnapore"," 8","Calgary",1,77,104,10,33,1,226,498
48008,"Calgary Midnapore/Calgary Midnapore"," 9","Calgary",0,74,130,17,36,1,258,448
48008,"Calgary Midnapore/Calgary Midnapore"," 10","Calgary",2,68,135,13,29,2,249,441
48008,"Calgary Midnapore/Calgary Midnapore"," 11","Calgary",0,26,120,8,4,2,160,253
48008,"Calgary Midnapore/Calgary Midnapore"," 12","Calgary",2,73,199,13,25,0,312,506
48008,"Calgary Midnapore/Calgary Midnapore"," 13A","Calgary",0,43,152,8,15,0,218,314
48008,"Calgary Midnapore/Calgary Midnapore"," 13B","Calgary",0,43,122,13,13,0,191,305
48008,"Calgary Midnapore/Calgary Midnapore"," 14A","Calgary",0,64,102,9,24,0,199,422
48008,"Calgary Midnapore/Calgary Midnapore"," 14B","Mobile poll/Bureau itinérant",Merged with No./Fusionné avec le n°501A,,,,,,,33
48008,"Calgary Midnapore/Calgary Midnapore"," 15","Calgary",1,74,92,9,28,1,205,461
48008,"Calgary Midnapore/Calgary Midnapore"," 16","Calgary",1,59,167,9,22,0,258,423
48008,"Calgary Midnapore/Calgary Midnapore"," 17","Calgary",0,79,55,12,39,0,185,396
48008,"Calgary Midnapore/Calgary Midnapore"," 18","Calgary",0,54,139,10,26,0,229,364
48008,"Calgary Midnapore/Calgary Midnapore"," 19","Calgary",2,93,158,9,19,0,281,481
48008,"Calgary Midnapore/Calgary Midnapore"," 20","Calgary",0,69,183,13,29,1,295,457
48008,"Calgary Midnapore/Calgary Midnapore"," 21","Calgary",0,63,150,4,19,1,237,399
48008,"Calgary Midnapore/Calgary Midnapore"," 22","Calgary",0,51,132,10,18,0,211,425
48008,"Calgary Midnapore/Calgary Midnapore"," 23","Calgary",0,54,152,6,18,1,231,381
48008,"Calgary Midnapore/Calgary Midnapore"," 24","Calgary",0,57,167,13,19,0,256,440
48008,"Calgary Midnapore/Calgary Midnapore"," 25","Calgary",0,55,115,6,16,0,192,466
48008,"Calgary Midnapore/Calgary Midnapore"," 26","Calgary",1,46,90,10,12,1,160,376
48008,"Calgary Midnapore/Calgary Midnapore"," 27","Calgary",1,56,145,7,10,0,219,371
48008,"Calgary Midnapore/Calgary Midnapore"," 28","Calgary",2,61,160,8,16,0,247,373
48008,"Calgary Midnapore/Calgary Midnapore"," 29","Calgary",0,59,124,12,16,0,211,441
48008,"Calgary Midnapore/Calgary Midnapore"," 30","Calgary",0,55,205,2,13,1,276,478
48008,"Calgary Midnapore/Calgary Midnapore"," 31","Calgary",0,66,159,8,27,0,260,425
48008,"Calgary Midnapore/Calgary Midnapore"," 32","Calgary",0,42,209,3,20,0,274,427
48008,"Calgary Midnapore/Calgary Midnapore"," 33","Calgary",2,64,198,8,18,0,290,434
48008,"Calgary Midnapore/Calgary Midnapore"," 34","Calgary",1,64,205,9,23,0,302,448
48008,"Calgary Midnapore/Calgary Midnapore"," 35","Calgary",0,55,167,5,11,0,238,343
48008,"Calgary Midnapore/Calgary Midnapore"," 36","Calgary",1,51,232,12,16,0,312,485
48008,"Calgary Midnapore/Calgary Midnapore"," 37","Calgary",0,76,222,5,10,2,315,462
48008,"Calgary Midnapore/Calgary Midnapore"," 38","Calgary",1,32,201,7,13,1,255,436
48008,"Calgary Midnapore/Calgary Midnapore"," 39A","Calgary",1,40,155,1,13,1,211,349
48008,"Calgary Midnapore/Calgary Midnapore"," 39B","Calgary",0,0,12,2,0,0,14,18
48008,"Calgary Midnapore/Calgary Midnapore"," 40","Calgary",0,29,128,1,12,1,171,350
48008,"Calgary Midnapore/Calgary Midnapore"," 41","Calgary",1,69,204,13,12,1,300,447
48008,"Calgary Midnapore/Calgary Midnapore"," 42","Calgary",0,24,165,7,11,0,207,340
48008,"Calgary Midnapore/Calgary Midnapore"," 43","Calgary",0,51,167,13,23,0,254,440
48008,"Calgary Midnapore/Calgary Midnapore"," 44","Calgary",0,44,176,7,11,0,238,393
48008,"Calgary Midnapore/Calgary Midnapore"," 45","Calgary",0,62,194,7,20,0,283,428
48008,"Calgary Midnapore/Calgary Midnapore"," 46","Calgary",0,42,161,7,15,0,225,348
48008,"Calgary Midnapore/Calgary Midnapore"," 47","Calgary",0,50,187,3,8,0,248,398
48008,"Calgary Midnapore/Calgary Midnapore"," 48","Calgary",2,64,176,3,21,0,266,418
48008,"Calgary Midnapore/Calgary Midnapore"," 49","Calgary",1,65,198,18,35,0,317,496
48008,"Calgary Midnapore/Calgary Midnapore"," 50","Calgary",2,63,165,9,16,0,255,458
48008,"Calgary Midnapore/Calgary Midnapore"," 51","Calgary",1,60,231,10,15,0,317,453
48008,"Calgary Midnapore/Calgary Midnapore"," 52","Calgary",1,46,186,8,9,0,250,390
48008,"Calgary Midnapore/Calgary Midnapore"," 53","Calgary",0,42,130,4,12,0,188,366
48008,"Calgary Midnapore/Calgary Midnapore"," 54","Calgary",1,43,183,2,10,1,240,417
48008,"Calgary Midnapore/Calgary Midnapore"," 55","Calgary",0,31,194,2,8,0,235,407
48008,"Calgary Midnapore/Calgary Midnapore"," 56","Calgary",0,64,155,8,14,0,241,374
48008,"Calgary Midnapore/Calgary Midnapore"," 57","Calgary",1,63,146,11,19,2,242,374
48008,"Calgary Midnapore/Calgary Midnapore"," 58","Calgary",0,52,155,5,28,0,240,369
48008,"Calgary Midnapore/Calgary Midnapore"," 59","Calgary",1,48,138,4,25,0,216,358
48008,"Calgary Midnapore/Calgary Midnapore"," 60","Calgary",1,64,185,7,17,0,274,373
48008,"Calgary Midnapore/Calgary Midnapore"," 61","Calgary",1,66,176,6,22,0,271,417
48008,"Calgary Midnapore/Calgary Midnapore"," 62","Calgary",0,54,188,4,13,0,259,451
48008,"Calgary Midnapore/Calgary Midnapore"," 63","Calgary",1,53,221,12,21,0,308,492
48008,"Calgary Midnapore/Calgary Midnapore"," 64","Calgary",1,48,185,6,31,0,271,438
48008,"Calgary Midnapore/Calgary Midnapore"," 65","Calgary",0,62,173,11,26,1,273,476
48008,"Calgary Midnapore/Calgary Midnapore"," 66","Calgary",0,67,185,10,32,1,295,491
48008,"Calgary Midnapore/Calgary Midnapore"," 67","Calgary",0,77,112,16,30,0,235,417
48008,"Calgary Midnapore/Calgary Midnapore"," 68","Calgary",1,54,163,11,28,2,259,403
48008,"Calgary Midnapore/Calgary Midnapore"," 69","Calgary",2,51,198,8,23,0,282,437
48008,"Calgary Midnapore/Calgary Midnapore"," 70","Calgary",0,82,151,13,23,0,269,462
48008,"Calgary Midnapore/Calgary Midnapore"," 71","Calgary",1,43,183,9,10,0,246,378
48008,"Calgary Midnapore/Calgary Midnapore"," 72","Calgary",1,55,131,10,22,1,220,427
48008,"Calgary Midnapore/Calgary Midnapore"," 73","Calgary",2,48,86,6,20,0,162,254
48008,"Calgary Midnapore/Calgary Midnapore"," 74","Calgary",0,77,142,3,29,0,251,447
48008,"Calgary Midnapore/Calgary Midnapore"," 75","Calgary",0,75,188,13,30,1,307,483
48008,"Calgary Midnapore/Calgary Midnapore"," 76","Calgary",0,74,143,8,19,2,246,419
48008,"Calgary Midnapore/Calgary Midnapore"," 77","Calgary",1,84,190,5,26,0,306,436
48008,"Calgary Midnapore/Calgary Midnapore"," 78","Calgary",2,62,148,4,25,0,241,393
48008,"Calgary Midnapore/Calgary Midnapore"," 79","Calgary",1,67,206,10,25,0,309,468
48008,"Calgary Midnapore/Calgary Midnapore"," 80","Calgary",0,44,186,9,21,1,261,355
48008,"Calgary Midnapore/Calgary Midnapore"," 81","Calgary",0,48,191,5,28,1,273,392
48008,"Calgary Midnapore/Calgary Midnapore"," 82","Calgary",3,44,157,6,12,0,222,339
48008,"Calgary Midnapore/Calgary Midnapore"," 83","Calgary",0,40,196,7,16,0,259,358
48008,"Calgary Midnapore/Calgary Midnapore"," 84","Calgary",0,50,201,7,19,0,277,397
48008,"Calgary Midnapore/Calgary Midnapore"," 85","Calgary",0,51,207,6,12,1,277,414
48008,"Calgary Midnapore/Calgary Midnapore"," 86","Calgary",1,55,210,8,16,0,290,432
48008,"Calgary Midnapore/Calgary Midnapore"," 87","Calgary",1,73,204,10,30,3,321,510
48008,"Calgary Midnapore/Calgary Midnapore"," 88","Calgary",0,64,150,18,24,1,257,427
48008,"Calgary Midnapore/Calgary Midnapore"," 89","Calgary",0,67,155,7,31,0,260,455
48008,"Calgary Midnapore/Calgary Midnapore"," 90","Calgary",1,83,203,17,32,0,336,529
48008,"Calgary Midnapore/Calgary Midnapore"," 91","Calgary",0,40,137,7,10,0,194,376
48008,"Calgary Midnapore/Calgary Midnapore"," 92","Calgary",1,46,152,10,27,1,237,388
48008,"Calgary Midnapore/Calgary Midnapore"," 93","Calgary",0,60,98,13,27,0,198,361
48008,"Calgary Midnapore/Calgary Midnapore"," 94","Calgary",0,62,126,7,32,3,230,522
48008,"Calgary Midnapore/Calgary Midnapore"," 95","Calgary",0,42,145,4,13,2,206,380
48008,"Calgary Midnapore/Calgary Midnapore"," 96","Calgary",0,57,198,7,17,0,279,497
48008,"Calgary Midnapore/Calgary Midnapore"," 97","Calgary",0,57,134,7,21,2,221,439
48008,"Calgary Midnapore/Calgary Midnapore"," 98","Calgary",0,68,80,8,16,0,172,355
48008,"Calgary Midnapore/Calgary Midnapore"," 99","Calgary",0,50,86,6,10,0,152,332
48008,"Calgary Midnapore/Calgary Midnapore"," 100","Calgary",0,59,200,5,12,1,277,474
48008,"Calgary Midnapore/Calgary Midnapore"," 101","Calgary",2,52,152,4,11,1,222,445
48008,"Calgary Midnapore/Calgary Midnapore"," 102","Calgary",2,82,169,8,16,2,279,483
48008,"Calgary Midnapore/Calgary Midnapore"," 103","Calgary",0,72,154,10,29,0,265,432
48008,"Calgary Midnapore/Calgary Midnapore"," 104","Calgary",3,61,184,3,22,0,273,484
48008,"Calgary Midnapore/Calgary Midnapore"," 105","Calgary",1,84,196,9,22,0,312,499
48008,"Calgary Midnapore/Calgary Midnapore"," 106","Calgary",1,75,188,8,14,1,287,453
48008,"Calgary Midnapore/Calgary Midnapore"," 107","Calgary",0,50,141,5,8,1,205,340
48008,"Calgary Midnapore/Calgary Midnapore"," 108","Calgary",0,53,170,11,23,0,257,447
48008,"Calgary Midnapore/Calgary Midnapore"," 109","Calgary",1,59,137,3,21,0,221,362
48008,"Calgary Midnapore/Calgary Midnapore"," 110","Calgary",0,52,146,14,27,1,240,464
48008,"Calgary Midnapore/Calgary Midnapore"," 111","Calgary",0,52,122,5,8,0,187,311
48008,"Calgary Midnapore/Calgary Midnapore"," 112","Calgary",0,31,133,2,7,0,173,308
48008,"Calgary Midnapore/Calgary Midnapore"," 113","Calgary",1,66,176,3,8,0,254,472
48008,"Calgary Midnapore/Calgary Midnapore"," 114A","Calgary",1,30,112,2,6,0,151,296
48008,"Calgary Midnapore/Calgary Midnapore"," 114B","Calgary",0,45,109,2,10,0,166,295
48008,"Calgary Midnapore/Calgary Midnapore"," 115","Calgary",0,54,183,6,21,1,265,417
48008,"Calgary Midnapore/Calgary Midnapore"," 116","Calgary",1,53,165,6,24,0,249,434
48008,"Calgary Midnapore/Calgary Midnapore"," 117","Calgary",1,67,192,8,41,1,310,453
48008,"Calgary Midnapore/Calgary Midnapore"," 118","Calgary",1,58,153,6,33,1,252,451
48008,"Calgary Midnapore/Calgary Midnapore"," 119","Calgary",0,56,155,8,17,0,236,402
48008,"Calgary Midnapore/Calgary Midnapore"," 120","Calgary",0,96,137,12,27,1,273,494
48008,"Calgary Midnapore/Calgary Midnapore"," 121","Calgary",1,60,162,8,20,0,251,470
48008,"Calgary Midnapore/Calgary Midnapore"," 122","Calgary",2,70,165,9,19,1,266,445
48008,"Calgary Midnapore/Calgary Midnapore"," 123","Calgary",0,45,164,8,12,0,229,415
48008,"Calgary Midnapore/Calgary Midnapore"," 124","Calgary",0,64,149,8,19,0,240,412
48008,"Calgary Midnapore/Calgary Midnapore"," 125","Calgary",0,71,182,9,15,3,280,448
48008,"Calgary Midnapore/Calgary Midnapore"," 126","Calgary",2,49,177,2,21,0,251,411
48008,"Calgary Midnapore/Calgary Midnapore"," 127","Calgary",0,69,178,3,17,1,268,433
48008,"Calgary Midnapore/Calgary Midnapore"," 128","Calgary",2,69,184,5,21,0,281,515
48008,"Calgary Midnapore/Calgary Midnapore"," 129","Calgary",1,48,153,7,24,1,234,509
48008,"Calgary Midnapore/Calgary Midnapore"," 130","Calgary",0,42,87,4,22,2,157,392
48008,"Calgary Midnapore/Calgary Midnapore"," 131","Calgary",0,70,197,5,22,3,297,540
48008,"Calgary Midnapore/Calgary Midnapore"," 132","Calgary",0,46,113,8,16,0,183,355
48008,"Calgary Midnapore/Calgary Midnapore"," 133","Calgary",1,62,136,6,23,1,229,401
48008,"Calgary Midnapore/Calgary Midnapore"," 134","Calgary",1,49,179,6,18,0,253,420
48008,"Calgary Midnapore/Calgary Midnapore"," 135","Calgary",1,55,165,7,11,0,239,397
48008,"Calgary Midnapore/Calgary Midnapore"," 136","Calgary",2,47,88,4,15,1,157,351
48008,"Calgary Midnapore/Calgary Midnapore"," 137A","Calgary",2,48,112,2,16,1,181,398
48008,"Calgary Midnapore/Calgary Midnapore"," 137B","Mobile poll/Bureau itinérant",2,36,197,8,8,0,251,153
48008,"Calgary Midnapore/Calgary Midnapore"," 138","Calgary",1,76,172,10,27,0,286,442
48008,"Calgary Midnapore/Calgary Midnapore"," 139","Calgary",1,54,209,6,20,0,290,466
48008,"Calgary Midnapore/Calgary Midnapore"," 140","Calgary",0,54,193,10,19,0,276,416
48008,"Calgary Midnapore/Calgary Midnapore"," 141","Calgary",0,64,168,8,15,0,255,423
48008,"Calgary Midnapore/Calgary Midnapore"," 142","Calgary",1,71,219,7,23,0,321,515
48008,"Calgary Midnapore/Calgary Midnapore"," 143","Calgary",0,56,220,4,16,1,297,477
48008,"Calgary Midnapore/Calgary Midnapore"," 144","Calgary",0,52,180,2,14,0,248,421
48008,"Calgary Midnapore/Calgary Midnapore"," 145","Calgary",1,48,173,6,13,0,241,392
48008,"Calgary Midnapore/Calgary Midnapore"," 146","Calgary",1,47,192,9,11,2,262,399
48008,"Calgary Midnapore/Calgary Midnapore"," 147","Calgary",0,64,174,8,11,0,257,400
48008,"Calgary Midnapore/Calgary Midnapore"," 148","Calgary",0,33,155,3,9,0,200,362
48008,"Calgary Midnapore/Calgary Midnapore"," 149","Calgary",1,66,227,6,14,1,315,477
48008,"Calgary Midnapore/Calgary Midnapore"," 150","Calgary",0,63,148,0,12,0,223,336
48008,"Calgary Midnapore/Calgary Midnapore"," 151","Calgary",1,64,138,5,24,1,233,413
48008,"Calgary Midnapore/Calgary Midnapore"," 152","Calgary",1,85,183,9,27,0,305,480
48008,"Calgary Midnapore/Calgary Midnapore"," 153","Calgary",1,86,186,4,21,0,298,463
48008,"Calgary Midnapore/Calgary Midnapore"," 154","Calgary",1,62,177,8,18,0,266,431
48008,"Calgary Midnapore/Calgary Midnapore"," 155","Calgary",1,75,218,11,26,0,331,482
48008,"Calgary Midnapore/Calgary Midnapore"," 156","Calgary",2,61,132,17,26,1,239,370
48008,"Calgary Midnapore/Calgary Midnapore"," 157","Calgary",0,66,228,11,38,0,343,525
48008,"Calgary Midnapore/Calgary Midnapore"," 158","Calgary",0,82,172,11,25,0,290,459
48008,"Calgary Midnapore/Calgary Midnapore"," 159","Calgary",0,54,204,8,21,0,287,454
48008,"Calgary Midnapore/Calgary Midnapore"," 160","Calgary",0,47,216,4,13,0,280,487
48008,"Calgary Midnapore/Calgary Midnapore"," 161","Calgary",2,55,135,6,16,1,215,361
48008,"Calgary Midnapore/Calgary Midnapore"," 162","Calgary",0,51,137,3,13,0,204,347
48008,"Calgary Midnapore/Calgary Midnapore"," 163","Calgary",2,46,206,6,15,1,276,407
48008,"Calgary Midnapore/Calgary Midnapore"," 164","Calgary",0,53,190,2,12,0,257,440
48008,"Calgary Midnapore/Calgary Midnapore"," 165","Calgary",0,51,232,4,19,1,307,492
48008,"Calgary Midnapore/Calgary Midnapore"," 166","Calgary",0,48,196,3,11,0,258,435
48008,"Calgary Midnapore/Calgary Midnapore"," 167","Calgary",0,72,210,4,14,0,300,446
48008,"Calgary Midnapore/Calgary Midnapore"," 168","Calgary",0,61,209,10,9,0,289,437
48008,"Calgary Midnapore/Calgary Midnapore"," 169","Calgary",0,61,244,5,14,1,325,514
48008,"Calgary Midnapore/Calgary Midnapore"," 170","Calgary",1,53,243,2,15,0,314,470
48008,"Calgary Midnapore/Calgary Midnapore"," 171","Calgary",1,45,191,2,4,0,243,370
48008,"Calgary Midnapore/Calgary Midnapore"," 172","Calgary",1,61,236,2,17,0,317,516
48008,"Calgary Midnapore/Calgary Midnapore"," 173","Calgary",0,70,228,2,14,1,315,499
48008,"Calgary Midnapore/Calgary Midnapore"," 174","Calgary",1,50,249,5,11,0,316,525
48008,"Calgary Midnapore/Calgary Midnapore"," 175","Calgary",0,56,218,2,11,1,288,441
48008,"Calgary Midnapore/Calgary Midnapore"," 176","Calgary",1,57,198,2,13,2,273,533
48008,"Calgary Midnapore/Calgary Midnapore"," 177","Calgary",0,44,96,1,8,1,150,362
48008,"Calgary Midnapore/Calgary Midnapore"," 178","Calgary",0,76,206,4,17,0,303,566
48008,"Calgary Midnapore/Calgary Midnapore"," 179","Calgary",0,66,175,5,14,1,261,520
48008,"Calgary Midnapore/Calgary Midnapore"," 180","Calgary",0,69,173,2,21,1,266,540
48008,"Calgary Midnapore/Calgary Midnapore"," 181","Calgary",1,57,147,5,22,0,232,450
48008,"Calgary Midnapore/Calgary Midnapore"," 182A","Calgary",0,34,94,4,14,0,146,272
48008,"Calgary Midnapore/Calgary Midnapore"," 182B","Calgary",0,54,93,4,11,0,162,287
48008,"Calgary Midnapore/Calgary Midnapore"," 183A","Calgary",0,52,122,1,7,0,182,364
48008,"Calgary Midnapore/Calgary Midnapore"," 183B","Calgary",1,55,96,4,11,1,168,347
48008,"Calgary Midnapore/Calgary Midnapore"," 184","Calgary",0,75,225,2,25,2,329,590
48008,"Calgary Midnapore/Calgary Midnapore"," 185","Calgary",0,48,114,4,13,0,179,327
48008,"Calgary Midnapore/Calgary Midnapore"," 186","Calgary",0,10,35,1,2,0,48,121
48008,"Calgary Midnapore/Calgary Midnapore"," 187A","Calgary",1,56,123,5,8,0,193,378
48008,"Calgary Midnapore/Calgary Midnapore"," 187B","Calgary",1,60,123,3,9,0,196,406
48008,"Calgary Midnapore/Calgary Midnapore"," 187C","Mobile poll/Bureau itinérant",Merged with No./Fusionné avec le n°501A,,,,,,,111
48008,"Calgary Midnapore/Calgary Midnapore"," 188A","Calgary",0,72,173,2,25,1,273,453
48008,"Calgary Midnapore/Calgary Midnapore"," 188B","Calgary",0,65,175,5,17,1,263,439
48008,"Calgary Midnapore/Calgary Midnapore"," 189","Calgary",0,49,221,10,16,1,297,466
48008,"Calgary Midnapore/Calgary Midnapore"," 190","Calgary",0,58,198,1,13,2,272,413
48008,"Calgary Midnapore/Calgary Midnapore"," 191","Calgary",0,48,141,8,13,1,211,384
48008,"Calgary Midnapore/Calgary Midnapore"," 192","Calgary",0,40,150,2,13,1,206,354
48008,"Calgary Midnapore/Calgary Midnapore"," 193","Calgary",0,46,276,1,13,1,337,524
48008,"Calgary Midnapore/Calgary Midnapore"," 194","Calgary",0,47,183,6,10,0,246,242
48008,"Calgary Midnapore/Calgary Midnapore"," 195A","Calgary",0,49,194,3,15,2,263,434
48008,"Calgary Midnapore/Calgary Midnapore"," 195B","Calgary",0,63,207,5,17,1,293,488
48008,"Calgary Midnapore/Calgary Midnapore"," 196","Calgary",0,83,178,4,15,3,283,469
48008,"Calgary Midnapore/Calgary Midnapore"," 400","Calgary",0,41,64,0,20,1,126,353
48008,"Calgary Midnapore/Calgary Midnapore"," 401","Calgary",1,87,117,12,25,0,242,509
48008,"Calgary Midnapore/Calgary Midnapore"," 402","Mobile poll/Bureau itinérant",Merged with No./Fusionné avec le n°137B,,,,,,,167
48008,"Calgary Midnapore/Calgary Midnapore"," 500","Mobile poll/Bureau itinérant",0,16,94,2,6,3,121,196
48008,"Calgary Midnapore/Calgary Midnapore"," 501A","Mobile poll/Bureau itinérant",5,27,158,4,8,5,207,107
48008,"Calgary Midnapore/Calgary Midnapore"," 501B","Mobile poll/Bureau itinérant",1,30,199,3,5,1,239,194
48008,"Calgary Midnapore/Calgary Midnapore"," 502","Mobile poll/Bureau itinérant",1,32,166,4,12,2,217,258
48008,"Calgary Midnapore/Calgary Midnapore"," 503A","Mobile poll/Bureau itinérant",Merged with No./Fusionné avec le n°501B,,,,,,,121
48008,"Calgary Midnapore/Calgary Midnapore"," 503B","Calgary",Merged with No./Fusionné avec le n°194,,,,,,,148
48008,"Calgary Midnapore/Calgary Midnapore"," 600","Calgary",3,129,327,19,61,2,541,
48008,"Calgary Midnapore/Calgary Midnapore"," 601","Calgary",4,147,407,23,83,2,666,
48008,"Calgary Midnapore/Calgary Midnapore"," 602","Calgary",0,205,725,16,66,1,1013,
48008,"Calgary Midnapore/Calgary Midnapore"," 603","Calgary",1,172,594,26,75,4,872,
48008,"Calgary Midnapore/Calgary Midnapore"," 604","Calgary",0,120,375,13,56,2,566,
48008,"Calgary Midnapore/Calgary Midnapore"," 605","Calgary",1,156,394,17,56,1,625,
48008,"Calgary Midnapore/Calgary Midnapore"," 606","Calgary",0,123,475,17,65,0,680,
48008,"Calgary Midnapore/Calgary Midnapore"," 607","Calgary",2,139,396,6,44,2,589,
48008,"Calgary Midnapore/Calgary Midnapore"," 608","Calgary",1,127,487,17,57,2,691,
48008,"Calgary Midnapore/Calgary Midnapore"," 609","Calgary",1,142,443,13,82,2,683,
48008,"Calgary Midnapore/Calgary Midnapore"," 610","Calgary",0,117,599,10,62,2,790,
48008,"Calgary Midnapore/Calgary Midnapore"," 611","Calgary",2,132,522,8,46,0,710,
48008,"Calgary Midnapore/Calgary Midnapore"," 612","Calgary",4,280,715,16,100,3,1118,
48008,"Calgary Midnapore/Calgary Midnapore",,"Group 1/Groupe 1",0,44,49,3,15,7,118,94
48008,"Calgary Midnapore/Calgary Midnapore",,"Group 2/Groupe 2",2,390,1156,52,249,32,1881,
