﻿Electoral District Number/Numéro de circonscription,Electoral District Name/Nom de circonscription,Polling Station Number/Numéro du bureau de scrutin,Polling Station Name/Nom du bureau de scrutin,Liz Jaluague,Adam Pankratz,Grace Seear,Kennedy Stewart,Wyatt Tessari,Rejected Ballots/Bulletins rejetés,Total Votes/Total des votes,Electors/Électeurs
59003,"Burnaby South/Burnaby-Sud"," 1","Burnaby",7,101,45,71,6,1,231,536
59003,"Burnaby South/Burnaby-Sud"," 2","Burnaby",1,63,59,56,7,2,188,475
59003,"Burnaby South/Burnaby-Sud"," 3","Burnaby",2,38,37,38,0,0,115,295
59003,"Burnaby South/Burnaby-Sud"," 4A","Burnaby",3,66,34,30,4,0,137,332
59003,"Burnaby South/Burnaby-Sud"," 4B","Burnaby",1,61,28,31,3,0,124,290
59003,"Burnaby South/Burnaby-Sud"," 5","Burnaby",4,107,46,86,6,3,252,490
59003,"Burnaby South/Burnaby-Sud"," 6","Burnaby",3,96,39,83,6,3,230,470
59003,"Burnaby South/Burnaby-Sud"," 7","Burnaby",2,42,42,61,4,0,151,370
59003,"Burnaby South/Burnaby-Sud"," 8","Burnaby",0,50,30,44,3,1,128,362
59003,"Burnaby South/Burnaby-Sud"," 9","Burnaby",1,127,35,72,12,2,249,464
59003,"Burnaby South/Burnaby-Sud"," 10","Burnaby",3,93,41,64,4,1,206,389
59003,"Burnaby South/Burnaby-Sud"," 11","Burnaby",2,88,31,75,7,1,204,454
59003,"Burnaby South/Burnaby-Sud"," 12","Burnaby",1,98,43,91,7,1,241,517
59003,"Burnaby South/Burnaby-Sud"," 13A","Burnaby",1,84,39,49,4,0,177,373
59003,"Burnaby South/Burnaby-Sud"," 13B","Burnaby",3,65,39,28,4,0,139,274
59003,"Burnaby South/Burnaby-Sud"," 14","Burnaby",2,101,51,32,5,4,195,537
59003,"Burnaby South/Burnaby-Sud"," 15A","Burnaby",0,44,43,40,3,5,135,289
59003,"Burnaby South/Burnaby-Sud"," 15B","Burnaby",3,50,28,43,0,0,124,305
59003,"Burnaby South/Burnaby-Sud"," 16","Burnaby",0,114,88,79,5,0,286,537
59003,"Burnaby South/Burnaby-Sud"," 17","Burnaby",2,93,53,70,8,4,230,569
59003,"Burnaby South/Burnaby-Sud"," 18A","Burnaby",1,73,23,59,6,0,162,385
59003,"Burnaby South/Burnaby-Sud"," 18B","Burnaby",2,97,45,77,5,1,227,430
59003,"Burnaby South/Burnaby-Sud"," 19","Burnaby",2,99,51,86,18,0,256,465
59003,"Burnaby South/Burnaby-Sud"," 20","Burnaby",0,91,71,72,6,0,240,427
59003,"Burnaby South/Burnaby-Sud"," 21","Burnaby",1,91,81,88,5,0,266,459
59003,"Burnaby South/Burnaby-Sud"," 22","Burnaby",3,94,49,43,5,0,194,396
59003,"Burnaby South/Burnaby-Sud"," 23","Burnaby",1,61,41,65,5,1,174,378
59003,"Burnaby South/Burnaby-Sud"," 24","Burnaby",2,93,49,88,8,3,243,482
59003,"Burnaby South/Burnaby-Sud"," 25","Burnaby",1,67,34,85,12,1,200,410
59003,"Burnaby South/Burnaby-Sud"," 26","Burnaby",2,49,47,55,7,0,160,373
59003,"Burnaby South/Burnaby-Sud"," 27","Burnaby",1,52,63,42,3,2,163,448
59003,"Burnaby South/Burnaby-Sud"," 28","Burnaby",0,51,59,33,4,1,148,418
59003,"Burnaby South/Burnaby-Sud"," 29","Burnaby",2,55,54,76,3,1,191,430
59003,"Burnaby South/Burnaby-Sud"," 30","Burnaby",4,65,76,86,11,0,242,510
59003,"Burnaby South/Burnaby-Sud"," 31","Burnaby",4,88,52,83,6,6,239,468
59003,"Burnaby South/Burnaby-Sud"," 32","Burnaby",1,71,40,76,8,1,197,440
59003,"Burnaby South/Burnaby-Sud"," 33","Burnaby",1,107,56,77,7,2,250,440
59003,"Burnaby South/Burnaby-Sud"," 34","Burnaby",1,58,71,52,3,1,186,421
59003,"Burnaby South/Burnaby-Sud"," 35","Burnaby",0,83,67,30,6,1,187,435
59003,"Burnaby South/Burnaby-Sud"," 36","Burnaby",1,98,49,67,5,0,220,442
59003,"Burnaby South/Burnaby-Sud"," 37","Burnaby",1,63,37,50,6,0,157,317
59003,"Burnaby South/Burnaby-Sud"," 38","Burnaby",2,84,41,51,2,0,180,350
59003,"Burnaby South/Burnaby-Sud"," 39","Burnaby",0,81,67,58,1,2,209,451
59003,"Burnaby South/Burnaby-Sud"," 40","Burnaby",3,60,39,78,2,3,185,435
59003,"Burnaby South/Burnaby-Sud"," 41","Burnaby",6,72,50,49,5,0,182,477
59003,"Burnaby South/Burnaby-Sud"," 42","Burnaby",3,55,43,90,5,0,196,436
59003,"Burnaby South/Burnaby-Sud"," 43","Burnaby",0,50,49,55,1,0,155,412
59003,"Burnaby South/Burnaby-Sud"," 44","Burnaby",10,42,77,57,4,2,192,473
59003,"Burnaby South/Burnaby-Sud"," 45","Burnaby",4,46,54,55,3,0,162,360
59003,"Burnaby South/Burnaby-Sud"," 46","Burnaby",3,32,28,68,3,3,137,340
59003,"Burnaby South/Burnaby-Sud"," 47","Burnaby",5,61,79,61,9,0,215,464
59003,"Burnaby South/Burnaby-Sud"," 48","Burnaby",5,60,53,65,8,1,192,481
59003,"Burnaby South/Burnaby-Sud"," 49","Burnaby",3,76,73,86,7,1,246,511
59003,"Burnaby South/Burnaby-Sud"," 50","Burnaby",1,70,41,67,9,1,189,517
59003,"Burnaby South/Burnaby-Sud"," 51","Burnaby",4,41,78,28,5,2,158,415
59003,"Burnaby South/Burnaby-Sud"," 52","Burnaby",4,53,65,46,6,0,174,374
59003,"Burnaby South/Burnaby-Sud"," 53","Burnaby",1,51,31,58,3,2,146,354
59003,"Burnaby South/Burnaby-Sud"," 54","Burnaby",1,72,49,64,6,0,192,412
59003,"Burnaby South/Burnaby-Sud"," 55","Burnaby",1,87,67,56,4,0,215,385
59003,"Burnaby South/Burnaby-Sud"," 56","Burnaby",1,81,55,60,5,2,204,441
59003,"Burnaby South/Burnaby-Sud"," 57","Burnaby",3,63,43,50,9,1,169,419
59003,"Burnaby South/Burnaby-Sud"," 58","Burnaby",7,49,39,71,6,3,175,444
59003,"Burnaby South/Burnaby-Sud"," 59","Burnaby",3,47,65,36,4,0,155,414
59003,"Burnaby South/Burnaby-Sud"," 60","Burnaby",2,51,78,40,2,1,174,474
59003,"Burnaby South/Burnaby-Sud"," 61","Burnaby",5,71,53,73,7,1,210,407
59003,"Burnaby South/Burnaby-Sud"," 62","Burnaby",0,67,55,61,6,0,189,408
59003,"Burnaby South/Burnaby-Sud"," 63","Burnaby",6,54,52,78,7,4,201,476
59003,"Burnaby South/Burnaby-Sud"," 64","Burnaby",2,60,81,81,8,4,236,514
59003,"Burnaby South/Burnaby-Sud"," 65","Burnaby",3,61,42,102,11,0,219,473
59003,"Burnaby South/Burnaby-Sud"," 66","Burnaby",3,23,33,17,1,0,77,286
59003,"Burnaby South/Burnaby-Sud"," 67","Burnaby",0,34,27,32,1,0,94,251
59003,"Burnaby South/Burnaby-Sud"," 68","Burnaby",4,52,45,36,5,1,143,371
59003,"Burnaby South/Burnaby-Sud"," 69","Burnaby",2,22,51,35,6,0,116,493
59003,"Burnaby South/Burnaby-Sud"," 70","Burnaby",2,36,67,44,3,0,152,405
59003,"Burnaby South/Burnaby-Sud"," 71","Burnaby",2,69,26,79,6,2,184,441
59003,"Burnaby South/Burnaby-Sud"," 72","Burnaby",2,89,52,97,9,1,250,574
59003,"Burnaby South/Burnaby-Sud"," 73","Burnaby",1,37,26,37,2,1,104,326
59003,"Burnaby South/Burnaby-Sud"," 74","Burnaby",6,53,38,99,10,6,212,523
59003,"Burnaby South/Burnaby-Sud"," 75","Burnaby",6,48,27,89,5,2,177,394
59003,"Burnaby South/Burnaby-Sud"," 76","Burnaby",2,81,56,91,8,1,239,543
59003,"Burnaby South/Burnaby-Sud"," 77","Burnaby",5,52,40,61,4,1,163,354
59003,"Burnaby South/Burnaby-Sud"," 78","Burnaby",3,54,67,85,11,1,221,547
59003,"Burnaby South/Burnaby-Sud"," 79","Burnaby",1,74,65,76,9,1,226,499
59003,"Burnaby South/Burnaby-Sud"," 80","Burnaby",2,46,51,44,3,2,148,353
59003,"Burnaby South/Burnaby-Sud"," 81","Burnaby",2,71,71,63,8,1,216,449
59003,"Burnaby South/Burnaby-Sud"," 82","Burnaby",1,86,52,59,3,5,206,438
59003,"Burnaby South/Burnaby-Sud"," 83","Burnaby",1,71,60,43,5,1,181,351
59003,"Burnaby South/Burnaby-Sud"," 84","Burnaby",6,52,31,58,5,2,154,305
59003,"Burnaby South/Burnaby-Sud"," 85","Burnaby",1,74,53,56,3,0,187,333
59003,"Burnaby South/Burnaby-Sud"," 86","Burnaby",4,83,69,47,12,0,215,558
59003,"Burnaby South/Burnaby-Sud"," 87","Burnaby",3,56,19,63,7,2,150,456
59003,"Burnaby South/Burnaby-Sud"," 88","Burnaby",0,73,70,62,6,0,211,401
59003,"Burnaby South/Burnaby-Sud"," 89","Burnaby",2,44,67,35,3,1,152,365
59003,"Burnaby South/Burnaby-Sud"," 90","Burnaby",1,40,52,45,10,1,149,295
59003,"Burnaby South/Burnaby-Sud"," 91","Burnaby",5,41,47,31,4,0,128,356
59003,"Burnaby South/Burnaby-Sud"," 92","Burnaby",0,59,28,67,5,2,161,407
59003,"Burnaby South/Burnaby-Sud"," 93","Burnaby",5,64,33,73,10,2,187,410
59003,"Burnaby South/Burnaby-Sud"," 94","Burnaby",3,76,65,54,5,1,204,516
59003,"Burnaby South/Burnaby-Sud"," 95","Burnaby",4,51,48,42,7,2,154,369
59003,"Burnaby South/Burnaby-Sud"," 96","Burnaby",1,50,43,56,3,0,153,392
59003,"Burnaby South/Burnaby-Sud"," 97","Burnaby",0,58,57,39,4,0,158,287
59003,"Burnaby South/Burnaby-Sud"," 98","Burnaby",0,65,43,34,3,0,145,277
59003,"Burnaby South/Burnaby-Sud"," 99","Burnaby",1,53,45,48,4,0,151,361
59003,"Burnaby South/Burnaby-Sud"," 100","Burnaby",0,59,63,41,7,0,170,425
59003,"Burnaby South/Burnaby-Sud"," 101","Burnaby",1,50,36,69,7,3,166,416
59003,"Burnaby South/Burnaby-Sud"," 102","Burnaby",1,62,62,56,2,0,183,424
59003,"Burnaby South/Burnaby-Sud"," 103","Burnaby",1,48,37,36,4,1,127,306
59003,"Burnaby South/Burnaby-Sud"," 104","Burnaby",3,93,61,51,3,1,212,381
59003,"Burnaby South/Burnaby-Sud"," 105","Burnaby",1,75,93,70,6,2,247,436
59003,"Burnaby South/Burnaby-Sud"," 106","Burnaby",0,65,43,64,5,1,178,388
59003,"Burnaby South/Burnaby-Sud"," 107","Burnaby",4,66,47,110,7,1,235,482
59003,"Burnaby South/Burnaby-Sud"," 108","Burnaby",2,100,78,102,4,1,287,311
59003,"Burnaby South/Burnaby-Sud"," 109","Burnaby",2,61,60,50,3,1,177,349
59003,"Burnaby South/Burnaby-Sud"," 110","Burnaby",4,71,64,36,2,0,177,377
59003,"Burnaby South/Burnaby-Sud"," 111","Burnaby",2,69,52,53,5,1,182,371
59003,"Burnaby South/Burnaby-Sud"," 112","Burnaby",Merged with No./Fusionné avec le n°108,,,,,,,319
59003,"Burnaby South/Burnaby-Sud"," 113","Burnaby",1,47,32,44,3,3,130,337
59003,"Burnaby South/Burnaby-Sud"," 114","Burnaby",4,78,99,58,5,3,247,469
59003,"Burnaby South/Burnaby-Sud"," 115","Burnaby",4,90,77,69,4,0,244,477
59003,"Burnaby South/Burnaby-Sud"," 116","Burnaby",2,23,17,63,4,0,109,270
59003,"Burnaby South/Burnaby-Sud"," 117","Burnaby",7,64,42,69,1,3,186,384
59003,"Burnaby South/Burnaby-Sud"," 118","Burnaby",9,98,59,101,5,0,272,546
59003,"Burnaby South/Burnaby-Sud"," 119","Burnaby",1,42,44,43,4,1,135,367
59003,"Burnaby South/Burnaby-Sud"," 120","Burnaby",0,74,58,88,4,2,226,480
59003,"Burnaby South/Burnaby-Sud"," 121","Burnaby",4,77,55,54,1,0,191,394
59003,"Burnaby South/Burnaby-Sud"," 122","Burnaby",0,76,54,74,6,2,212,489
59003,"Burnaby South/Burnaby-Sud"," 123","Burnaby",1,80,64,67,5,0,217,420
59003,"Burnaby South/Burnaby-Sud"," 124","Burnaby",2,64,41,81,9,0,197,440
59003,"Burnaby South/Burnaby-Sud"," 125","Burnaby",4,61,27,70,7,0,169,341
59003,"Burnaby South/Burnaby-Sud"," 126","Burnaby",0,46,38,66,8,1,159,303
59003,"Burnaby South/Burnaby-Sud"," 127","Burnaby",3,41,21,59,3,0,127,265
59003,"Burnaby South/Burnaby-Sud"," 128","Burnaby",4,57,47,46,1,0,155,372
59003,"Burnaby South/Burnaby-Sud"," 129","Burnaby",3,34,41,30,3,1,112,325
59003,"Burnaby South/Burnaby-Sud"," 130","Burnaby",0,81,70,70,7,4,232,544
59003,"Burnaby South/Burnaby-Sud"," 131","Burnaby",3,79,58,79,11,1,231,488
59003,"Burnaby South/Burnaby-Sud"," 132","Burnaby",2,101,35,79,10,2,229,500
59003,"Burnaby South/Burnaby-Sud"," 133","Burnaby",3,76,60,84,11,0,234,395
59003,"Burnaby South/Burnaby-Sud"," 134","Burnaby",1,99,60,81,4,1,246,385
59003,"Burnaby South/Burnaby-Sud"," 135","Burnaby",0,99,51,80,4,4,238,451
59003,"Burnaby South/Burnaby-Sud"," 136","Burnaby",1,112,63,54,14,0,244,445
59003,"Burnaby South/Burnaby-Sud"," 137","Burnaby",0,76,68,57,7,1,209,437
59003,"Burnaby South/Burnaby-Sud"," 138","Burnaby",1,48,44,56,1,0,150,306
59003,"Burnaby South/Burnaby-Sud"," 139","Burnaby",1,74,61,61,5,1,203,377
59003,"Burnaby South/Burnaby-Sud"," 140","Burnaby",1,77,51,81,4,1,215,429
59003,"Burnaby South/Burnaby-Sud"," 141","Burnaby",4,88,58,95,14,3,262,498
59003,"Burnaby South/Burnaby-Sud"," 142","Burnaby",4,43,63,84,9,0,203,423
59003,"Burnaby South/Burnaby-Sud"," 143","Burnaby",3,68,42,67,6,0,186,577
59003,"Burnaby South/Burnaby-Sud"," 144","Burnaby",4,84,80,101,6,2,277,571
59003,"Burnaby South/Burnaby-Sud"," 145","Burnaby",3,92,69,82,13,1,260,516
59003,"Burnaby South/Burnaby-Sud"," 146","Burnaby",1,57,55,56,8,0,177,424
59003,"Burnaby South/Burnaby-Sud"," 147","Burnaby",0,67,41,53,6,1,168,383
59003,"Burnaby South/Burnaby-Sud"," 148","Burnaby",1,70,38,39,1,0,149,345
59003,"Burnaby South/Burnaby-Sud"," 149","Burnaby",0,101,58,66,11,0,236,436
59003,"Burnaby South/Burnaby-Sud"," 150A","Burnaby",1,50,51,29,2,0,133,352
59003,"Burnaby South/Burnaby-Sud"," 150B","Burnaby",0,32,52,24,2,3,113,245
59003,"Burnaby South/Burnaby-Sud"," 151","Burnaby",3,69,76,70,7,1,226,465
59003,"Burnaby South/Burnaby-Sud"," 152","Burnaby",2,58,90,47,2,0,199,488
59003,"Burnaby South/Burnaby-Sud"," 153","Burnaby",5,77,45,87,5,0,219,370
59003,"Burnaby South/Burnaby-Sud"," 154","Burnaby",2,68,39,62,6,0,177,321
59003,"Burnaby South/Burnaby-Sud"," 155","Burnaby",5,85,48,68,1,0,207,394
59003,"Burnaby South/Burnaby-Sud"," 156","Burnaby",4,61,79,69,4,2,219,442
59003,"Burnaby South/Burnaby-Sud"," 157","Burnaby",3,81,77,41,6,2,210,391
59003,"Burnaby South/Burnaby-Sud"," 158","Burnaby",0,82,64,60,4,1,211,405
59003,"Burnaby South/Burnaby-Sud"," 159","Burnaby",3,85,84,72,3,1,248,418
59003,"Burnaby South/Burnaby-Sud"," 160","Burnaby",5,75,46,43,4,0,173,398
59003,"Burnaby South/Burnaby-Sud"," 161","Burnaby",0,81,87,44,5,0,217,344
59003,"Burnaby South/Burnaby-Sud"," 162","Burnaby",3,108,106,80,7,2,306,473
59003,"Burnaby South/Burnaby-Sud"," 163","Burnaby",0,102,106,85,5,0,298,486
59003,"Burnaby South/Burnaby-Sud"," 164","Burnaby",0,72,60,49,3,2,186,346
59003,"Burnaby South/Burnaby-Sud"," 165","Burnaby",1,80,44,80,1,2,208,414
59003,"Burnaby South/Burnaby-Sud"," 166","Burnaby",1,73,104,42,2,3,225,393
59003,"Burnaby South/Burnaby-Sud"," 167","Burnaby",5,92,42,105,15,3,262,471
59003,"Burnaby South/Burnaby-Sud"," 168","Burnaby",2,83,43,130,7,2,267,465
59003,"Burnaby South/Burnaby-Sud"," 169","Burnaby",4,52,33,89,10,0,188,379
59003,"Burnaby South/Burnaby-Sud"," 170","Burnaby",0,70,46,47,1,0,164,365
59003,"Burnaby South/Burnaby-Sud"," 171","Burnaby",0,111,36,111,9,1,268,592
59003,"Burnaby South/Burnaby-Sud"," 172","Burnaby",1,65,30,54,4,0,154,317
59003,"Burnaby South/Burnaby-Sud"," 173","Burnaby",3,74,56,56,2,3,194,412
59003,"Burnaby South/Burnaby-Sud"," 174","Burnaby",3,47,43,104,13,0,210,299
59003,"Burnaby South/Burnaby-Sud"," 175","Burnaby",5,76,56,46,3,0,186,510
59003,"Burnaby South/Burnaby-Sud"," 176","Burnaby",0,53,26,95,9,2,185,357
59003,"Burnaby South/Burnaby-Sud"," 177","Burnaby",4,79,44,103,14,1,245,465
59003,"Burnaby South/Burnaby-Sud"," 500","Mobile poll/Bureau itinérant",5,28,18,48,6,2,107,155
59003,"Burnaby South/Burnaby-Sud"," 501","Mobile poll/Bureau itinérant",5,22,21,27,2,1,78,145
59003,"Burnaby South/Burnaby-Sud"," 502","Mobile poll/Bureau itinérant",2,24,33,24,3,1,87,90
59003,"Burnaby South/Burnaby-Sud"," 600","Burnaby",7,340,219,328,27,6,927,
59003,"Burnaby South/Burnaby-Sud"," 601","Burnaby",6,254,235,269,15,6,785,
59003,"Burnaby South/Burnaby-Sud"," 602","Burnaby",5,148,141,280,21,0,595,
59003,"Burnaby South/Burnaby-Sud"," 603","Burnaby",7,279,244,489,22,0,1041,
59003,"Burnaby South/Burnaby-Sud"," 604","Burnaby",6,159,187,299,11,0,662,
59003,"Burnaby South/Burnaby-Sud"," 605","Burnaby",13,261,249,349,22,3,897,
59003,"Burnaby South/Burnaby-Sud"," 606","Burnaby",2,125,156,291,13,7,594,
59003,"Burnaby South/Burnaby-Sud"," 607","Burnaby",7,206,219,325,25,3,785,
59003,"Burnaby South/Burnaby-Sud"," 608","Burnaby",1,167,194,265,19,2,648,
59003,"Burnaby South/Burnaby-Sud"," 609","Burnaby",7,190,261,333,25,0,816,
59003,"Burnaby South/Burnaby-Sud"," 610","Burnaby",6,252,257,315,17,3,850,
59003,"Burnaby South/Burnaby-Sud"," 611","Burnaby",3,210,218,351,16,1,799,
59003,"Burnaby South/Burnaby-Sud",,"Group 1/Groupe 1",2,38,13,29,1,2,85,84
59003,"Burnaby South/Burnaby-Sud",,"Group 2/Groupe 2",6,419,289,661,50,36,1461,
