﻿Electoral District Number/Numéro de circonscription,Electoral District Name/Nom de circonscription,Polling Station Number/Numéro du bureau de scrutin,Polling Station Name/Nom du bureau de scrutin,Joe Byrne,Sean Casey,Ron MacMillan,Becka Viau,Rejected Ballots/Bulletins rejetés,Total Votes/Total des votes,Electors/Électeurs
11002,"Charlottetown/Charlottetown"," 1","Charlottetown",84,264,50,22,0,420,678
11002,"Charlottetown/Charlottetown"," 2","Charlottetown",50,141,44,16,1,252,479
11002,"Charlottetown/Charlottetown"," 3","Charlottetown",78,197,47,12,0,334,655
11002,"Charlottetown/Charlottetown"," 4","Charlottetown",45,126,35,9,0,215,412
11002,"Charlottetown/Charlottetown"," 5","Charlottetown",59,180,34,15,1,289,539
11002,"Charlottetown/Charlottetown"," 6","Charlottetown",48,101,23,12,0,184,354
11002,"Charlottetown/Charlottetown"," 7","Charlottetown",27,65,15,3,1,111,202
11002,"Charlottetown/Charlottetown"," 8","Charlottetown",48,117,29,6,2,202,366
11002,"Charlottetown/Charlottetown"," 9","Charlottetown",47,105,22,8,1,183,370
11002,"Charlottetown/Charlottetown"," 10","Charlottetown",40,90,25,7,0,162,286
11002,"Charlottetown/Charlottetown"," 11","Charlottetown",34,108,20,9,0,171,327
11002,"Charlottetown/Charlottetown"," 12","Charlottetown",33,140,31,20,1,225,361
11002,"Charlottetown/Charlottetown"," 13","Charlottetown",30,106,37,7,2,182,360
11002,"Charlottetown/Charlottetown"," 14","Charlottetown",39,111,29,9,0,188,356
11002,"Charlottetown/Charlottetown"," 15","Charlottetown",55,135,40,11,0,241,395
11002,"Charlottetown/Charlottetown"," 16","Charlottetown",32,91,48,11,0,182,391
11002,"Charlottetown/Charlottetown"," 17","Charlottetown",52,134,48,11,3,248,396
11002,"Charlottetown/Charlottetown"," 18","Charlottetown",70,131,16,8,0,225,353
11002,"Charlottetown/Charlottetown"," 19","Charlottetown",43,98,15,8,2,166,357
11002,"Charlottetown/Charlottetown"," 20","Charlottetown",32,101,30,9,0,172,342
11002,"Charlottetown/Charlottetown"," 21","Charlottetown",45,118,23,5,0,191,300
11002,"Charlottetown/Charlottetown"," 22","Charlottetown",62,171,33,13,0,279,530
11002,"Charlottetown/Charlottetown"," 23","Charlottetown",48,114,15,14,0,191,323
11002,"Charlottetown/Charlottetown"," 24","Charlottetown",60,134,49,7,1,251,487
11002,"Charlottetown/Charlottetown"," 25","Charlottetown",28,72,19,11,0,130,331
11002,"Charlottetown/Charlottetown"," 26","Charlottetown",32,79,22,8,1,142,315
11002,"Charlottetown/Charlottetown"," 27","Charlottetown",50,120,39,15,1,225,434
11002,"Charlottetown/Charlottetown"," 28","Charlottetown",56,126,20,12,2,216,394
11002,"Charlottetown/Charlottetown"," 29","Charlottetown",49,92,12,13,0,166,313
11002,"Charlottetown/Charlottetown"," 30","Charlottetown",36,64,11,8,0,119,297
11002,"Charlottetown/Charlottetown"," 31","Charlottetown",52,59,5,14,0,130,268
11002,"Charlottetown/Charlottetown"," 32","Charlottetown",35,108,27,14,1,185,343
11002,"Charlottetown/Charlottetown"," 33","Charlottetown",24,74,25,8,1,132,421
11002,"Charlottetown/Charlottetown"," 34","Charlottetown",48,121,26,12,0,207,397
11002,"Charlottetown/Charlottetown"," 35","Charlottetown",33,117,31,6,1,188,328
11002,"Charlottetown/Charlottetown"," 36","Charlottetown",69,181,46,14,0,310,557
11002,"Charlottetown/Charlottetown"," 37","Charlottetown",28,160,61,6,0,255,493
11002,"Charlottetown/Charlottetown"," 38","Charlottetown",23,102,29,3,0,157,271
11002,"Charlottetown/Charlottetown"," 39","Charlottetown",30,84,26,10,1,151,308
11002,"Charlottetown/Charlottetown"," 40","Charlottetown",38,57,20,7,2,124,277
11002,"Charlottetown/Charlottetown"," 41","Charlottetown",40,108,25,7,0,180,352
11002,"Charlottetown/Charlottetown"," 42","Charlottetown",33,134,55,11,0,233,374
11002,"Charlottetown/Charlottetown"," 43","Charlottetown",32,129,36,12,1,210,375
11002,"Charlottetown/Charlottetown"," 44","Charlottetown",68,194,69,19,2,352,658
11002,"Charlottetown/Charlottetown"," 45","Charlottetown",49,118,35,11,0,213,415
11002,"Charlottetown/Charlottetown"," 46","Charlottetown",33,124,37,1,0,195,413
11002,"Charlottetown/Charlottetown"," 47","Charlottetown",45,93,30,8,1,177,356
11002,"Charlottetown/Charlottetown"," 48","Charlottetown",22,63,29,4,0,118,344
11002,"Charlottetown/Charlottetown"," 49","Charlottetown",44,89,24,12,2,171,316
11002,"Charlottetown/Charlottetown"," 50","Charlottetown",30,112,27,11,0,180,338
11002,"Charlottetown/Charlottetown"," 51","Charlottetown",36,89,20,8,1,154,324
11002,"Charlottetown/Charlottetown"," 52","Charlottetown",44,92,25,8,0,169,331
11002,"Charlottetown/Charlottetown"," 53","Charlottetown",41,93,33,8,1,176,334
11002,"Charlottetown/Charlottetown"," 54","Charlottetown",39,81,27,9,1,157,324
11002,"Charlottetown/Charlottetown"," 55","Charlottetown",63,90,23,22,1,199,387
11002,"Charlottetown/Charlottetown"," 56","Charlottetown",55,68,13,19,0,155,306
11002,"Charlottetown/Charlottetown"," 57","Charlottetown",45,75,10,14,0,144,291
11002,"Charlottetown/Charlottetown"," 58","Charlottetown",54,80,12,20,1,167,310
11002,"Charlottetown/Charlottetown"," 59","Charlottetown",40,120,27,8,0,195,372
11002,"Charlottetown/Charlottetown"," 60","Charlottetown",36,99,28,21,0,184,358
11002,"Charlottetown/Charlottetown"," 61","Charlottetown",38,118,39,16,0,211,360
11002,"Charlottetown/Charlottetown"," 62","Charlottetown",34,139,43,22,1,239,404
11002,"Charlottetown/Charlottetown"," 63","Charlottetown",62,81,17,18,1,179,353
11002,"Charlottetown/Charlottetown"," 64","Charlottetown",58,91,19,19,3,190,334
11002,"Charlottetown/Charlottetown"," 65","Charlottetown",39,92,9,22,1,163,325
11002,"Charlottetown/Charlottetown"," 66","Charlottetown",43,70,14,17,0,144,310
11002,"Charlottetown/Charlottetown"," 67","Charlottetown",49,105,9,15,1,179,359
11002,"Charlottetown/Charlottetown"," 68","Charlottetown",66,105,16,26,1,214,418
11002,"Charlottetown/Charlottetown"," 69","Charlottetown",30,91,34,13,1,169,318
11002,"Charlottetown/Charlottetown"," 70","Charlottetown",57,106,20,19,1,203,339
11002,"Charlottetown/Charlottetown"," 71","Charlottetown",35,100,18,20,0,173,333
11002,"Charlottetown/Charlottetown"," 72","Charlottetown",49,79,13,9,1,151,277
11002,"Charlottetown/Charlottetown"," 73","Charlottetown",23,110,27,7,0,167,319
11002,"Charlottetown/Charlottetown"," 74","Charlottetown",52,106,31,15,2,206,361
11002,"Charlottetown/Charlottetown"," 500","Mobile poll/Bureau itinérant",29,60,53,7,4,153,218
11002,"Charlottetown/Charlottetown"," 501","Mobile poll/Bureau itinérant",27,73,35,7,2,144,214
11002,"Charlottetown/Charlottetown"," 502","Mobile poll/Bureau itinérant",15,84,36,3,6,144,198
11002,"Charlottetown/Charlottetown"," 600","Charlottetown",340,959,258,64,8,1629,
11002,"Charlottetown/Charlottetown"," 601","Charlottetown",152,376,117,23,3,671,
11002,"Charlottetown/Charlottetown"," 602","Charlottetown",191,385,109,35,5,725,
11002,"Charlottetown/Charlottetown"," 603","Charlottetown",249,532,109,53,3,946,
11002,"Charlottetown/Charlottetown"," 604","Charlottetown",233,614,153,55,3,1058,
11002,"Charlottetown/Charlottetown",,"Group 1/Groupe 1",18,46,29,4,3,100,45
11002,"Charlottetown/Charlottetown",,"Group 2/Groupe 2",367,643,166,87,13,1276,
