﻿Electoral District Number/Numéro de circonscription,Electoral District Name/Nom de circonscription,Polling Station Number/Numéro du bureau de scrutin,Polling Station Name/Nom du bureau de scrutin,Matthew Greenwood,Cathy McLeod,Steve Powrie,Bill Sundhu,Rejected Ballots/Bulletins rejetés,Total Votes/Total des votes,Electors/Électeurs
59013,"Kamloops--Thompson--Cariboo/Kamloops--Thompson--Cariboo"," 1","Lac la Hache ",9,95,51,39,0,194,361
59013,"Kamloops--Thompson--Cariboo/Kamloops--Thompson--Cariboo"," 2","Lac la Hache ",16,63,53,44,0,176,315
59013,"Kamloops--Thompson--Cariboo/Kamloops--Thompson--Cariboo"," 3","Lac la Hache ",10,75,41,37,0,163,287
59013,"Kamloops--Thompson--Cariboo/Kamloops--Thompson--Cariboo"," 4","Forest Grove",26,64,39,37,0,166,319
59013,"Kamloops--Thompson--Cariboo/Kamloops--Thompson--Cariboo"," 5","Forest Grove",7,46,44,41,1,139,252
59013,"Kamloops--Thompson--Cariboo/Kamloops--Thompson--Cariboo"," 6","108 Mile Ranch",8,63,31,41,1,144,288
59013,"Kamloops--Thompson--Cariboo/Kamloops--Thompson--Cariboo"," 7","108 Mile Ranch",10,62,36,63,0,171,362
59013,"Kamloops--Thompson--Cariboo/Kamloops--Thompson--Cariboo"," 8","108 Mile Ranch",8,61,43,17,0,129,275
59013,"Kamloops--Thompson--Cariboo/Kamloops--Thompson--Cariboo"," 9","108 Mile Ranch",6,87,55,38,0,186,343
59013,"Kamloops--Thompson--Cariboo/Kamloops--Thompson--Cariboo"," 10","108 Mile Ranch",10,79,31,57,0,177,356
59013,"Kamloops--Thompson--Cariboo/Kamloops--Thompson--Cariboo"," 11","108 Mile Ranch",3,64,27,17,1,112,250
59013,"Kamloops--Thompson--Cariboo/Kamloops--Thompson--Cariboo"," 12","93 Mile",9,68,41,44,0,162,337
59013,"Kamloops--Thompson--Cariboo/Kamloops--Thompson--Cariboo"," 13","93 Mile",5,54,51,21,0,131,322
59013,"Kamloops--Thompson--Cariboo/Kamloops--Thompson--Cariboo"," 14","93 Mile",7,54,34,24,0,119,272
59013,"Kamloops--Thompson--Cariboo/Kamloops--Thompson--Cariboo"," 15","93 Mile",9,96,82,30,0,217,451
59013,"Kamloops--Thompson--Cariboo/Kamloops--Thompson--Cariboo"," 16","93 Mile",8,63,53,34,1,159,320
59013,"Kamloops--Thompson--Cariboo/Kamloops--Thompson--Cariboo"," 17","93 Mile",11,63,29,41,0,144,392
59013,"Kamloops--Thompson--Cariboo/Kamloops--Thompson--Cariboo"," 18","93 Mile",11,59,46,30,0,146,326
59013,"Kamloops--Thompson--Cariboo/Kamloops--Thompson--Cariboo"," 19A","93 Mile",4,64,27,25,0,120,280
59013,"Kamloops--Thompson--Cariboo/Kamloops--Thompson--Cariboo"," 19B","Mobile poll/Bureau itinérant",Merged with No./Fusionné avec le n°500,,,,,,15
59013,"Kamloops--Thompson--Cariboo/Kamloops--Thompson--Cariboo"," 20","93 Mile",5,53,44,38,1,141,326
59013,"Kamloops--Thompson--Cariboo/Kamloops--Thompson--Cariboo"," 21","Horse Lake",6,90,33,13,0,142,314
59013,"Kamloops--Thompson--Cariboo/Kamloops--Thompson--Cariboo"," 22","Horse Lake",13,111,60,36,0,220,454
59013,"Kamloops--Thompson--Cariboo/Kamloops--Thompson--Cariboo"," 23","Horse Lake",7,73,56,40,0,176,333
59013,"Kamloops--Thompson--Cariboo/Kamloops--Thompson--Cariboo"," 24","Horse Lake",10,63,45,37,1,156,293
59013,"Kamloops--Thompson--Cariboo/Kamloops--Thompson--Cariboo"," 25","Canim Lake",18,76,80,91,0,265,451
59013,"Kamloops--Thompson--Cariboo/Kamloops--Thompson--Cariboo"," 26","Clearwater ",8,48,48,53,0,157,368
59013,"Kamloops--Thompson--Cariboo/Kamloops--Thompson--Cariboo"," 27","Clearwater ",6,51,21,43,0,121,265
59013,"Kamloops--Thompson--Cariboo/Kamloops--Thompson--Cariboo"," 28","Clearwater ",8,48,44,27,0,127,266
59013,"Kamloops--Thompson--Cariboo/Kamloops--Thompson--Cariboo"," 29","Clearwater ",5,49,30,27,0,111,242
59013,"Kamloops--Thompson--Cariboo/Kamloops--Thompson--Cariboo"," 30","Clearwater ",8,49,56,70,2,185,407
59013,"Kamloops--Thompson--Cariboo/Kamloops--Thompson--Cariboo"," 31","Clearwater ",18,56,39,43,0,156,331
59013,"Kamloops--Thompson--Cariboo/Kamloops--Thompson--Cariboo"," 32A","Clearwater",12,53,48,45,2,160,291
59013,"Kamloops--Thompson--Cariboo/Kamloops--Thompson--Cariboo"," 32B","Little Fort",Merged with No./Fusionné avec le n°239B,,,,,,26
59013,"Kamloops--Thompson--Cariboo/Kamloops--Thompson--Cariboo"," 33","Blue River",7,36,34,25,0,102,162
59013,"Kamloops--Thompson--Cariboo/Kamloops--Thompson--Cariboo"," 34A","Avola",18,89,33,37,0,177,345
59013,"Kamloops--Thompson--Cariboo/Kamloops--Thompson--Cariboo"," 34B","Avola",3,11,13,9,0,36,51
59013,"Kamloops--Thompson--Cariboo/Kamloops--Thompson--Cariboo"," 34C","Little Fort",Merged with No./Fusionné avec le n°239B,,,,,,23
59013,"Kamloops--Thompson--Cariboo/Kamloops--Thompson--Cariboo"," 35","Birch Island",17,61,50,37,1,166,327
59013,"Kamloops--Thompson--Cariboo/Kamloops--Thompson--Cariboo"," 36","Barrière ",8,48,21,17,0,94,234
59013,"Kamloops--Thompson--Cariboo/Kamloops--Thompson--Cariboo"," 37","Barrière ",6,69,29,26,0,130,312
59013,"Kamloops--Thompson--Cariboo/Kamloops--Thompson--Cariboo"," 38A","Barrière",9,67,45,33,1,155,315
59013,"Kamloops--Thompson--Cariboo/Kamloops--Thompson--Cariboo"," 38B","Black Pines",Merged with No./Fusionné avec le n°55,,,,,,8
59013,"Kamloops--Thompson--Cariboo/Kamloops--Thompson--Cariboo"," 39","Barrière ",11,52,45,37,0,145,297
59013,"Kamloops--Thompson--Cariboo/Kamloops--Thompson--Cariboo"," 40","Barrière ",7,70,48,19,0,144,256
59013,"Kamloops--Thompson--Cariboo/Kamloops--Thompson--Cariboo"," 41","Barrière ",16,64,55,41,0,176,386
59013,"Kamloops--Thompson--Cariboo/Kamloops--Thompson--Cariboo"," 42","Barrière ",13,123,48,45,1,230,428
59013,"Kamloops--Thompson--Cariboo/Kamloops--Thompson--Cariboo"," 43","Lone Butte",11,67,76,41,0,195,353
59013,"Kamloops--Thompson--Cariboo/Kamloops--Thompson--Cariboo"," 44","Interlakes",18,98,49,31,0,196,343
59013,"Kamloops--Thompson--Cariboo/Kamloops--Thompson--Cariboo"," 45","Interlakes",16,108,66,53,0,243,363
59013,"Kamloops--Thompson--Cariboo/Kamloops--Thompson--Cariboo"," 46","Lone Butte",12,81,56,29,2,180,340
59013,"Kamloops--Thompson--Cariboo/Kamloops--Thompson--Cariboo"," 47","Lone Butte",11,76,57,30,2,176,310
59013,"Kamloops--Thompson--Cariboo/Kamloops--Thompson--Cariboo"," 48","70 Mile House",8,95,46,47,0,196,288
59013,"Kamloops--Thompson--Cariboo/Kamloops--Thompson--Cariboo"," 49","70 Mile House",4,66,30,16,0,116,179
59013,"Kamloops--Thompson--Cariboo/Kamloops--Thompson--Cariboo"," 50","Clinton ",8,66,62,40,2,178,392
59013,"Kamloops--Thompson--Cariboo/Kamloops--Thompson--Cariboo"," 51","Clinton ",18,125,72,47,1,263,518
59013,"Kamloops--Thompson--Cariboo/Kamloops--Thompson--Cariboo"," 52","Loon Lake",5,68,22,14,0,109,167
59013,"Kamloops--Thompson--Cariboo/Kamloops--Thompson--Cariboo"," 53A","Thompson-Nicola J (Copper Desert Country)",7,21,36,68,1,133,216
59013,"Kamloops--Thompson--Cariboo/Kamloops--Thompson--Cariboo"," 53B","Kamloops",Merged with No./Fusionné avec le n°92,,,,,,42
59013,"Kamloops--Thompson--Cariboo/Kamloops--Thompson--Cariboo"," 54","Thompson-Nicola J (Copper Desert Country)",7,131,85,79,0,302,476
59013,"Kamloops--Thompson--Cariboo/Kamloops--Thompson--Cariboo"," 55","Black Pines",3,55,43,37,0,138,181
59013,"Kamloops--Thompson--Cariboo/Kamloops--Thompson--Cariboo"," 56","McLure",10,99,57,44,1,211,370
59013,"Kamloops--Thompson--Cariboo/Kamloops--Thompson--Cariboo"," 57","Kamloops ",9,85,67,56,0,217,388
59013,"Kamloops--Thompson--Cariboo/Kamloops--Thompson--Cariboo"," 58A","Kamloops 5",17,82,83,68,0,250,430
59013,"Kamloops--Thompson--Cariboo/Kamloops--Thompson--Cariboo"," 58B","Pritchard",Merged with No./Fusionné avec le n°202,,,,,,192
59013,"Kamloops--Thompson--Cariboo/Kamloops--Thompson--Cariboo"," 59","Kamloops ",17,117,82,74,0,290,501
59013,"Kamloops--Thompson--Cariboo/Kamloops--Thompson--Cariboo"," 60","Kamloops ",5,160,112,68,0,345,533
59013,"Kamloops--Thompson--Cariboo/Kamloops--Thompson--Cariboo"," 61","Kamloops ",5,77,83,85,1,251,412
59013,"Kamloops--Thompson--Cariboo/Kamloops--Thompson--Cariboo"," 62","Kamloops ",5,64,74,70,0,213,394
59013,"Kamloops--Thompson--Cariboo/Kamloops--Thompson--Cariboo"," 63","Kamloops ",8,62,70,70,0,210,380
59013,"Kamloops--Thompson--Cariboo/Kamloops--Thompson--Cariboo"," 64","Kamloops ",8,64,86,69,2,229,458
59013,"Kamloops--Thompson--Cariboo/Kamloops--Thompson--Cariboo"," 65","Kamloops ",9,61,93,69,0,232,405
59013,"Kamloops--Thompson--Cariboo/Kamloops--Thompson--Cariboo"," 66","Kamloops ",8,83,69,66,0,226,390
59013,"Kamloops--Thompson--Cariboo/Kamloops--Thompson--Cariboo"," 67","Kamloops ",6,69,78,56,0,209,329
59013,"Kamloops--Thompson--Cariboo/Kamloops--Thompson--Cariboo"," 68","Kamloops ",7,100,110,72,0,289,405
59013,"Kamloops--Thompson--Cariboo/Kamloops--Thompson--Cariboo"," 69","Kamloops ",13,88,93,77,1,272,437
59013,"Kamloops--Thompson--Cariboo/Kamloops--Thompson--Cariboo"," 70","Kamloops 1",7,34,66,172,0,279,519
59013,"Kamloops--Thompson--Cariboo/Kamloops--Thompson--Cariboo"," 71","Kamloops 1",7,67,66,55,1,196,446
59013,"Kamloops--Thompson--Cariboo/Kamloops--Thompson--Cariboo"," 72","Kamloops 1",4,106,89,50,1,250,540
59013,"Kamloops--Thompson--Cariboo/Kamloops--Thompson--Cariboo"," 73","Kamloops 1",8,46,53,63,0,170,358
59013,"Kamloops--Thompson--Cariboo/Kamloops--Thompson--Cariboo"," 74","Kamloops 1",10,95,106,75,0,286,540
59013,"Kamloops--Thompson--Cariboo/Kamloops--Thompson--Cariboo"," 75","Kamloops 1",4,77,69,33,0,183,399
59013,"Kamloops--Thompson--Cariboo/Kamloops--Thompson--Cariboo"," 76","Kamloops ",7,105,88,97,0,297,563
59013,"Kamloops--Thompson--Cariboo/Kamloops--Thompson--Cariboo"," 77","Kamloops ",14,78,81,68,0,241,497
59013,"Kamloops--Thompson--Cariboo/Kamloops--Thompson--Cariboo"," 78","Kamloops ",5,43,57,37,1,143,306
59013,"Kamloops--Thompson--Cariboo/Kamloops--Thompson--Cariboo"," 79","Kamloops ",6,35,52,61,2,156,305
59013,"Kamloops--Thompson--Cariboo/Kamloops--Thompson--Cariboo"," 80","Kamloops ",7,91,104,89,1,292,530
59013,"Kamloops--Thompson--Cariboo/Kamloops--Thompson--Cariboo"," 81","Kamloops ",3,80,79,66,0,228,383
59013,"Kamloops--Thompson--Cariboo/Kamloops--Thompson--Cariboo"," 82","Kamloops ",2,57,60,59,0,178,394
59013,"Kamloops--Thompson--Cariboo/Kamloops--Thompson--Cariboo"," 83","Kamloops ",3,54,77,60,1,195,364
59013,"Kamloops--Thompson--Cariboo/Kamloops--Thompson--Cariboo"," 84A","Kamloops",4,67,55,52,1,179,347
59013,"Kamloops--Thompson--Cariboo/Kamloops--Thompson--Cariboo"," 84B","Kamloops",8,64,45,61,0,178,323
59013,"Kamloops--Thompson--Cariboo/Kamloops--Thompson--Cariboo"," 85","Kamloops ",8,75,89,61,0,233,443
59013,"Kamloops--Thompson--Cariboo/Kamloops--Thompson--Cariboo"," 86","Kamloops ",8,84,72,61,0,225,462
59013,"Kamloops--Thompson--Cariboo/Kamloops--Thompson--Cariboo"," 87","Kamloops ",3,113,86,85,0,287,508
59013,"Kamloops--Thompson--Cariboo/Kamloops--Thompson--Cariboo"," 88","Kamloops ",8,64,91,77,0,240,443
59013,"Kamloops--Thompson--Cariboo/Kamloops--Thompson--Cariboo"," 89","Kamloops ",5,90,98,91,0,284,481
59013,"Kamloops--Thompson--Cariboo/Kamloops--Thompson--Cariboo"," 90","Kamloops ",9,53,57,48,0,167,311
59013,"Kamloops--Thompson--Cariboo/Kamloops--Thompson--Cariboo"," 91","Kamloops ",11,89,93,87,0,280,488
59013,"Kamloops--Thompson--Cariboo/Kamloops--Thompson--Cariboo"," 92","Kamloops",10,53,64,64,0,191,440
59013,"Kamloops--Thompson--Cariboo/Kamloops--Thompson--Cariboo"," 93","Kamloops ",8,90,57,55,1,211,396
59013,"Kamloops--Thompson--Cariboo/Kamloops--Thompson--Cariboo"," 94","Kamloops ",7,86,78,80,2,253,408
59013,"Kamloops--Thompson--Cariboo/Kamloops--Thompson--Cariboo"," 95","Kamloops ",11,72,86,93,0,262,542
59013,"Kamloops--Thompson--Cariboo/Kamloops--Thompson--Cariboo"," 96","Kamloops ",9,77,86,87,0,259,441
59013,"Kamloops--Thompson--Cariboo/Kamloops--Thompson--Cariboo"," 97","Kamloops ",5,72,58,69,0,204,442
59013,"Kamloops--Thompson--Cariboo/Kamloops--Thompson--Cariboo"," 98","Kamloops ",7,83,65,75,1,231,451
59013,"Kamloops--Thompson--Cariboo/Kamloops--Thompson--Cariboo"," 99","Kamloops ",4,42,69,80,0,195,399
59013,"Kamloops--Thompson--Cariboo/Kamloops--Thompson--Cariboo"," 100","Kamloops ",5,58,82,86,0,231,458
59013,"Kamloops--Thompson--Cariboo/Kamloops--Thompson--Cariboo"," 101","Kamloops ",4,61,67,60,2,194,352
59013,"Kamloops--Thompson--Cariboo/Kamloops--Thompson--Cariboo"," 102","Kamloops ",5,73,78,93,0,249,454
59013,"Kamloops--Thompson--Cariboo/Kamloops--Thompson--Cariboo"," 103","Kamloops ",7,71,87,73,1,239,412
59013,"Kamloops--Thompson--Cariboo/Kamloops--Thompson--Cariboo"," 104","Kamloops ",10,81,87,89,0,267,453
59013,"Kamloops--Thompson--Cariboo/Kamloops--Thompson--Cariboo"," 105","Kamloops ",5,65,73,60,1,204,424
59013,"Kamloops--Thompson--Cariboo/Kamloops--Thompson--Cariboo"," 106","Kamloops",6,134,122,86,2,350,557
59013,"Kamloops--Thompson--Cariboo/Kamloops--Thompson--Cariboo"," 107","Kamloops ",7,44,82,83,0,216,430
59013,"Kamloops--Thompson--Cariboo/Kamloops--Thompson--Cariboo"," 108","Kamloops ",4,34,65,49,0,152,359
59013,"Kamloops--Thompson--Cariboo/Kamloops--Thompson--Cariboo"," 109","Kamloops ",8,39,56,69,0,172,367
59013,"Kamloops--Thompson--Cariboo/Kamloops--Thompson--Cariboo"," 110","Kamloops ",5,69,80,106,2,262,515
59013,"Kamloops--Thompson--Cariboo/Kamloops--Thompson--Cariboo"," 111","Kamloops ",6,77,59,72,1,215,453
59013,"Kamloops--Thompson--Cariboo/Kamloops--Thompson--Cariboo"," 112","Kamloops ",6,37,44,75,1,163,418
59013,"Kamloops--Thompson--Cariboo/Kamloops--Thompson--Cariboo"," 113","Kamloops ",8,39,47,72,0,166,351
59013,"Kamloops--Thompson--Cariboo/Kamloops--Thompson--Cariboo"," 114","Kamloops ",14,50,73,82,0,219,430
59013,"Kamloops--Thompson--Cariboo/Kamloops--Thompson--Cariboo"," 115","Kamloops ",14,71,87,120,2,294,530
59013,"Kamloops--Thompson--Cariboo/Kamloops--Thompson--Cariboo"," 116","Kamloops ",7,43,48,51,0,149,355
59013,"Kamloops--Thompson--Cariboo/Kamloops--Thompson--Cariboo"," 117","Kamloops ",4,35,59,65,1,164,387
59013,"Kamloops--Thompson--Cariboo/Kamloops--Thompson--Cariboo"," 118","Kamloops ",6,59,81,120,0,266,412
59013,"Kamloops--Thompson--Cariboo/Kamloops--Thompson--Cariboo"," 119","Kamloops ",7,57,83,109,1,257,459
59013,"Kamloops--Thompson--Cariboo/Kamloops--Thompson--Cariboo"," 120","Kamloops ",17,62,64,50,1,194,413
59013,"Kamloops--Thompson--Cariboo/Kamloops--Thompson--Cariboo"," 121","Kamloops ",7,30,57,112,1,207,400
59013,"Kamloops--Thompson--Cariboo/Kamloops--Thompson--Cariboo"," 122","Kamloops ",12,66,76,89,0,243,452
59013,"Kamloops--Thompson--Cariboo/Kamloops--Thompson--Cariboo"," 123","Kamloops ",12,90,89,93,0,284,519
59013,"Kamloops--Thompson--Cariboo/Kamloops--Thompson--Cariboo"," 124","Cherry Creek",10,108,65,52,0,235,508
59013,"Kamloops--Thompson--Cariboo/Kamloops--Thompson--Cariboo"," 125","Kamloops ",3,76,70,43,0,192,353
59013,"Kamloops--Thompson--Cariboo/Kamloops--Thompson--Cariboo"," 126","Kamloops ",6,84,84,61,1,236,440
59013,"Kamloops--Thompson--Cariboo/Kamloops--Thompson--Cariboo"," 127","Kamloops ",4,89,105,66,1,265,449
59013,"Kamloops--Thompson--Cariboo/Kamloops--Thompson--Cariboo"," 128","Kamloops ",7,99,90,79,0,275,459
59013,"Kamloops--Thompson--Cariboo/Kamloops--Thompson--Cariboo"," 129","Kamloops ",4,93,97,74,0,268,493
59013,"Kamloops--Thompson--Cariboo/Kamloops--Thompson--Cariboo"," 130","Kamloops ",2,41,80,64,0,187,397
59013,"Kamloops--Thompson--Cariboo/Kamloops--Thompson--Cariboo"," 131","Kamloops ",12,51,67,49,0,179,387
59013,"Kamloops--Thompson--Cariboo/Kamloops--Thompson--Cariboo"," 132","Kamloops ",5,80,101,40,0,226,360
59013,"Kamloops--Thompson--Cariboo/Kamloops--Thompson--Cariboo"," 133","Kamloops ",7,56,76,59,0,198,361
59013,"Kamloops--Thompson--Cariboo/Kamloops--Thompson--Cariboo"," 134","Kamloops ",12,109,102,45,0,268,435
59013,"Kamloops--Thompson--Cariboo/Kamloops--Thompson--Cariboo"," 135","Kamloops ",1,72,49,37,1,160,333
59013,"Kamloops--Thompson--Cariboo/Kamloops--Thompson--Cariboo"," 136","Kamloops ",11,64,72,49,0,196,343
59013,"Kamloops--Thompson--Cariboo/Kamloops--Thompson--Cariboo"," 137A","Kamloops",3,99,69,40,1,212,334
59013,"Kamloops--Thompson--Cariboo/Kamloops--Thompson--Cariboo"," 137B","Kamloops",3,81,74,37,0,195,341
59013,"Kamloops--Thompson--Cariboo/Kamloops--Thompson--Cariboo"," 138","Kamloops ",1,55,51,40,1,148,266
59013,"Kamloops--Thompson--Cariboo/Kamloops--Thompson--Cariboo"," 139","Kamloops ",6,90,98,58,1,253,431
59013,"Kamloops--Thompson--Cariboo/Kamloops--Thompson--Cariboo"," 140","Kamloops ",8,77,126,48,1,260,413
59013,"Kamloops--Thompson--Cariboo/Kamloops--Thompson--Cariboo"," 141","Kamloops ",13,63,124,62,0,262,435
59013,"Kamloops--Thompson--Cariboo/Kamloops--Thompson--Cariboo"," 142","Kamloops ",5,107,114,68,0,294,517
59013,"Kamloops--Thompson--Cariboo/Kamloops--Thompson--Cariboo"," 143","Kamloops ",4,103,85,64,0,256,422
59013,"Kamloops--Thompson--Cariboo/Kamloops--Thompson--Cariboo"," 144","Kamloops ",3,57,84,36,0,180,280
59013,"Kamloops--Thompson--Cariboo/Kamloops--Thompson--Cariboo"," 145","Kamloops ",3,89,74,51,0,217,354
59013,"Kamloops--Thompson--Cariboo/Kamloops--Thompson--Cariboo"," 146A","Kamloops",6,97,113,63,0,279,478
59013,"Kamloops--Thompson--Cariboo/Kamloops--Thompson--Cariboo"," 146B","Mobile poll/Bureau itinérant",Merged with No./Fusionné avec le n°502,,,,,,84
59013,"Kamloops--Thompson--Cariboo/Kamloops--Thompson--Cariboo"," 147","Kamloops ",9,31,79,58,1,178,206
59013,"Kamloops--Thompson--Cariboo/Kamloops--Thompson--Cariboo"," 148","Kamloops ",7,32,78,76,0,193,357
59013,"Kamloops--Thompson--Cariboo/Kamloops--Thompson--Cariboo"," 149","Kamloops ",6,34,75,56,0,171,321
59013,"Kamloops--Thompson--Cariboo/Kamloops--Thompson--Cariboo"," 150","Kamloops ",8,45,71,91,3,218,414
59013,"Kamloops--Thompson--Cariboo/Kamloops--Thompson--Cariboo"," 151","Kamloops ",8,77,59,69,0,213,416
59013,"Kamloops--Thompson--Cariboo/Kamloops--Thompson--Cariboo"," 152","Kamloops ",6,73,94,114,2,289,482
59013,"Kamloops--Thompson--Cariboo/Kamloops--Thompson--Cariboo"," 153","Kamloops ",2,73,79,85,0,239,406
59013,"Kamloops--Thompson--Cariboo/Kamloops--Thompson--Cariboo"," 154","Kamloops ",14,38,65,77,2,196,442
59013,"Kamloops--Thompson--Cariboo/Kamloops--Thompson--Cariboo"," 155","Kamloops ",7,54,71,51,0,183,372
59013,"Kamloops--Thompson--Cariboo/Kamloops--Thompson--Cariboo"," 156","Kamloops ",5,36,87,104,0,232,441
59013,"Kamloops--Thompson--Cariboo/Kamloops--Thompson--Cariboo"," 157","Kamloops ",9,53,90,103,0,255,453
59013,"Kamloops--Thompson--Cariboo/Kamloops--Thompson--Cariboo"," 158","Kamloops ",5,37,77,78,0,197,452
59013,"Kamloops--Thompson--Cariboo/Kamloops--Thompson--Cariboo"," 159","Kamloops ",7,64,88,151,0,310,493
59013,"Kamloops--Thompson--Cariboo/Kamloops--Thompson--Cariboo"," 160","Kamloops ",15,60,103,121,0,299,447
59013,"Kamloops--Thompson--Cariboo/Kamloops--Thompson--Cariboo"," 161","Kamloops ",12,57,65,61,1,196,424
59013,"Kamloops--Thompson--Cariboo/Kamloops--Thompson--Cariboo"," 162","Kamloops ",6,60,72,77,1,216,386
59013,"Kamloops--Thompson--Cariboo/Kamloops--Thompson--Cariboo"," 163","Kamloops ",4,61,54,34,0,153,295
59013,"Kamloops--Thompson--Cariboo/Kamloops--Thompson--Cariboo"," 164","Kamloops ",8,39,83,106,1,237,450
59013,"Kamloops--Thompson--Cariboo/Kamloops--Thompson--Cariboo"," 165","Kamloops ",1,62,81,73,0,217,400
59013,"Kamloops--Thompson--Cariboo/Kamloops--Thompson--Cariboo"," 166","Kamloops ",11,54,97,71,0,233,445
59013,"Kamloops--Thompson--Cariboo/Kamloops--Thompson--Cariboo"," 167","Kamloops ",8,51,59,60,0,178,376
59013,"Kamloops--Thompson--Cariboo/Kamloops--Thompson--Cariboo"," 168","Kamloops ",2,44,82,51,0,179,334
59013,"Kamloops--Thompson--Cariboo/Kamloops--Thompson--Cariboo"," 169","Kamloops ",7,87,70,59,0,223,407
59013,"Kamloops--Thompson--Cariboo/Kamloops--Thompson--Cariboo"," 170","Kamloops ",3,70,95,66,0,234,413
59013,"Kamloops--Thompson--Cariboo/Kamloops--Thompson--Cariboo"," 171","Kamloops ",3,58,68,55,1,185,357
59013,"Kamloops--Thompson--Cariboo/Kamloops--Thompson--Cariboo"," 172","Kamloops ",7,107,131,86,3,334,544
59013,"Kamloops--Thompson--Cariboo/Kamloops--Thompson--Cariboo"," 173","Kamloops ",11,81,93,74,0,259,457
59013,"Kamloops--Thompson--Cariboo/Kamloops--Thompson--Cariboo"," 174","Kamloops ",5,64,82,68,1,220,402
59013,"Kamloops--Thompson--Cariboo/Kamloops--Thompson--Cariboo"," 175","Kamloops ",10,82,96,99,0,287,500
59013,"Kamloops--Thompson--Cariboo/Kamloops--Thompson--Cariboo"," 176","Kamloops ",7,64,117,85,0,273,502
59013,"Kamloops--Thompson--Cariboo/Kamloops--Thompson--Cariboo"," 177","Kamloops ",3,72,79,59,0,213,432
59013,"Kamloops--Thompson--Cariboo/Kamloops--Thompson--Cariboo"," 178","Kamloops ",5,52,62,90,0,209,368
59013,"Kamloops--Thompson--Cariboo/Kamloops--Thompson--Cariboo"," 179","Kamloops ",5,71,76,61,1,214,355
59013,"Kamloops--Thompson--Cariboo/Kamloops--Thompson--Cariboo"," 180","Kamloops ",3,69,81,56,0,209,383
59013,"Kamloops--Thompson--Cariboo/Kamloops--Thompson--Cariboo"," 181","Kamloops",8,92,94,73,0,267,333
59013,"Kamloops--Thompson--Cariboo/Kamloops--Thompson--Cariboo"," 182A","Kamloops",4,53,37,25,0,119,244
59013,"Kamloops--Thompson--Cariboo/Kamloops--Thompson--Cariboo"," 182B","Kamloops",Merged with No./Fusionné avec le n°181,,,,,,171
59013,"Kamloops--Thompson--Cariboo/Kamloops--Thompson--Cariboo"," 183","Kamloops ",1,96,94,39,0,230,457
59013,"Kamloops--Thompson--Cariboo/Kamloops--Thompson--Cariboo"," 184","Kamloops ",5,84,63,68,1,221,429
59013,"Kamloops--Thompson--Cariboo/Kamloops--Thompson--Cariboo"," 185","Kamloops ",9,51,62,46,0,168,336
59013,"Kamloops--Thompson--Cariboo/Kamloops--Thompson--Cariboo"," 186","Kamloops ",5,129,117,69,0,320,532
59013,"Kamloops--Thompson--Cariboo/Kamloops--Thompson--Cariboo"," 187","Kamloops ",4,82,92,51,0,229,350
59013,"Kamloops--Thompson--Cariboo/Kamloops--Thompson--Cariboo"," 188","Kamloops ",9,76,52,51,0,188,328
59013,"Kamloops--Thompson--Cariboo/Kamloops--Thompson--Cariboo"," 189","Kamloops ",1,101,85,79,0,266,428
59013,"Kamloops--Thompson--Cariboo/Kamloops--Thompson--Cariboo"," 190","Kamloops ",4,75,86,46,0,211,337
59013,"Kamloops--Thompson--Cariboo/Kamloops--Thompson--Cariboo"," 191","Kamloops ",5,140,116,56,0,317,463
59013,"Kamloops--Thompson--Cariboo/Kamloops--Thompson--Cariboo"," 192","Kamloops ",19,84,93,57,0,253,459
59013,"Kamloops--Thompson--Cariboo/Kamloops--Thompson--Cariboo"," 193","Kamloops ",10,113,70,37,0,230,388
59013,"Kamloops--Thompson--Cariboo/Kamloops--Thompson--Cariboo"," 194","Kamloops ",7,106,91,52,0,256,435
59013,"Kamloops--Thompson--Cariboo/Kamloops--Thompson--Cariboo"," 195","Kamloops ",3,82,63,36,0,184,306
59013,"Kamloops--Thompson--Cariboo/Kamloops--Thompson--Cariboo"," 196","Kamloops ",7,70,61,83,0,221,466
59013,"Kamloops--Thompson--Cariboo/Kamloops--Thompson--Cariboo"," 197","Kamloops ",11,154,90,51,0,306,523
59013,"Kamloops--Thompson--Cariboo/Kamloops--Thompson--Cariboo"," 198","Campbell Creek",1,46,25,18,0,90,176
59013,"Kamloops--Thompson--Cariboo/Kamloops--Thompson--Cariboo"," 199","Thompson-Nicola L",3,99,34,28,0,164,268
59013,"Kamloops--Thompson--Cariboo/Kamloops--Thompson--Cariboo"," 200","Pinantan Lake",9,54,72,51,1,187,268
59013,"Kamloops--Thompson--Cariboo/Kamloops--Thompson--Cariboo"," 201","Pinantan Lake",9,42,38,44,1,134,225
59013,"Kamloops--Thompson--Cariboo/Kamloops--Thompson--Cariboo"," 202","Pritchard",14,84,118,57,0,273,304
59013,"Kamloops--Thompson--Cariboo/Kamloops--Thompson--Cariboo"," 203","Pritchard ",14,84,39,41,1,179,364
59013,"Kamloops--Thompson--Cariboo/Kamloops--Thompson--Cariboo"," 204","Pritchard ",14,106,64,42,0,226,402
59013,"Kamloops--Thompson--Cariboo/Kamloops--Thompson--Cariboo"," 205","Pritchard ",12,80,37,29,0,158,266
59013,"Kamloops--Thompson--Cariboo/Kamloops--Thompson--Cariboo"," 206","Kamloops ",8,135,91,52,0,286,456
59013,"Kamloops--Thompson--Cariboo/Kamloops--Thompson--Cariboo"," 207","Kamloops ",4,99,45,35,0,183,262
59013,"Kamloops--Thompson--Cariboo/Kamloops--Thompson--Cariboo"," 208","Kamloops ",17,90,120,76,2,305,504
59013,"Kamloops--Thompson--Cariboo/Kamloops--Thompson--Cariboo"," 209","Kamloops ",9,112,93,69,0,283,457
59013,"Kamloops--Thompson--Cariboo/Kamloops--Thompson--Cariboo"," 210","Kamloops ",6,107,81,65,1,260,424
59013,"Kamloops--Thompson--Cariboo/Kamloops--Thompson--Cariboo"," 211","Kamloops",7,86,65,44,0,202,313
59013,"Kamloops--Thompson--Cariboo/Kamloops--Thompson--Cariboo"," 212","Kamloops ",3,69,59,43,0,174,277
59013,"Kamloops--Thompson--Cariboo/Kamloops--Thompson--Cariboo"," 213A","Thompson-Nicola L",9,163,67,42,0,281,431
59013,"Kamloops--Thompson--Cariboo/Kamloops--Thompson--Cariboo"," 213B","Kamloops",Merged with No./Fusionné avec le n°211,,,,,,30
59013,"Kamloops--Thompson--Cariboo/Kamloops--Thompson--Cariboo"," 214","Lac Le Jeune",4,118,78,42,2,244,382
59013,"Kamloops--Thompson--Cariboo/Kamloops--Thompson--Cariboo"," 215","Lac Le Jeune",5,121,56,41,3,226,385
59013,"Kamloops--Thompson--Cariboo/Kamloops--Thompson--Cariboo"," 216","Monte Lake",19,143,55,58,0,275,453
59013,"Kamloops--Thompson--Cariboo/Kamloops--Thompson--Cariboo"," 217","Kamloops ",5,64,47,71,0,187,389
59013,"Kamloops--Thompson--Cariboo/Kamloops--Thompson--Cariboo"," 218","Kamloops ",12,72,71,84,1,240,455
59013,"Kamloops--Thompson--Cariboo/Kamloops--Thompson--Cariboo"," 219","Kamloops ",4,47,36,62,2,151,402
59013,"Kamloops--Thompson--Cariboo/Kamloops--Thompson--Cariboo"," 220","Kamloops ",10,37,48,64,0,159,410
59013,"Kamloops--Thompson--Cariboo/Kamloops--Thompson--Cariboo"," 221","Kamloops ",13,28,74,61,1,177,357
59013,"Kamloops--Thompson--Cariboo/Kamloops--Thompson--Cariboo"," 222","Kamloops ",5,45,87,94,0,231,431
59013,"Kamloops--Thompson--Cariboo/Kamloops--Thompson--Cariboo"," 223","Kamloops ",8,34,44,49,0,135,370
59013,"Kamloops--Thompson--Cariboo/Kamloops--Thompson--Cariboo"," 224","Kamloops ",4,54,72,120,0,250,508
59013,"Kamloops--Thompson--Cariboo/Kamloops--Thompson--Cariboo"," 225","Kamloops ",5,52,46,58,0,161,431
59013,"Kamloops--Thompson--Cariboo/Kamloops--Thompson--Cariboo"," 226","Kamloops ",3,38,56,87,1,185,428
59013,"Kamloops--Thompson--Cariboo/Kamloops--Thompson--Cariboo"," 227","Kamloops ",12,37,64,75,0,188,440
59013,"Kamloops--Thompson--Cariboo/Kamloops--Thompson--Cariboo"," 228","Kamloops ",17,37,62,70,0,186,414
59013,"Kamloops--Thompson--Cariboo/Kamloops--Thompson--Cariboo"," 229","Kamloops ",9,30,50,81,2,172,451
59013,"Kamloops--Thompson--Cariboo/Kamloops--Thompson--Cariboo"," 230","Kamloops ",7,33,35,59,1,135,312
59013,"Kamloops--Thompson--Cariboo/Kamloops--Thompson--Cariboo"," 231","Kamloops ",4,33,33,64,2,136,326
59013,"Kamloops--Thompson--Cariboo/Kamloops--Thompson--Cariboo"," 232","Kamloops ",4,41,81,82,0,208,423
59013,"Kamloops--Thompson--Cariboo/Kamloops--Thompson--Cariboo"," 233","Kamloops ",2,39,72,90,0,203,425
59013,"Kamloops--Thompson--Cariboo/Kamloops--Thompson--Cariboo"," 234","Kamloops ",7,55,50,66,0,178,386
59013,"Kamloops--Thompson--Cariboo/Kamloops--Thompson--Cariboo"," 235","Kamloops ",9,74,64,85,0,232,465
59013,"Kamloops--Thompson--Cariboo/Kamloops--Thompson--Cariboo"," 236","Kamloops ",4,50,64,75,4,197,349
59013,"Kamloops--Thompson--Cariboo/Kamloops--Thompson--Cariboo"," 237","Kamloops ",5,58,64,81,2,210,381
59013,"Kamloops--Thompson--Cariboo/Kamloops--Thompson--Cariboo"," 238","Kamloops ",8,39,59,76,1,183,395
59013,"Kamloops--Thompson--Cariboo/Kamloops--Thompson--Cariboo"," 239A","Little Fort",12,6,32,58,0,108,156
59013,"Kamloops--Thompson--Cariboo/Kamloops--Thompson--Cariboo"," 239B","Little Fort",11,68,35,47,0,161,217
59013,"Kamloops--Thompson--Cariboo/Kamloops--Thompson--Cariboo"," 400","Kamloops ",2,14,7,9,0,32,64
59013,"Kamloops--Thompson--Cariboo/Kamloops--Thompson--Cariboo"," 401","Kamloops",Void/Supprimé,,,,,,
59013,"Kamloops--Thompson--Cariboo/Kamloops--Thompson--Cariboo"," 402","Kamloops ",3,47,42,14,0,106,132
59013,"Kamloops--Thompson--Cariboo/Kamloops--Thompson--Cariboo"," 403","Kamloops",9,41,23,17,2,92,135
59013,"Kamloops--Thompson--Cariboo/Kamloops--Thompson--Cariboo"," 404","Kamloops ",3,31,11,19,1,65,79
59013,"Kamloops--Thompson--Cariboo/Kamloops--Thompson--Cariboo"," 405","Kamloops",Void/Supprimé,,,,,,
59013,"Kamloops--Thompson--Cariboo/Kamloops--Thompson--Cariboo"," 406","Kamloops",3,19,14,28,1,65,96
59013,"Kamloops--Thompson--Cariboo/Kamloops--Thompson--Cariboo"," 500","Mobile poll/Bureau itinérant",4,21,17,15,1,58,109
59013,"Kamloops--Thompson--Cariboo/Kamloops--Thompson--Cariboo"," 501","Mobile poll/Bureau itinérant",2,8,8,5,0,23,24
59013,"Kamloops--Thompson--Cariboo/Kamloops--Thompson--Cariboo"," 502","Mobile poll/Bureau itinérant",5,64,40,34,0,143,114
59013,"Kamloops--Thompson--Cariboo/Kamloops--Thompson--Cariboo"," 503","Mobile poll/Bureau itinérant",5,55,27,27,2,116,135
59013,"Kamloops--Thompson--Cariboo/Kamloops--Thompson--Cariboo"," 504","Mobile poll/Bureau itinérant",5,21,25,23,2,76,134
59013,"Kamloops--Thompson--Cariboo/Kamloops--Thompson--Cariboo"," 600","Blue River/Clearwater",34,282,109,231,0,656,
59013,"Kamloops--Thompson--Cariboo/Kamloops--Thompson--Cariboo"," 601","Canim Lake",32,302,142,211,0,687,
59013,"Kamloops--Thompson--Cariboo/Kamloops--Thompson--Cariboo"," 602","Lac la Hache ",23,275,91,153,0,542,
59013,"Kamloops--Thompson--Cariboo/Kamloops--Thompson--Cariboo"," 603","Horse Lake",6,132,60,52,0,250,
59013,"Kamloops--Thompson--Cariboo/Kamloops--Thompson--Cariboo"," 604","70 Mile House--Clinton",12,77,48,44,0,181,
59013,"Kamloops--Thompson--Cariboo/Kamloops--Thompson--Cariboo"," 605","Barrière--McLure",34,278,103,145,0,560,
59013,"Kamloops--Thompson--Cariboo/Kamloops--Thompson--Cariboo"," 606","Thompson-Nicola J",21,449,323,356,2,1151,
59013,"Kamloops--Thompson--Cariboo/Kamloops--Thompson--Cariboo"," 607","Kamloops ",14,258,191,253,1,717,
59013,"Kamloops--Thompson--Cariboo/Kamloops--Thompson--Cariboo"," 608","Thompson-Nicola P",12,151,91,113,1,368,
59013,"Kamloops--Thompson--Cariboo/Kamloops--Thompson--Cariboo"," 609","Kamloops ",16,326,223,245,3,813,
59013,"Kamloops--Thompson--Cariboo/Kamloops--Thompson--Cariboo"," 610","Kamloops ",18,311,191,223,1,744,
59013,"Kamloops--Thompson--Cariboo/Kamloops--Thompson--Cariboo"," 611","Kamloops ",44,408,306,458,1,1217,
59013,"Kamloops--Thompson--Cariboo/Kamloops--Thompson--Cariboo"," 612","Kamloops ",20,248,193,346,1,808,
59013,"Kamloops--Thompson--Cariboo/Kamloops--Thompson--Cariboo"," 613","Kamloops ",36,303,234,489,1,1063,
59013,"Kamloops--Thompson--Cariboo/Kamloops--Thompson--Cariboo"," 614","Kamloops ",30,313,241,456,1,1041,
59013,"Kamloops--Thompson--Cariboo/Kamloops--Thompson--Cariboo"," 615","Kamloops ",20,359,318,426,2,1125,
59013,"Kamloops--Thompson--Cariboo/Kamloops--Thompson--Cariboo"," 616","Kamloops ",14,256,183,151,1,605,
59013,"Kamloops--Thompson--Cariboo/Kamloops--Thompson--Cariboo"," 617","Kamloops ",21,430,258,373,2,1084,
59013,"Kamloops--Thompson--Cariboo/Kamloops--Thompson--Cariboo"," 618","Kamloops ",21,332,195,206,1,755,
59013,"Kamloops--Thompson--Cariboo/Kamloops--Thompson--Cariboo"," 619","Kamloops ",7,165,59,65,0,296,
59013,"Kamloops--Thompson--Cariboo/Kamloops--Thompson--Cariboo",,"Group 1/Groupe 1",5,32,62,35,5,139,112
59013,"Kamloops--Thompson--Cariboo/Kamloops--Thompson--Cariboo",,"Group 2/Groupe 2",112,1393,864,1559,35,3963,
