﻿Electoral District Number/Numéro de circonscription,Electoral District Name/Nom de circonscription,Polling Station Number/Numéro du bureau de scrutin,Polling Station Name/Nom du bureau de scrutin,Elaine Marie Hughes,Brooke Taylor Malinoski,Doug Ottenbreit,Cathay Wagantall,Rejected Ballots/Bulletins rejetés,Total Votes/Total des votes,Electors/Électeurs
47014,"Yorkton--Melville /Yorkton--Melville "," 1","Crooked River",1,8,10,55,0,74,117
47014,"Yorkton--Melville /Yorkton--Melville "," 2","Mistatim",2,26,5,76,1,110,174
47014,"Yorkton--Melville /Yorkton--Melville "," 3","Prairie River",3,6,13,52,1,75,118
47014,"Yorkton--Melville /Yorkton--Melville "," 4","Hudson Bay",4,21,42,125,0,192,313
47014,"Yorkton--Melville /Yorkton--Melville "," 5","Cumberland House",2,8,9,48,0,67,124
47014,"Yorkton--Melville /Yorkton--Melville "," 6","Hudson Bay",4,27,32,67,0,130,256
47014,"Yorkton--Melville /Yorkton--Melville "," 7","Hudson Bay",12,53,68,137,1,271,584
47014,"Yorkton--Melville /Yorkton--Melville "," 8","Hudson Bay",1,29,29,126,0,185,358
47014,"Yorkton--Melville /Yorkton--Melville "," 9","Hudson Bay",6,25,35,127,2,195,355
47014,"Yorkton--Melville /Yorkton--Melville "," 10","Weekes",1,9,20,97,1,128,195
47014,"Yorkton--Melville /Yorkton--Melville "," 11","Carragana",6,10,14,56,0,86,150
47014,"Yorkton--Melville /Yorkton--Melville "," 12","Porcupine Plain",6,15,23,68,0,112,257
47014,"Yorkton--Melville /Yorkton--Melville "," 13","Porcupine Plain",6,15,14,99,0,134,222
47014,"Yorkton--Melville /Yorkton--Melville "," 14","Chelan",1,12,8,44,0,65,142
47014,"Yorkton--Melville /Yorkton--Melville "," 15","Bjorkdale",7,30,23,126,0,186,326
47014,"Yorkton--Melville /Yorkton--Melville "," 16","McKague",3,9,19,71,0,102,156
47014,"Yorkton--Melville /Yorkton--Melville "," 17","Kinistin 91",4,61,109,24,0,198,204
47014,"Yorkton--Melville /Yorkton--Melville "," 18","Pleasantdale",5,16,25,71,0,117,224
47014,"Yorkton--Melville /Yorkton--Melville "," 19","St. Brieux",9,36,21,208,0,274,391
47014,"Yorkton--Melville /Yorkton--Melville "," 20","St. Brieux",1,19,16,178,0,214,263
47014,"Yorkton--Melville /Yorkton--Melville "," 21","St. Brieux",Merged with No./Fusionné avec le n°20,,,,,,30
47014,"Yorkton--Melville /Yorkton--Melville "," 22","Naicam",Merged with No./Fusionné avec le n°23,,,,,,32
47014,"Yorkton--Melville /Yorkton--Melville "," 23","Naicam",2,11,18,120,1,152,243
47014,"Yorkton--Melville /Yorkton--Melville "," 24","Naicam",2,20,35,123,0,180,378
47014,"Yorkton--Melville /Yorkton--Melville "," 25","Naicam",4,7,14,57,0,82,172
47014,"Yorkton--Melville /Yorkton--Melville "," 26","Archerwill",10,25,40,153,0,228,378
47014,"Yorkton--Melville /Yorkton--Melville "," 27","Périgord",3,24,17,58,0,102,166
47014,"Yorkton--Melville /Yorkton--Melville "," 28","Rose Valley",5,13,18,150,0,186,239
47014,"Yorkton--Melville /Yorkton--Melville "," 29","Rose Valley",6,30,19,107,0,162,251
47014,"Yorkton--Melville /Yorkton--Melville "," 30","Spalding",6,32,38,150,1,227,347
47014,"Yorkton--Melville /Yorkton--Melville "," 31","Watson",3,33,39,134,0,209,368
47014,"Yorkton--Melville /Yorkton--Melville "," 32","Watson",3,28,25,80,0,136,213
47014,"Yorkton--Melville /Yorkton--Melville "," 33","Watson",3,14,17,91,1,126,195
47014,"Yorkton--Melville /Yorkton--Melville "," 34","Quill Lake",1,23,11,133,1,169,237
47014,"Yorkton--Melville /Yorkton--Melville "," 35","Quill Lake",3,20,32,102,1,158,250
47014,"Yorkton--Melville /Yorkton--Melville "," 36","Wadena",2,10,11,70,2,95,196
47014,"Yorkton--Melville /Yorkton--Melville "," 37","Wadena",0,7,8,47,0,62,97
47014,"Yorkton--Melville /Yorkton--Melville "," 37-1","Wadena",6,30,26,145,2,209,411
47014,"Yorkton--Melville /Yorkton--Melville "," 38","Wadena",8,27,38,93,0,166,437
47014,"Yorkton--Melville /Yorkton--Melville "," 39","Wadena",3,24,26,85,0,138,262
47014,"Yorkton--Melville /Yorkton--Melville "," 40","Fosston",3,8,25,60,0,96,144
47014,"Yorkton--Melville /Yorkton--Melville "," 41","Kelvington",6,13,48,175,0,242,355
47014,"Yorkton--Melville /Yorkton--Melville "," 42","Kelvington",15,29,46,157,0,247,440
47014,"Yorkton--Melville /Yorkton--Melville "," 43","Kelvington",11,32,43,171,0,257,372
47014,"Yorkton--Melville /Yorkton--Melville "," 44","Yellowquill 90",5,51,124,1,0,181,506
47014,"Yorkton--Melville /Yorkton--Melville "," 45","Lintlaw",1,15,17,128,0,161,257
47014,"Yorkton--Melville /Yorkton--Melville "," 46","Endeavour",3,3,15,83,0,104,200
47014,"Yorkton--Melville /Yorkton--Melville "," 47","Endeavour",1,16,21,68,0,106,227
47014,"Yorkton--Melville /Yorkton--Melville "," 48","Swan Plain",1,9,6,48,0,64,165
47014,"Yorkton--Melville /Yorkton--Melville "," 49","Swan Plain",4,11,7,71,0,93,138
47014,"Yorkton--Melville /Yorkton--Melville "," 50A","Norquay",1,4,6,58,0,69,128
47014,"Yorkton--Melville /Yorkton--Melville "," 50B","Norquay",1,18,46,4,0,69,105
47014,"Yorkton--Melville /Yorkton--Melville "," 51","Norquay",4,14,22,102,0,142,374
47014,"Yorkton--Melville /Yorkton--Melville "," 52","Arran",5,12,19,73,0,109,212
47014,"Yorkton--Melville /Yorkton--Melville "," 53","Pelly",5,31,35,126,0,197,380
47014,"Yorkton--Melville /Yorkton--Melville "," 54","Keeseekoose 66",2,42,155,2,1,202,294
47014,"Yorkton--Melville /Yorkton--Melville "," 55","Veregin",2,17,27,79,0,125,222
47014,"Yorkton--Melville /Yorkton--Melville "," 56","Hyas",2,15,25,71,0,113,244
47014,"Yorkton--Melville /Yorkton--Melville "," 57","Sturgis",2,13,38,52,0,105,197
47014,"Yorkton--Melville /Yorkton--Melville "," 58","Sturgis",6,22,40,103,0,171,303
47014,"Yorkton--Melville /Yorkton--Melville "," 59","Sturgis",6,22,20,125,1,174,305
47014,"Yorkton--Melville /Yorkton--Melville "," 60","Preeceville",11,15,25,85,0,136,390
47014,"Yorkton--Melville /Yorkton--Melville "," 61","Preeceville",1,19,20,60,1,101,204
47014,"Yorkton--Melville /Yorkton--Melville "," 62","Preeceville",1,13,28,61,0,103,288
47014,"Yorkton--Melville /Yorkton--Melville "," 63","Preeceville",4,18,23,81,0,126,241
47014,"Yorkton--Melville /Yorkton--Melville "," 64","Hazel Dell",5,11,10,107,0,133,247
47014,"Yorkton--Melville /Yorkton--Melville "," 65","Invermay",2,5,14,66,1,88,117
47014,"Yorkton--Melville /Yorkton--Melville "," 66","Invermay",6,19,14,93,1,133,206
47014,"Yorkton--Melville /Yorkton--Melville "," 67","Margo",2,10,7,113,0,132,188
47014,"Yorkton--Melville /Yorkton--Melville "," 68","Kuroki",4,19,19,96,0,138,234
47014,"Yorkton--Melville /Yorkton--Melville "," 69","Fishing Lake 89",2,91,101,3,1,198,240
47014,"Yorkton--Melville /Yorkton--Melville "," 70","Foam Lake",5,27,17,149,1,199,317
47014,"Yorkton--Melville /Yorkton--Melville "," 71","Foam Lake",8,16,23,87,0,134,248
47014,"Yorkton--Melville /Yorkton--Melville "," 72","Foam Lake",6,22,24,78,0,130,238
47014,"Yorkton--Melville /Yorkton--Melville "," 73","Foam Lake",4,11,22,131,0,168,423
47014,"Yorkton--Melville /Yorkton--Melville "," 74","Foam Lake",4,6,8,69,0,87,157
47014,"Yorkton--Melville /Yorkton--Melville "," 75","Sheho",6,32,21,88,0,147,247
47014,"Yorkton--Melville /Yorkton--Melville "," 76","Rama",5,18,16,83,0,122,181
47014,"Yorkton--Melville /Yorkton--Melville "," 77","Buchanan",11,35,37,138,0,221,374
47014,"Yorkton--Melville /Yorkton--Melville "," 78","Canora",1,16,21,72,0,110,234
47014,"Yorkton--Melville /Yorkton--Melville "," 79","Canora",6,18,36,79,0,139,297
47014,"Yorkton--Melville /Yorkton--Melville "," 80","Canora",8,25,19,72,0,124,280
47014,"Yorkton--Melville /Yorkton--Melville "," 81","Canora",11,25,41,72,1,150,301
47014,"Yorkton--Melville /Yorkton--Melville "," 82A","Canora",4,34,32,69,0,139,302
47014,"Yorkton--Melville /Yorkton--Melville "," 82B","Canora",5,19,23,40,0,87,253
47014,"Yorkton--Melville /Yorkton--Melville "," 83","Canora",3,25,30,106,0,164,288
47014,"Yorkton--Melville /Yorkton--Melville "," 84","Sunnyside - Canora Beach",5,15,14,106,0,140,265
47014,"Yorkton--Melville /Yorkton--Melville "," 85","Springside",10,34,20,121,0,185,271
47014,"Yorkton--Melville /Yorkton--Melville "," 86","Springside",13,51,30,166,0,260,417
47014,"Yorkton--Melville /Yorkton--Melville "," 87","Theodore",3,18,12,64,0,97,159
47014,"Yorkton--Melville /Yorkton--Melville "," 88","Theodore",12,30,38,103,0,183,298
47014,"Yorkton--Melville /Yorkton--Melville "," 89","Jedburgh",3,15,14,81,0,113,189
47014,"Yorkton--Melville /Yorkton--Melville "," 90","Willowbrook",4,17,23,80,1,125,182
47014,"Yorkton--Melville /Yorkton--Melville "," 91","Fenwood",6,26,15,93,0,140,259
47014,"Yorkton--Melville /Yorkton--Melville "," 92","Melville",4,28,30,119,2,183,312
47014,"Yorkton--Melville /Yorkton--Melville "," 93","Melville",2,48,44,95,0,189,340
47014,"Yorkton--Melville /Yorkton--Melville "," 94","Melville",5,56,37,130,0,228,480
47014,"Yorkton--Melville /Yorkton--Melville "," 95","Melville",3,39,37,111,0,190,318
47014,"Yorkton--Melville /Yorkton--Melville "," 96A","Melville",3,45,30,59,0,137,319
47014,"Yorkton--Melville /Yorkton--Melville "," 96B","Melville",3,39,28,69,1,140,295
47014,"Yorkton--Melville /Yorkton--Melville "," 97","Melville",2,39,38,85,0,164,350
47014,"Yorkton--Melville /Yorkton--Melville "," 98","Melville",4,54,42,82,1,183,390
47014,"Yorkton--Melville /Yorkton--Melville "," 99","Melville",7,51,66,84,0,208,437
47014,"Yorkton--Melville /Yorkton--Melville "," 100","Melville",2,32,62,102,1,199,385
47014,"Yorkton--Melville /Yorkton--Melville "," 101","Yorkton",5,39,31,112,0,187,313
47014,"Yorkton--Melville /Yorkton--Melville "," 102","Yorkton",5,42,34,169,0,250,420
47014,"Yorkton--Melville /Yorkton--Melville "," 103","Yorkton",1,54,42,93,0,190,371
47014,"Yorkton--Melville /Yorkton--Melville "," 104","Yorkton",9,68,51,108,0,236,501
47014,"Yorkton--Melville /Yorkton--Melville "," 105","Yorkton",8,74,48,109,0,239,489
47014,"Yorkton--Melville /Yorkton--Melville "," 106","York Lake",5,35,32,124,0,196,352
47014,"Yorkton--Melville /Yorkton--Melville "," 107","Otthon",3,24,16,74,0,117,220
47014,"Yorkton--Melville /Yorkton--Melville "," 108","Rhein",5,19,21,117,0,162,276
47014,"Yorkton--Melville /Yorkton--Melville "," 109","Cote 64",4,89,238,4,0,335,416
47014,"Yorkton--Melville /Yorkton--Melville "," 110","Kamsack",4,31,31,134,0,200,332
47014,"Yorkton--Melville /Yorkton--Melville "," 111","Kamsack",2,24,34,59,1,120,223
47014,"Yorkton--Melville /Yorkton--Melville "," 112A","Kamsack",4,21,20,46,0,91,269
47014,"Yorkton--Melville /Yorkton--Melville "," 112B","Kamsack",8,18,21,53,0,100,265
47014,"Yorkton--Melville /Yorkton--Melville "," 113","Kamsack",4,33,41,54,0,132,261
47014,"Yorkton--Melville /Yorkton--Melville "," 114","Kamsack",4,21,24,59,0,108,209
47014,"Yorkton--Melville /Yorkton--Melville "," 115","Kamsack",4,18,19,67,0,108,292
47014,"Yorkton--Melville /Yorkton--Melville "," 116","Togo",6,27,9,74,1,117,201
47014,"Yorkton--Melville /Yorkton--Melville "," 117","Wroxton",2,12,21,96,0,131,197
47014,"Yorkton--Melville /Yorkton--Melville "," 118","Tonkin",3,23,21,107,1,155,245
47014,"Yorkton--Melville /Yorkton--Melville "," 119","Saltcoats",4,22,27,123,0,176,284
47014,"Yorkton--Melville /Yorkton--Melville "," 120","Saltcoats",7,42,37,132,0,218,356
47014,"Yorkton--Melville /Yorkton--Melville "," 121","Waldron",2,10,17,73,0,102,186
47014,"Yorkton--Melville /Yorkton--Melville "," 122","Bredenbury",4,29,14,85,0,132,264
47014,"Yorkton--Melville /Yorkton--Melville "," 123","Bredenbury",2,17,4,90,0,113,220
47014,"Yorkton--Melville /Yorkton--Melville "," 124","Churchbridge",10,41,44,240,0,335,448
47014,"Yorkton--Melville /Yorkton--Melville "," 125","Churchbridge",5,53,50,139,0,247,407
47014,"Yorkton--Melville /Yorkton--Melville "," 126","MacNutt",8,12,16,92,1,129,205
47014,"Yorkton--Melville /Yorkton--Melville "," 127","Calder",0,16,23,83,2,124,190
47014,"Yorkton--Melville /Yorkton--Melville "," 128","Langenburg",7,40,26,148,0,221,335
47014,"Yorkton--Melville /Yorkton--Melville "," 129","Langenburg",4,37,36,79,0,156,324
47014,"Yorkton--Melville /Yorkton--Melville "," 130","Langenburg East",9,32,29,126,0,196,324
47014,"Yorkton--Melville /Yorkton--Melville "," 131","Langenburg",7,40,40,129,0,216,326
47014,"Yorkton--Melville /Yorkton--Melville "," 132","Waldron - Atwater",0,13,5,67,0,85,260
47014,"Yorkton--Melville /Yorkton--Melville "," 133","Yarbo",1,15,21,52,1,90,158
47014,"Yorkton--Melville /Yorkton--Melville "," 134","Esterhazy",7,38,35,73,0,153,289
47014,"Yorkton--Melville /Yorkton--Melville "," 135","Esterhazy",4,25,29,93,1,152,249
47014,"Yorkton--Melville /Yorkton--Melville "," 136","Esterhazy",7,38,45,101,0,191,416
47014,"Yorkton--Melville /Yorkton--Melville "," 137","Esterhazy",3,29,31,112,1,176,273
47014,"Yorkton--Melville /Yorkton--Melville "," 138","Esterhazy",8,28,31,147,0,214,425
47014,"Yorkton--Melville /Yorkton--Melville "," 139","Esterhazy",1,26,27,57,0,111,196
47014,"Yorkton--Melville /Yorkton--Melville "," 140","Esterhazy",6,26,23,88,0,143,309
47014,"Yorkton--Melville /Yorkton--Melville "," 141","Dubuc",4,9,14,53,0,80,130
47014,"Yorkton--Melville /Yorkton--Melville "," 142","Grayson",6,40,56,152,2,256,482
47014,"Yorkton--Melville /Yorkton--Melville "," 143","Killaly",6,20,16,56,2,100,198
47014,"Yorkton--Melville /Yorkton--Melville "," 144","Duff",3,12,10,59,0,84,134
47014,"Yorkton--Melville /Yorkton--Melville "," 145","Neudorf",6,41,37,125,1,210,310
47014,"Yorkton--Melville /Yorkton--Melville "," 146","Lemberg",7,37,18,163,0,225,337
47014,"Yorkton--Melville /Yorkton--Melville "," 147","Stockholm",12,36,41,114,0,203,281
47014,"Yorkton--Melville /Yorkton--Melville "," 148","Stockholm",3,30,34,102,0,169,225
47014,"Yorkton--Melville /Yorkton--Melville "," 149","Tantallon",6,22,37,106,0,171,321
47014,"Yorkton--Melville /Yorkton--Melville "," 150","Spy Hill",10,33,38,122,0,203,284
47014,"Yorkton--Melville /Yorkton--Melville "," 151","Ebenezer",3,15,19,113,1,151,277
47014,"Yorkton--Melville /Yorkton--Melville "," 152","Yorkton",8,37,30,82,1,158,378
47014,"Yorkton--Melville /Yorkton--Melville "," 153","Yorkton",2,46,73,110,0,231,418
47014,"Yorkton--Melville /Yorkton--Melville "," 154","Yorkton",4,44,43,63,0,154,368
47014,"Yorkton--Melville /Yorkton--Melville "," 155","Yorkton",5,38,37,91,0,171,370
47014,"Yorkton--Melville /Yorkton--Melville "," 156","Yorkton",15,58,50,110,0,233,435
47014,"Yorkton--Melville /Yorkton--Melville "," 157","Yorkton",6,50,41,78,0,175,362
47014,"Yorkton--Melville /Yorkton--Melville "," 158","Yorkton",8,48,51,61,2,170,383
47014,"Yorkton--Melville /Yorkton--Melville "," 159","Yorkton",8,35,54,71,1,169,404
47014,"Yorkton--Melville /Yorkton--Melville "," 160","Yorkton",3,45,39,66,0,153,365
47014,"Yorkton--Melville /Yorkton--Melville "," 161","Yorkton",3,32,45,92,3,175,346
47014,"Yorkton--Melville /Yorkton--Melville "," 162","Yorkton",6,59,52,156,2,275,440
47014,"Yorkton--Melville /Yorkton--Melville "," 163","Yorkton",2,68,35,189,0,294,473
47014,"Yorkton--Melville /Yorkton--Melville "," 164","Yorkton",2,44,32,170,1,249,413
47014,"Yorkton--Melville /Yorkton--Melville "," 165","Yorkton",8,38,29,84,0,159,308
47014,"Yorkton--Melville /Yorkton--Melville "," 166","Yorkton",2,45,29,162,1,239,425
47014,"Yorkton--Melville /Yorkton--Melville "," 167","Yorkton",4,50,54,108,0,216,481
47014,"Yorkton--Melville /Yorkton--Melville "," 168","Yorkton",6,51,41,101,0,199,370
47014,"Yorkton--Melville /Yorkton--Melville "," 169","Yorkton",4,42,53,69,0,168,343
47014,"Yorkton--Melville /Yorkton--Melville "," 170","Yorkton",8,54,72,96,1,231,412
47014,"Yorkton--Melville /Yorkton--Melville "," 171","Yorkton",1,53,33,112,2,201,349
47014,"Yorkton--Melville /Yorkton--Melville "," 172","Yorkton",6,52,44,68,0,170,370
47014,"Yorkton--Melville /Yorkton--Melville "," 173","Yorkton",5,60,44,118,3,230,440
47014,"Yorkton--Melville /Yorkton--Melville "," 174","Yorkton",9,40,39,107,2,197,440
47014,"Yorkton--Melville /Yorkton--Melville "," 175","Yorkton",3,45,39,115,0,202,356
47014,"Yorkton--Melville /Yorkton--Melville "," 176","Yorkton",9,55,33,129,0,226,405
47014,"Yorkton--Melville /Yorkton--Melville "," 177","Yorkton",1,56,38,129,0,224,399
47014,"Yorkton--Melville /Yorkton--Melville "," 178","Yorkton",7,66,34,97,0,204,356
47014,"Yorkton--Melville /Yorkton--Melville "," 179","Melville",2,44,47,107,2,202,386
47014,"Yorkton--Melville /Yorkton--Melville "," 180","Wadena",Void/Supprimé,,,,,,
47014,"Yorkton--Melville /Yorkton--Melville "," 181","Porcupine Plain",9,29,36,117,1,192,409
47014,"Yorkton--Melville /Yorkton--Melville "," 500","Mobile poll/Bureau itinérant",0,8,10,13,2,33,33
47014,"Yorkton--Melville /Yorkton--Melville "," 501","Mobile poll/Bureau itinérant",3,7,11,9,2,32,55
47014,"Yorkton--Melville /Yorkton--Melville "," 600","Hudson Bay",7,38,71,129,0,245,
47014,"Yorkton--Melville /Yorkton--Melville "," 601","Carragana",3,15,29,114,0,161,
47014,"Yorkton--Melville /Yorkton--Melville "," 602","Naicam",7,28,37,159,2,233,
47014,"Yorkton--Melville /Yorkton--Melville "," 603","Wadena",8,46,87,212,1,354,
47014,"Yorkton--Melville /Yorkton--Melville "," 604","Preeceville",12,31,75,273,0,391,
47014,"Yorkton--Melville /Yorkton--Melville "," 605","Norquay",4,8,15,117,0,144,
47014,"Yorkton--Melville /Yorkton--Melville "," 606","Kamsack",4,39,78,166,0,287,
47014,"Yorkton--Melville /Yorkton--Melville "," 607","Canora",12,54,64,231,0,361,
47014,"Yorkton--Melville /Yorkton--Melville "," 608","Foam Lake",2,25,48,213,2,290,
47014,"Yorkton--Melville /Yorkton--Melville "," 609","Springside",6,36,35,170,0,247,
47014,"Yorkton--Melville /Yorkton--Melville "," 610","Yorkton",12,132,177,435,3,759,
47014,"Yorkton--Melville /Yorkton--Melville "," 611","Yorkton",12,176,151,369,1,709,
47014,"Yorkton--Melville /Yorkton--Melville "," 612","Bredenbury",4,17,42,107,0,170,
47014,"Yorkton--Melville /Yorkton--Melville "," 613","Fenwood",2,37,30,116,0,185,
47014,"Yorkton--Melville /Yorkton--Melville "," 614","Melville",12,107,155,329,0,603,
47014,"Yorkton--Melville /Yorkton--Melville "," 615","Esterhazy",15,65,97,308,1,486,
47014,"Yorkton--Melville /Yorkton--Melville "," 616","Langenburg",3,15,24,120,0,162,
47014,"Yorkton--Melville /Yorkton--Melville ",,"Group 1/Groupe 1",8,93,32,22,4,159,148
47014,"Yorkton--Melville /Yorkton--Melville ",,"Group 2/Groupe 2",24,151,234,502,11,922,
