﻿Electoral District Number/Numéro de circonscription,Electoral District Name/Nom de circonscription,Polling Station Number/Numéro du bureau de scrutin,Polling Station Name/Nom du bureau de scrutin,Mark Adler,Hal Berman,Constantine Kritsonis,Michael Levitt,Rejected Ballots/Bulletins rejetés,Total Votes/Total des votes,Electors/Électeurs
35118,"York Centre/York-Centre"," 1","North York",106,10,1,81,2,200,551
35118,"York Centre/York-Centre"," 2A","North York",101,11,1,37,0,150,400
35118,"York Centre/York-Centre"," 2B","North York",23,8,2,17,0,50,128
35118,"York Centre/York-Centre"," 3","North York",107,13,2,38,1,161,394
35118,"York Centre/York-Centre"," 4","North York",115,6,4,49,0,174,389
35118,"York Centre/York-Centre"," 5","North York",126,6,2,42,0,176,432
35118,"York Centre/York-Centre"," 6","North York",89,11,4,42,0,146,383
35118,"York Centre/York-Centre"," 7","North York",57,10,1,49,0,117,311
35118,"York Centre/York-Centre"," 8A","North York",106,10,1,53,2,172,431
35118,"York Centre/York-Centre"," 8B","North York",Merged with No./Fusionné avec le n°414,,,,,,177
35118,"York Centre/York-Centre"," 9A","North York",83,29,5,88,2,207,418
35118,"York Centre/York-Centre"," 9B","North York",Merged with No./Fusionné avec le n°413,,,,,,141
35118,"York Centre/York-Centre"," 10","North York",95,4,1,43,1,144,368
35118,"York Centre/York-Centre"," 11A","North York",36,8,2,40,0,86,177
35118,"York Centre/York-Centre"," 11B","North York",Merged with No./Fusionné avec le n°417,,,,,,264
35118,"York Centre/York-Centre"," 11-1","North York",54,9,5,68,2,138,235
35118,"York Centre/York-Centre"," 12","North York",102,8,0,66,2,178,350
35118,"York Centre/York-Centre"," 12-1A","North York",Merged with No./Fusionné avec le n°429,,,,,,254
35118,"York Centre/York-Centre"," 12-1B","North York",68,19,7,86,0,180,176
35118,"York Centre/York-Centre"," 13","North York",103,12,2,81,0,198,402
35118,"York Centre/York-Centre"," 14","North York",82,13,6,87,0,188,378
35118,"York Centre/York-Centre"," 15A","North York",101,9,2,61,0,173,448
35118,"York Centre/York-Centre"," 15B","North York",Merged with No./Fusionné avec le n°12-1B,,,,,,136
35118,"York Centre/York-Centre"," 15C","North York",Merged with No./Fusionné avec le n°430,,,,,,207
35118,"York Centre/York-Centre"," 16","North York",81,16,8,94,4,203,537
35118,"York Centre/York-Centre"," 17","North York",115,12,10,112,1,250,537
35118,"York Centre/York-Centre"," 18","North York",98,22,3,104,3,230,455
35118,"York Centre/York-Centre"," 19","North York",100,9,1,108,3,221,487
35118,"York Centre/York-Centre"," 20","North York",150,20,3,71,0,244,465
35118,"York Centre/York-Centre"," 21","North York",141,9,7,104,3,264,577
35118,"York Centre/York-Centre"," 22","North York",108,12,3,80,0,203,447
35118,"York Centre/York-Centre"," 23","North York",69,9,3,93,3,177,443
35118,"York Centre/York-Centre"," 24","North York",62,10,8,96,1,177,413
35118,"York Centre/York-Centre"," 25","North York",99,12,3,63,1,178,362
35118,"York Centre/York-Centre"," 26","North York",64,23,2,80,2,171,388
35118,"York Centre/York-Centre"," 27","North York",42,8,2,83,1,136,331
35118,"York Centre/York-Centre"," 28","North York",48,7,3,71,0,129,361
35118,"York Centre/York-Centre"," 29","North York",5,1,0,3,0,9,40
35118,"York Centre/York-Centre"," 30","North York",92,12,3,94,0,201,387
35118,"York Centre/York-Centre"," 31A","North York",43,17,3,83,2,148,299
35118,"York Centre/York-Centre"," 31B","North York",44,20,5,80,4,153,300
35118,"York Centre/York-Centre"," 32","North York",107,23,8,109,0,247,491
35118,"York Centre/York-Centre"," 33","North York",81,15,9,112,1,218,535
35118,"York Centre/York-Centre"," 34A","North York",99,14,4,66,1,184,387
35118,"York Centre/York-Centre"," 34B","North York",Merged with No./Fusionné avec le n°437,,,,,,143
35118,"York Centre/York-Centre"," 35","North York",112,12,2,101,0,227,445
35118,"York Centre/York-Centre"," 36","North York",98,14,4,59,0,175,383
35118,"York Centre/York-Centre"," 37","North York",73,10,0,56,0,139,365
35118,"York Centre/York-Centre"," 38","North York",97,14,7,85,1,204,452
35118,"York Centre/York-Centre"," 39","North York",74,6,1,70,0,151,339
35118,"York Centre/York-Centre"," 40A","North York",87,10,1,75,0,173,357
35118,"York Centre/York-Centre"," 40B","North York",Merged with No./Fusionné avec le n°444,,,,,,114
35118,"York Centre/York-Centre"," 40-1","North York",76,17,8,85,2,188,369
35118,"York Centre/York-Centre"," 41","North York",141,11,2,54,0,208,494
35118,"York Centre/York-Centre"," 42","North York",120,15,3,59,1,198,429
35118,"York Centre/York-Centre"," 43","North York",54,19,3,99,2,177,384
35118,"York Centre/York-Centre"," 44","North York",143,2,2,47,2,196,479
35118,"York Centre/York-Centre"," 45","North York",164,3,3,52,1,223,410
35118,"York Centre/York-Centre"," 46","North York",185,4,3,63,1,256,459
35118,"York Centre/York-Centre"," 47","North York",150,13,6,86,2,257,490
35118,"York Centre/York-Centre"," 48","North York",173,13,2,86,1,275,471
35118,"York Centre/York-Centre"," 49","North York",99,14,3,83,1,200,460
35118,"York Centre/York-Centre"," 50","North York",111,10,3,70,0,194,426
35118,"York Centre/York-Centre"," 51","North York",92,22,6,149,0,269,521
35118,"York Centre/York-Centre"," 52","North York",132,8,4,82,0,226,464
35118,"York Centre/York-Centre"," 53","North York",128,7,1,91,0,227,508
35118,"York Centre/York-Centre"," 54","North York",95,6,1,50,1,153,383
35118,"York Centre/York-Centre"," 55","North York",105,6,0,30,0,141,390
35118,"York Centre/York-Centre"," 56","North York",101,7,3,54,0,165,402
35118,"York Centre/York-Centre"," 57","North York",54,9,2,57,2,124,384
35118,"York Centre/York-Centre"," 58","North York",105,5,1,40,1,152,404
35118,"York Centre/York-Centre"," 59","North York",58,9,2,95,2,166,371
35118,"York Centre/York-Centre"," 60","North York",99,17,4,56,0,176,425
35118,"York Centre/York-Centre"," 61","North York",57,11,2,91,1,162,376
35118,"York Centre/York-Centre"," 62","North York",5,2,0,5,0,12,58
35118,"York Centre/York-Centre"," 63A","North York",67,26,2,168,3,266,444
35118,"York Centre/York-Centre"," 63B","North York",92,11,1,125,2,231,462
35118,"York Centre/York-Centre"," 64","North York",63,17,4,125,1,210,444
35118,"York Centre/York-Centre"," 65","North York",88,17,5,119,1,230,514
35118,"York Centre/York-Centre"," 66","North York",47,14,9,115,1,186,331
35118,"York Centre/York-Centre"," 67","North York",60,24,7,122,2,215,520
35118,"York Centre/York-Centre"," 68","North York",79,18,6,177,0,280,518
35118,"York Centre/York-Centre"," 69","North York",68,10,3,156,0,237,479
35118,"York Centre/York-Centre"," 70","North York",79,12,2,156,0,249,506
35118,"York Centre/York-Centre"," 71","North York",77,26,2,128,0,233,485
35118,"York Centre/York-Centre"," 72","North York",75,24,4,172,2,277,593
35118,"York Centre/York-Centre"," 73","North York",45,20,5,109,1,180,387
35118,"York Centre/York-Centre"," 74","North York",76,20,14,139,4,253,430
35118,"York Centre/York-Centre"," 75","North York",48,17,1,110,3,179,341
35118,"York Centre/York-Centre"," 76","North York",92,27,6,180,7,312,563
35118,"York Centre/York-Centre"," 77","North York",57,15,2,117,1,192,395
35118,"York Centre/York-Centre"," 78","North York",65,20,6,121,0,212,406
35118,"York Centre/York-Centre"," 79","North York",57,22,9,169,1,258,437
35118,"York Centre/York-Centre"," 80","North York",85,14,5,131,2,237,435
35118,"York Centre/York-Centre"," 81","North York",44,10,1,105,3,163,336
35118,"York Centre/York-Centre"," 82","North York",48,23,4,133,1,209,381
35118,"York Centre/York-Centre"," 83","North York",71,13,9,131,0,224,401
35118,"York Centre/York-Centre"," 84","North York",75,14,0,120,0,209,404
35118,"York Centre/York-Centre"," 85","North York",70,17,8,115,0,210,394
35118,"York Centre/York-Centre"," 86","North York",39,13,5,124,0,181,395
35118,"York Centre/York-Centre"," 87","North York",43,13,4,102,0,162,315
35118,"York Centre/York-Centre"," 88","North York",71,7,1,107,0,186,338
35118,"York Centre/York-Centre"," 89","North York",67,7,6,135,2,217,479
35118,"York Centre/York-Centre"," 90A","North York",72,14,3,102,6,197,372
35118,"York Centre/York-Centre"," 90B","North York",Merged with No./Fusionné avec le n°454,,,,,,89
35118,"York Centre/York-Centre"," 91","North York",51,10,1,129,1,192,363
35118,"York Centre/York-Centre"," 92","North York",48,12,0,118,2,180,318
35118,"York Centre/York-Centre"," 93","North York",52,18,1,114,0,185,382
35118,"York Centre/York-Centre"," 94","North York",61,15,3,100,2,181,373
35118,"York Centre/York-Centre"," 95","North York",79,30,6,162,0,277,488
35118,"York Centre/York-Centre"," 96","North York",57,15,3,114,0,189,357
35118,"York Centre/York-Centre"," 97","North York",50,11,8,109,2,180,316
35118,"York Centre/York-Centre"," 98","North York",50,13,3,116,0,182,393
35118,"York Centre/York-Centre"," 99","North York",73,25,2,166,5,271,550
35118,"York Centre/York-Centre"," 100","North York",92,20,3,159,2,276,450
35118,"York Centre/York-Centre"," 101","North York",86,19,2,125,1,233,478
35118,"York Centre/York-Centre"," 102","North York",72,16,5,138,2,233,407
35118,"York Centre/York-Centre"," 103","North York",57,13,3,144,6,223,455
35118,"York Centre/York-Centre"," 104","North York",88,19,5,151,3,266,459
35118,"York Centre/York-Centre"," 105","North York",52,19,1,145,0,217,485
35118,"York Centre/York-Centre"," 106","North York",71,16,6,108,1,202,317
35118,"York Centre/York-Centre"," 107","North York",54,23,5,144,4,230,396
35118,"York Centre/York-Centre"," 108","North York",78,21,3,122,0,224,452
35118,"York Centre/York-Centre"," 109","North York",105,13,1,91,3,213,501
35118,"York Centre/York-Centre"," 110","North York",151,8,5,61,1,226,555
35118,"York Centre/York-Centre"," 111","North York",72,28,6,129,0,235,498
35118,"York Centre/York-Centre"," 400","North York",81,7,7,22,0,117,214
35118,"York Centre/York-Centre"," 401","North York",50,13,2,36,0,101,282
35118,"York Centre/York-Centre"," 402","North York",45,8,4,31,1,89,177
35118,"York Centre/York-Centre"," 403","North York",164,9,1,60,3,237,328
35118,"York Centre/York-Centre"," 404","North York",128,10,0,46,4,188,308
35118,"York Centre/York-Centre"," 405","North York",121,10,0,51,2,184,311
35118,"York Centre/York-Centre"," 406","North York",44,8,1,43,0,96,157
35118,"York Centre/York-Centre"," 407","North York",65,1,0,43,0,109,172
35118,"York Centre/York-Centre"," 408","North York",58,15,2,48,0,123,279
35118,"York Centre/York-Centre"," 409","North York",46,6,4,59,0,115,188
35118,"York Centre/York-Centre"," 410","North York",189,6,3,37,15,250,345
35118,"York Centre/York-Centre"," 411","Vaughan",38,9,4,67,0,118,161
35118,"York Centre/York-Centre"," 412","North York",35,8,3,26,2,74,136
35118,"York Centre/York-Centre"," 413","North York",64,12,5,65,1,147,156
35118,"York Centre/York-Centre"," 414","North York",91,19,8,83,1,202,259
35118,"York Centre/York-Centre"," 415","North York",68,10,3,60,0,141,357
35118,"York Centre/York-Centre"," 416","North York",112,30,1,155,2,300,558
35118,"York Centre/York-Centre"," 417","North York",118,19,4,65,2,208,172
35118,"York Centre/York-Centre"," 418","North York",121,9,2,54,1,187,360
35118,"York Centre/York-Centre"," 419","North York",140,20,4,53,2,219,343
35118,"York Centre/York-Centre"," 420","North York",127,12,2,72,1,214,321
35118,"York Centre/York-Centre"," 421","North York",98,10,4,31,1,144,278
35118,"York Centre/York-Centre"," 422","North York",38,16,3,92,2,151,339
35118,"York Centre/York-Centre"," 423","North York",Void/Supprimé,,,,,,
35118,"York Centre/York-Centre"," 424","North York",134,11,2,63,2,212,337
35118,"York Centre/York-Centre"," 425","North York",Void/Supprimé,,,,,,
35118,"York Centre/York-Centre"," 426","North York",34,9,2,44,1,90,199
35118,"York Centre/York-Centre"," 427","North York",Void/Supprimé,,,,,,
35118,"York Centre/York-Centre"," 428","North York",98,9,6,105,1,219,372
35118,"York Centre/York-Centre"," 429","North York",107,27,3,133,0,270,226
35118,"York Centre/York-Centre"," 430","North York",107,26,8,113,4,258,220
35118,"York Centre/York-Centre"," 431","North York",53,28,5,90,2,178,296
35118,"York Centre/York-Centre"," 432","North York",57,18,3,121,0,199,309
35118,"York Centre/York-Centre"," 433","North York",153,9,2,27,8,199,289
35118,"York Centre/York-Centre"," 434","North York",103,16,3,79,0,201,312
35118,"York Centre/York-Centre"," 435","North York",68,16,3,29,0,116,152
35118,"York Centre/York-Centre"," 436","North York",52,12,2,79,2,147,220
35118,"York Centre/York-Centre"," 437","North York",73,26,5,90,4,198,178
35118,"York Centre/York-Centre"," 438","North York",77,16,3,85,2,183,290
35118,"York Centre/York-Centre"," 439","North York",Void/Supprimé,,,,,,
35118,"York Centre/York-Centre"," 440","North York",82,11,4,60,3,160,241
35118,"York Centre/York-Centre"," 441","North York",Void/Supprimé,,,,,,
35118,"York Centre/York-Centre"," 442","North York",97,7,1,20,5,130,190
35118,"York Centre/York-Centre"," 443","North York",96,5,0,18,5,124,163
35118,"York Centre/York-Centre"," 444","North York",71,18,4,70,5,168,157
35118,"York Centre/York-Centre"," 445","North York",27,8,1,76,0,112,230
35118,"York Centre/York-Centre"," 446","North York",31,5,7,77,5,125,278
35118,"York Centre/York-Centre"," 447","North York",8,6,1,38,7,60,278
35118,"York Centre/York-Centre"," 448","North York",11,2,1,58,1,73,166
35118,"York Centre/York-Centre"," 449","North York",40,13,3,163,3,222,344
35118,"York Centre/York-Centre"," 450","North York",35,7,4,65,0,111,160
35118,"York Centre/York-Centre"," 451","North York",16,18,3,60,0,97,165
35118,"York Centre/York-Centre"," 452","North York",38,15,7,89,0,149,250
35118,"York Centre/York-Centre"," 453","North York",51,12,5,115,2,185,310
35118,"York Centre/York-Centre"," 454","North York",24,10,1,103,2,140,155
35118,"York Centre/York-Centre"," 455","North York",22,14,2,52,0,90,225
35118,"York Centre/York-Centre"," 456","North York",27,18,3,85,1,134,242
35118,"York Centre/York-Centre"," 457","North York",33,9,1,88,1,132,223
35118,"York Centre/York-Centre"," 458","North York",23,13,3,86,3,128,209
35118,"York Centre/York-Centre"," 459","North York",26,15,5,121,3,170,262
35118,"York Centre/York-Centre"," 460","North York",47,35,5,157,4,248,379
35118,"York Centre/York-Centre"," 461","North York",124,43,6,212,3,388,592
35118,"York Centre/York-Centre"," 462","North York",8,3,0,10,0,21,25
35118,"York Centre/York-Centre"," 463","North York",17,12,0,79,4,112,180
35118,"York Centre/York-Centre"," 464","North York",53,10,4,53,0,120,185
35118,"York Centre/York-Centre"," 465","North York",31,13,2,73,0,119,242
35118,"York Centre/York-Centre"," 466","North York",42,9,2,62,1,116,193
35118,"York Centre/York-Centre"," 467","North York",7,3,0,22,0,32,51
35118,"York Centre/York-Centre"," 468","North York",10,8,0,34,0,52,139
35118,"York Centre/York-Centre"," 500A","Mobile poll/Bureau itinérant",63,2,0,8,1,74,136
35118,"York Centre/York-Centre"," 500B","Mobile poll/Bureau itinérant",25,7,1,29,4,66,244
35118,"York Centre/York-Centre"," 600","North York",535,57,13,260,3,868,
35118,"York Centre/York-Centre"," 601","North York",382,52,8,217,0,659,
35118,"York Centre/York-Centre"," 602","North York",572,70,22,406,1,1071,
35118,"York Centre/York-Centre"," 603","North York",585,58,16,517,5,1181,
35118,"York Centre/York-Centre"," 604","North York",665,50,13,357,5,1090,
35118,"York Centre/York-Centre"," 605","North York",594,72,14,439,3,1122,
35118,"York Centre/York-Centre"," 606","North York",436,32,14,323,1,806,
35118,"York Centre/York-Centre"," 607","North York",139,44,10,285,2,480,
35118,"York Centre/York-Centre"," 608","North York",212,59,12,404,2,689,
35118,"York Centre/York-Centre"," 609","North York",167,47,9,318,2,543,
35118,"York Centre/York-Centre"," 610","North York",184,51,8,337,5,585,
35118,"York Centre/York-Centre",,"Group 1/Groupe 1",35,6,2,59,6,108,83
35118,"York Centre/York-Centre",,"Group 2/Groupe 2",436,97,20,447,14,1014,
