﻿Electoral District Number/Numéro de circonscription,Electoral District Name/Nom de circonscription,Polling Station Number/Numéro du bureau de scrutin,Polling Station Name/Nom du bureau de scrutin,Payam Azad,Claire Martin,Andrew Saxton,Carleen Thomas,Jonathan Wilkinson,Ismet Yetisen,Rejected Ballots/Bulletins rejetés,Total Votes/Total des votes,Electors/Électeurs
59021,"North Vancouver/North Vancouver"," 1A","Greater Vancouver A",0,23,33,16,103,1,0,176,309
59021,"North Vancouver/North Vancouver"," 1B","North Vancouver",Merged with No./Fusionné avec le n°64,,,,,,,,21
59021,"North Vancouver/North Vancouver"," 2","North Vancouver",0,18,75,9,126,0,0,228,455
59021,"North Vancouver/North Vancouver"," 3","North Vancouver",0,15,86,5,147,1,0,254,506
59021,"North Vancouver/North Vancouver"," 4","North Vancouver",0,6,106,6,87,0,0,205,334
59021,"North Vancouver/North Vancouver"," 5","North Vancouver",0,18,107,2,113,1,1,242,445
59021,"North Vancouver/North Vancouver"," 6","North Vancouver",2,7,81,8,111,0,0,209,387
59021,"North Vancouver/North Vancouver"," 7","North Vancouver",0,10,70,3,102,0,0,185,408
59021,"North Vancouver/North Vancouver"," 8","North Vancouver",0,17,83,7,125,1,0,233,411
59021,"North Vancouver/North Vancouver"," 9","North Vancouver",0,8,50,4,135,1,0,198,392
59021,"North Vancouver/North Vancouver"," 10","North Vancouver",0,4,53,7,98,1,0,163,319
59021,"North Vancouver/North Vancouver"," 11","North Vancouver",1,10,77,3,133,1,0,225,444
59021,"North Vancouver/North Vancouver"," 12","North Vancouver",0,6,86,1,106,1,0,200,409
59021,"North Vancouver/North Vancouver"," 13","North Vancouver",0,8,112,14,144,0,0,278,498
59021,"North Vancouver/North Vancouver"," 14","North Vancouver",1,14,77,6,99,0,2,199,375
59021,"North Vancouver/North Vancouver"," 15","North Vancouver",0,14,124,6,142,1,0,287,485
59021,"North Vancouver/North Vancouver"," 16","North Vancouver",0,17,57,3,116,0,1,194,377
59021,"North Vancouver/North Vancouver"," 17","North Vancouver",2,17,97,4,110,0,0,230,438
59021,"North Vancouver/North Vancouver"," 18","North Vancouver",0,15,121,2,112,0,0,250,399
59021,"North Vancouver/North Vancouver"," 19","North Vancouver",0,14,63,11,111,0,0,199,400
59021,"North Vancouver/North Vancouver"," 20","North Vancouver",1,20,91,13,105,2,0,232,540
59021,"North Vancouver/North Vancouver"," 21","North Vancouver",0,14,82,10,125,0,1,232,435
59021,"North Vancouver/North Vancouver"," 22","North Vancouver",0,26,65,12,118,1,2,224,436
59021,"North Vancouver/North Vancouver"," 23","North Vancouver",0,32,91,8,117,1,1,250,443
59021,"North Vancouver/North Vancouver"," 24","North Vancouver",0,22,81,7,139,0,0,249,437
59021,"North Vancouver/North Vancouver"," 25","North Vancouver",0,7,67,5,106,0,0,185,381
59021,"North Vancouver/North Vancouver"," 26","North Vancouver",0,21,48,7,123,0,0,199,396
59021,"North Vancouver/North Vancouver"," 27","North Vancouver",0,15,76,9,131,1,0,232,451
59021,"North Vancouver/North Vancouver"," 28","North Vancouver",0,16,94,8,147,1,0,266,482
59021,"North Vancouver/North Vancouver"," 29","North Vancouver",0,25,117,10,149,0,1,302,518
59021,"North Vancouver/North Vancouver"," 30","North Vancouver",1,16,86,7,129,0,0,239,455
59021,"North Vancouver/North Vancouver"," 31","North Vancouver",0,16,76,9,121,0,0,222,362
59021,"North Vancouver/North Vancouver"," 32","North Vancouver",0,24,66,1,110,3,1,205,351
59021,"North Vancouver/North Vancouver"," 33","North Vancouver",0,9,60,2,107,0,0,178,339
59021,"North Vancouver/North Vancouver"," 34","North Vancouver",0,23,83,14,109,0,2,231,420
59021,"North Vancouver/North Vancouver"," 35","North Vancouver",0,24,42,30,156,0,0,252,488
59021,"North Vancouver/North Vancouver"," 36","North Vancouver",0,15,43,19,121,1,0,199,386
59021,"North Vancouver/North Vancouver"," 37","North Vancouver",0,20,53,22,150,0,0,245,415
59021,"North Vancouver/North Vancouver"," 38","North Vancouver",1,18,75,30,188,0,1,313,454
59021,"North Vancouver/North Vancouver"," 39","North Vancouver",1,20,61,11,153,0,2,248,452
59021,"North Vancouver/North Vancouver"," 40","North Vancouver",0,21,73,7,108,2,0,211,361
59021,"North Vancouver/North Vancouver"," 41","North Vancouver",0,28,75,15,122,0,0,240,445
59021,"North Vancouver/North Vancouver"," 42","North Vancouver",0,21,56,17,115,1,0,210,438
59021,"North Vancouver/North Vancouver"," 43","North Vancouver",2,12,43,11,104,0,0,172,436
59021,"North Vancouver/North Vancouver"," 44","North Vancouver",1,17,78,14,97,1,1,209,372
59021,"North Vancouver/North Vancouver"," 45","North Vancouver",0,29,104,10,161,0,2,306,543
59021,"North Vancouver/North Vancouver"," 46","North Vancouver",0,27,69,21,122,0,0,239,398
59021,"North Vancouver/North Vancouver"," 47","North Vancouver",0,14,71,28,145,1,0,259,405
59021,"North Vancouver/North Vancouver"," 48","North Vancouver",0,25,41,13,116,0,1,196,380
59021,"North Vancouver/North Vancouver"," 49","North Vancouver",1,33,64,13,127,0,1,239,452
59021,"North Vancouver/North Vancouver"," 50","North Vancouver",0,18,70,10,102,0,1,201,405
59021,"North Vancouver/North Vancouver"," 51","North Vancouver",0,9,81,9,125,0,1,225,452
59021,"North Vancouver/North Vancouver"," 52","North Vancouver",0,24,63,16,151,0,0,254,469
59021,"North Vancouver/North Vancouver"," 53","North Vancouver",0,24,75,12,131,0,0,242,420
59021,"North Vancouver/North Vancouver"," 54","North Vancouver",0,16,82,21,147,0,0,266,438
59021,"North Vancouver/North Vancouver"," 55","North Vancouver",0,32,106,13,164,0,0,315,537
59021,"North Vancouver/North Vancouver"," 56","North Vancouver",0,18,60,15,156,0,1,250,457
59021,"North Vancouver/North Vancouver"," 57","North Vancouver",0,17,65,18,128,2,1,231,381
59021,"North Vancouver/North Vancouver"," 58","North Vancouver",1,27,74,20,188,0,1,311,526
59021,"North Vancouver/North Vancouver"," 59","North Vancouver",0,35,71,20,159,1,0,286,451
59021,"North Vancouver/North Vancouver"," 60","North Vancouver",1,26,57,25,157,1,0,267,489
59021,"North Vancouver/North Vancouver"," 61","North Vancouver",0,23,52,22,116,0,0,213,448
59021,"North Vancouver/North Vancouver"," 62","North Vancouver",0,24,91,11,206,0,0,332,519
59021,"North Vancouver/North Vancouver"," 63","North Vancouver",0,39,84,12,208,0,1,344,513
59021,"North Vancouver/North Vancouver"," 64","North Vancouver",0,30,80,15,157,0,0,282,448
59021,"North Vancouver/North Vancouver"," 65","North Vancouver",0,19,107,23,186,0,1,336,584
59021,"North Vancouver/North Vancouver"," 66","North Vancouver",0,20,67,16,129,0,1,233,385
59021,"North Vancouver/North Vancouver"," 67","North Vancouver",0,21,66,25,179,0,0,291,567
59021,"North Vancouver/North Vancouver"," 68","North Vancouver",0,31,75,7,126,0,1,240,428
59021,"North Vancouver/North Vancouver"," 69","North Vancouver",0,30,71,26,142,0,0,269,471
59021,"North Vancouver/North Vancouver"," 70","North Vancouver",1,24,84,9,144,3,1,266,435
59021,"North Vancouver/North Vancouver"," 71","North Vancouver",0,26,56,25,127,0,0,234,433
59021,"North Vancouver/North Vancouver"," 72","North Vancouver",0,24,53,29,171,2,1,280,521
59021,"North Vancouver/North Vancouver"," 73","North Vancouver",0,17,56,12,90,0,0,175,323
59021,"North Vancouver/North Vancouver"," 74","North Vancouver",0,19,97,18,138,1,4,277,503
59021,"North Vancouver/North Vancouver"," 75","North Vancouver",1,12,93,10,139,1,0,256,452
59021,"North Vancouver/North Vancouver"," 76","North Vancouver",0,27,73,20,167,0,0,287,506
59021,"North Vancouver/North Vancouver"," 77","North Vancouver",0,23,80,18,125,0,0,246,422
59021,"North Vancouver/North Vancouver"," 78","North Vancouver",0,28,68,29,152,0,0,277,477
59021,"North Vancouver/North Vancouver"," 79","North Vancouver",2,31,72,20,145,1,1,272,476
59021,"North Vancouver/North Vancouver"," 80","North Vancouver",1,22,70,16,139,0,1,249,460
59021,"North Vancouver/North Vancouver"," 81","North Vancouver",2,21,48,14,147,0,1,233,449
59021,"North Vancouver/North Vancouver"," 82","North Vancouver",0,11,76,14,135,0,2,238,468
59021,"North Vancouver/North Vancouver"," 83","North Vancouver",1,15,65,19,170,1,4,275,541
59021,"North Vancouver/North Vancouver"," 84","North Vancouver",2,18,55,14,141,0,2,232,429
59021,"North Vancouver/North Vancouver"," 85","North Vancouver",0,26,65,5,145,1,0,242,455
59021,"North Vancouver/North Vancouver"," 86","North Vancouver",0,25,54,27,149,0,0,255,496
59021,"North Vancouver/North Vancouver"," 87","North Vancouver",2,11,27,26,126,2,1,195,419
59021,"North Vancouver/North Vancouver"," 88","North Vancouver",1,19,31,30,99,0,0,180,360
59021,"North Vancouver/North Vancouver"," 89","North Vancouver",0,15,87,19,156,0,1,278,450
59021,"North Vancouver/North Vancouver"," 90","North Vancouver",0,17,51,14,137,0,0,219,420
59021,"North Vancouver/North Vancouver"," 91","North Vancouver",0,23,45,29,132,1,2,232,411
59021,"North Vancouver/North Vancouver"," 92","North Vancouver",3,16,52,24,141,0,0,236,468
59021,"North Vancouver/North Vancouver"," 93","North Vancouver",1,22,39,43,156,0,0,261,500
59021,"North Vancouver/North Vancouver"," 94","North Vancouver",0,30,52,16,133,0,2,233,448
59021,"North Vancouver/North Vancouver"," 95","North Vancouver",2,16,49,15,134,2,0,218,490
59021,"North Vancouver/North Vancouver"," 96","North Vancouver",0,21,72,15,144,0,0,252,412
59021,"North Vancouver/North Vancouver"," 97","North Vancouver",0,33,65,13,146,0,0,257,401
59021,"North Vancouver/North Vancouver"," 98","North Vancouver",0,15,70,23,151,0,3,262,479
59021,"North Vancouver/North Vancouver"," 99","North Vancouver",0,28,88,13,174,0,0,303,443
59021,"North Vancouver/North Vancouver"," 100","North Vancouver",0,18,51,7,172,1,0,249,560
59021,"North Vancouver/North Vancouver"," 101","North Vancouver",2,24,56,19,139,1,1,242,474
59021,"North Vancouver/North Vancouver"," 102","North Vancouver",0,21,42,25,160,0,3,251,521
59021,"North Vancouver/North Vancouver"," 103","North Vancouver",0,17,63,20,140,1,1,242,439
59021,"North Vancouver/North Vancouver"," 104","North Vancouver",0,29,66,15,146,0,1,257,399
59021,"North Vancouver/North Vancouver"," 105A","Pemberton Heights",3,12,24,15,106,1,2,163,306
59021,"North Vancouver/North Vancouver"," 105B","Pemberton Heights",0,11,32,14,96,2,0,155,332
59021,"North Vancouver/North Vancouver"," 106","Pemberton Heights",2,9,43,14,198,2,3,271,514
59021,"North Vancouver/North Vancouver"," 107","Pemberton Heights",2,8,49,26,169,1,0,255,518
59021,"North Vancouver/North Vancouver"," 108","North Vancouver",0,14,51,19,141,1,1,227,463
59021,"North Vancouver/North Vancouver"," 109","North Vancouver",0,25,69,22,160,0,0,276,511
59021,"North Vancouver/North Vancouver"," 110","North Vancouver",2,19,47,113,148,1,2,332,577
59021,"North Vancouver/North Vancouver"," 111A","North Vancouver",0,18,31,54,116,1,0,220,378
59021,"North Vancouver/North Vancouver"," 111B","North Vancouver",0,14,32,39,110,1,0,196,412
59021,"North Vancouver/North Vancouver"," 112","North Vancouver",0,22,52,16,135,0,2,227,440
59021,"North Vancouver/North Vancouver"," 113","North Vancouver",0,22,57,24,118,0,0,221,525
59021,"North Vancouver/North Vancouver"," 114","North Vancouver",0,15,47,26,140,1,0,229,494
59021,"North Vancouver/North Vancouver"," 115A","North Vancouver",0,12,36,21,102,1,1,173,354
59021,"North Vancouver/North Vancouver"," 115B","North Vancouver",0,10,41,23,102,4,0,180,347
59021,"North Vancouver/North Vancouver"," 116A","North Vancouver",0,13,46,16,95,1,0,171,343
59021,"North Vancouver/North Vancouver"," 116B","North Vancouver",0,8,41,9,84,0,0,142,343
59021,"North Vancouver/North Vancouver"," 117","North Vancouver",0,13,69,29,152,0,3,266,551
59021,"North Vancouver/North Vancouver"," 118","North Vancouver",0,16,70,25,116,0,0,227,386
59021,"North Vancouver/North Vancouver"," 119A","North Vancouver",1,14,37,20,112,0,0,184,355
59021,"North Vancouver/North Vancouver"," 119B","North Vancouver",0,13,43,8,106,1,0,171,323
59021,"North Vancouver/North Vancouver"," 120","North Vancouver",0,16,33,16,111,0,1,177,352
59021,"North Vancouver/North Vancouver"," 121","North Vancouver",0,26,59,12,101,1,1,200,430
59021,"North Vancouver/North Vancouver"," 122","North Vancouver",0,25,56,22,144,1,0,248,522
59021,"North Vancouver/North Vancouver"," 123","North Vancouver",1,17,43,31,159,0,2,253,476
59021,"North Vancouver/North Vancouver"," 124","North Vancouver",0,23,27,24,126,0,0,200,443
59021,"North Vancouver/North Vancouver"," 125","North Vancouver",0,23,62,33,147,1,2,268,530
59021,"North Vancouver/North Vancouver"," 126","North Vancouver",1,20,65,13,121,3,0,223,434
59021,"North Vancouver/North Vancouver"," 127","North Vancouver",0,24,64,24,167,0,0,279,499
59021,"North Vancouver/North Vancouver"," 128","North Vancouver",1,15,36,18,71,1,0,142,290
59021,"North Vancouver/North Vancouver"," 129","North Vancouver",0,17,44,33,118,1,1,214,487
59021,"North Vancouver/North Vancouver"," 130","North Vancouver",0,24,68,9,151,0,0,252,430
59021,"North Vancouver/North Vancouver"," 131","North Vancouver",0,24,47,30,144,1,5,251,396
59021,"North Vancouver/North Vancouver"," 132","North Vancouver",0,18,73,6,132,0,1,230,357
59021,"North Vancouver/North Vancouver"," 133","North Vancouver",0,24,55,20,169,2,2,272,398
59021,"North Vancouver/North Vancouver"," 134","North Vancouver",0,22,85,12,137,0,0,256,457
59021,"North Vancouver/North Vancouver"," 135","North Vancouver",2,16,74,17,130,0,0,239,394
59021,"North Vancouver/North Vancouver"," 136","North Vancouver",0,27,94,32,131,1,1,286,455
59021,"North Vancouver/North Vancouver"," 137","North Vancouver",1,42,82,17,142,0,0,284,464
59021,"North Vancouver/North Vancouver"," 138","North Vancouver",1,32,87,23,134,2,4,283,421
59021,"North Vancouver/North Vancouver"," 139","North Vancouver",0,18,60,41,164,0,1,284,483
59021,"North Vancouver/North Vancouver"," 140","North Vancouver",0,16,74,14,139,0,1,244,401
59021,"North Vancouver/North Vancouver"," 141","North Vancouver",0,20,65,20,186,0,1,292,443
59021,"North Vancouver/North Vancouver"," 142","North Vancouver",0,26,71,11,124,0,0,232,387
59021,"North Vancouver/North Vancouver"," 143","North Vancouver",0,34,73,23,129,0,0,259,429
59021,"North Vancouver/North Vancouver"," 144","North Vancouver",0,32,67,20,137,0,0,256,408
59021,"North Vancouver/North Vancouver"," 145","North Vancouver",0,50,81,20,154,0,0,305,497
59021,"North Vancouver/North Vancouver"," 146","North Vancouver",0,45,94,21,179,1,0,340,537
59021,"North Vancouver/North Vancouver"," 147","North Vancouver",0,30,60,10,143,0,1,244,396
59021,"North Vancouver/North Vancouver"," 148","North Vancouver",0,17,92,26,167,0,1,303,531
59021,"North Vancouver/North Vancouver"," 149","North Vancouver",0,24,103,38,178,0,1,344,592
59021,"North Vancouver/North Vancouver"," 150","North Vancouver",0,22,79,23,187,0,2,313,504
59021,"North Vancouver/North Vancouver"," 151","North Vancouver",0,31,48,10,96,0,1,186,305
59021,"North Vancouver/North Vancouver"," 152","North Vancouver",0,22,82,29,186,1,2,322,523
59021,"North Vancouver/North Vancouver"," 153","North Vancouver",1,27,44,26,132,1,0,231,436
59021,"North Vancouver/North Vancouver"," 154","North Vancouver",0,33,51,22,169,0,0,275,486
59021,"North Vancouver/North Vancouver"," 155","North Vancouver",0,21,91,23,152,1,0,288,526
59021,"North Vancouver/North Vancouver"," 156","North Vancouver",0,17,44,29,117,0,1,208,392
59021,"North Vancouver/North Vancouver"," 157","North Vancouver",0,27,72,9,179,1,1,289,434
59021,"North Vancouver/North Vancouver"," 158","North Vancouver",0,20,69,22,102,0,2,215,362
59021,"North Vancouver/North Vancouver"," 159","North Vancouver",0,14,50,16,82,0,0,162,338
59021,"North Vancouver/North Vancouver"," 160","North Vancouver",0,26,70,15,157,1,0,269,448
59021,"North Vancouver/North Vancouver"," 161","North Vancouver",1,28,54,23,199,0,3,308,514
59021,"North Vancouver/North Vancouver"," 162","North Vancouver",0,23,69,18,157,0,0,267,437
59021,"North Vancouver/North Vancouver"," 163","North Vancouver",0,25,35,38,156,0,0,254,498
59021,"North Vancouver/North Vancouver"," 164","North Vancouver",0,26,83,15,146,0,0,270,450
59021,"North Vancouver/North Vancouver"," 165","North Vancouver",0,18,71,24,168,0,0,281,432
59021,"North Vancouver/North Vancouver"," 166","North Vancouver",0,29,52,25,172,1,0,279,432
59021,"North Vancouver/North Vancouver"," 167","North Vancouver",0,13,57,33,159,1,0,263,473
59021,"North Vancouver/North Vancouver"," 168","North Vancouver",2,27,47,26,150,1,1,254,464
59021,"North Vancouver/North Vancouver"," 169","North Vancouver",0,16,50,33,119,1,0,219,405
59021,"North Vancouver/North Vancouver"," 170","North Vancouver",0,22,36,27,144,1,0,230,440
59021,"North Vancouver/North Vancouver"," 171","North Vancouver",0,25,58,17,140,1,0,241,396
59021,"North Vancouver/North Vancouver"," 172","North Vancouver",0,32,65,43,223,2,1,366,582
59021,"North Vancouver/North Vancouver"," 173","North Vancouver",0,21,36,25,156,3,3,244,451
59021,"North Vancouver/North Vancouver"," 174","North Vancouver",0,15,51,41,152,2,2,263,498
59021,"North Vancouver/North Vancouver"," 175","North Vancouver",1,21,40,15,144,0,0,221,371
59021,"North Vancouver/North Vancouver"," 176","North Vancouver",1,15,41,16,86,0,0,159,352
59021,"North Vancouver/North Vancouver"," 177A","North Vancouver",1,17,42,19,143,0,0,222,336
59021,"North Vancouver/North Vancouver"," 177B","North Vancouver",0,13,39,15,138,0,1,206,355
59021,"North Vancouver/North Vancouver"," 178","North Vancouver",0,18,31,13,109,0,1,172,324
59021,"North Vancouver/North Vancouver"," 179","North Vancouver",1,17,60,18,162,0,1,259,542
59021,"North Vancouver/North Vancouver"," 180","North Vancouver",0,25,37,20,115,0,0,197,417
59021,"North Vancouver/North Vancouver"," 181","North Vancouver",0,18,73,15,151,1,0,258,536
59021,"North Vancouver/North Vancouver"," 182","North Vancouver",0,27,54,41,161,0,1,284,601
59021,"North Vancouver/North Vancouver"," 183","North Vancouver",0,13,29,27,109,1,2,181,349
59021,"North Vancouver/North Vancouver"," 184","North Vancouver",0,16,28,29,85,2,0,160,361
59021,"North Vancouver/North Vancouver"," 185","North Vancouver",0,17,57,14,181,3,0,272,594
59021,"North Vancouver/North Vancouver"," 186","North Vancouver",0,14,80,23,123,0,0,240,464
59021,"North Vancouver/North Vancouver"," 400","North Vancouver",5,11,47,23,54,2,1,143,183
59021,"North Vancouver/North Vancouver"," 500","Mobile poll/Bureau itinérant",0,13,55,17,40,2,6,133,224
59021,"North Vancouver/North Vancouver"," 600","North Vancouver",0,72,423,56,712,4,2,1269,
59021,"North Vancouver/North Vancouver"," 601","North Vancouver",0,70,344,41,541,3,2,1001,
59021,"North Vancouver/North Vancouver"," 602","North Vancouver",0,67,221,94,569,1,4,956,
59021,"North Vancouver/North Vancouver"," 603","North Vancouver",0,86,282,92,673,3,6,1142,
59021,"North Vancouver/North Vancouver"," 604","North Vancouver",0,110,409,73,720,0,3,1315,
59021,"North Vancouver/North Vancouver"," 605","North Vancouver",1,97,387,72,744,1,4,1306,
59021,"North Vancouver/North Vancouver"," 606","North Vancouver",1,93,315,77,650,1,8,1145,
59021,"North Vancouver/North Vancouver"," 607","North Vancouver",1,76,232,104,603,0,0,1016,
59021,"North Vancouver/North Vancouver"," 608","North Vancouver",2,88,261,101,632,0,7,1091,
59021,"North Vancouver/North Vancouver"," 609","North Vancouver",4,95,293,136,642,3,6,1179,
59021,"North Vancouver/North Vancouver"," 610","North Vancouver",2,55,224,77,562,1,2,923,
59021,"North Vancouver/North Vancouver"," 611","North Vancouver",4,119,257,114,636,2,2,1134,
59021,"North Vancouver/North Vancouver"," 612","North Vancouver",0,77,189,51,527,1,2,847,
59021,"North Vancouver/North Vancouver",,"Group 1/Groupe 1",1,7,21,20,92,3,4,148,162
59021,"North Vancouver/North Vancouver",,"Group 2/Groupe 2",11,290,998,320,1705,5,33,3362,
