﻿Electoral District Number/Numéro de circonscription,Electoral District Name/Nom de circonscription,Polling Station Number/Numéro du bureau de scrutin,Polling Station Name/Nom du bureau de scrutin,Alex Johnstone,Peter Ormond,Vincent Samuel,Filomena Tassi,Rejected Ballots/Bulletins rejetés,Total Votes/Total des votes,Electors/Électeurs
35038,"Hamilton West--Ancaster--Dundas/Hamilton-Ouest--Ancaster--Dundas"," 1","Dundas",51,13,57,100,1,222,379
35038,"Hamilton West--Ancaster--Dundas/Hamilton-Ouest--Ancaster--Dundas"," 2","Dundas",34,14,85,150,2,285,459
35038,"Hamilton West--Ancaster--Dundas/Hamilton-Ouest--Ancaster--Dundas"," 3","Dundas",31,12,89,157,0,289,448
35038,"Hamilton West--Ancaster--Dundas/Hamilton-Ouest--Ancaster--Dundas"," 4","Dundas",50,22,82,133,1,288,437
35038,"Hamilton West--Ancaster--Dundas/Hamilton-Ouest--Ancaster--Dundas"," 5","Dundas",26,18,68,116,0,228,339
35038,"Hamilton West--Ancaster--Dundas/Hamilton-Ouest--Ancaster--Dundas"," 6","Dundas",38,19,87,148,0,292,465
35038,"Hamilton West--Ancaster--Dundas/Hamilton-Ouest--Ancaster--Dundas"," 7","Dundas",39,15,37,131,0,222,391
35038,"Hamilton West--Ancaster--Dundas/Hamilton-Ouest--Ancaster--Dundas"," 8","Dundas",38,4,53,57,0,152,309
35038,"Hamilton West--Ancaster--Dundas/Hamilton-Ouest--Ancaster--Dundas"," 9","Dundas",40,23,65,68,0,196,310
35038,"Hamilton West--Ancaster--Dundas/Hamilton-Ouest--Ancaster--Dundas"," 10","Dundas",26,11,45,95,1,178,405
35038,"Hamilton West--Ancaster--Dundas/Hamilton-Ouest--Ancaster--Dundas"," 11","Hamilton ",37,21,34,158,1,251,390
35038,"Hamilton West--Ancaster--Dundas/Hamilton-Ouest--Ancaster--Dundas"," 12","Hamilton ",44,18,38,131,0,231,376
35038,"Hamilton West--Ancaster--Dundas/Hamilton-Ouest--Ancaster--Dundas"," 13","Hamilton ",52,16,35,149,0,252,412
35038,"Hamilton West--Ancaster--Dundas/Hamilton-Ouest--Ancaster--Dundas"," 14","Hamilton ",88,16,50,181,1,336,473
35038,"Hamilton West--Ancaster--Dundas/Hamilton-Ouest--Ancaster--Dundas"," 15","Hamilton ",51,16,54,126,1,248,477
35038,"Hamilton West--Ancaster--Dundas/Hamilton-Ouest--Ancaster--Dundas"," 16","Hamilton ",31,8,49,119,0,207,357
35038,"Hamilton West--Ancaster--Dundas/Hamilton-Ouest--Ancaster--Dundas"," 17","Hamilton ",25,7,34,174,0,240,380
35038,"Hamilton West--Ancaster--Dundas/Hamilton-Ouest--Ancaster--Dundas"," 18","Hamilton ",51,10,38,118,0,217,373
35038,"Hamilton West--Ancaster--Dundas/Hamilton-Ouest--Ancaster--Dundas"," 19","Hamilton ",46,11,40,130,1,228,428
35038,"Hamilton West--Ancaster--Dundas/Hamilton-Ouest--Ancaster--Dundas"," 20","Hamilton ",44,9,49,118,2,222,410
35038,"Hamilton West--Ancaster--Dundas/Hamilton-Ouest--Ancaster--Dundas"," 21","Hamilton ",38,12,29,111,2,192,405
35038,"Hamilton West--Ancaster--Dundas/Hamilton-Ouest--Ancaster--Dundas"," 22","Hamilton ",56,15,40,154,4,269,508
35038,"Hamilton West--Ancaster--Dundas/Hamilton-Ouest--Ancaster--Dundas"," 23","Hamilton ",47,8,60,153,3,271,474
35038,"Hamilton West--Ancaster--Dundas/Hamilton-Ouest--Ancaster--Dundas"," 24","Hamilton ",25,11,37,75,2,150,375
35038,"Hamilton West--Ancaster--Dundas/Hamilton-Ouest--Ancaster--Dundas"," 25","Dundas",52,14,63,123,0,252,448
35038,"Hamilton West--Ancaster--Dundas/Hamilton-Ouest--Ancaster--Dundas"," 26","Dundas",43,17,55,114,3,232,409
35038,"Hamilton West--Ancaster--Dundas/Hamilton-Ouest--Ancaster--Dundas"," 27","Dundas",43,8,49,128,0,228,443
35038,"Hamilton West--Ancaster--Dundas/Hamilton-Ouest--Ancaster--Dundas"," 28","Dundas",43,16,78,165,0,302,469
35038,"Hamilton West--Ancaster--Dundas/Hamilton-Ouest--Ancaster--Dundas"," 29","Dundas",41,21,78,139,0,279,432
35038,"Hamilton West--Ancaster--Dundas/Hamilton-Ouest--Ancaster--Dundas"," 30","Hamilton ",28,13,38,63,0,142,320
35038,"Hamilton West--Ancaster--Dundas/Hamilton-Ouest--Ancaster--Dundas"," 31","Hamilton ",29,10,35,57,2,133,331
35038,"Hamilton West--Ancaster--Dundas/Hamilton-Ouest--Ancaster--Dundas"," 32","Hamilton ",43,13,53,82,4,195,358
35038,"Hamilton West--Ancaster--Dundas/Hamilton-Ouest--Ancaster--Dundas"," 33","Hamilton ",39,12,64,129,1,245,364
35038,"Hamilton West--Ancaster--Dundas/Hamilton-Ouest--Ancaster--Dundas"," 34","Hamilton ",53,13,59,138,3,266,495
35038,"Hamilton West--Ancaster--Dundas/Hamilton-Ouest--Ancaster--Dundas"," 35","Hamilton ",31,13,37,62,1,144,291
35038,"Hamilton West--Ancaster--Dundas/Hamilton-Ouest--Ancaster--Dundas"," 36","Hamilton ",50,11,46,135,1,243,442
35038,"Hamilton West--Ancaster--Dundas/Hamilton-Ouest--Ancaster--Dundas"," 37","Hamilton ",53,12,61,137,0,263,492
35038,"Hamilton West--Ancaster--Dundas/Hamilton-Ouest--Ancaster--Dundas"," 38","Hamilton ",41,10,34,72,0,157,333
35038,"Hamilton West--Ancaster--Dundas/Hamilton-Ouest--Ancaster--Dundas"," 39","Hamilton ",11,3,14,60,0,88,188
35038,"Hamilton West--Ancaster--Dundas/Hamilton-Ouest--Ancaster--Dundas"," 40","Hamilton ",56,14,79,154,2,305,458
35038,"Hamilton West--Ancaster--Dundas/Hamilton-Ouest--Ancaster--Dundas"," 41","Ancaster",11,9,131,115,2,268,430
35038,"Hamilton West--Ancaster--Dundas/Hamilton-Ouest--Ancaster--Dundas"," 42","Ancaster",26,23,87,149,0,285,464
35038,"Hamilton West--Ancaster--Dundas/Hamilton-Ouest--Ancaster--Dundas"," 43","Ancaster",15,4,115,92,0,226,398
35038,"Hamilton West--Ancaster--Dundas/Hamilton-Ouest--Ancaster--Dundas"," 44","Ancaster",26,5,74,91,0,196,339
35038,"Hamilton West--Ancaster--Dundas/Hamilton-Ouest--Ancaster--Dundas"," 45","Ancaster",27,9,153,140,2,331,641
35038,"Hamilton West--Ancaster--Dundas/Hamilton-Ouest--Ancaster--Dundas"," 46","Ancaster",16,9,90,91,3,209,332
35038,"Hamilton West--Ancaster--Dundas/Hamilton-Ouest--Ancaster--Dundas"," 47","Ancaster",41,9,84,84,1,219,369
35038,"Hamilton West--Ancaster--Dundas/Hamilton-Ouest--Ancaster--Dundas"," 48","Dundas",49,11,50,96,2,208,381
35038,"Hamilton West--Ancaster--Dundas/Hamilton-Ouest--Ancaster--Dundas"," 49","Dundas",36,11,78,116,1,242,378
35038,"Hamilton West--Ancaster--Dundas/Hamilton-Ouest--Ancaster--Dundas"," 50","Dundas",24,14,54,144,0,236,422
35038,"Hamilton West--Ancaster--Dundas/Hamilton-Ouest--Ancaster--Dundas"," 51","Dundas",35,6,99,156,0,296,510
35038,"Hamilton West--Ancaster--Dundas/Hamilton-Ouest--Ancaster--Dundas"," 52","Dundas",31,12,103,100,0,246,464
35038,"Hamilton West--Ancaster--Dundas/Hamilton-Ouest--Ancaster--Dundas"," 53","Dundas",54,21,58,106,0,239,438
35038,"Hamilton West--Ancaster--Dundas/Hamilton-Ouest--Ancaster--Dundas"," 54","Dundas",39,20,56,94,0,209,394
35038,"Hamilton West--Ancaster--Dundas/Hamilton-Ouest--Ancaster--Dundas"," 55","Dundas",44,14,59,113,0,230,421
35038,"Hamilton West--Ancaster--Dundas/Hamilton-Ouest--Ancaster--Dundas"," 56","Dundas",45,20,59,101,1,226,428
35038,"Hamilton West--Ancaster--Dundas/Hamilton-Ouest--Ancaster--Dundas"," 57","Dundas",32,17,68,102,2,221,375
35038,"Hamilton West--Ancaster--Dundas/Hamilton-Ouest--Ancaster--Dundas"," 58","Dundas",39,17,103,187,0,346,571
35038,"Hamilton West--Ancaster--Dundas/Hamilton-Ouest--Ancaster--Dundas"," 59","Dundas",28,12,35,107,0,182,272
35038,"Hamilton West--Ancaster--Dundas/Hamilton-Ouest--Ancaster--Dundas"," 60","Dundas",28,11,37,112,0,188,299
35038,"Hamilton West--Ancaster--Dundas/Hamilton-Ouest--Ancaster--Dundas"," 61","Dundas",25,9,84,118,0,236,371
35038,"Hamilton West--Ancaster--Dundas/Hamilton-Ouest--Ancaster--Dundas"," 62","Dundas",35,9,26,77,1,148,364
35038,"Hamilton West--Ancaster--Dundas/Hamilton-Ouest--Ancaster--Dundas"," 63","Dundas",38,7,35,71,0,151,354
35038,"Hamilton West--Ancaster--Dundas/Hamilton-Ouest--Ancaster--Dundas"," 64","Dundas",33,8,54,95,3,193,418
35038,"Hamilton West--Ancaster--Dundas/Hamilton-Ouest--Ancaster--Dundas"," 65","Dundas",29,10,50,142,1,232,486
35038,"Hamilton West--Ancaster--Dundas/Hamilton-Ouest--Ancaster--Dundas"," 66","Dundas",24,19,81,112,1,237,416
35038,"Hamilton West--Ancaster--Dundas/Hamilton-Ouest--Ancaster--Dundas"," 67","Dundas",25,15,73,104,1,218,365
35038,"Hamilton West--Ancaster--Dundas/Hamilton-Ouest--Ancaster--Dundas"," 68","Dundas",28,15,76,117,2,238,411
35038,"Hamilton West--Ancaster--Dundas/Hamilton-Ouest--Ancaster--Dundas"," 69","Dundas",39,16,65,121,0,241,395
35038,"Hamilton West--Ancaster--Dundas/Hamilton-Ouest--Ancaster--Dundas"," 70","Dundas",37,10,80,138,1,266,440
35038,"Hamilton West--Ancaster--Dundas/Hamilton-Ouest--Ancaster--Dundas"," 71","Dundas",18,10,95,100,0,223,418
35038,"Hamilton West--Ancaster--Dundas/Hamilton-Ouest--Ancaster--Dundas"," 72","Dundas",26,18,108,115,0,267,439
35038,"Hamilton West--Ancaster--Dundas/Hamilton-Ouest--Ancaster--Dundas"," 73","Dundas",23,11,111,140,2,287,477
35038,"Hamilton West--Ancaster--Dundas/Hamilton-Ouest--Ancaster--Dundas"," 74","Dundas",45,16,60,115,2,238,446
35038,"Hamilton West--Ancaster--Dundas/Hamilton-Ouest--Ancaster--Dundas"," 75","Dundas",27,8,69,94,0,198,360
35038,"Hamilton West--Ancaster--Dundas/Hamilton-Ouest--Ancaster--Dundas"," 76","Dundas",27,13,102,165,1,308,505
35038,"Hamilton West--Ancaster--Dundas/Hamilton-Ouest--Ancaster--Dundas"," 77","Dundas",20,4,57,68,1,150,282
35038,"Hamilton West--Ancaster--Dundas/Hamilton-Ouest--Ancaster--Dundas"," 78","Ancaster",29,14,74,75,0,192,305
35038,"Hamilton West--Ancaster--Dundas/Hamilton-Ouest--Ancaster--Dundas"," 79","Ancaster",2,1,84,78,1,166,331
35038,"Hamilton West--Ancaster--Dundas/Hamilton-Ouest--Ancaster--Dundas"," 80","Ancaster",24,6,103,99,0,232,422
35038,"Hamilton West--Ancaster--Dundas/Hamilton-Ouest--Ancaster--Dundas"," 81","Ancaster",20,5,91,86,0,202,396
35038,"Hamilton West--Ancaster--Dundas/Hamilton-Ouest--Ancaster--Dundas"," 82","Ancaster",14,5,98,94,0,211,376
35038,"Hamilton West--Ancaster--Dundas/Hamilton-Ouest--Ancaster--Dundas"," 83","Ancaster",10,6,82,122,1,221,395
35038,"Hamilton West--Ancaster--Dundas/Hamilton-Ouest--Ancaster--Dundas"," 84","Ancaster",12,9,74,105,1,201,390
35038,"Hamilton West--Ancaster--Dundas/Hamilton-Ouest--Ancaster--Dundas"," 85","Ancaster",20,7,93,132,0,252,483
35038,"Hamilton West--Ancaster--Dundas/Hamilton-Ouest--Ancaster--Dundas"," 86","Ancaster",13,11,99,107,0,230,416
35038,"Hamilton West--Ancaster--Dundas/Hamilton-Ouest--Ancaster--Dundas"," 87","Ancaster",14,6,114,127,0,261,421
35038,"Hamilton West--Ancaster--Dundas/Hamilton-Ouest--Ancaster--Dundas"," 88","Ancaster",9,7,104,108,0,228,427
35038,"Hamilton West--Ancaster--Dundas/Hamilton-Ouest--Ancaster--Dundas"," 89","Ancaster",25,6,85,89,0,205,353
35038,"Hamilton West--Ancaster--Dundas/Hamilton-Ouest--Ancaster--Dundas"," 90","Ancaster",19,12,72,54,18,175,378
35038,"Hamilton West--Ancaster--Dundas/Hamilton-Ouest--Ancaster--Dundas"," 91","Ancaster",30,5,77,101,0,213,385
35038,"Hamilton West--Ancaster--Dundas/Hamilton-Ouest--Ancaster--Dundas"," 92","Ancaster",39,7,79,113,1,239,465
35038,"Hamilton West--Ancaster--Dundas/Hamilton-Ouest--Ancaster--Dundas"," 93","Ancaster",17,6,134,98,1,256,490
35038,"Hamilton West--Ancaster--Dundas/Hamilton-Ouest--Ancaster--Dundas"," 94","Ancaster",8,7,95,120,0,230,407
35038,"Hamilton West--Ancaster--Dundas/Hamilton-Ouest--Ancaster--Dundas"," 95","Ancaster",34,11,75,120,0,240,364
35038,"Hamilton West--Ancaster--Dundas/Hamilton-Ouest--Ancaster--Dundas"," 96","Ancaster",26,14,128,128,1,297,482
35038,"Hamilton West--Ancaster--Dundas/Hamilton-Ouest--Ancaster--Dundas"," 97","Ancaster",20,3,84,161,1,269,439
35038,"Hamilton West--Ancaster--Dundas/Hamilton-Ouest--Ancaster--Dundas"," 98","Ancaster",1,21,86,80,0,188,349
35038,"Hamilton West--Ancaster--Dundas/Hamilton-Ouest--Ancaster--Dundas"," 99","Ancaster",28,15,122,85,0,250,452
35038,"Hamilton West--Ancaster--Dundas/Hamilton-Ouest--Ancaster--Dundas"," 100","Ancaster",18,8,117,106,2,251,389
35038,"Hamilton West--Ancaster--Dundas/Hamilton-Ouest--Ancaster--Dundas"," 101","Ancaster",24,10,105,83,1,223,369
35038,"Hamilton West--Ancaster--Dundas/Hamilton-Ouest--Ancaster--Dundas"," 102","Ancaster",19,5,85,155,2,266,524
35038,"Hamilton West--Ancaster--Dundas/Hamilton-Ouest--Ancaster--Dundas"," 103","Ancaster",14,3,117,129,1,264,507
35038,"Hamilton West--Ancaster--Dundas/Hamilton-Ouest--Ancaster--Dundas"," 104","Ancaster",39,3,55,95,0,192,402
35038,"Hamilton West--Ancaster--Dundas/Hamilton-Ouest--Ancaster--Dundas"," 105","Ancaster",20,17,84,120,1,242,428
35038,"Hamilton West--Ancaster--Dundas/Hamilton-Ouest--Ancaster--Dundas"," 106","Ancaster",26,4,77,87,1,195,398
35038,"Hamilton West--Ancaster--Dundas/Hamilton-Ouest--Ancaster--Dundas"," 107","Ancaster",7,1,72,95,0,175,392
35038,"Hamilton West--Ancaster--Dundas/Hamilton-Ouest--Ancaster--Dundas"," 108","Ancaster",27,6,79,83,2,197,418
35038,"Hamilton West--Ancaster--Dundas/Hamilton-Ouest--Ancaster--Dundas"," 109","Ancaster",33,1,81,115,0,230,439
35038,"Hamilton West--Ancaster--Dundas/Hamilton-Ouest--Ancaster--Dundas"," 110","Ancaster",15,3,61,86,2,167,347
35038,"Hamilton West--Ancaster--Dundas/Hamilton-Ouest--Ancaster--Dundas"," 111","Ancaster",24,3,64,115,1,207,471
35038,"Hamilton West--Ancaster--Dundas/Hamilton-Ouest--Ancaster--Dundas"," 112","Ancaster",18,4,106,100,0,228,445
35038,"Hamilton West--Ancaster--Dundas/Hamilton-Ouest--Ancaster--Dundas"," 113","Hamilton ",41,18,104,135,1,299,446
35038,"Hamilton West--Ancaster--Dundas/Hamilton-Ouest--Ancaster--Dundas"," 114","Hamilton ",27,12,68,117,0,224,363
35038,"Hamilton West--Ancaster--Dundas/Hamilton-Ouest--Ancaster--Dundas"," 115","Hamilton ",38,14,81,102,1,236,353
35038,"Hamilton West--Ancaster--Dundas/Hamilton-Ouest--Ancaster--Dundas"," 116","Hamilton ",35,5,50,99,1,190,307
35038,"Hamilton West--Ancaster--Dundas/Hamilton-Ouest--Ancaster--Dundas"," 117","Hamilton ",50,7,98,138,2,295,477
35038,"Hamilton West--Ancaster--Dundas/Hamilton-Ouest--Ancaster--Dundas"," 118","Hamilton ",27,10,50,81,2,170,302
35038,"Hamilton West--Ancaster--Dundas/Hamilton-Ouest--Ancaster--Dundas"," 119","Hamilton ",36,17,77,114,1,245,370
35038,"Hamilton West--Ancaster--Dundas/Hamilton-Ouest--Ancaster--Dundas"," 120","Hamilton ",54,14,66,93,0,227,384
35038,"Hamilton West--Ancaster--Dundas/Hamilton-Ouest--Ancaster--Dundas"," 121","Hamilton ",32,15,66,109,0,222,401
35038,"Hamilton West--Ancaster--Dundas/Hamilton-Ouest--Ancaster--Dundas"," 122","Hamilton ",45,7,56,95,0,203,359
35038,"Hamilton West--Ancaster--Dundas/Hamilton-Ouest--Ancaster--Dundas"," 123","Hamilton ",13,9,90,69,0,181,351
35038,"Hamilton West--Ancaster--Dundas/Hamilton-Ouest--Ancaster--Dundas"," 124","Hamilton ",49,13,66,93,1,222,361
35038,"Hamilton West--Ancaster--Dundas/Hamilton-Ouest--Ancaster--Dundas"," 125","Hamilton ",73,15,65,99,0,252,419
35038,"Hamilton West--Ancaster--Dundas/Hamilton-Ouest--Ancaster--Dundas"," 126","Hamilton ",39,4,56,81,2,182,348
35038,"Hamilton West--Ancaster--Dundas/Hamilton-Ouest--Ancaster--Dundas"," 127","Hamilton ",36,10,49,105,1,201,360
35038,"Hamilton West--Ancaster--Dundas/Hamilton-Ouest--Ancaster--Dundas"," 128","Hamilton ",64,10,59,110,1,244,449
35038,"Hamilton West--Ancaster--Dundas/Hamilton-Ouest--Ancaster--Dundas"," 129","Hamilton ",58,15,77,113,0,263,407
35038,"Hamilton West--Ancaster--Dundas/Hamilton-Ouest--Ancaster--Dundas"," 130","Hamilton ",57,14,70,84,0,225,351
35038,"Hamilton West--Ancaster--Dundas/Hamilton-Ouest--Ancaster--Dundas"," 131","Hamilton ",63,17,72,86,1,239,401
35038,"Hamilton West--Ancaster--Dundas/Hamilton-Ouest--Ancaster--Dundas"," 132","Hamilton ",72,12,58,87,0,229,366
35038,"Hamilton West--Ancaster--Dundas/Hamilton-Ouest--Ancaster--Dundas"," 133","Hamilton ",63,4,66,106,1,240,412
35038,"Hamilton West--Ancaster--Dundas/Hamilton-Ouest--Ancaster--Dundas"," 134","Hamilton ",49,20,72,83,4,228,405
35038,"Hamilton West--Ancaster--Dundas/Hamilton-Ouest--Ancaster--Dundas"," 135","Hamilton ",60,5,79,149,3,296,571
35038,"Hamilton West--Ancaster--Dundas/Hamilton-Ouest--Ancaster--Dundas"," 136","Hamilton ",45,6,49,129,0,229,373
35038,"Hamilton West--Ancaster--Dundas/Hamilton-Ouest--Ancaster--Dundas"," 137","Hamilton ",76,10,40,101,1,228,448
35038,"Hamilton West--Ancaster--Dundas/Hamilton-Ouest--Ancaster--Dundas"," 138","Hamilton ",64,14,75,86,0,239,436
35038,"Hamilton West--Ancaster--Dundas/Hamilton-Ouest--Ancaster--Dundas"," 139","Hamilton ",74,4,56,103,1,238,446
35038,"Hamilton West--Ancaster--Dundas/Hamilton-Ouest--Ancaster--Dundas"," 140","Hamilton ",42,6,74,110,0,232,388
35038,"Hamilton West--Ancaster--Dundas/Hamilton-Ouest--Ancaster--Dundas"," 141","Hamilton ",69,8,56,129,0,262,423
35038,"Hamilton West--Ancaster--Dundas/Hamilton-Ouest--Ancaster--Dundas"," 142","Hamilton ",48,9,41,76,0,174,351
35038,"Hamilton West--Ancaster--Dundas/Hamilton-Ouest--Ancaster--Dundas"," 143","Hamilton ",37,7,86,121,4,255,470
35038,"Hamilton West--Ancaster--Dundas/Hamilton-Ouest--Ancaster--Dundas"," 144","Hamilton ",78,4,84,85,1,252,503
35038,"Hamilton West--Ancaster--Dundas/Hamilton-Ouest--Ancaster--Dundas"," 145","Hamilton ",57,4,87,91,2,241,426
35038,"Hamilton West--Ancaster--Dundas/Hamilton-Ouest--Ancaster--Dundas"," 146","Hamilton ",66,15,63,97,0,241,441
35038,"Hamilton West--Ancaster--Dundas/Hamilton-Ouest--Ancaster--Dundas"," 147","Hamilton ",66,4,55,97,2,224,391
35038,"Hamilton West--Ancaster--Dundas/Hamilton-Ouest--Ancaster--Dundas"," 148","Hamilton ",34,8,69,118,0,229,415
35038,"Hamilton West--Ancaster--Dundas/Hamilton-Ouest--Ancaster--Dundas"," 149","Hamilton ",49,16,80,136,3,284,439
35038,"Hamilton West--Ancaster--Dundas/Hamilton-Ouest--Ancaster--Dundas"," 150","Hamilton ",64,6,60,131,2,263,428
35038,"Hamilton West--Ancaster--Dundas/Hamilton-Ouest--Ancaster--Dundas"," 151","Hamilton ",20,3,101,120,0,244,441
35038,"Hamilton West--Ancaster--Dundas/Hamilton-Ouest--Ancaster--Dundas"," 152","Hamilton ",38,9,81,133,3,264,392
35038,"Hamilton West--Ancaster--Dundas/Hamilton-Ouest--Ancaster--Dundas"," 153","Hamilton ",57,5,46,97,0,205,426
35038,"Hamilton West--Ancaster--Dundas/Hamilton-Ouest--Ancaster--Dundas"," 154","Hamilton ",66,6,67,106,0,245,481
35038,"Hamilton West--Ancaster--Dundas/Hamilton-Ouest--Ancaster--Dundas"," 155","Hamilton ",64,8,52,113,2,239,423
35038,"Hamilton West--Ancaster--Dundas/Hamilton-Ouest--Ancaster--Dundas"," 156","Hamilton ",69,4,58,95,0,226,402
35038,"Hamilton West--Ancaster--Dundas/Hamilton-Ouest--Ancaster--Dundas"," 157","Hamilton ",50,9,55,124,1,239,395
35038,"Hamilton West--Ancaster--Dundas/Hamilton-Ouest--Ancaster--Dundas"," 158","Hamilton ",80,6,46,103,3,238,391
35038,"Hamilton West--Ancaster--Dundas/Hamilton-Ouest--Ancaster--Dundas"," 159","Hamilton ",58,2,48,84,0,192,369
35038,"Hamilton West--Ancaster--Dundas/Hamilton-Ouest--Ancaster--Dundas"," 160","Hamilton ",63,14,53,88,1,219,360
35038,"Hamilton West--Ancaster--Dundas/Hamilton-Ouest--Ancaster--Dundas"," 161","Hamilton ",52,2,66,138,0,258,463
35038,"Hamilton West--Ancaster--Dundas/Hamilton-Ouest--Ancaster--Dundas"," 162","Hamilton ",63,8,78,99,1,249,498
35038,"Hamilton West--Ancaster--Dundas/Hamilton-Ouest--Ancaster--Dundas"," 163","Hamilton ",51,4,69,134,1,259,465
35038,"Hamilton West--Ancaster--Dundas/Hamilton-Ouest--Ancaster--Dundas"," 164","Hamilton ",33,7,70,92,1,203,349
35038,"Hamilton West--Ancaster--Dundas/Hamilton-Ouest--Ancaster--Dundas"," 165","Hamilton ",33,7,55,122,0,217,384
35038,"Hamilton West--Ancaster--Dundas/Hamilton-Ouest--Ancaster--Dundas"," 166","Hamilton ",27,5,79,124,0,235,446
35038,"Hamilton West--Ancaster--Dundas/Hamilton-Ouest--Ancaster--Dundas"," 167","Hamilton ",52,9,78,112,1,252,510
35038,"Hamilton West--Ancaster--Dundas/Hamilton-Ouest--Ancaster--Dundas"," 168","Ancaster",44,6,100,134,2,286,488
35038,"Hamilton West--Ancaster--Dundas/Hamilton-Ouest--Ancaster--Dundas"," 169","Ancaster",12,5,116,99,0,232,477
35038,"Hamilton West--Ancaster--Dundas/Hamilton-Ouest--Ancaster--Dundas"," 170","Ancaster",37,5,89,120,0,251,540
35038,"Hamilton West--Ancaster--Dundas/Hamilton-Ouest--Ancaster--Dundas"," 171","Ancaster",19,1,76,56,1,153,355
35038,"Hamilton West--Ancaster--Dundas/Hamilton-Ouest--Ancaster--Dundas"," 172","Ancaster",24,7,103,109,1,244,504
35038,"Hamilton West--Ancaster--Dundas/Hamilton-Ouest--Ancaster--Dundas"," 173","Ancaster",17,4,97,115,2,235,447
35038,"Hamilton West--Ancaster--Dundas/Hamilton-Ouest--Ancaster--Dundas"," 174","Ancaster",27,9,124,159,0,319,683
35038,"Hamilton West--Ancaster--Dundas/Hamilton-Ouest--Ancaster--Dundas"," 175","Ancaster",25,7,145,134,0,311,654
35038,"Hamilton West--Ancaster--Dundas/Hamilton-Ouest--Ancaster--Dundas"," 176","Ancaster",32,9,80,93,1,215,474
35038,"Hamilton West--Ancaster--Dundas/Hamilton-Ouest--Ancaster--Dundas"," 177","Ancaster",17,10,95,97,2,221,483
35038,"Hamilton West--Ancaster--Dundas/Hamilton-Ouest--Ancaster--Dundas"," 178","Ancaster",27,8,95,114,0,244,417
35038,"Hamilton West--Ancaster--Dundas/Hamilton-Ouest--Ancaster--Dundas"," 179","Ancaster",24,4,85,120,0,233,449
35038,"Hamilton West--Ancaster--Dundas/Hamilton-Ouest--Ancaster--Dundas"," 180","Ancaster",21,7,91,112,1,232,413
35038,"Hamilton West--Ancaster--Dundas/Hamilton-Ouest--Ancaster--Dundas"," 181","Ancaster",52,8,163,178,0,401,753
35038,"Hamilton West--Ancaster--Dundas/Hamilton-Ouest--Ancaster--Dundas"," 182","Ancaster",12,9,87,108,2,218,401
35038,"Hamilton West--Ancaster--Dundas/Hamilton-Ouest--Ancaster--Dundas"," 183","Ancaster",19,9,125,99,0,252,417
35038,"Hamilton West--Ancaster--Dundas/Hamilton-Ouest--Ancaster--Dundas"," 184","Hamilton ",81,12,71,111,0,275,446
35038,"Hamilton West--Ancaster--Dundas/Hamilton-Ouest--Ancaster--Dundas"," 185","Hamilton ",78,14,66,116,0,274,438
35038,"Hamilton West--Ancaster--Dundas/Hamilton-Ouest--Ancaster--Dundas"," 186","Hamilton ",59,8,72,94,0,233,417
35038,"Hamilton West--Ancaster--Dundas/Hamilton-Ouest--Ancaster--Dundas"," 187","Hamilton ",71,13,67,123,1,275,485
35038,"Hamilton West--Ancaster--Dundas/Hamilton-Ouest--Ancaster--Dundas"," 188","Hamilton ",46,8,64,129,0,247,513
35038,"Hamilton West--Ancaster--Dundas/Hamilton-Ouest--Ancaster--Dundas"," 189","Hamilton ",66,8,31,104,1,210,453
35038,"Hamilton West--Ancaster--Dundas/Hamilton-Ouest--Ancaster--Dundas"," 190","Hamilton ",40,11,22,68,0,141,312
35038,"Hamilton West--Ancaster--Dundas/Hamilton-Ouest--Ancaster--Dundas"," 191","Hamilton ",82,9,43,79,0,213,396
35038,"Hamilton West--Ancaster--Dundas/Hamilton-Ouest--Ancaster--Dundas"," 192","Ancaster",32,10,108,106,0,256,395
35038,"Hamilton West--Ancaster--Dundas/Hamilton-Ouest--Ancaster--Dundas"," 193","Ancaster",34,14,96,113,0,257,437
35038,"Hamilton West--Ancaster--Dundas/Hamilton-Ouest--Ancaster--Dundas"," 194","Ancaster",21,8,80,82,0,191,316
35038,"Hamilton West--Ancaster--Dundas/Hamilton-Ouest--Ancaster--Dundas"," 195","Ancaster",45,9,100,106,1,261,458
35038,"Hamilton West--Ancaster--Dundas/Hamilton-Ouest--Ancaster--Dundas"," 196","Ancaster",30,11,115,110,0,266,417
35038,"Hamilton West--Ancaster--Dundas/Hamilton-Ouest--Ancaster--Dundas"," 400","Hamilton ",18,1,32,42,0,93,177
35038,"Hamilton West--Ancaster--Dundas/Hamilton-Ouest--Ancaster--Dundas"," 401","Hamilton ",99,13,113,314,0,539,601
35038,"Hamilton West--Ancaster--Dundas/Hamilton-Ouest--Ancaster--Dundas"," 402","Hamilton ",30,3,36,63,0,132,235
35038,"Hamilton West--Ancaster--Dundas/Hamilton-Ouest--Ancaster--Dundas"," 403","Hamilton ",37,7,20,116,1,181,254
35038,"Hamilton West--Ancaster--Dundas/Hamilton-Ouest--Ancaster--Dundas"," 404","Hamilton ",21,11,26,80,1,139,184
35038,"Hamilton West--Ancaster--Dundas/Hamilton-Ouest--Ancaster--Dundas"," 405","Dundas",16,3,20,42,6,87,362
35038,"Hamilton West--Ancaster--Dundas/Hamilton-Ouest--Ancaster--Dundas"," 406","Hamilton ",40,6,29,82,1,158,250
35038,"Hamilton West--Ancaster--Dundas/Hamilton-Ouest--Ancaster--Dundas"," 407","Ancaster",17,9,80,13,2,121,124
35038,"Hamilton West--Ancaster--Dundas/Hamilton-Ouest--Ancaster--Dundas"," 408","Hamilton ",16,4,11,18,2,51,164
35038,"Hamilton West--Ancaster--Dundas/Hamilton-Ouest--Ancaster--Dundas"," 500","Mobile poll/Bureau itinérant",17,4,17,30,0,68,104
35038,"Hamilton West--Ancaster--Dundas/Hamilton-Ouest--Ancaster--Dundas"," 501","Mobile poll/Bureau itinérant",13,3,30,50,1,97,200
35038,"Hamilton West--Ancaster--Dundas/Hamilton-Ouest--Ancaster--Dundas"," 502","Mobile poll/Bureau itinérant",18,6,32,44,0,100,163
35038,"Hamilton West--Ancaster--Dundas/Hamilton-Ouest--Ancaster--Dundas"," 503","Mobile poll/Bureau itinérant",9,4,29,32,1,75,159
35038,"Hamilton West--Ancaster--Dundas/Hamilton-Ouest--Ancaster--Dundas"," 504","Mobile poll/Bureau itinérant",30,11,41,99,5,186,255
35038,"Hamilton West--Ancaster--Dundas/Hamilton-Ouest--Ancaster--Dundas"," 505","Mobile poll/Bureau itinérant",26,7,43,57,2,135,322
35038,"Hamilton West--Ancaster--Dundas/Hamilton-Ouest--Ancaster--Dundas"," 506","Mobile poll/Bureau itinérant",29,8,45,61,3,146,198
35038,"Hamilton West--Ancaster--Dundas/Hamilton-Ouest--Ancaster--Dundas"," 507","Mobile poll/Bureau itinérant",14,6,16,59,0,95,225
35038,"Hamilton West--Ancaster--Dundas/Hamilton-Ouest--Ancaster--Dundas"," 508","Mobile poll/Bureau itinérant",16,6,68,91,2,183,226
35038,"Hamilton West--Ancaster--Dundas/Hamilton-Ouest--Ancaster--Dundas"," 509","Mobile poll/Bureau itinérant",7,0,26,29,0,62,160
35038,"Hamilton West--Ancaster--Dundas/Hamilton-Ouest--Ancaster--Dundas"," 600","Hamilton ",126,41,189,439,3,798,
35038,"Hamilton West--Ancaster--Dundas/Hamilton-Ouest--Ancaster--Dundas"," 601","Dundas",163,60,251,510,6,990,
35038,"Hamilton West--Ancaster--Dundas/Hamilton-Ouest--Ancaster--Dundas"," 602","Ancaster",130,61,373,532,6,1102,
35038,"Hamilton West--Ancaster--Dundas/Hamilton-Ouest--Ancaster--Dundas"," 603","Ancaster",198,45,362,543,3,1151,
35038,"Hamilton West--Ancaster--Dundas/Hamilton-Ouest--Ancaster--Dundas"," 604","Hamilton ",157,37,203,365,0,762,
35038,"Hamilton West--Ancaster--Dundas/Hamilton-Ouest--Ancaster--Dundas"," 605","Hamilton ",142,29,218,349,5,743,
35038,"Hamilton West--Ancaster--Dundas/Hamilton-Ouest--Ancaster--Dundas"," 606","Hamilton ",193,39,265,357,1,855,
35038,"Hamilton West--Ancaster--Dundas/Hamilton-Ouest--Ancaster--Dundas"," 607","Hamilton ",177,27,182,263,3,652,
35038,"Hamilton West--Ancaster--Dundas/Hamilton-Ouest--Ancaster--Dundas"," 608","Hamilton ",137,21,210,287,1,656,
35038,"Hamilton West--Ancaster--Dundas/Hamilton-Ouest--Ancaster--Dundas"," 609","Ancaster",108,16,545,530,2,1201,
35038,"Hamilton West--Ancaster--Dundas/Hamilton-Ouest--Ancaster--Dundas"," 610","Ancaster",108,30,553,607,7,1305,
35038,"Hamilton West--Ancaster--Dundas/Hamilton-Ouest--Ancaster--Dundas"," 611","Ancaster",88,37,489,474,2,1090,
35038,"Hamilton West--Ancaster--Dundas/Hamilton-Ouest--Ancaster--Dundas"," 612","Ancaster",93,27,486,545,4,1155,
35038,"Hamilton West--Ancaster--Dundas/Hamilton-Ouest--Ancaster--Dundas",,"Group 1/Groupe 1",28,6,37,60,6,137,104
35038,"Hamilton West--Ancaster--Dundas/Hamilton-Ouest--Ancaster--Dundas",,"Group 2/Groupe 2",383,73,393,832,22,1703,
