﻿Electoral District Number/Numéro de circonscription,Electoral District Name/Nom de circonscription,Polling Station Number/Numéro du bureau de scrutin,Polling Station Name/Nom du bureau de scrutin,David Berthiaume,Luc Berthold,Jean-François Delisle,Justin Gervais,Virginie Provost,Rejected Ballots/Bulletins rejetés,Total Votes/Total des votes,Electors/Électeurs
24047,"Mégantic--L'Érable/Mégantic--L'Érable"," 1","Lyster",41,74,24,1,21,3,164,298
24047,"Mégantic--L'Érable/Mégantic--L'Érable"," 2","Lyster",69,109,25,10,24,6,243,407
24047,"Mégantic--L'Érable/Mégantic--L'Érable"," 3","Lyster",44,81,30,6,14,4,179,288
24047,"Mégantic--L'Érable/Mégantic--L'Érable"," 4","Lyster",59,54,24,4,22,5,168,270
24047,"Mégantic--L'Érable/Mégantic--L'Érable"," 5","Laurierville",44,101,35,3,26,7,216,411
24047,"Mégantic--L'Érable/Mégantic--L'Érable"," 6","Laurierville",45,93,32,4,17,0,191,336
24047,"Mégantic--L'Érable/Mégantic--L'Érable"," 7","Laurierville",63,82,33,4,24,3,209,341
24047,"Mégantic--L'Érable/Mégantic--L'Érable"," 8","Inverness",54,96,34,13,32,3,232,329
24047,"Mégantic--L'Érable/Mégantic--L'Érable"," 9","Inverness",59,110,32,2,28,3,234,366
24047,"Mégantic--L'Érable/Mégantic--L'Érable"," 10","Saint-Jacques-de-Leeds",38,124,25,2,12,5,206,273
24047,"Mégantic--L'Érable/Mégantic--L'Érable"," 11","Saint-Jacques-de-Leeds",31,118,19,5,11,1,185,266
24047,"Mégantic--L'Érable/Mégantic--L'Érable"," 12","Saint-Pierre-de-Broughton",51,71,33,9,20,3,187,323
24047,"Mégantic--L'Érable/Mégantic--L'Érable"," 13","Saint-Pierre-de-Broughton",55,64,43,7,27,6,202,330
24047,"Mégantic--L'Érable/Mégantic--L'Érable"," 14","Sacré-Coeur-de-Jésus",26,61,11,5,19,5,127,278
24047,"Mégantic--L'Érable/Mégantic--L'Érable"," 15","East Broughton",43,74,12,3,10,3,145,295
24047,"Mégantic--L'Érable/Mégantic--L'Érable"," 16","East Broughton",19,87,31,10,17,3,167,330
24047,"Mégantic--L'Érable/Mégantic--L'Érable"," 17","East Broughton",26,76,21,3,11,4,141,297
24047,"Mégantic--L'Érable/Mégantic--L'Érable"," 18","Sacré-Coeur-de-Jésus",26,70,33,4,21,1,155,323
24047,"Mégantic--L'Érable/Mégantic--L'Érable"," 19","Sacré-Coeur-de-Jésus",34,69,28,9,13,2,155,314
24047,"Mégantic--L'Érable/Mégantic--L'Érable"," 20","Sacré-Coeur-de-Jésus",39,87,30,4,28,1,189,378
24047,"Mégantic--L'Érable/Mégantic--L'Érable"," 21","Sainte-Clotilde-de-Beauce",37,79,12,6,13,2,149,227
24047,"Mégantic--L'Érable/Mégantic--L'Érable"," 22","Sainte-Clotilde-de-Beauce",34,72,17,2,6,4,135,201
24047,"Mégantic--L'Érable/Mégantic--L'Érable"," 23","Adstock",40,53,34,5,18,3,153,255
24047,"Mégantic--L'Érable/Mégantic--L'Érable"," 24","Adstock",39,43,27,2,13,5,129,303
24047,"Mégantic--L'Érable/Mégantic--L'Érable"," 25","Adstock",37,52,21,0,14,4,128,282
24047,"Mégantic--L'Érable/Mégantic--L'Érable"," 26","Thetford Mines",37,71,29,4,20,5,166,417
24047,"Mégantic--L'Érable/Mégantic--L'Érable"," 27","Thetford Mines",65,89,41,4,30,3,232,432
24047,"Mégantic--L'Érable/Mégantic--L'Érable"," 28","Thetford Mines",47,57,33,0,18,4,159,375
24047,"Mégantic--L'Érable/Mégantic--L'Érable"," 29","Thetford Mines",28,42,15,3,7,4,99,277
24047,"Mégantic--L'Érable/Mégantic--L'Érable"," 30","Thetford Mines",62,116,64,7,35,7,291,484
24047,"Mégantic--L'Érable/Mégantic--L'Érable"," 31","Thetford Mines",42,60,30,2,10,0,144,280
24047,"Mégantic--L'Érable/Mégantic--L'Érable"," 32","Kinnear's Mills",53,80,28,3,23,3,190,313
24047,"Mégantic--L'Érable/Mégantic--L'Érable"," 33","Saint-Jean-de-Brébeuf",37,91,32,3,20,4,187,289
24047,"Mégantic--L'Érable/Mégantic--L'Érable"," 34","Thetford Mines",67,85,40,3,19,0,214,427
24047,"Mégantic--L'Érable/Mégantic--L'Érable"," 35","Thetford Mines",65,65,50,2,14,4,200,404
24047,"Mégantic--L'Érable/Mégantic--L'Érable"," 36","Thetford Mines",43,60,51,1,28,0,183,370
24047,"Mégantic--L'Érable/Mégantic--L'Érable"," 37","Thetford Mines",65,49,41,1,16,3,175,389
24047,"Mégantic--L'Érable/Mégantic--L'Érable"," 38","Thetford Mines",53,57,57,5,23,5,200,393
24047,"Mégantic--L'Érable/Mégantic--L'Érable"," 39","Thetford Mines",47,42,41,3,26,6,165,360
24047,"Mégantic--L'Érable/Mégantic--L'Érable"," 40","Thetford Mines",42,46,36,1,14,0,139,351
24047,"Mégantic--L'Érable/Mégantic--L'Érable"," 41","Thetford Mines",35,33,25,6,18,7,124,337
24047,"Mégantic--L'Érable/Mégantic--L'Érable"," 42","Thetford Mines",64,98,48,2,23,4,239,405
24047,"Mégantic--L'Érable/Mégantic--L'Érable"," 43","Thetford Mines",47,78,38,4,20,3,190,408
24047,"Mégantic--L'Érable/Mégantic--L'Érable"," 44","Thetford Mines",45,48,32,6,15,5,151,395
24047,"Mégantic--L'Érable/Mégantic--L'Érable"," 45","Thetford Mines",51,56,47,4,27,3,188,403
24047,"Mégantic--L'Érable/Mégantic--L'Érable"," 46","Thetford Mines",41,55,36,5,9,3,149,405
24047,"Mégantic--L'Érable/Mégantic--L'Érable"," 47","Thetford Mines",42,63,58,0,23,4,190,415
24047,"Mégantic--L'Érable/Mégantic--L'Érable"," 48","Thetford Mines",63,71,48,2,12,8,204,423
24047,"Mégantic--L'Érable/Mégantic--L'Érable"," 49","Thetford Mines",43,46,47,2,15,6,159,402
24047,"Mégantic--L'Érable/Mégantic--L'Érable"," 50","Thetford Mines",42,53,31,0,26,2,154,370
24047,"Mégantic--L'Érable/Mégantic--L'Érable"," 51","Thetford Mines",61,103,48,2,19,3,236,478
24047,"Mégantic--L'Érable/Mégantic--L'Érable"," 52A","Thetford Mines",29,34,21,3,15,1,103,226
24047,"Mégantic--L'Érable/Mégantic--L'Érable"," 52B","Thetford Mines",Merged with No./Fusionné avec le n°400,,,,,,,73
24047,"Mégantic--L'Érable/Mégantic--L'Érable"," 53","Thetford Mines",57,65,51,5,26,7,211,490
24047,"Mégantic--L'Érable/Mégantic--L'Érable"," 54","Thetford Mines",29,39,43,1,19,3,134,341
24047,"Mégantic--L'Érable/Mégantic--L'Érable"," 55","Thetford Mines",73,59,48,4,21,4,209,447
24047,"Mégantic--L'Érable/Mégantic--L'Érable"," 56","Thetford Mines",42,33,32,3,24,2,136,364
24047,"Mégantic--L'Érable/Mégantic--L'Érable"," 57","Thetford Mines",45,38,26,3,18,11,141,365
24047,"Mégantic--L'Érable/Mégantic--L'Érable"," 58","Thetford Mines",49,60,46,7,30,3,195,364
24047,"Mégantic--L'Érable/Mégantic--L'Érable"," 59","Thetford Mines",48,26,42,3,26,2,147,412
24047,"Mégantic--L'Érable/Mégantic--L'Érable"," 60","Thetford Mines",42,45,28,1,12,2,130,359
24047,"Mégantic--L'Érable/Mégantic--L'Érable"," 61","Thetford Mines",48,42,33,2,19,1,145,372
24047,"Mégantic--L'Érable/Mégantic--L'Érable"," 62","Thetford Mines",55,47,27,3,17,3,152,358
24047,"Mégantic--L'Érable/Mégantic--L'Érable"," 63","Thetford Mines",34,41,24,3,14,4,120,310
24047,"Mégantic--L'Érable/Mégantic--L'Érable"," 64","Thetford Mines",36,67,28,1,14,3,149,301
24047,"Mégantic--L'Érable/Mégantic--L'Érable"," 65","Thetford Mines",65,67,39,4,12,5,192,399
24047,"Mégantic--L'Érable/Mégantic--L'Érable"," 66","Thetford Mines",30,57,25,5,22,5,144,345
24047,"Mégantic--L'Érable/Mégantic--L'Érable"," 67","Thetford Mines",43,60,36,3,17,5,164,366
24047,"Mégantic--L'Érable/Mégantic--L'Érable"," 68","Saint-Adrien-d'Irlande",34,65,39,2,22,2,164,312
24047,"Mégantic--L'Érable/Mégantic--L'Érable"," 69","Thetford Mines",58,77,42,2,24,4,207,349
24047,"Mégantic--L'Érable/Mégantic--L'Érable"," 70","Thetford Mines",48,43,32,2,23,11,159,354
24047,"Mégantic--L'Érable/Mégantic--L'Érable"," 71","Thetford Mines",81,105,45,0,31,6,268,479
24047,"Mégantic--L'Érable/Mégantic--L'Érable"," 72","Thetford Mines",38,72,42,4,33,2,191,377
24047,"Mégantic--L'Érable/Mégantic--L'Érable"," 73","Thetford Mines",38,61,36,4,23,7,169,368
24047,"Mégantic--L'Érable/Mégantic--L'Érable"," 74","Thetford Mines",42,57,29,6,23,3,160,404
24047,"Mégantic--L'Érable/Mégantic--L'Érable"," 75","Thetford Mines",46,39,27,5,21,2,140,365
24047,"Mégantic--L'Érable/Mégantic--L'Érable"," 76","Thetford Mines",36,67,35,6,21,3,168,403
24047,"Mégantic--L'Érable/Mégantic--L'Érable"," 77","Thetford Mines",26,45,31,3,22,3,130,315
24047,"Mégantic--L'Érable/Mégantic--L'Érable"," 78","Thetford Mines",81,79,32,5,26,10,233,520
24047,"Mégantic--L'Érable/Mégantic--L'Érable"," 79","Thetford Mines",76,77,55,5,26,5,244,454
24047,"Mégantic--L'Érable/Mégantic--L'Érable"," 80","Thetford Mines",41,49,19,4,12,3,128,267
24047,"Mégantic--L'Érable/Mégantic--L'Érable"," 81","Thetford Mines",51,87,51,5,27,5,226,486
24047,"Mégantic--L'Érable/Mégantic--L'Érable"," 82","Adstock",102,87,47,3,36,5,280,430
24047,"Mégantic--L'Érable/Mégantic--L'Érable"," 83","Adstock",54,77,20,5,12,4,172,293
24047,"Mégantic--L'Érable/Mégantic--L'Érable"," 84","Adstock",30,92,20,2,13,3,160,236
24047,"Mégantic--L'Érable/Mégantic--L'Érable"," 85","Adstock",83,103,32,4,7,3,232,303
24047,"Mégantic--L'Érable/Mégantic--L'Érable"," 86","Saint-Joseph-de-Coleraine",53,53,46,1,26,3,182,417
24047,"Mégantic--L'Érable/Mégantic--L'Érable"," 87","Saint-Joseph-de-Coleraine",32,36,19,1,16,1,105,309
24047,"Mégantic--L'Érable/Mégantic--L'Érable"," 88","Saint-Joseph-de-Coleraine",29,44,29,4,12,6,124,311
24047,"Mégantic--L'Érable/Mégantic--L'Érable"," 89","Saint-Joseph-de-Coleraine",29,66,21,2,20,1,139,399
24047,"Mégantic--L'Érable/Mégantic--L'Érable"," 90","Irlande",51,68,43,2,33,3,200,379
24047,"Mégantic--L'Érable/Mégantic--L'Érable"," 91","Irlande",43,52,48,6,19,0,168,375
24047,"Mégantic--L'Érable/Mégantic--L'Érable"," 92","Saint-Ferdinand",59,68,42,5,13,1,188,354
24047,"Mégantic--L'Érable/Mégantic--L'Érable"," 93","Saint-Ferdinand",42,67,23,0,10,3,145,268
24047,"Mégantic--L'Érable/Mégantic--L'Érable"," 94","Saint-Ferdinand",39,64,39,1,17,4,164,391
24047,"Mégantic--L'Érable/Mégantic--L'Érable"," 95","Saint-Ferdinand",47,58,32,2,17,2,158,312
24047,"Mégantic--L'Érable/Mégantic--L'Érable"," 96","Saint-Ferdinand",35,64,61,2,20,7,189,353
24047,"Mégantic--L'Érable/Mégantic--L'Érable"," 97","Saint-Pierre-Baptiste",43,86,58,2,53,6,248,439
24047,"Mégantic--L'Érable/Mégantic--L'Érable"," 98","Plessisville",68,82,40,6,27,5,228,479
24047,"Mégantic--L'Érable/Mégantic--L'Érable"," 99","Plessisville",70,62,38,5,19,8,202,399
24047,"Mégantic--L'Érable/Mégantic--L'Érable"," 100","Plessisville",66,94,41,3,16,4,224,391
24047,"Mégantic--L'Érable/Mégantic--L'Érable"," 101","Plessisville",62,84,40,3,28,8,225,429
24047,"Mégantic--L'Érable/Mégantic--L'Érable"," 102","Plessisville",59,75,33,4,15,8,194,366
24047,"Mégantic--L'Érable/Mégantic--L'Érable"," 103","Plessisville",79,61,13,7,19,6,185,384
24047,"Mégantic--L'Érable/Mégantic--L'Érable"," 104","Plessisville",53,63,23,3,24,1,167,366
24047,"Mégantic--L'Érable/Mégantic--L'Érable"," 105","Plessisville",42,47,23,5,32,3,152,384
24047,"Mégantic--L'Érable/Mégantic--L'Érable"," 106","Plessisville",50,59,45,6,32,9,201,413
24047,"Mégantic--L'Érable/Mégantic--L'Érable"," 107","Plessisville",44,51,27,3,36,4,165,380
24047,"Mégantic--L'Érable/Mégantic--L'Érable"," 108","Plessisville",69,63,45,1,28,6,212,410
24047,"Mégantic--L'Érable/Mégantic--L'Érable"," 109","Plessisville",56,72,46,13,34,6,227,383
24047,"Mégantic--L'Érable/Mégantic--L'Érable"," 110","Plessisville",44,38,33,8,15,2,140,380
24047,"Mégantic--L'Érable/Mégantic--L'Érable"," 111","Plessisville",42,37,31,8,12,4,134,374
24047,"Mégantic--L'Érable/Mégantic--L'Érable"," 112","Plessisville",54,36,36,5,24,2,157,386
24047,"Mégantic--L'Érable/Mégantic--L'Érable"," 113","Notre-Dame-de-Lourdes",51,68,26,4,20,3,172,289
24047,"Mégantic--L'Érable/Mégantic--L'Érable"," 114","Notre-Dame-de-Lourdes",42,61,30,3,20,5,161,270
24047,"Mégantic--L'Érable/Mégantic--L'Érable"," 115","Villeroy",71,98,35,2,44,7,257,378
24047,"Mégantic--L'Érable/Mégantic--L'Érable"," 116","Princeville",63,111,32,7,41,10,264,538
24047,"Mégantic--L'Érable/Mégantic--L'Érable"," 117","Princeville",30,37,36,2,11,3,119,227
24047,"Mégantic--L'Érable/Mégantic--L'Érable"," 118","Princeville",56,47,34,3,27,8,175,395
24047,"Mégantic--L'Érable/Mégantic--L'Érable"," 119","Princeville",61,44,29,2,36,4,176,384
24047,"Mégantic--L'Érable/Mégantic--L'Érable"," 120","Princeville",50,63,29,9,19,9,179,398
24047,"Mégantic--L'Érable/Mégantic--L'Érable"," 121","Princeville",47,86,46,10,34,8,231,482
24047,"Mégantic--L'Érable/Mégantic--L'Érable"," 122","Princeville",48,115,40,3,31,6,243,529
24047,"Mégantic--L'Érable/Mégantic--L'Érable"," 123","Princeville",46,74,39,1,28,3,191,432
24047,"Mégantic--L'Érable/Mégantic--L'Érable"," 124","Princeville",55,65,28,4,18,5,175,380
24047,"Mégantic--L'Érable/Mégantic--L'Érable"," 125","Princeville",46,76,47,6,34,7,216,443
24047,"Mégantic--L'Érable/Mégantic--L'Érable"," 126","Princeville",70,70,60,4,18,4,226,415
24047,"Mégantic--L'Érable/Mégantic--L'Érable"," 127","Plessisville",63,42,42,5,29,4,185,319
24047,"Mégantic--L'Érable/Mégantic--L'Érable"," 128","Plessisville",33,51,38,4,27,4,157,311
24047,"Mégantic--L'Érable/Mégantic--L'Érable"," 129","Plessisville",71,79,31,0,23,2,206,371
24047,"Mégantic--L'Érable/Mégantic--L'Érable"," 130","Plessisville",31,52,31,1,20,0,135,296
24047,"Mégantic--L'Érable/Mégantic--L'Érable"," 131","Sainte-Sophie",73,88,67,7,42,11,288,478
24047,"Mégantic--L'Érable/Mégantic--L'Érable"," 132","Saint-Julien",39,58,47,1,28,2,175,310
24047,"Mégantic--L'Érable/Mégantic--L'Érable"," 133","Saint-Fortunat",34,50,30,11,30,3,158,226
24047,"Mégantic--L'Érable/Mégantic--L'Érable"," 134","Saint-Jacques-le-Majeur-de-Wolfestown",43,22,31,3,18,1,118,159
24047,"Mégantic--L'Érable/Mégantic--L'Érable"," 135","Disraëli",45,65,49,3,33,5,200,514
24047,"Mégantic--L'Érable/Mégantic--L'Érable"," 136","Disraëli",35,25,14,2,13,1,90,267
24047,"Mégantic--L'Érable/Mégantic--L'Érable"," 137","Disraëli",42,49,14,1,19,2,127,315
24047,"Mégantic--L'Érable/Mégantic--L'Érable"," 138","Disraëli",40,22,16,2,12,1,93,261
24047,"Mégantic--L'Érable/Mégantic--L'Érable"," 139","Disraëli",39,29,23,1,25,1,118,397
24047,"Mégantic--L'Érable/Mégantic--L'Érable"," 140","Disraëli",56,63,28,0,24,4,175,423
24047,"Mégantic--L'Érable/Mégantic--L'Érable"," 141","Disraëli",56,60,25,2,26,3,172,415
24047,"Mégantic--L'Érable/Mégantic--L'Érable"," 142","Disraëli",52,54,18,1,17,3,145,373
24047,"Mégantic--L'Érable/Mégantic--L'Érable"," 143","Sainte-Praxède",31,62,34,3,22,1,153,299
24047,"Mégantic--L'Érable/Mégantic--L'Érable"," 144","Lambton",65,73,29,2,23,2,194,494
24047,"Mégantic--L'Érable/Mégantic--L'Érable"," 145","Lambton",47,64,36,5,20,0,172,390
24047,"Mégantic--L'Érable/Mégantic--L'Érable"," 146","Lambton",30,58,16,2,11,2,119,277
24047,"Mégantic--L'Érable/Mégantic--L'Érable"," 147","Courcelles",50,79,33,4,20,1,187,326
24047,"Mégantic--L'Érable/Mégantic--L'Érable"," 148","Courcelles",72,98,39,6,29,4,248,391
24047,"Mégantic--L'Érable/Mégantic--L'Érable"," 149","Saint-Sébastien",48,45,33,0,21,2,149,250
24047,"Mégantic--L'Érable/Mégantic--L'Érable"," 150","Saint-Sébastien",50,67,35,5,15,5,177,264
24047,"Mégantic--L'Érable/Mégantic--L'Érable"," 151","Lac-Drolet",50,56,48,10,28,3,195,280
24047,"Mégantic--L'Érable/Mégantic--L'Érable"," 152","Lac-Drolet",53,50,29,9,38,1,180,286
24047,"Mégantic--L'Érable/Mégantic--L'Érable"," 153","Lac-Drolet",53,57,39,6,27,2,184,273
24047,"Mégantic--L'Érable/Mégantic--L'Érable"," 154","Saint-Ludger",34,60,20,2,16,4,136,336
24047,"Mégantic--L'Érable/Mégantic--L'Érable"," 155","Saint-Ludger",34,46,21,2,12,1,116,247
24047,"Mégantic--L'Érable/Mégantic--L'Érable"," 156","Saint-Ludger",29,50,22,3,12,7,123,276
24047,"Mégantic--L'Érable/Mégantic--L'Érable"," 157","Saint-Robert-Bellarmin",32,39,16,4,7,8,106,230
24047,"Mégantic--L'Érable/Mégantic--L'Érable"," 158","Saint-Robert-Bellarmin",40,57,10,1,7,5,120,247
24047,"Mégantic--L'Érable/Mégantic--L'Érable"," 159","Audet",38,43,44,4,19,2,150,255
24047,"Mégantic--L'Érable/Mégantic--L'Érable"," 160","Audet",45,68,23,2,20,2,160,272
24047,"Mégantic--L'Érable/Mégantic--L'Érable"," 161","Sainte-Cécile-de-Whitton",45,36,47,3,15,2,148,327
24047,"Mégantic--L'Érable/Mégantic--L'Érable"," 162","Sainte-Cécile-de-Whitton",59,41,34,8,26,2,170,329
24047,"Mégantic--L'Érable/Mégantic--L'Érable"," 163","Saint-Romain",53,60,37,2,29,4,185,307
24047,"Mégantic--L'Érable/Mégantic--L'Érable"," 164","Saint-Romain",36,60,34,3,28,4,165,302
24047,"Mégantic--L'Érable/Mégantic--L'Érable"," 165","Stornoway",48,30,34,5,10,2,129,201
24047,"Mégantic--L'Érable/Mégantic--L'Érable"," 166","Stornoway",41,31,33,1,29,4,139,217
24047,"Mégantic--L'Érable/Mégantic--L'Érable"," 167","Stratford",38,37,31,2,29,3,140,271
24047,"Mégantic--L'Érable/Mégantic--L'Érable"," 168","Stratford",49,19,34,4,25,3,134,266
24047,"Mégantic--L'Érable/Mégantic--L'Érable"," 169","Stratford",58,28,40,2,24,4,156,277
24047,"Mégantic--L'Érable/Mégantic--L'Érable"," 170","Garthby",60,58,37,3,31,4,193,369
24047,"Mégantic--L'Érable/Mégantic--L'Érable"," 171","Garthby",55,54,54,2,32,3,200,399
24047,"Mégantic--L'Érable/Mégantic--L'Érable"," 172","Nantes",31,55,43,7,21,2,159,325
24047,"Mégantic--L'Érable/Mégantic--L'Érable"," 173","Nantes",57,32,45,0,26,5,165,374
24047,"Mégantic--L'Érable/Mégantic--L'Érable"," 174","Lac-Mégantic",66,36,54,6,32,3,197,420
24047,"Mégantic--L'Érable/Mégantic--L'Érable"," 175","Lac-Mégantic",50,16,18,3,11,1,99,226
24047,"Mégantic--L'Érable/Mégantic--L'Érable"," 176","Lac-Mégantic",55,27,47,6,19,1,155,380
24047,"Mégantic--L'Érable/Mégantic--L'Érable"," 177","Lac-Mégantic",60,27,42,9,23,2,163,400
24047,"Mégantic--L'Érable/Mégantic--L'Érable"," 178","Lac-Mégantic",70,29,49,1,19,2,170,383
24047,"Mégantic--L'Érable/Mégantic--L'Érable"," 179","Lac-Mégantic",55,25,61,3,17,2,163,292
24047,"Mégantic--L'Érable/Mégantic--L'Érable"," 180A","Lac-Mégantic",44,27,46,2,18,1,138,341
24047,"Mégantic--L'Érable/Mégantic--L'Érable"," 180B","Lac-Mégantic",53,28,44,5,22,0,152,343
24047,"Mégantic--L'Érable/Mégantic--L'Érable"," 181","Nantes",44,17,43,5,20,1,130,378
24047,"Mégantic--L'Érable/Mégantic--L'Érable"," 182","Lac-Mégantic",65,20,66,6,21,2,180,440
24047,"Mégantic--L'Érable/Mégantic--L'Érable"," 183","Lac-Mégantic",50,35,45,6,31,1,168,410
24047,"Mégantic--L'Érable/Mégantic--L'Érable"," 184","Lac-Mégantic",62,36,43,9,28,1,179,383
24047,"Mégantic--L'Érable/Mégantic--L'Érable"," 185","Lac-Mégantic",59,43,70,6,34,2,214,432
24047,"Mégantic--L'Érable/Mégantic--L'Érable"," 186","Frontenac",52,40,64,9,26,4,195,353
24047,"Mégantic--L'Érable/Mégantic--L'Érable"," 187","Frontenac",48,34,58,7,24,0,171,338
24047,"Mégantic--L'Érable/Mégantic--L'Érable"," 188","Frontenac",57,38,43,5,18,3,164,295
24047,"Mégantic--L'Érable/Mégantic--L'Érable"," 189","Frontenac",74,44,63,4,27,1,213,372
24047,"Mégantic--L'Érable/Mégantic--L'Érable"," 190","Marston",41,28,31,4,17,2,123,270
24047,"Mégantic--L'Érable/Mégantic--L'Érable"," 191","Marston",72,36,58,9,27,1,203,308
24047,"Mégantic--L'Érable/Mégantic--L'Érable"," 192","Milan",33,37,28,0,23,1,122,240
24047,"Mégantic--L'Érable/Mégantic--L'Érable"," 193","Val-Racine",15,12,29,4,19,1,80,129
24047,"Mégantic--L'Érable/Mégantic--L'Érable"," 194","Piopolis",72,29,50,6,42,5,204,338
24047,"Mégantic--L'Érable/Mégantic--L'Érable"," 195","Saint-Augustin-de-Woburn",37,57,29,3,18,3,147,257
24047,"Mégantic--L'Érable/Mégantic--L'Érable"," 196","Saint-Augustin-de-Woburn",50,33,42,4,36,2,167,288
24047,"Mégantic--L'Érable/Mégantic--L'Érable"," 197","Notre-Dame-des-Bois",50,40,39,3,59,3,194,333
24047,"Mégantic--L'Érable/Mégantic--L'Érable"," 198","Notre-Dame-des-Bois",41,99,42,5,33,10,230,369
24047,"Mégantic--L'Érable/Mégantic--L'Érable"," 400","Thetford Mines",83,77,46,8,14,4,232,220
24047,"Mégantic--L'Érable/Mégantic--L'Érable"," 401","Plessisville",74,38,10,8,17,2,149,172
24047,"Mégantic--L'Érable/Mégantic--L'Érable"," 402","Lac-Mégantic",83,33,22,2,16,0,156,194
24047,"Mégantic--L'Érable/Mégantic--L'Érable"," 500","Mobile poll/Bureau itinérant",45,17,9,1,8,1,81,106
24047,"Mégantic--L'Érable/Mégantic--L'Érable"," 501","Mobile poll/Bureau itinérant",16,12,3,0,3,0,34,71
24047,"Mégantic--L'Érable/Mégantic--L'Érable"," 502","Mobile poll/Bureau itinérant",48,43,27,2,13,2,135,161
24047,"Mégantic--L'Érable/Mégantic--L'Érable"," 503","Mobile poll/Bureau itinérant",67,71,27,2,12,6,185,238
24047,"Mégantic--L'Érable/Mégantic--L'Érable"," 504","Mobile poll/Bureau itinérant",36,42,20,8,8,3,117,207
24047,"Mégantic--L'Érable/Mégantic--L'Érable"," 505","Mobile poll/Bureau itinérant",33,22,8,1,2,0,66,95
24047,"Mégantic--L'Érable/Mégantic--L'Érable"," 506","Mobile poll/Bureau itinérant",22,10,6,1,2,0,41,84
24047,"Mégantic--L'Érable/Mégantic--L'Érable"," 507","Mobile poll/Bureau itinérant",37,10,5,6,8,5,71,124
24047,"Mégantic--L'Érable/Mégantic--L'Érable"," 508","Mobile poll/Bureau itinérant",16,13,3,3,9,1,45,75
24047,"Mégantic--L'Érable/Mégantic--L'Érable"," 509","Mobile poll/Bureau itinérant",15,6,5,1,5,2,34,44
24047,"Mégantic--L'Érable/Mégantic--L'Érable"," 510","Mobile poll/Bureau itinérant",24,9,7,4,3,2,49,82
24047,"Mégantic--L'Érable/Mégantic--L'Érable"," 511","Mobile poll/Bureau itinérant",18,8,10,4,2,0,42,91
24047,"Mégantic--L'Érable/Mégantic--L'Érable"," 600","Princeville",195,244,181,5,73,14,712,
24047,"Mégantic--L'Érable/Mégantic--L'Érable"," 601","Plessisville",202,302,166,19,103,9,801,
24047,"Mégantic--L'Érable/Mégantic--L'Érable"," 602","Plessisville",198,324,173,8,98,7,808,
24047,"Mégantic--L'Érable/Mégantic--L'Érable"," 603","Saint-Ferdinand",114,190,140,9,44,5,502,
24047,"Mégantic--L'Érable/Mégantic--L'Érable"," 604","East Broughton",111,286,112,4,50,15,578,
24047,"Mégantic--L'Érable/Mégantic--L'Érable"," 605","Thetford Mines",127,297,126,7,47,9,613,
24047,"Mégantic--L'Érable/Mégantic--L'Érable"," 606","Thetford Mines",270,506,325,13,113,25,1252,
24047,"Mégantic--L'Érable/Mégantic--L'Érable"," 607","Thetford Mines",210,383,264,13,94,17,981,
24047,"Mégantic--L'Érable/Mégantic--L'Érable"," 608","Thetford Mines",225,318,169,7,50,16,785,
24047,"Mégantic--L'Érable/Mégantic--L'Érable"," 609","Thetford Mines",171,314,141,5,72,13,716,
24047,"Mégantic--L'Érable/Mégantic--L'Érable"," 610","Saint-Joseph-de-Coleraine",88,118,93,8,41,8,356,
24047,"Mégantic--L'Érable/Mégantic--L'Érable"," 611","Disraëli",119,195,95,4,79,6,498,
24047,"Mégantic--L'Érable/Mégantic--L'Érable"," 612","Disraëli",115,140,123,8,78,6,470,
24047,"Mégantic--L'Érable/Mégantic--L'Érable"," 613","Lambton",134,162,116,13,52,6,483,
24047,"Mégantic--L'Érable/Mégantic--L'Érable"," 614","Lac-Mégantic",353,293,337,23,130,5,1141,
24047,"Mégantic--L'Érable/Mégantic--L'Érable"," 615","Saint-Ludger",44,89,24,5,25,2,189,
24047,"Mégantic--L'Érable/Mégantic--L'Érable"," 616","Lac-Mégantic",73,85,100,7,57,3,325,
24047,"Mégantic--L'Érable/Mégantic--L'Érable",,"Group 1/Groupe 1",35,37,15,5,7,8,107,58
24047,"Mégantic--L'Érable/Mégantic--L'Érable",,"Group 2/Groupe 2",223,299,359,22,104,24,1031,
