﻿Electoral District Number/Numéro de circonscription,Electoral District Name/Nom de circonscription,Polling Station Number/Numéro du bureau de scrutin,Polling Station Name/Nom du bureau de scrutin,Jim Bell,Eduard Walter Hiebert,Suzanne Hrynyk,MaryAnn Mihychuk,David Reimer,Steven Stairs,Rejected Ballots/Bulletins rejetés,Total Votes/Total des votes,Electors/Électeurs
46006,"Kildonan--St. Paul/Kildonan--St. Paul"," 1","West St. Paul",85,2,21,52,2,1,0,163,303
46006,"Kildonan--St. Paul/Kildonan--St. Paul"," 2","Rivercrest",95,2,14,101,3,4,1,220,378
46006,"Kildonan--St. Paul/Kildonan--St. Paul"," 3","West St. Paul",96,0,14,81,1,3,1,196,346
46006,"Kildonan--St. Paul/Kildonan--St. Paul"," 4","Rivercrest",102,1,24,112,1,3,0,243,382
46006,"Kildonan--St. Paul/Kildonan--St. Paul"," 5","Middlechurch",87,0,22,60,0,1,0,170,297
46006,"Kildonan--St. Paul/Kildonan--St. Paul"," 6","Rivercrest",96,0,17,76,0,1,1,191,310
46006,"Kildonan--St. Paul/Kildonan--St. Paul"," 7","Rivercrest",87,0,16,88,5,9,0,205,299
46006,"Kildonan--St. Paul/Kildonan--St. Paul"," 8","Middlechurch",119,1,30,141,1,3,1,296,472
46006,"Kildonan--St. Paul/Kildonan--St. Paul"," 9","McNaughton",42,0,13,54,2,1,0,112,232
46006,"Kildonan--St. Paul/Kildonan--St. Paul"," 10","McNaughton",54,0,15,41,1,1,1,113,207
46006,"Kildonan--St. Paul/Kildonan--St. Paul"," 11","East St. Paul",118,0,8,59,4,3,0,192,297
46006,"Kildonan--St. Paul/Kildonan--St. Paul"," 12","East St. Paul",170,0,16,89,2,8,0,285,511
46006,"Kildonan--St. Paul/Kildonan--St. Paul"," 13","East St. Paul",58,1,6,51,3,6,0,125,203
46006,"Kildonan--St. Paul/Kildonan--St. Paul"," 14A","East St. Paul",85,0,26,74,6,3,0,194,296
46006,"Kildonan--St. Paul/Kildonan--St. Paul"," 14B","East St. Paul",102,0,21,67,3,2,1,196,306
46006,"Kildonan--St. Paul/Kildonan--St. Paul"," 15","East St. Paul",129,0,13,113,0,4,1,260,413
46006,"Kildonan--St. Paul/Kildonan--St. Paul"," 16","East St. Paul",119,1,31,75,4,4,0,234,401
46006,"Kildonan--St. Paul/Kildonan--St. Paul"," 17","East St. Paul",166,0,23,86,6,2,0,283,449
46006,"Kildonan--St. Paul/Kildonan--St. Paul"," 18A","East St. Paul",97,0,13,55,2,2,0,169,320
46006,"Kildonan--St. Paul/Kildonan--St. Paul"," 18B","East St. Paul",Merged with No./Fusionné avec le n°19,,,,,,,,43
46006,"Kildonan--St. Paul/Kildonan--St. Paul"," 19","East St. Paul",100,0,8,60,1,4,0,173,243
46006,"Kildonan--St. Paul/Kildonan--St. Paul"," 20","East St. Paul",105,0,15,68,2,5,0,195,325
46006,"Kildonan--St. Paul/Kildonan--St. Paul"," 21","East St. Paul",127,0,10,74,0,2,0,213,352
46006,"Kildonan--St. Paul/Kildonan--St. Paul"," 22","East St. Paul",132,0,12,88,2,2,0,236,417
46006,"Kildonan--St. Paul/Kildonan--St. Paul"," 23","East St. Paul",160,0,9,81,1,6,2,259,448
46006,"Kildonan--St. Paul/Kildonan--St. Paul"," 24","East St. Paul",144,1,14,61,2,0,1,223,379
46006,"Kildonan--St. Paul/Kildonan--St. Paul"," 25","East St. Paul",92,0,8,69,4,5,0,178,307
46006,"Kildonan--St. Paul/Kildonan--St. Paul"," 26","East St. Paul",161,0,15,58,0,0,1,235,414
46006,"Kildonan--St. Paul/Kildonan--St. Paul"," 27","East St. Paul",94,0,17,61,1,0,0,173,298
46006,"Kildonan--St. Paul/Kildonan--St. Paul"," 28","East St. Paul",81,0,29,60,4,3,1,178,359
46006,"Kildonan--St. Paul/Kildonan--St. Paul"," 29","Birds Hill",96,0,19,78,1,1,0,195,357
46006,"Kildonan--St. Paul/Kildonan--St. Paul"," 30","Birds Hill",118,1,24,83,2,12,0,240,352
46006,"Kildonan--St. Paul/Kildonan--St. Paul"," 31","Winnipeg",125,0,29,168,3,1,1,327,552
46006,"Kildonan--St. Paul/Kildonan--St. Paul"," 32","Winnipeg",117,1,23,99,1,2,1,244,434
46006,"Kildonan--St. Paul/Kildonan--St. Paul"," 33","Winnipeg",78,0,28,104,0,1,0,211,389
46006,"Kildonan--St. Paul/Kildonan--St. Paul"," 34","Winnipeg",104,0,19,101,0,1,0,225,408
46006,"Kildonan--St. Paul/Kildonan--St. Paul"," 35A","Winnipeg",104,2,25,102,2,1,0,236,377
46006,"Kildonan--St. Paul/Kildonan--St. Paul"," 35B","Winnipeg",Merged with No./Fusionné avec le n°41,,,,,,,,79
46006,"Kildonan--St. Paul/Kildonan--St. Paul"," 36","Winnipeg",109,1,30,91,2,5,0,238,390
46006,"Kildonan--St. Paul/Kildonan--St. Paul"," 37","Winnipeg",93,1,39,87,1,6,0,227,362
46006,"Kildonan--St. Paul/Kildonan--St. Paul"," 38","Winnipeg",113,0,37,94,3,4,1,252,409
46006,"Kildonan--St. Paul/Kildonan--St. Paul"," 39","Winnipeg",107,0,26,83,0,7,0,223,374
46006,"Kildonan--St. Paul/Kildonan--St. Paul"," 40","Winnipeg",76,1,36,111,3,8,2,237,368
46006,"Kildonan--St. Paul/Kildonan--St. Paul"," 41","Winnipeg",128,0,38,144,5,8,1,324,408
46006,"Kildonan--St. Paul/Kildonan--St. Paul"," 42","Middlechurch",79,0,14,67,1,2,0,163,284
46006,"Kildonan--St. Paul/Kildonan--St. Paul"," 43","Riverdale",102,1,18,88,1,3,0,213,365
46006,"Kildonan--St. Paul/Kildonan--St. Paul"," 44","Winnipeg",38,1,12,53,1,0,0,105,217
46006,"Kildonan--St. Paul/Kildonan--St. Paul"," 45","Winnipeg",64,2,42,140,2,6,1,257,518
46006,"Kildonan--St. Paul/Kildonan--St. Paul"," 46","Winnipeg",92,1,32,100,3,1,1,230,408
46006,"Kildonan--St. Paul/Kildonan--St. Paul"," 47","Winnipeg",64,0,28,121,2,4,2,221,422
46006,"Kildonan--St. Paul/Kildonan--St. Paul"," 48","Winnipeg",61,0,27,114,0,3,1,206,423
46006,"Kildonan--St. Paul/Kildonan--St. Paul"," 49","Winnipeg",64,1,45,120,0,4,3,237,452
46006,"Kildonan--St. Paul/Kildonan--St. Paul"," 50","Winnipeg",87,1,43,120,2,4,1,258,435
46006,"Kildonan--St. Paul/Kildonan--St. Paul"," 51","Winnipeg",73,0,22,121,1,3,0,220,386
46006,"Kildonan--St. Paul/Kildonan--St. Paul"," 52","Winnipeg",83,0,28,119,1,5,0,236,434
46006,"Kildonan--St. Paul/Kildonan--St. Paul"," 53","Winnipeg",80,1,13,55,4,3,2,158,306
46006,"Kildonan--St. Paul/Kildonan--St. Paul"," 54A","Winnipeg",65,0,13,73,0,3,1,155,263
46006,"Kildonan--St. Paul/Kildonan--St. Paul"," 54B","Winnipeg",60,1,19,88,2,0,1,171,282
46006,"Kildonan--St. Paul/Kildonan--St. Paul"," 55A","Winnipeg",36,0,15,81,2,2,0,136,259
46006,"Kildonan--St. Paul/Kildonan--St. Paul"," 55B","Winnipeg",56,1,22,68,0,1,0,148,282
46006,"Kildonan--St. Paul/Kildonan--St. Paul"," 56","Winnipeg",87,0,26,87,3,3,0,206,398
46006,"Kildonan--St. Paul/Kildonan--St. Paul"," 57","Winnipeg",55,3,18,109,1,0,0,186,344
46006,"Kildonan--St. Paul/Kildonan--St. Paul"," 58","Winnipeg",119,0,24,107,2,4,0,256,463
46006,"Kildonan--St. Paul/Kildonan--St. Paul"," 59","Winnipeg",71,0,19,63,0,3,0,156,286
46006,"Kildonan--St. Paul/Kildonan--St. Paul"," 60","Winnipeg",91,1,32,81,4,1,0,210,403
46006,"Kildonan--St. Paul/Kildonan--St. Paul"," 61","Winnipeg",14,0,14,24,0,1,1,54,110
46006,"Kildonan--St. Paul/Kildonan--St. Paul"," 62","Winnipeg",22,1,2,30,0,0,1,56,215
46006,"Kildonan--St. Paul/Kildonan--St. Paul"," 63","Winnipeg",64,0,16,64,1,3,1,149,283
46006,"Kildonan--St. Paul/Kildonan--St. Paul"," 64","Winnipeg",84,0,24,77,5,2,0,192,404
46006,"Kildonan--St. Paul/Kildonan--St. Paul"," 65A","Winnipeg",14,0,9,26,0,2,0,51,101
46006,"Kildonan--St. Paul/Kildonan--St. Paul"," 65B","Mobile poll/Bureau itinérant",Merged with No./Fusionné avec le n°500B,,,,,,,,65
46006,"Kildonan--St. Paul/Kildonan--St. Paul"," 66","Winnipeg",107,0,37,82,4,2,2,234,312
46006,"Kildonan--St. Paul/Kildonan--St. Paul"," 67","Winnipeg",70,0,37,108,2,3,0,220,385
46006,"Kildonan--St. Paul/Kildonan--St. Paul"," 68","Winnipeg",70,2,33,81,8,6,2,202,401
46006,"Kildonan--St. Paul/Kildonan--St. Paul"," 69","Winnipeg",51,0,28,114,1,5,0,199,378
46006,"Kildonan--St. Paul/Kildonan--St. Paul"," 70","Winnipeg",32,1,33,85,1,4,1,157,382
46006,"Kildonan--St. Paul/Kildonan--St. Paul"," 71","Winnipeg",69,0,31,95,0,1,0,196,435
46006,"Kildonan--St. Paul/Kildonan--St. Paul"," 72","Winnipeg",66,0,24,100,0,2,2,194,437
46006,"Kildonan--St. Paul/Kildonan--St. Paul"," 73","Winnipeg",70,2,25,104,1,3,0,205,434
46006,"Kildonan--St. Paul/Kildonan--St. Paul"," 74","Winnipeg",101,1,49,129,2,2,0,284,507
46006,"Kildonan--St. Paul/Kildonan--St. Paul"," 75","Winnipeg",62,1,25,104,1,3,2,198,395
46006,"Kildonan--St. Paul/Kildonan--St. Paul"," 76","Winnipeg",104,0,25,77,0,9,1,216,392
46006,"Kildonan--St. Paul/Kildonan--St. Paul"," 77","Winnipeg",45,0,31,75,2,6,0,159,345
46006,"Kildonan--St. Paul/Kildonan--St. Paul"," 78","Winnipeg",75,1,28,117,1,1,5,228,462
46006,"Kildonan--St. Paul/Kildonan--St. Paul"," 79A","Winnipeg",84,0,20,88,0,1,0,193,366
46006,"Kildonan--St. Paul/Kildonan--St. Paul"," 79B","Winnipeg",63,0,24,78,1,3,0,169,359
46006,"Kildonan--St. Paul/Kildonan--St. Paul"," 80","Winnipeg",38,0,15,73,4,1,0,131,255
46006,"Kildonan--St. Paul/Kildonan--St. Paul"," 81","Winnipeg",76,2,27,87,1,5,1,199,367
46006,"Kildonan--St. Paul/Kildonan--St. Paul"," 82","Winnipeg",91,0,36,85,4,10,0,226,404
46006,"Kildonan--St. Paul/Kildonan--St. Paul"," 83","Winnipeg",30,0,14,58,0,2,0,104,238
46006,"Kildonan--St. Paul/Kildonan--St. Paul"," 84","Winnipeg",23,1,21,41,2,4,0,92,162
46006,"Kildonan--St. Paul/Kildonan--St. Paul"," 85","Winnipeg",49,2,23,81,2,2,0,159,419
46006,"Kildonan--St. Paul/Kildonan--St. Paul"," 86","Winnipeg",51,1,27,82,5,4,1,171,404
46006,"Kildonan--St. Paul/Kildonan--St. Paul"," 87","Winnipeg",52,0,28,126,1,7,2,216,435
46006,"Kildonan--St. Paul/Kildonan--St. Paul"," 88","Winnipeg",62,1,50,125,3,8,0,249,439
46006,"Kildonan--St. Paul/Kildonan--St. Paul"," 89","Winnipeg",61,0,50,117,2,8,1,239,457
46006,"Kildonan--St. Paul/Kildonan--St. Paul"," 90","Winnipeg",58,2,20,82,3,4,2,171,395
46006,"Kildonan--St. Paul/Kildonan--St. Paul"," 91","Winnipeg",52,0,40,80,1,4,0,177,393
46006,"Kildonan--St. Paul/Kildonan--St. Paul"," 92","Winnipeg",40,1,15,81,4,5,4,150,394
46006,"Kildonan--St. Paul/Kildonan--St. Paul"," 93","Winnipeg",44,0,44,116,4,5,1,214,420
46006,"Kildonan--St. Paul/Kildonan--St. Paul"," 94","Winnipeg",31,0,38,90,1,3,0,163,398
46006,"Kildonan--St. Paul/Kildonan--St. Paul"," 95","Winnipeg",26,1,46,106,2,5,3,189,350
46006,"Kildonan--St. Paul/Kildonan--St. Paul"," 96","Winnipeg",59,0,35,93,0,4,0,191,392
46006,"Kildonan--St. Paul/Kildonan--St. Paul"," 97","Winnipeg",78,2,35,123,0,3,0,241,467
46006,"Kildonan--St. Paul/Kildonan--St. Paul"," 98","Winnipeg",88,0,30,108,0,12,2,240,485
46006,"Kildonan--St. Paul/Kildonan--St. Paul"," 99","Winnipeg",65,4,36,135,6,4,2,252,473
46006,"Kildonan--St. Paul/Kildonan--St. Paul"," 100","Winnipeg",54,0,36,89,3,2,0,184,330
46006,"Kildonan--St. Paul/Kildonan--St. Paul"," 101","Winnipeg",55,0,25,80,3,1,1,165,207
46006,"Kildonan--St. Paul/Kildonan--St. Paul"," 102","Winnipeg",74,0,30,117,9,4,3,237,479
46006,"Kildonan--St. Paul/Kildonan--St. Paul"," 103","Winnipeg",60,1,30,119,2,7,0,219,425
46006,"Kildonan--St. Paul/Kildonan--St. Paul"," 104","Winnipeg",63,2,41,118,3,6,2,235,448
46006,"Kildonan--St. Paul/Kildonan--St. Paul"," 105","Winnipeg",50,1,55,105,2,5,0,218,370
46006,"Kildonan--St. Paul/Kildonan--St. Paul"," 106","Winnipeg",57,1,34,114,3,5,2,216,421
46006,"Kildonan--St. Paul/Kildonan--St. Paul"," 107","Winnipeg",59,3,44,120,0,2,1,229,399
46006,"Kildonan--St. Paul/Kildonan--St. Paul"," 108","Winnipeg",58,0,33,95,1,6,1,194,388
46006,"Kildonan--St. Paul/Kildonan--St. Paul"," 109","Winnipeg",32,1,33,107,2,2,1,178,417
46006,"Kildonan--St. Paul/Kildonan--St. Paul"," 110","Winnipeg",37,0,28,64,4,3,1,137,273
46006,"Kildonan--St. Paul/Kildonan--St. Paul"," 111","Winnipeg",62,1,42,102,1,10,0,218,379
46006,"Kildonan--St. Paul/Kildonan--St. Paul"," 112","Winnipeg",59,2,52,94,2,5,0,214,397
46006,"Kildonan--St. Paul/Kildonan--St. Paul"," 113","Winnipeg",56,0,37,100,1,9,0,203,368
46006,"Kildonan--St. Paul/Kildonan--St. Paul"," 114A","Winnipeg",29,0,19,58,1,0,0,107,205
46006,"Kildonan--St. Paul/Kildonan--St. Paul"," 114B","Winnipeg",14,0,22,22,0,1,0,59,118
46006,"Kildonan--St. Paul/Kildonan--St. Paul"," 115","Winnipeg",86,0,18,76,1,8,0,189,292
46006,"Kildonan--St. Paul/Kildonan--St. Paul"," 116A","Winnipeg",44,0,22,56,0,2,0,124,200
46006,"Kildonan--St. Paul/Kildonan--St. Paul"," 116B","Winnipeg",Merged with No./Fusionné avec le n°155A,,,,,,,,100
46006,"Kildonan--St. Paul/Kildonan--St. Paul"," 117","Winnipeg",55,0,38,76,4,5,0,178,415
46006,"Kildonan--St. Paul/Kildonan--St. Paul"," 118","Winnipeg",88,1,32,69,7,6,2,205,301
46006,"Kildonan--St. Paul/Kildonan--St. Paul"," 119","Winnipeg",67,0,21,74,1,3,0,166,298
46006,"Kildonan--St. Paul/Kildonan--St. Paul"," 120","Winnipeg",44,0,22,86,1,3,0,156,380
46006,"Kildonan--St. Paul/Kildonan--St. Paul"," 121","Winnipeg",82,1,36,84,4,2,0,209,357
46006,"Kildonan--St. Paul/Kildonan--St. Paul"," 122","Winnipeg",80,1,29,80,5,6,0,201,371
46006,"Kildonan--St. Paul/Kildonan--St. Paul"," 123A","Winnipeg",76,1,49,90,6,3,0,225,344
46006,"Kildonan--St. Paul/Kildonan--St. Paul"," 123B","Winnipeg",42,3,14,42,2,3,1,107,129
46006,"Kildonan--St. Paul/Kildonan--St. Paul"," 124","Winnipeg",60,2,32,76,3,6,0,179,339
46006,"Kildonan--St. Paul/Kildonan--St. Paul"," 125","Winnipeg",7,0,5,27,0,1,0,40,110
46006,"Kildonan--St. Paul/Kildonan--St. Paul"," 126","Winnipeg",77,0,33,67,2,1,1,181,303
46006,"Kildonan--St. Paul/Kildonan--St. Paul"," 127","Winnipeg",25,0,42,113,6,2,1,189,460
46006,"Kildonan--St. Paul/Kildonan--St. Paul"," 128","Winnipeg",93,2,34,86,4,1,1,221,382
46006,"Kildonan--St. Paul/Kildonan--St. Paul"," 129","Winnipeg",74,0,40,96,1,6,1,218,386
46006,"Kildonan--St. Paul/Kildonan--St. Paul"," 130","Winnipeg",89,1,45,113,1,6,0,255,471
46006,"Kildonan--St. Paul/Kildonan--St. Paul"," 131","Winnipeg",78,0,45,105,3,2,3,236,448
46006,"Kildonan--St. Paul/Kildonan--St. Paul"," 132","Winnipeg",97,1,26,84,5,5,0,218,357
46006,"Kildonan--St. Paul/Kildonan--St. Paul"," 133","Winnipeg",76,0,38,83,3,6,1,207,359
46006,"Kildonan--St. Paul/Kildonan--St. Paul"," 134","Winnipeg",93,1,23,84,2,3,1,207,348
46006,"Kildonan--St. Paul/Kildonan--St. Paul"," 135","Winnipeg",103,0,20,98,0,5,0,226,362
46006,"Kildonan--St. Paul/Kildonan--St. Paul"," 136","Winnipeg",125,1,24,86,1,4,0,241,391
46006,"Kildonan--St. Paul/Kildonan--St. Paul"," 137","Winnipeg",106,1,46,86,6,7,0,252,379
46006,"Kildonan--St. Paul/Kildonan--St. Paul"," 138","Winnipeg",76,1,27,110,5,2,0,221,386
46006,"Kildonan--St. Paul/Kildonan--St. Paul"," 139","Winnipeg",96,2,27,96,4,6,0,231,378
46006,"Kildonan--St. Paul/Kildonan--St. Paul"," 140","Winnipeg",110,0,30,93,4,4,0,241,409
46006,"Kildonan--St. Paul/Kildonan--St. Paul"," 141","Winnipeg",99,0,33,89,4,0,2,227,398
46006,"Kildonan--St. Paul/Kildonan--St. Paul"," 142","Winnipeg",130,1,30,82,1,5,0,249,425
46006,"Kildonan--St. Paul/Kildonan--St. Paul"," 143","Winnipeg",94,0,11,107,2,5,1,220,376
46006,"Kildonan--St. Paul/Kildonan--St. Paul"," 144","Winnipeg",88,0,19,93,1,2,1,204,348
46006,"Kildonan--St. Paul/Kildonan--St. Paul"," 145","Winnipeg",121,1,24,150,2,4,0,302,472
46006,"Kildonan--St. Paul/Kildonan--St. Paul"," 146","Winnipeg",87,2,25,118,3,8,2,245,423
46006,"Kildonan--St. Paul/Kildonan--St. Paul"," 147","Winnipeg",94,0,48,129,1,10,2,284,428
46006,"Kildonan--St. Paul/Kildonan--St. Paul"," 148","Winnipeg",78,0,30,112,1,3,1,225,397
46006,"Kildonan--St. Paul/Kildonan--St. Paul"," 149","Winnipeg",94,1,35,101,3,4,0,238,434
46006,"Kildonan--St. Paul/Kildonan--St. Paul"," 150","Winnipeg",108,0,25,91,0,4,1,229,387
46006,"Kildonan--St. Paul/Kildonan--St. Paul"," 151","Winnipeg",81,1,39,88,3,3,0,215,382
46006,"Kildonan--St. Paul/Kildonan--St. Paul"," 152","Winnipeg",72,2,38,87,0,1,0,200,316
46006,"Kildonan--St. Paul/Kildonan--St. Paul"," 153","Winnipeg",85,2,42,99,1,8,3,240,387
46006,"Kildonan--St. Paul/Kildonan--St. Paul"," 154","Winnipeg",88,2,41,65,6,4,0,206,400
46006,"Kildonan--St. Paul/Kildonan--St. Paul"," 155A","Winnipeg",75,1,32,61,4,1,0,174,177
46006,"Kildonan--St. Paul/Kildonan--St. Paul"," 155B","Winnipeg",17,2,24,50,1,2,3,99,142
46006,"Kildonan--St. Paul/Kildonan--St. Paul"," 400","Middlechurch",18,2,9,26,1,0,0,56,130
46006,"Kildonan--St. Paul/Kildonan--St. Paul"," 401","Winnipeg",Void/Supprimé,,,,,,,,
46006,"Kildonan--St. Paul/Kildonan--St. Paul"," 402","Winnipeg",Void/Supprimé,,,,,,,,
46006,"Kildonan--St. Paul/Kildonan--St. Paul"," 403","Winnipeg",33,1,5,38,2,5,1,85,100
46006,"Kildonan--St. Paul/Kildonan--St. Paul"," 404","Winnipeg",Void/Supprimé,,,,,,,,
46006,"Kildonan--St. Paul/Kildonan--St. Paul"," 405","Winnipeg",45,2,24,33,1,0,2,107,144
46006,"Kildonan--St. Paul/Kildonan--St. Paul"," 406","Winnipeg",111,1,46,77,11,4,0,250,375
46006,"Kildonan--St. Paul/Kildonan--St. Paul"," 407","Winnipeg",104,0,39,67,6,1,1,218,385
46006,"Kildonan--St. Paul/Kildonan--St. Paul"," 408","Winnipeg",51,0,21,50,2,4,0,128,192
46006,"Kildonan--St. Paul/Kildonan--St. Paul"," 409","Winnipeg",31,0,10,29,2,2,0,74,156
46006,"Kildonan--St. Paul/Kildonan--St. Paul"," 410","Winnipeg",93,2,37,95,4,4,0,235,347
46006,"Kildonan--St. Paul/Kildonan--St. Paul"," 411","Winnipeg",70,0,38,63,5,3,1,180,238
46006,"Kildonan--St. Paul/Kildonan--St. Paul"," 412","Winnipeg",16,2,18,37,0,0,3,76,94
46006,"Kildonan--St. Paul/Kildonan--St. Paul"," 413","Winnipeg",7,0,7,20,0,0,0,34,66
46006,"Kildonan--St. Paul/Kildonan--St. Paul"," 414","Winnipeg",8,1,14,33,2,0,0,58,117
46006,"Kildonan--St. Paul/Kildonan--St. Paul"," 415","Winnipeg",7,1,3,21,0,0,0,32,54
46006,"Kildonan--St. Paul/Kildonan--St. Paul"," 416","Winnipeg",Merged with No./Fusionné avec le n°101,,,,,,,,142
46006,"Kildonan--St. Paul/Kildonan--St. Paul"," 417","Winnipeg",34,2,24,58,2,0,0,120,160
46006,"Kildonan--St. Paul/Kildonan--St. Paul"," 418","Winnipeg",44,0,32,84,0,2,0,162,234
46006,"Kildonan--St. Paul/Kildonan--St. Paul"," 419","Winnipeg",Void/Supprimé,,,,,,,,
46006,"Kildonan--St. Paul/Kildonan--St. Paul"," 420","Winnipeg",16,1,9,21,4,2,0,53,66
46006,"Kildonan--St. Paul/Kildonan--St. Paul"," 500A","Mobile poll/Bureau itinérant",17,2,11,28,1,0,4,63,95
46006,"Kildonan--St. Paul/Kildonan--St. Paul"," 500B","Mobile poll/Bureau itinérant",26,4,10,22,3,1,2,68,55
46006,"Kildonan--St. Paul/Kildonan--St. Paul"," 501","Mobile poll/Bureau itinérant",13,3,11,15,2,2,0,46,93
46006,"Kildonan--St. Paul/Kildonan--St. Paul"," 502","Mobile poll/Bureau itinérant",71,5,13,29,13,3,2,136,168
46006,"Kildonan--St. Paul/Kildonan--St. Paul"," 600","West St. Paul",258,1,86,188,3,11,0,547,
46006,"Kildonan--St. Paul/Kildonan--St. Paul"," 601","East St. Paul",661,1,111,367,3,16,0,1159,
46006,"Kildonan--St. Paul/Kildonan--St. Paul"," 602","Winnipeg",486,2,124,289,10,15,0,926,
46006,"Kildonan--St. Paul/Kildonan--St. Paul"," 603","Winnipeg",341,0,90,221,5,7,3,667,
46006,"Kildonan--St. Paul/Kildonan--St. Paul"," 604","Winnipeg",270,0,98,333,2,10,3,716,
46006,"Kildonan--St. Paul/Kildonan--St. Paul"," 605","Winnipeg",220,1,119,258,6,10,7,621,
46006,"Kildonan--St. Paul/Kildonan--St. Paul"," 606","Winnipeg",270,0,156,330,10,16,2,784,
46006,"Kildonan--St. Paul/Kildonan--St. Paul"," 607","Winnipeg",209,2,143,307,6,15,3,685,
46006,"Kildonan--St. Paul/Kildonan--St. Paul"," 608","Winnipeg",164,0,95,183,1,9,4,456,
46006,"Kildonan--St. Paul/Kildonan--St. Paul"," 609","Winnipeg",313,1,179,304,9,10,2,818,
46006,"Kildonan--St. Paul/Kildonan--St. Paul"," 610","Winnipeg",474,1,138,390,16,12,2,1033,
46006,"Kildonan--St. Paul/Kildonan--St. Paul",,"Group 1/Groupe 1",27,0,21,62,0,2,4,116,106
46006,"Kildonan--St. Paul/Kildonan--St. Paul",,"Group 2/Groupe 2",352,2,144,355,9,18,7,887,
