﻿Electoral District Number/Numéro de circonscription,Electoral District Name/Nom de circonscription,Polling Station Number/Numéro du bureau de scrutin,Polling Station Name/Nom du bureau de scrutin,Martin Barker,Alastair Haythornthwaite,Fran Hunt-Jinnouchi,Luke Krayenhoff,Alistair MacGregor,Rejected Ballots/Bulletins rejetés,Total Votes/Total des votes,Electors/Électeurs
59010,"Cowichan--Malahat--Langford/Cowichan--Malahat--Langford"," 1","Cowichan Lake ",16,1,31,30,81,2,161,273
59010,"Cowichan--Malahat--Langford/Cowichan--Malahat--Langford"," 2","Cowichan Lake ",35,1,29,52,47,0,164,261
59010,"Cowichan--Malahat--Langford/Cowichan--Malahat--Langford"," 3","Caycuse",0,0,2,10,30,0,42,65
59010,"Cowichan--Malahat--Langford/Cowichan--Malahat--Langford"," 4","Honeymoon Bay",35,0,31,37,63,0,166,271
59010,"Cowichan--Malahat--Langford/Cowichan--Malahat--Langford"," 5","Honeymoon Bay",34,2,32,38,63,0,169,266
59010,"Cowichan--Malahat--Langford/Cowichan--Malahat--Langford"," 6","Cowichan Lake ",47,2,52,67,82,1,251,470
59010,"Cowichan--Malahat--Langford/Cowichan--Malahat--Langford"," 7","Cowichan Lake ",28,0,26,32,58,0,144,293
59010,"Cowichan--Malahat--Langford/Cowichan--Malahat--Langford"," 8","Lake Cowichan",26,0,17,35,69,0,147,314
59010,"Cowichan--Malahat--Langford/Cowichan--Malahat--Langford"," 9","Lake Cowichan",29,5,24,29,57,0,144,339
59010,"Cowichan--Malahat--Langford/Cowichan--Malahat--Langford"," 10","Lake Cowichan",26,1,47,65,97,0,236,471
59010,"Cowichan--Malahat--Langford/Cowichan--Malahat--Langford"," 11","Lake Cowichan",46,3,50,63,110,0,272,491
59010,"Cowichan--Malahat--Langford/Cowichan--Malahat--Langford"," 12","Lake Cowichan",39,1,45,46,103,0,234,417
59010,"Cowichan--Malahat--Langford/Cowichan--Malahat--Langford"," 13","Lake Cowichan",35,0,25,42,66,1,169,298
59010,"Cowichan--Malahat--Langford/Cowichan--Malahat--Langford"," 14","Sooke",23,2,21,28,69,0,143,262
59010,"Cowichan--Malahat--Langford/Cowichan--Malahat--Langford"," 15","Chemainus",78,3,42,83,108,1,315,473
59010,"Cowichan--Malahat--Langford/Cowichan--Malahat--Langford"," 16","Chemainus",78,0,55,65,52,1,251,350
59010,"Cowichan--Malahat--Langford/Cowichan--Malahat--Langford"," 17","Chemainus",70,3,66,53,102,0,294,488
59010,"Cowichan--Malahat--Langford/Cowichan--Malahat--Langford"," 18","Chemainus",73,2,46,56,69,0,246,398
59010,"Cowichan--Malahat--Langford/Cowichan--Malahat--Langford"," 19","Saltair",69,0,52,69,92,1,283,468
59010,"Cowichan--Malahat--Langford/Cowichan--Malahat--Langford"," 20","Chemainus",63,0,34,54,95,1,247,353
59010,"Cowichan--Malahat--Langford/Cowichan--Malahat--Langford"," 21","Chemainus",61,1,57,65,108,1,293,443
59010,"Cowichan--Malahat--Langford/Cowichan--Malahat--Langford"," 22","Chemainus",72,0,55,50,100,2,279,438
59010,"Cowichan--Malahat--Langford/Cowichan--Malahat--Langford"," 23","Chemainus",64,0,52,54,64,1,235,401
59010,"Cowichan--Malahat--Langford/Cowichan--Malahat--Langford"," 24","Osborn Bay",26,0,21,24,98,1,170,328
59010,"Cowichan--Malahat--Langford/Cowichan--Malahat--Langford"," 25","Westholme",84,1,42,62,126,2,317,499
59010,"Cowichan--Malahat--Langford/Cowichan--Malahat--Langford"," 26","Westholme",43,1,34,54,69,1,202,453
59010,"Cowichan--Malahat--Langford/Cowichan--Malahat--Langford"," 27A","Westholme",58,2,41,58,61,0,220,410
59010,"Cowichan--Malahat--Langford/Cowichan--Malahat--Langford"," 27B","Mobile poll/Bureau itinérant",Merged with No./Fusionné avec le n°94B,,,,,,,6
59010,"Cowichan--Malahat--Langford/Cowichan--Malahat--Langford"," 28","Crofton",62,3,47,52,89,3,256,421
59010,"Cowichan--Malahat--Langford/Cowichan--Malahat--Langford"," 29","Crofton",67,4,28,59,81,0,239,426
59010,"Cowichan--Malahat--Langford/Cowichan--Malahat--Langford"," 30","Crofton",53,2,31,47,69,0,202,354
59010,"Cowichan--Malahat--Langford/Cowichan--Malahat--Langford"," 31","Tent Island 8",1,1,18,5,135,0,160,214
59010,"Cowichan--Malahat--Langford/Cowichan--Malahat--Langford"," 32","Thetis Island",107,1,62,44,69,0,283,377
59010,"Cowichan--Malahat--Langford/Cowichan--Malahat--Langford"," 33","Paldi",59,4,1,53,108,1,226,466
59010,"Cowichan--Malahat--Langford/Cowichan--Malahat--Langford"," 34","Westholme",73,1,38,65,118,0,295,485
59010,"Cowichan--Malahat--Langford/Cowichan--Malahat--Langford"," 35","Somenos",65,3,37,65,87,1,258,460
59010,"Cowichan--Malahat--Langford/Cowichan--Malahat--Langford"," 36","Somenos",49,1,23,56,98,0,227,415
59010,"Cowichan--Malahat--Langford/Cowichan--Malahat--Langford"," 37","Hayward",78,1,32,75,78,0,264,480
59010,"Cowichan--Malahat--Langford/Cowichan--Malahat--Langford"," 38","Hayward",50,3,32,68,108,0,261,470
59010,"Cowichan--Malahat--Langford/Cowichan--Malahat--Langford"," 39","Duncan",35,1,30,43,93,0,202,442
59010,"Cowichan--Malahat--Langford/Cowichan--Malahat--Langford"," 40A","Duncan",39,0,22,60,49,2,172,300
59010,"Cowichan--Malahat--Langford/Cowichan--Malahat--Langford"," 40B","Mobile poll/Bureau itinérant",Merged with No./Fusionné avec le n°94B,,,,,,,3
59010,"Cowichan--Malahat--Langford/Cowichan--Malahat--Langford"," 41","North Cowichan",18,1,40,40,97,0,196,384
59010,"Cowichan--Malahat--Langford/Cowichan--Malahat--Langford"," 42","Somenos",63,5,15,39,53,1,176,304
59010,"Cowichan--Malahat--Langford/Cowichan--Malahat--Langford"," 43","Hayward",35,2,28,50,61,0,176,339
59010,"Cowichan--Malahat--Langford/Cowichan--Malahat--Langford"," 44","Hayward",36,2,36,54,87,0,215,434
59010,"Cowichan--Malahat--Langford/Cowichan--Malahat--Langford"," 45","Duncan",40,0,25,43,99,2,209,455
59010,"Cowichan--Malahat--Langford/Cowichan--Malahat--Langford"," 46","Duncan",57,1,60,74,126,1,319,589
59010,"Cowichan--Malahat--Langford/Cowichan--Malahat--Langford"," 47","Duncan",39,0,25,36,78,0,178,396
59010,"Cowichan--Malahat--Langford/Cowichan--Malahat--Langford"," 48","Duncan",62,1,34,77,111,2,287,610
59010,"Cowichan--Malahat--Langford/Cowichan--Malahat--Langford"," 49","Sahtlam",29,0,23,31,52,0,135,284
59010,"Cowichan--Malahat--Langford/Cowichan--Malahat--Langford"," 50","Sahtlam",53,1,40,60,81,0,235,426
59010,"Cowichan--Malahat--Langford/Cowichan--Malahat--Langford"," 51","Cowichan 1",29,0,28,42,67,1,167,345
59010,"Cowichan--Malahat--Langford/Cowichan--Malahat--Langford"," 52","Sahtlam",47,1,48,56,114,1,267,441
59010,"Cowichan--Malahat--Langford/Cowichan--Malahat--Langford"," 53","Duncan",30,2,38,42,56,1,169,360
59010,"Cowichan--Malahat--Langford/Cowichan--Malahat--Langford"," 54","Duncan",22,0,46,28,72,0,168,390
59010,"Cowichan--Malahat--Langford/Cowichan--Malahat--Langford"," 55","Duncan",47,0,35,42,95,0,219,400
59010,"Cowichan--Malahat--Langford/Cowichan--Malahat--Langford"," 56","Duncan",31,1,37,39,69,0,177,332
59010,"Cowichan--Malahat--Langford/Cowichan--Malahat--Langford"," 57","Duncan",43,0,34,30,73,0,180,385
59010,"Cowichan--Malahat--Langford/Cowichan--Malahat--Langford"," 58","Duncan",27,3,19,23,65,0,137,293
59010,"Cowichan--Malahat--Langford/Cowichan--Malahat--Langford"," 59","Duncan",21,0,26,17,58,1,123,321
59010,"Cowichan--Malahat--Langford/Cowichan--Malahat--Langford"," 60","Duncan",41,2,29,48,66,2,188,311
59010,"Cowichan--Malahat--Langford/Cowichan--Malahat--Langford"," 61","Duncan",30,1,23,29,46,1,130,321
59010,"Cowichan--Malahat--Langford/Cowichan--Malahat--Langford"," 62","Duncan",18,0,19,34,64,0,135,308
59010,"Cowichan--Malahat--Langford/Cowichan--Malahat--Langford"," 63","Duncan",31,1,22,52,83,1,190,462
59010,"Cowichan--Malahat--Langford/Cowichan--Malahat--Langford"," 64","Duncan",34,1,27,28,88,1,179,327
59010,"Cowichan--Malahat--Langford/Cowichan--Malahat--Langford"," 65","Duncan",37,3,29,46,53,0,168,330
59010,"Cowichan--Malahat--Langford/Cowichan--Malahat--Langford"," 66","Duncan",41,2,27,28,55,0,153,398
59010,"Cowichan--Malahat--Langford/Cowichan--Malahat--Langford"," 67","Cowichan 1",31,0,11,18,51,1,112,249
59010,"Cowichan--Malahat--Langford/Cowichan--Malahat--Langford"," 68","Somenos",78,0,38,58,95,0,269,497
59010,"Cowichan--Malahat--Langford/Cowichan--Malahat--Langford"," 69","Somenos",59,0,17,44,66,0,186,344
59010,"Cowichan--Malahat--Langford/Cowichan--Malahat--Langford"," 70","Duncan",54,1,20,35,74,1,185,359
59010,"Cowichan--Malahat--Langford/Cowichan--Malahat--Langford"," 71","Duncan",74,2,32,52,73,0,233,449
59010,"Cowichan--Malahat--Langford/Cowichan--Malahat--Langford"," 72","Duncan",61,0,32,51,57,0,201,363
59010,"Cowichan--Malahat--Langford/Cowichan--Malahat--Langford"," 73","Deerholme",56,0,53,43,85,0,237,404
59010,"Cowichan--Malahat--Langford/Cowichan--Malahat--Langford"," 74","Cowichan 1",34,1,23,38,54,0,150,263
59010,"Cowichan--Malahat--Langford/Cowichan--Malahat--Langford"," 75","Eagle Heights",23,1,29,31,50,0,134,294
59010,"Cowichan--Malahat--Langford/Cowichan--Malahat--Langford"," 76","Cowichan 1",44,0,21,43,60,0,168,274
59010,"Cowichan--Malahat--Langford/Cowichan--Malahat--Langford"," 77","Cowichan 1",30,0,28,51,81,1,191,349
59010,"Cowichan--Malahat--Langford/Cowichan--Malahat--Langford"," 78","Cowichan 1",16,5,36,32,163,2,254,440
59010,"Cowichan--Malahat--Langford/Cowichan--Malahat--Langford"," 79","Cowichan 1",3,2,18,6,151,1,181,345
59010,"Cowichan--Malahat--Langford/Cowichan--Malahat--Langford"," 80","Cowichan 1",11,1,26,25,135,3,201,359
59010,"Cowichan--Malahat--Langford/Cowichan--Malahat--Langford"," 81","Cowichan 1",3,1,20,8,94,0,126,248
59010,"Cowichan--Malahat--Langford/Cowichan--Malahat--Langford"," 82","Maple Bay",94,0,34,64,104,1,297,474
59010,"Cowichan--Malahat--Langford/Cowichan--Malahat--Langford"," 83","Maple Bay",100,4,27,77,89,0,297,508
59010,"Cowichan--Malahat--Langford/Cowichan--Malahat--Langford"," 84","Maple Bay",70,1,40,64,88,1,264,403
59010,"Cowichan--Malahat--Langford/Cowichan--Malahat--Langford"," 85","Maple Bay",87,2,39,82,80,1,291,455
59010,"Cowichan--Malahat--Langford/Cowichan--Malahat--Langford"," 86","Maple Bay",64,2,24,50,50,0,190,335
59010,"Cowichan--Malahat--Langford/Cowichan--Malahat--Langford"," 87","Maple Bay",101,2,30,64,85,0,282,448
59010,"Cowichan--Malahat--Langford/Cowichan--Malahat--Langford"," 88","Maple Bay",54,1,14,37,57,0,163,294
59010,"Cowichan--Malahat--Langford/Cowichan--Malahat--Langford"," 89","Maple Bay",72,1,38,48,50,0,209,360
59010,"Cowichan--Malahat--Langford/Cowichan--Malahat--Langford"," 90","Maple Bay",39,1,45,50,73,0,208,372
59010,"Cowichan--Malahat--Langford/Cowichan--Malahat--Langford"," 91","Duncan",70,1,24,55,90,0,240,422
59010,"Cowichan--Malahat--Langford/Cowichan--Malahat--Langford"," 92","Duncan",37,0,39,49,63,1,189,441
59010,"Cowichan--Malahat--Langford/Cowichan--Malahat--Langford"," 93","Duncan",28,2,43,53,78,1,205,401
59010,"Cowichan--Malahat--Langford/Cowichan--Malahat--Langford"," 94A","Duncan",57,1,26,45,70,0,199,359
59010,"Cowichan--Malahat--Langford/Cowichan--Malahat--Langford"," 94B","Mobile poll/Bureau itinérant",5,0,3,9,5,0,22,20
59010,"Cowichan--Malahat--Langford/Cowichan--Malahat--Langford"," 95","Duncan",64,1,30,55,80,0,230,363
59010,"Cowichan--Malahat--Langford/Cowichan--Malahat--Langford"," 96","Cowichan 1",32,0,15,28,59,2,136,250
59010,"Cowichan--Malahat--Langford/Cowichan--Malahat--Langford"," 97","Cowichan Bay",32,0,37,46,85,0,200,323
59010,"Cowichan--Malahat--Langford/Cowichan--Malahat--Langford"," 98A","Cowichan Bay",23,1,35,57,67,0,183,314
59010,"Cowichan--Malahat--Langford/Cowichan--Malahat--Langford"," 98B","Cowichan Bay",26,0,38,46,71,1,182,305
59010,"Cowichan--Malahat--Langford/Cowichan--Malahat--Langford"," 99","Cowichan Bay",62,1,38,50,91,1,243,397
59010,"Cowichan--Malahat--Langford/Cowichan--Malahat--Langford"," 100","Cowichan Bay",57,0,32,60,90,1,240,454
59010,"Cowichan--Malahat--Langford/Cowichan--Malahat--Langford"," 101","Cobble Hill",49,0,43,51,72,0,215,428
59010,"Cowichan--Malahat--Langford/Cowichan--Malahat--Langford"," 102","Cowichan Bay",67,4,40,71,96,1,279,479
59010,"Cowichan--Malahat--Langford/Cowichan--Malahat--Langford"," 103","Cowichan Bay",50,1,26,60,57,0,194,373
59010,"Cowichan--Malahat--Langford/Cowichan--Malahat--Langford"," 104","Cowichan Station",56,1,35,31,86,0,209,377
59010,"Cowichan--Malahat--Langford/Cowichan--Malahat--Langford"," 105","Cowichan Station",43,2,44,67,125,0,281,461
59010,"Cowichan--Malahat--Langford/Cowichan--Malahat--Langford"," 106","Cowichan Station",61,1,62,60,108,1,293,528
59010,"Cowichan--Malahat--Langford/Cowichan--Malahat--Langford"," 107","Shawnigan Lake",17,0,30,13,46,0,106,177
59010,"Cowichan--Malahat--Langford/Cowichan--Malahat--Langford"," 108","Shawnigan Lake",46,0,41,38,67,0,192,404
59010,"Cowichan--Malahat--Langford/Cowichan--Malahat--Langford"," 109","Shawnigan Lake",41,0,36,56,47,0,180,375
59010,"Cowichan--Malahat--Langford/Cowichan--Malahat--Langford"," 110","Mill Bay",34,0,28,26,41,0,129,276
59010,"Cowichan--Malahat--Langford/Cowichan--Malahat--Langford"," 111","Shawnigan Lake",22,0,54,70,87,1,234,428
59010,"Cowichan--Malahat--Langford/Cowichan--Malahat--Langford"," 112","Shawnigan Lake",21,1,30,58,64,0,174,334
59010,"Cowichan--Malahat--Langford/Cowichan--Malahat--Langford"," 113","Shawnigan Lake",32,1,47,56,52,0,188,388
59010,"Cowichan--Malahat--Langford/Cowichan--Malahat--Langford"," 114","Sooke",20,2,40,49,51,0,162,313
59010,"Cowichan--Malahat--Langford/Cowichan--Malahat--Langford"," 115","Cliffside",39,0,46,43,51,0,179,312
59010,"Cowichan--Malahat--Langford/Cowichan--Malahat--Langford"," 116","Shawnigan Lake",33,1,24,44,36,0,138,257
59010,"Cowichan--Malahat--Langford/Cowichan--Malahat--Langford"," 117","Shawnigan",16,2,29,43,52,1,143,292
59010,"Cowichan--Malahat--Langford/Cowichan--Malahat--Langford"," 118","Mill Bay",43,0,29,42,36,0,150,295
59010,"Cowichan--Malahat--Langford/Cowichan--Malahat--Langford"," 119","Cliffside",35,1,58,48,54,0,196,371
59010,"Cowichan--Malahat--Langford/Cowichan--Malahat--Langford"," 120","Shawnigan Lake",18,0,43,54,46,0,161,327
59010,"Cowichan--Malahat--Langford/Cowichan--Malahat--Langford"," 121","Shawnigan",34,2,61,59,63,0,219,444
59010,"Cowichan--Malahat--Langford/Cowichan--Malahat--Langford"," 122","Shawnigan Lake",37,1,41,57,60,0,196,458
59010,"Cowichan--Malahat--Langford/Cowichan--Malahat--Langford"," 123","Cobble Hill",43,1,31,45,73,1,194,331
59010,"Cowichan--Malahat--Langford/Cowichan--Malahat--Langford"," 124","Hatch Point 12",26,2,38,51,65,1,183,374
59010,"Cowichan--Malahat--Langford/Cowichan--Malahat--Langford"," 125","Hatch Point 12",42,0,20,45,50,0,157,332
59010,"Cowichan--Malahat--Langford/Cowichan--Malahat--Langford"," 126","Hatch Point 12",48,1,25,47,59,0,180,334
59010,"Cowichan--Malahat--Langford/Cowichan--Malahat--Langford"," 127","Cobble Hill",51,0,46,59,67,1,224,420
59010,"Cowichan--Malahat--Langford/Cowichan--Malahat--Langford"," 128","Cobble Hill",60,2,46,54,76,1,239,413
59010,"Cowichan--Malahat--Langford/Cowichan--Malahat--Langford"," 129","Cobble Hill",33,1,40,31,60,0,165,307
59010,"Cowichan--Malahat--Langford/Cowichan--Malahat--Langford"," 130","Mill Bay",43,0,35,44,41,0,163,304
59010,"Cowichan--Malahat--Langford/Cowichan--Malahat--Langford"," 131","Cobble Hill",56,1,36,58,62,0,213,401
59010,"Cowichan--Malahat--Langford/Cowichan--Malahat--Langford"," 132","Hatch Point 12",79,0,21,31,27,0,158,260
59010,"Cowichan--Malahat--Langford/Cowichan--Malahat--Langford"," 133","Hatch Point 12",105,2,22,47,30,0,206,321
59010,"Cowichan--Malahat--Langford/Cowichan--Malahat--Langford"," 134","Hatch Point 12",150,2,35,65,49,0,301,470
59010,"Cowichan--Malahat--Langford/Cowichan--Malahat--Langford"," 135","Cobble Hill",38,0,47,46,59,0,190,404
59010,"Cowichan--Malahat--Langford/Cowichan--Malahat--Langford"," 136","Cobble Hill",64,1,53,58,48,0,224,391
59010,"Cowichan--Malahat--Langford/Cowichan--Malahat--Langford"," 137","Mill Bay",60,0,44,64,60,0,228,508
59010,"Cowichan--Malahat--Langford/Cowichan--Malahat--Langford"," 138","Mill Bay",53,1,23,49,38,0,164,327
59010,"Cowichan--Malahat--Langford/Cowichan--Malahat--Langford"," 139","Mill Bay",19,0,20,16,24,0,79,216
59010,"Cowichan--Malahat--Langford/Cowichan--Malahat--Langford"," 140","Hatch Point 12",36,1,25,22,51,0,135,268
59010,"Cowichan--Malahat--Langford/Cowichan--Malahat--Langford"," 141","Mill Bay",59,54,47,56,52,1,269,435
59010,"Cowichan--Malahat--Langford/Cowichan--Malahat--Langford"," 142","Mill Bay",53,0,37,47,59,0,196,343
59010,"Cowichan--Malahat--Langford/Cowichan--Malahat--Langford"," 143","Mill Bay",97,0,47,73,47,0,264,463
59010,"Cowichan--Malahat--Langford/Cowichan--Malahat--Langford"," 144","Mill Bay",42,0,16,59,30,0,147,283
59010,"Cowichan--Malahat--Langford/Cowichan--Malahat--Langford"," 145","Malahat",31,1,60,54,65,0,211,470
59010,"Cowichan--Malahat--Langford/Cowichan--Malahat--Langford"," 146","Langford",65,0,48,73,88,1,275,499
59010,"Cowichan--Malahat--Langford/Cowichan--Malahat--Langford"," 147","Langford",44,0,42,61,78,0,225,473
59010,"Cowichan--Malahat--Langford/Cowichan--Malahat--Langford"," 148","Millstream",45,1,51,63,59,0,219,451
59010,"Cowichan--Malahat--Langford/Cowichan--Malahat--Langford"," 149","Langford",37,0,41,48,59,1,186,396
59010,"Cowichan--Malahat--Langford/Cowichan--Malahat--Langford"," 150","Sooke 1",73,0,23,74,43,0,213,448
59010,"Cowichan--Malahat--Langford/Cowichan--Malahat--Langford"," 151","Sooke 1",72,0,27,88,42,0,229,464
59010,"Cowichan--Malahat--Langford/Cowichan--Malahat--Langford"," 152","Sooke 1",99,1,34,105,48,1,288,517
59010,"Cowichan--Malahat--Langford/Cowichan--Malahat--Langford"," 153","Langford",64,0,26,80,64,0,234,472
59010,"Cowichan--Malahat--Langford/Cowichan--Malahat--Langford"," 154","Sooke 1",68,0,21,92,65,0,246,426
59010,"Cowichan--Malahat--Langford/Cowichan--Malahat--Langford"," 155","Langford",38,0,39,76,60,0,213,410
59010,"Cowichan--Malahat--Langford/Cowichan--Malahat--Langford"," 156","Langford",50,0,57,90,95,1,293,465
59010,"Cowichan--Malahat--Langford/Cowichan--Malahat--Langford"," 157","Langford",56,2,55,93,87,0,293,517
59010,"Cowichan--Malahat--Langford/Cowichan--Malahat--Langford"," 158","Langford",27,1,77,79,58,2,244,431
59010,"Cowichan--Malahat--Langford/Cowichan--Malahat--Langford"," 159","Langford",37,0,55,78,81,0,251,439
59010,"Cowichan--Malahat--Langford/Cowichan--Malahat--Langford"," 160","Langford",38,4,27,93,67,0,229,447
59010,"Cowichan--Malahat--Langford/Cowichan--Malahat--Langford"," 161","Langford",54,2,37,95,80,0,268,495
59010,"Cowichan--Malahat--Langford/Cowichan--Malahat--Langford"," 162","Langford",54,1,48,63,85,0,251,486
59010,"Cowichan--Malahat--Langford/Cowichan--Malahat--Langford"," 163A","Langford",34,1,32,68,55,0,190,335
59010,"Cowichan--Malahat--Langford/Cowichan--Malahat--Langford"," 163B","Langford",48,0,30,68,42,0,188,302
59010,"Cowichan--Malahat--Langford/Cowichan--Malahat--Langford"," 164","Langford",25,0,48,44,65,1,183,288
59010,"Cowichan--Malahat--Langford/Cowichan--Malahat--Langford"," 165","Langford",47,0,44,60,117,1,269,434
59010,"Cowichan--Malahat--Langford/Cowichan--Malahat--Langford"," 166","Langford",61,2,59,85,96,0,303,410
59010,"Cowichan--Malahat--Langford/Cowichan--Malahat--Langford"," 167","Langford",60,0,47,79,94,0,280,480
59010,"Cowichan--Malahat--Langford/Cowichan--Malahat--Langford"," 168","Langford",27,2,33,40,52,0,154,289
59010,"Cowichan--Malahat--Langford/Cowichan--Malahat--Langford"," 169","Langford",50,1,42,49,96,0,238,451
59010,"Cowichan--Malahat--Langford/Cowichan--Malahat--Langford"," 170","Langford",34,2,58,64,80,0,238,433
59010,"Cowichan--Malahat--Langford/Cowichan--Malahat--Langford"," 171","Langford",23,0,43,63,57,0,186,398
59010,"Cowichan--Malahat--Langford/Cowichan--Malahat--Langford"," 172","Langford",43,1,32,66,64,0,206,396
59010,"Cowichan--Malahat--Langford/Cowichan--Malahat--Langford"," 173","Langford",31,0,28,69,92,0,220,427
59010,"Cowichan--Malahat--Langford/Cowichan--Malahat--Langford"," 174","Langford",40,1,47,88,77,0,253,433
59010,"Cowichan--Malahat--Langford/Cowichan--Malahat--Langford"," 175","Langford",25,0,55,59,83,2,224,473
59010,"Cowichan--Malahat--Langford/Cowichan--Malahat--Langford"," 176","Langford",41,0,54,79,88,1,263,531
59010,"Cowichan--Malahat--Langford/Cowichan--Malahat--Langford"," 177","Langford",50,1,42,78,91,0,262,514
59010,"Cowichan--Malahat--Langford/Cowichan--Malahat--Langford"," 178","Langford",38,1,64,66,70,0,239,456
59010,"Cowichan--Malahat--Langford/Cowichan--Malahat--Langford"," 179","Langford",49,1,46,75,78,0,249,493
59010,"Cowichan--Malahat--Langford/Cowichan--Malahat--Langford"," 180","Langford",59,0,38,72,66,0,235,462
59010,"Cowichan--Malahat--Langford/Cowichan--Malahat--Langford"," 181","Langford",24,1,50,75,81,0,231,520
59010,"Cowichan--Malahat--Langford/Cowichan--Malahat--Langford"," 182","Langford",25,1,49,67,61,2,205,454
59010,"Cowichan--Malahat--Langford/Cowichan--Malahat--Langford"," 183","Langford",30,1,55,87,106,1,280,602
59010,"Cowichan--Malahat--Langford/Cowichan--Malahat--Langford"," 184","Langford",30,0,28,61,62,0,181,403
59010,"Cowichan--Malahat--Langford/Cowichan--Malahat--Langford"," 185","Langford",58,1,32,67,67,1,226,377
59010,"Cowichan--Malahat--Langford/Cowichan--Malahat--Langford"," 186","Langford",51,0,58,77,79,1,266,498
59010,"Cowichan--Malahat--Langford/Cowichan--Malahat--Langford"," 187A","Langford",28,2,44,64,55,0,193,350
59010,"Cowichan--Malahat--Langford/Cowichan--Malahat--Langford"," 187B","Langford",44,1,18,70,51,1,185,368
59010,"Cowichan--Malahat--Langford/Cowichan--Malahat--Langford"," 188","Langford",36,3,32,72,70,0,213,502
59010,"Cowichan--Malahat--Langford/Cowichan--Malahat--Langford"," 189","Langford",39,0,25,57,61,0,182,357
59010,"Cowichan--Malahat--Langford/Cowichan--Malahat--Langford"," 190","Langford",31,0,45,75,78,0,229,396
59010,"Cowichan--Malahat--Langford/Cowichan--Malahat--Langford"," 191","Langford",63,1,53,89,68,0,274,528
59010,"Cowichan--Malahat--Langford/Cowichan--Malahat--Langford"," 192","Langford",56,1,40,82,62,0,241,437
59010,"Cowichan--Malahat--Langford/Cowichan--Malahat--Langford"," 193","Langford",47,2,40,57,102,1,249,403
59010,"Cowichan--Malahat--Langford/Cowichan--Malahat--Langford"," 194","Langford",30,0,26,52,57,0,165,293
59010,"Cowichan--Malahat--Langford/Cowichan--Malahat--Langford"," 195","Langford",38,3,30,70,92,1,234,445
59010,"Cowichan--Malahat--Langford/Cowichan--Malahat--Langford"," 196","Langford",56,0,44,74,85,1,260,478
59010,"Cowichan--Malahat--Langford/Cowichan--Malahat--Langford"," 197A","Langford",32,0,36,59,60,0,187,358
59010,"Cowichan--Malahat--Langford/Cowichan--Malahat--Langford"," 197B","Langford",25,1,25,52,55,0,158,370
59010,"Cowichan--Malahat--Langford/Cowichan--Malahat--Langford"," 198","Langford",64,1,57,116,104,0,342,607
59010,"Cowichan--Malahat--Langford/Cowichan--Malahat--Langford"," 199","Langford",64,1,56,112,105,0,338,613
59010,"Cowichan--Malahat--Langford/Cowichan--Malahat--Langford"," 200","Langford",41,1,40,55,87,0,224,441
59010,"Cowichan--Malahat--Langford/Cowichan--Malahat--Langford"," 201","Langford",43,1,46,77,64,0,231,414
59010,"Cowichan--Malahat--Langford/Cowichan--Malahat--Langford"," 202","Langford",51,0,45,93,86,0,275,520
59010,"Cowichan--Malahat--Langford/Cowichan--Malahat--Langford"," 203","Port Renfrew",17,1,44,20,67,1,150,245
59010,"Cowichan--Malahat--Langford/Cowichan--Malahat--Langford"," 500A","Mobile poll/Bureau itinérant",16,3,4,14,20,0,57,127
59010,"Cowichan--Malahat--Langford/Cowichan--Malahat--Langford"," 500B","Mobile poll/Bureau itinérant",12,3,7,12,14,0,48,34
59010,"Cowichan--Malahat--Langford/Cowichan--Malahat--Langford"," 500C","Mobile poll/Bureau itinérant",Merged with No./Fusionné avec le n°500B,,,,,,,39
59010,"Cowichan--Malahat--Langford/Cowichan--Malahat--Langford"," 501","Mobile poll/Bureau itinérant",15,1,7,17,19,1,60,92
59010,"Cowichan--Malahat--Langford/Cowichan--Malahat--Langford"," 600","Cowichen Valley",184,6,142,146,340,2,820,
59010,"Cowichan--Malahat--Langford/Cowichan--Malahat--Langford"," 601","North Cowichan",149,2,81,85,256,0,573,
59010,"Cowichan--Malahat--Langford/Cowichan--Malahat--Langford"," 602","Cowichen Valley",299,6,177,172,389,1,1044,
59010,"Cowichan--Malahat--Langford/Cowichan--Malahat--Langford"," 603","Somenos",246,9,160,194,531,4,1144,
59010,"Cowichan--Malahat--Langford/Cowichan--Malahat--Langford"," 604","Cowichan 1",423,4,161,172,453,2,1215,
59010,"Cowichan--Malahat--Langford/Cowichan--Malahat--Langford"," 605","Cowichan Valley",124,3,76,95,212,0,510,
59010,"Cowichan--Malahat--Langford/Cowichan--Malahat--Langford"," 606","Cowichan 1",232,4,177,178,455,4,1050,
59010,"Cowichan--Malahat--Langford/Cowichan--Malahat--Langford"," 607","Cowichan 1",105,3,65,82,216,0,471,
59010,"Cowichan--Malahat--Langford/Cowichan--Malahat--Langford"," 608","Cowichan Valley",233,2,179,184,400,1,999,
59010,"Cowichan--Malahat--Langford/Cowichan--Malahat--Langford"," 609","Hatch Point 12",256,5,104,107,243,2,717,
59010,"Cowichan--Malahat--Langford/Cowichan--Malahat--Langford"," 610","Hatch Point 12",251,4,159,135,260,0,809,
59010,"Cowichan--Malahat--Langford/Cowichan--Malahat--Langford"," 611","Cowichan 1",200,1,205,214,402,0,1022,
59010,"Cowichan--Malahat--Langford/Cowichan--Malahat--Langford"," 612","Langford",245,5,167,296,404,1,1118,
59010,"Cowichan--Malahat--Langford/Cowichan--Malahat--Langford"," 613","Langford",247,2,207,274,449,1,1180,
59010,"Cowichan--Malahat--Langford/Cowichan--Malahat--Langford"," 614","Langford",220,5,132,264,373,3,997,
59010,"Cowichan--Malahat--Langford/Cowichan--Malahat--Langford"," 615","Langford",292,4,223,269,463,1,1252,
59010,"Cowichan--Malahat--Langford/Cowichan--Malahat--Langford",,"Group 1/Groupe 1",117,1,36,104,73,10,341,112
59010,"Cowichan--Malahat--Langford/Cowichan--Malahat--Langford",,"Group 2/Groupe 2",686,8,426,326,1048,110,2604,
