﻿Electoral District Number/Numéro de circonscription,Electoral District Name/Nom de circonscription,Polling Station Number/Numéro du bureau de scrutin,Polling Station Name/Nom du bureau de scrutin,Tariq Chaudary,Brian Fleck,Matt Jeneroux,Valerie Kennedy,Steven Lack,Rejected Ballots/Bulletins rejetés,Total Votes/Total des votes,Electors/Électeurs
48018,"Edmonton Riverbend/Edmonton Riverbend"," 1","Edmonton",114,49,102,9,2,1,277,459
48018,"Edmonton Riverbend/Edmonton Riverbend"," 2","Edmonton",69,65,119,3,0,1,257,419
48018,"Edmonton Riverbend/Edmonton Riverbend"," 3","Edmonton",74,43,78,4,1,0,200,396
48018,"Edmonton Riverbend/Edmonton Riverbend"," 4","Edmonton",60,30,90,9,1,0,190,403
48018,"Edmonton Riverbend/Edmonton Riverbend"," 5","Edmonton",61,37,109,4,2,0,213,373
48018,"Edmonton Riverbend/Edmonton Riverbend"," 6","Edmonton",76,46,93,3,7,0,225,412
48018,"Edmonton Riverbend/Edmonton Riverbend"," 7","Edmonton",71,32,135,7,1,2,248,371
48018,"Edmonton Riverbend/Edmonton Riverbend"," 8","Edmonton",56,59,108,3,2,0,228,361
48018,"Edmonton Riverbend/Edmonton Riverbend"," 9","Edmonton",50,35,113,5,7,0,210,345
48018,"Edmonton Riverbend/Edmonton Riverbend"," 10","Edmonton",74,60,64,6,2,0,206,433
48018,"Edmonton Riverbend/Edmonton Riverbend"," 11","Edmonton",44,20,70,7,2,1,144,355
48018,"Edmonton Riverbend/Edmonton Riverbend"," 12","Edmonton",58,54,94,8,3,0,217,446
48018,"Edmonton Riverbend/Edmonton Riverbend"," 13","Edmonton",63,47,114,7,1,1,233,433
48018,"Edmonton Riverbend/Edmonton Riverbend"," 14","Edmonton",57,57,118,9,1,0,242,441
48018,"Edmonton Riverbend/Edmonton Riverbend"," 15","Edmonton",85,46,102,7,3,0,243,463
48018,"Edmonton Riverbend/Edmonton Riverbend"," 16","Edmonton",75,17,182,5,1,0,280,533
48018,"Edmonton Riverbend/Edmonton Riverbend"," 17","Edmonton",68,27,127,1,1,0,224,383
48018,"Edmonton Riverbend/Edmonton Riverbend"," 18","Edmonton",77,38,108,3,1,0,227,370
48018,"Edmonton Riverbend/Edmonton Riverbend"," 19","Edmonton",62,14,113,6,0,0,195,416
48018,"Edmonton Riverbend/Edmonton Riverbend"," 20","Edmonton",75,21,131,6,0,0,233,442
48018,"Edmonton Riverbend/Edmonton Riverbend"," 21","Edmonton",59,20,138,7,2,1,227,439
48018,"Edmonton Riverbend/Edmonton Riverbend"," 22","Edmonton",67,41,123,7,4,2,244,435
48018,"Edmonton Riverbend/Edmonton Riverbend"," 23","Edmonton",59,31,135,3,1,0,229,421
48018,"Edmonton Riverbend/Edmonton Riverbend"," 24","Edmonton",89,40,141,12,6,5,293,559
48018,"Edmonton Riverbend/Edmonton Riverbend"," 25","Edmonton",82,22,104,4,0,0,212,409
48018,"Edmonton Riverbend/Edmonton Riverbend"," 26","Edmonton",76,29,122,8,1,0,236,452
48018,"Edmonton Riverbend/Edmonton Riverbend"," 27","Edmonton",63,34,124,7,1,0,229,440
48018,"Edmonton Riverbend/Edmonton Riverbend"," 28","Edmonton",68,23,128,2,1,0,222,474
48018,"Edmonton Riverbend/Edmonton Riverbend"," 29","Edmonton",53,35,126,4,2,0,220,404
48018,"Edmonton Riverbend/Edmonton Riverbend"," 30","Edmonton",64,25,124,5,4,1,223,387
48018,"Edmonton Riverbend/Edmonton Riverbend"," 31","Edmonton",75,33,172,6,3,0,289,501
48018,"Edmonton Riverbend/Edmonton Riverbend"," 32","Edmonton",83,47,178,4,7,2,321,549
48018,"Edmonton Riverbend/Edmonton Riverbend"," 33","Edmonton",71,32,96,3,0,0,202,366
48018,"Edmonton Riverbend/Edmonton Riverbend"," 34","Edmonton",85,58,111,10,0,1,265,440
48018,"Edmonton Riverbend/Edmonton Riverbend"," 35","Edmonton",68,78,147,17,2,0,312,452
48018,"Edmonton Riverbend/Edmonton Riverbend"," 36","Edmonton",78,66,138,12,3,2,299,440
48018,"Edmonton Riverbend/Edmonton Riverbend"," 37","Edmonton",66,44,162,6,0,0,278,429
48018,"Edmonton Riverbend/Edmonton Riverbend"," 38","Edmonton",73,26,130,7,0,1,237,386
48018,"Edmonton Riverbend/Edmonton Riverbend"," 39","Edmonton",62,68,134,7,2,1,274,473
48018,"Edmonton Riverbend/Edmonton Riverbend"," 40","Edmonton",88,68,49,4,1,0,210,467
48018,"Edmonton Riverbend/Edmonton Riverbend"," 41","Edmonton",68,59,87,7,4,0,225,387
48018,"Edmonton Riverbend/Edmonton Riverbend"," 42","Edmonton",93,65,113,5,1,2,279,429
48018,"Edmonton Riverbend/Edmonton Riverbend"," 43","Edmonton",74,82,99,4,3,0,262,465
48018,"Edmonton Riverbend/Edmonton Riverbend"," 44","Edmonton",87,53,82,12,3,0,237,411
48018,"Edmonton Riverbend/Edmonton Riverbend"," 45","Edmonton",52,60,106,4,2,0,224,360
48018,"Edmonton Riverbend/Edmonton Riverbend"," 46","Edmonton",56,77,156,3,1,1,294,436
48018,"Edmonton Riverbend/Edmonton Riverbend"," 47","Edmonton",53,83,120,3,4,0,263,431
48018,"Edmonton Riverbend/Edmonton Riverbend"," 48","Edmonton",92,78,134,12,0,1,317,483
48018,"Edmonton Riverbend/Edmonton Riverbend"," 49","Edmonton",86,60,134,12,2,1,295,516
48018,"Edmonton Riverbend/Edmonton Riverbend"," 50","Edmonton",79,57,137,12,2,1,288,473
48018,"Edmonton Riverbend/Edmonton Riverbend"," 51","Edmonton",57,49,80,1,1,2,190,349
48018,"Edmonton Riverbend/Edmonton Riverbend"," 52","Edmonton",92,69,132,6,2,1,302,443
48018,"Edmonton Riverbend/Edmonton Riverbend"," 53","Edmonton",75,77,97,8,0,0,257,377
48018,"Edmonton Riverbend/Edmonton Riverbend"," 54","Edmonton",41,65,115,7,0,0,228,353
48018,"Edmonton Riverbend/Edmonton Riverbend"," 55","Edmonton",65,57,91,9,4,0,226,409
48018,"Edmonton Riverbend/Edmonton Riverbend"," 56","Edmonton",71,45,137,8,2,1,264,421
48018,"Edmonton Riverbend/Edmonton Riverbend"," 57","Edmonton",62,56,89,5,0,0,212,348
48018,"Edmonton Riverbend/Edmonton Riverbend"," 58","Edmonton",72,60,114,7,1,0,254,423
48018,"Edmonton Riverbend/Edmonton Riverbend"," 59","Edmonton",85,55,148,7,2,0,297,459
48018,"Edmonton Riverbend/Edmonton Riverbend"," 60","Edmonton",109,61,69,5,1,0,245,511
48018,"Edmonton Riverbend/Edmonton Riverbend"," 61","Edmonton",83,42,135,2,0,1,263,443
48018,"Edmonton Riverbend/Edmonton Riverbend"," 62","Edmonton",114,72,93,12,3,0,294,490
48018,"Edmonton Riverbend/Edmonton Riverbend"," 63","Edmonton",51,50,98,0,2,1,202,353
48018,"Edmonton Riverbend/Edmonton Riverbend"," 64","Edmonton",58,42,111,6,0,0,217,345
48018,"Edmonton Riverbend/Edmonton Riverbend"," 65","Edmonton",93,57,134,7,2,0,293,461
48018,"Edmonton Riverbend/Edmonton Riverbend"," 66","Edmonton",100,49,115,4,4,1,273,473
48018,"Edmonton Riverbend/Edmonton Riverbend"," 67","Edmonton",82,54,63,13,1,1,214,431
48018,"Edmonton Riverbend/Edmonton Riverbend"," 68","Edmonton",87,43,126,8,3,0,267,414
48018,"Edmonton Riverbend/Edmonton Riverbend"," 69","Edmonton",64,43,109,10,1,0,227,421
48018,"Edmonton Riverbend/Edmonton Riverbend"," 70A","Edmonton",78,39,92,6,1,0,216,392
48018,"Edmonton Riverbend/Edmonton Riverbend"," 70B","Mobile poll/Bureau itinérant",Merged with No./Fusionné avec le n°503A,,,,,,,49
48018,"Edmonton Riverbend/Edmonton Riverbend"," 71","Edmonton",79,50,136,8,1,1,275,473
48018,"Edmonton Riverbend/Edmonton Riverbend"," 72","Edmonton",66,41,164,7,2,0,280,594
48018,"Edmonton Riverbend/Edmonton Riverbend"," 73","Edmonton",110,58,134,9,1,0,312,541
48018,"Edmonton Riverbend/Edmonton Riverbend"," 74","Edmonton",69,26,78,2,3,1,179,413
48018,"Edmonton Riverbend/Edmonton Riverbend"," 75","Edmonton",73,29,101,1,1,2,207,398
48018,"Edmonton Riverbend/Edmonton Riverbend"," 76","Edmonton",63,24,130,3,1,0,221,402
48018,"Edmonton Riverbend/Edmonton Riverbend"," 77","Edmonton",80,26,78,3,1,0,188,419
48018,"Edmonton Riverbend/Edmonton Riverbend"," 78","Edmonton",77,36,102,4,2,0,221,472
48018,"Edmonton Riverbend/Edmonton Riverbend"," 79","Edmonton",82,24,115,1,0,1,223,439
48018,"Edmonton Riverbend/Edmonton Riverbend"," 80","Edmonton",60,15,131,1,0,0,207,430
48018,"Edmonton Riverbend/Edmonton Riverbend"," 81","Edmonton",102,30,163,3,1,1,300,501
48018,"Edmonton Riverbend/Edmonton Riverbend"," 82","Edmonton",54,30,137,7,1,1,230,470
48018,"Edmonton Riverbend/Edmonton Riverbend"," 83","Edmonton",53,27,152,4,2,1,239,427
48018,"Edmonton Riverbend/Edmonton Riverbend"," 84","Edmonton",50,8,116,4,0,0,178,403
48018,"Edmonton Riverbend/Edmonton Riverbend"," 85","Edmonton",51,25,122,11,1,0,210,370
48018,"Edmonton Riverbend/Edmonton Riverbend"," 86","Edmonton",68,53,88,5,2,2,218,417
48018,"Edmonton Riverbend/Edmonton Riverbend"," 87","Edmonton",81,50,134,7,0,1,273,467
48018,"Edmonton Riverbend/Edmonton Riverbend"," 88","Edmonton",42,36,84,3,0,0,165,338
48018,"Edmonton Riverbend/Edmonton Riverbend"," 89","Edmonton",62,34,102,6,3,1,208,344
48018,"Edmonton Riverbend/Edmonton Riverbend"," 90","Edmonton",66,46,100,4,2,0,218,430
48018,"Edmonton Riverbend/Edmonton Riverbend"," 91","Edmonton",85,54,97,9,2,0,247,444
48018,"Edmonton Riverbend/Edmonton Riverbend"," 92","Edmonton",68,39,95,10,2,1,215,426
48018,"Edmonton Riverbend/Edmonton Riverbend"," 93","Edmonton",74,27,82,1,0,0,184,356
48018,"Edmonton Riverbend/Edmonton Riverbend"," 94","Edmonton",55,14,115,4,0,0,188,356
48018,"Edmonton Riverbend/Edmonton Riverbend"," 95","Edmonton",52,22,107,8,1,1,191,361
48018,"Edmonton Riverbend/Edmonton Riverbend"," 96","Edmonton",66,24,104,1,6,0,201,374
48018,"Edmonton Riverbend/Edmonton Riverbend"," 97","Edmonton",93,10,145,2,0,1,251,532
48018,"Edmonton Riverbend/Edmonton Riverbend"," 98","Edmonton",67,46,85,4,0,1,203,397
48018,"Edmonton Riverbend/Edmonton Riverbend"," 99","Edmonton",78,30,104,6,2,1,221,416
48018,"Edmonton Riverbend/Edmonton Riverbend"," 100","Edmonton",97,36,162,7,1,0,303,620
48018,"Edmonton Riverbend/Edmonton Riverbend"," 101A","Edmonton",110,19,173,5,1,0,308,686
48018,"Edmonton Riverbend/Edmonton Riverbend"," 101B","Edmonton",99,20,227,0,3,1,350,748
48018,"Edmonton Riverbend/Edmonton Riverbend"," 102A","Edmonton",53,21,146,2,0,1,223,514
48018,"Edmonton Riverbend/Edmonton Riverbend"," 102B","Edmonton",82,15,149,2,2,2,252,517
48018,"Edmonton Riverbend/Edmonton Riverbend"," 103","Edmonton",102,42,180,1,1,0,326,686
48018,"Edmonton Riverbend/Edmonton Riverbend"," 104A","Edmonton",54,21,95,2,2,0,174,366
48018,"Edmonton Riverbend/Edmonton Riverbend"," 104B","Edmonton",48,21,73,2,0,0,144,319
48018,"Edmonton Riverbend/Edmonton Riverbend"," 105A","Edmonton",63,25,121,1,2,1,213,440
48018,"Edmonton Riverbend/Edmonton Riverbend"," 105B","Edmonton",70,13,97,1,0,0,181,387
48018,"Edmonton Riverbend/Edmonton Riverbend"," 106","Edmonton",69,25,127,5,3,2,231,485
48018,"Edmonton Riverbend/Edmonton Riverbend"," 107A","Edmonton",53,26,85,9,2,0,175,348
48018,"Edmonton Riverbend/Edmonton Riverbend"," 107B","Edmonton",56,19,84,4,0,1,164,361
48018,"Edmonton Riverbend/Edmonton Riverbend"," 108","Edmonton",76,25,108,9,1,1,220,503
48018,"Edmonton Riverbend/Edmonton Riverbend"," 109","Edmonton",93,25,119,0,3,0,240,573
48018,"Edmonton Riverbend/Edmonton Riverbend"," 110","Edmonton",50,29,112,0,0,0,191,400
48018,"Edmonton Riverbend/Edmonton Riverbend"," 111","Edmonton",89,45,155,4,4,2,299,590
48018,"Edmonton Riverbend/Edmonton Riverbend"," 112","Edmonton",104,37,92,0,3,0,236,499
48018,"Edmonton Riverbend/Edmonton Riverbend"," 113","Edmonton",66,11,122,2,1,0,202,462
48018,"Edmonton Riverbend/Edmonton Riverbend"," 114","Edmonton",68,15,105,1,1,0,190,460
48018,"Edmonton Riverbend/Edmonton Riverbend"," 115","Edmonton",57,11,164,3,1,1,237,496
48018,"Edmonton Riverbend/Edmonton Riverbend"," 116A","Edmonton",50,17,100,1,2,0,170,426
48018,"Edmonton Riverbend/Edmonton Riverbend"," 116B","Edmonton",55,11,109,1,0,0,176,393
48018,"Edmonton Riverbend/Edmonton Riverbend"," 117","Edmonton",80,23,169,4,2,0,278,647
48018,"Edmonton Riverbend/Edmonton Riverbend"," 118","Edmonton",92,23,128,3,2,2,250,567
48018,"Edmonton Riverbend/Edmonton Riverbend"," 119","Edmonton",65,33,95,3,0,0,196,363
48018,"Edmonton Riverbend/Edmonton Riverbend"," 120","Edmonton",60,25,95,13,0,0,193,324
48018,"Edmonton Riverbend/Edmonton Riverbend"," 121","Edmonton",69,34,85,12,3,0,203,390
48018,"Edmonton Riverbend/Edmonton Riverbend"," 122","Edmonton",74,62,111,10,5,1,263,459
48018,"Edmonton Riverbend/Edmonton Riverbend"," 123","Edmonton",57,39,84,5,2,0,187,375
48018,"Edmonton Riverbend/Edmonton Riverbend"," 124","Edmonton",115,32,77,2,5,0,231,416
48018,"Edmonton Riverbend/Edmonton Riverbend"," 125","Edmonton",71,52,83,2,2,0,210,431
48018,"Edmonton Riverbend/Edmonton Riverbend"," 126","Edmonton",73,31,55,3,2,3,167,289
48018,"Edmonton Riverbend/Edmonton Riverbend"," 127","Edmonton",80,36,106,6,2,0,230,351
48018,"Edmonton Riverbend/Edmonton Riverbend"," 128","Edmonton",80,43,88,4,3,0,218,368
48018,"Edmonton Riverbend/Edmonton Riverbend"," 129","Edmonton",41,18,62,3,1,0,125,262
48018,"Edmonton Riverbend/Edmonton Riverbend"," 130","Edmonton",97,64,127,5,2,0,295,571
48018,"Edmonton Riverbend/Edmonton Riverbend"," 131","Edmonton",78,27,132,4,1,1,243,485
48018,"Edmonton Riverbend/Edmonton Riverbend"," 132","Edmonton",91,62,159,7,4,3,326,611
48018,"Edmonton Riverbend/Edmonton Riverbend"," 133","Edmonton",55,37,67,4,2,1,166,354
48018,"Edmonton Riverbend/Edmonton Riverbend"," 134","Edmonton",57,35,58,8,3,0,161,394
48018,"Edmonton Riverbend/Edmonton Riverbend"," 135","Edmonton",67,48,114,4,0,1,234,409
48018,"Edmonton Riverbend/Edmonton Riverbend"," 136","Edmonton",33,37,144,1,2,0,217,346
48018,"Edmonton Riverbend/Edmonton Riverbend"," 137","Edmonton",73,63,105,14,1,2,258,445
48018,"Edmonton Riverbend/Edmonton Riverbend"," 138","Edmonton",77,70,108,11,1,0,267,429
48018,"Edmonton Riverbend/Edmonton Riverbend"," 139","Edmonton",72,37,116,6,0,0,231,415
48018,"Edmonton Riverbend/Edmonton Riverbend"," 140","Edmonton",86,46,110,8,3,1,254,455
48018,"Edmonton Riverbend/Edmonton Riverbend"," 141","Edmonton",81,35,120,4,3,0,243,391
48018,"Edmonton Riverbend/Edmonton Riverbend"," 142","Edmonton",79,52,149,7,2,0,289,478
48018,"Edmonton Riverbend/Edmonton Riverbend"," 143","Edmonton",89,43,159,14,0,0,305,547
48018,"Edmonton Riverbend/Edmonton Riverbend"," 144","Edmonton",75,45,140,6,1,1,268,451
48018,"Edmonton Riverbend/Edmonton Riverbend"," 145","Edmonton",59,20,159,2,0,2,242,411
48018,"Edmonton Riverbend/Edmonton Riverbend"," 146","Edmonton",90,30,149,3,1,0,273,455
48018,"Edmonton Riverbend/Edmonton Riverbend"," 147","Edmonton",92,40,146,2,1,0,281,493
48018,"Edmonton Riverbend/Edmonton Riverbend"," 148","Edmonton",79,32,137,6,0,2,256,434
48018,"Edmonton Riverbend/Edmonton Riverbend"," 149","Edmonton",103,32,154,8,3,0,300,506
48018,"Edmonton Riverbend/Edmonton Riverbend"," 150","Edmonton",72,31,144,6,1,0,254,460
48018,"Edmonton Riverbend/Edmonton Riverbend"," 151","Edmonton",84,41,123,3,0,0,251,451
48018,"Edmonton Riverbend/Edmonton Riverbend"," 152","Edmonton",80,25,143,3,1,0,252,421
48018,"Edmonton Riverbend/Edmonton Riverbend"," 153","Edmonton",93,30,127,1,0,1,252,458
48018,"Edmonton Riverbend/Edmonton Riverbend"," 154","Edmonton",90,33,115,4,2,0,244,429
48018,"Edmonton Riverbend/Edmonton Riverbend"," 155","Edmonton",69,36,134,8,3,0,250,432
48018,"Edmonton Riverbend/Edmonton Riverbend"," 156","Edmonton",75,32,98,1,1,2,209,452
48018,"Edmonton Riverbend/Edmonton Riverbend"," 157","Edmonton",87,30,114,3,4,3,241,436
48018,"Edmonton Riverbend/Edmonton Riverbend"," 158","Edmonton",64,33,96,3,0,1,197,407
48018,"Edmonton Riverbend/Edmonton Riverbend"," 159","Edmonton",126,56,102,4,3,2,293,532
48018,"Edmonton Riverbend/Edmonton Riverbend"," 160","Edmonton",92,21,136,2,2,4,257,466
48018,"Edmonton Riverbend/Edmonton Riverbend"," 161","Edmonton",85,40,124,7,3,0,259,530
48018,"Edmonton Riverbend/Edmonton Riverbend"," 162","Edmonton",77,27,112,2,2,1,221,491
48018,"Edmonton Riverbend/Edmonton Riverbend"," 163","Edmonton",64,35,179,4,4,1,287,498
48018,"Edmonton Riverbend/Edmonton Riverbend"," 164","Edmonton",74,32,141,6,0,0,253,455
48018,"Edmonton Riverbend/Edmonton Riverbend"," 165","Edmonton",85,27,137,7,1,0,257,459
48018,"Edmonton Riverbend/Edmonton Riverbend"," 166","Edmonton",67,26,120,2,0,2,217,410
48018,"Edmonton Riverbend/Edmonton Riverbend"," 167","Edmonton",110,42,108,2,2,6,270,451
48018,"Edmonton Riverbend/Edmonton Riverbend"," 168","Edmonton",99,50,124,13,2,2,290,584
48018,"Edmonton Riverbend/Edmonton Riverbend"," 169","Edmonton",63,42,99,12,3,0,219,442
48018,"Edmonton Riverbend/Edmonton Riverbend"," 170","Edmonton",71,28,111,2,0,1,213,384
48018,"Edmonton Riverbend/Edmonton Riverbend"," 171","Edmonton",49,42,105,2,2,1,201,408
48018,"Edmonton Riverbend/Edmonton Riverbend"," 172","Edmonton",47,32,106,1,5,1,192,336
48018,"Edmonton Riverbend/Edmonton Riverbend"," 173","Edmonton",98,46,97,2,0,1,244,464
48018,"Edmonton Riverbend/Edmonton Riverbend"," 174","Edmonton",84,24,86,5,0,0,199,400
48018,"Edmonton Riverbend/Edmonton Riverbend"," 175A","Edmonton",63,33,88,2,4,0,190,418
48018,"Edmonton Riverbend/Edmonton Riverbend"," 175B","Edmonton",76,37,86,7,1,0,207,437
48018,"Edmonton Riverbend/Edmonton Riverbend"," 176","Edmonton",36,16,83,1,1,0,137,301
48018,"Edmonton Riverbend/Edmonton Riverbend"," 177","Edmonton",56,29,94,2,0,1,182,400
48018,"Edmonton Riverbend/Edmonton Riverbend"," 400","Edmonton",39,7,63,3,0,0,112,224
48018,"Edmonton Riverbend/Edmonton Riverbend"," 401","Edmonton",30,6,26,2,1,0,65,191
48018,"Edmonton Riverbend/Edmonton Riverbend"," 402","Edmonton",28,10,80,3,0,1,122,183
48018,"Edmonton Riverbend/Edmonton Riverbend"," 500","Mobile poll/Bureau itinérant",61,36,135,20,2,7,261,314
48018,"Edmonton Riverbend/Edmonton Riverbend"," 501","Mobile poll/Bureau itinérant",54,23,136,11,4,1,229,139
48018,"Edmonton Riverbend/Edmonton Riverbend"," 502","Mobile poll/Bureau itinérant",Merged with No./Fusionné avec le n°501,,,,,,,187
48018,"Edmonton Riverbend/Edmonton Riverbend"," 503A","Mobile poll/Bureau itinérant",29,16,65,9,5,2,126,97
48018,"Edmonton Riverbend/Edmonton Riverbend"," 503B","Mobile poll/Bureau itinérant",26,15,29,4,1,0,75,66
48018,"Edmonton Riverbend/Edmonton Riverbend"," 503C","Mobile poll/Bureau itinérant",Merged with No./Fusionné avec le n°503B,,,,,,,25
48018,"Edmonton Riverbend/Edmonton Riverbend"," 600","Edmonton",247,243,457,27,4,1,979,
48018,"Edmonton Riverbend/Edmonton Riverbend"," 601","Edmonton",299,184,693,13,1,0,1190,
48018,"Edmonton Riverbend/Edmonton Riverbend"," 602","Edmonton",242,142,504,21,2,2,913,
48018,"Edmonton Riverbend/Edmonton Riverbend"," 603","Edmonton",176,214,329,15,7,0,741,
48018,"Edmonton Riverbend/Edmonton Riverbend"," 604","Edmonton",171,148,276,15,4,1,615,
48018,"Edmonton Riverbend/Edmonton Riverbend"," 605","Edmonton",176,146,245,15,7,0,589,
48018,"Edmonton Riverbend/Edmonton Riverbend"," 606","Edmonton",186,117,464,15,5,0,787,
48018,"Edmonton Riverbend/Edmonton Riverbend"," 607","Edmonton",386,182,851,13,7,3,1442,
48018,"Edmonton Riverbend/Edmonton Riverbend"," 608","Edmonton",322,143,463,16,3,1,948,
48018,"Edmonton Riverbend/Edmonton Riverbend"," 609","Edmonton",314,224,435,16,3,6,998,
48018,"Edmonton Riverbend/Edmonton Riverbend"," 610","Edmonton",414,227,969,24,7,3,1644,
48018,"Edmonton Riverbend/Edmonton Riverbend"," 611","Edmonton",220,118,434,16,4,2,794,
48018,"Edmonton Riverbend/Edmonton Riverbend",,"Group 1/Groupe 1",34,34,28,2,1,13,112,108
48018,"Edmonton Riverbend/Edmonton Riverbend",,"Group 2/Groupe 2",481,490,726,52,12,20,1781,
