﻿Electoral District Number/Numéro de circonscription,Electoral District Name/Nom de circonscription,Polling Station Number/Numéro du bureau de scrutin,Polling Station Name/Nom du bureau de scrutin,Bob Bratina,Diane Bubanko,Erin Davis,Wendell Fields,Bob Mann,Wayne Marston,Rejected Ballots/Bulletins rejetés,Total Votes/Total des votes,Electors/Électeurs
35036,"Hamilton East--Stoney Creek/Hamilton-Est--Stoney Creek"," 1","Hamilton ",103,61,14,0,2,69,0,249,422
35036,"Hamilton East--Stoney Creek/Hamilton-Est--Stoney Creek"," 2","Hamilton ",90,53,10,0,0,89,1,243,376
35036,"Hamilton East--Stoney Creek/Hamilton-Est--Stoney Creek"," 3","Hamilton ",58,27,3,0,0,47,1,136,279
35036,"Hamilton East--Stoney Creek/Hamilton-Est--Stoney Creek"," 4","Hamilton ",41,51,11,0,1,91,2,197,402
35036,"Hamilton East--Stoney Creek/Hamilton-Est--Stoney Creek"," 5","Hamilton ",50,42,7,0,1,75,1,176,393
35036,"Hamilton East--Stoney Creek/Hamilton-Est--Stoney Creek"," 6","Hamilton ",46,39,8,0,1,80,0,174,391
35036,"Hamilton East--Stoney Creek/Hamilton-Est--Stoney Creek"," 7","Hamilton ",48,51,7,0,1,100,1,208,405
35036,"Hamilton East--Stoney Creek/Hamilton-Est--Stoney Creek"," 8","Hamilton ",50,21,5,0,4,78,4,162,357
35036,"Hamilton East--Stoney Creek/Hamilton-Est--Stoney Creek"," 9","Hamilton ",33,35,4,0,0,46,0,118,397
35036,"Hamilton East--Stoney Creek/Hamilton-Est--Stoney Creek"," 10","Hamilton ",42,29,1,0,1,69,1,143,393
35036,"Hamilton East--Stoney Creek/Hamilton-Est--Stoney Creek"," 11","Hamilton ",44,35,9,0,0,77,0,165,393
35036,"Hamilton East--Stoney Creek/Hamilton-Est--Stoney Creek"," 12","Hamilton ",54,27,3,0,0,64,1,149,366
35036,"Hamilton East--Stoney Creek/Hamilton-Est--Stoney Creek"," 13","Hamilton ",47,38,9,0,0,75,3,172,419
35036,"Hamilton East--Stoney Creek/Hamilton-Est--Stoney Creek"," 14","Hamilton ",57,29,3,0,0,107,2,198,415
35036,"Hamilton East--Stoney Creek/Hamilton-Est--Stoney Creek"," 15","Hamilton ",69,31,2,0,1,97,2,202,450
35036,"Hamilton East--Stoney Creek/Hamilton-Est--Stoney Creek"," 16","Hamilton ",60,25,12,1,2,82,0,182,424
35036,"Hamilton East--Stoney Creek/Hamilton-Est--Stoney Creek"," 17","Hamilton ",60,40,13,1,0,99,0,213,481
35036,"Hamilton East--Stoney Creek/Hamilton-Est--Stoney Creek"," 18","Hamilton ",58,30,8,0,0,83,2,181,461
35036,"Hamilton East--Stoney Creek/Hamilton-Est--Stoney Creek"," 19","Hamilton ",57,42,4,0,2,109,0,214,442
35036,"Hamilton East--Stoney Creek/Hamilton-Est--Stoney Creek"," 20","Hamilton ",65,44,2,0,1,82,1,195,390
35036,"Hamilton East--Stoney Creek/Hamilton-Est--Stoney Creek"," 21","Hamilton ",69,45,7,1,0,78,1,201,389
35036,"Hamilton East--Stoney Creek/Hamilton-Est--Stoney Creek"," 22","Hamilton ",57,39,9,0,2,87,1,195,385
35036,"Hamilton East--Stoney Creek/Hamilton-Est--Stoney Creek"," 23","Hamilton ",67,27,11,0,0,81,1,187,342
35036,"Hamilton East--Stoney Creek/Hamilton-Est--Stoney Creek"," 24","Hamilton ",73,43,7,1,0,99,0,223,367
35036,"Hamilton East--Stoney Creek/Hamilton-Est--Stoney Creek"," 25","Hamilton ",63,39,4,0,0,70,3,179,371
35036,"Hamilton East--Stoney Creek/Hamilton-Est--Stoney Creek"," 26","Hamilton ",61,28,11,2,2,94,0,198,400
35036,"Hamilton East--Stoney Creek/Hamilton-Est--Stoney Creek"," 27","Hamilton ",66,46,10,0,3,94,1,220,435
35036,"Hamilton East--Stoney Creek/Hamilton-Est--Stoney Creek"," 28","Hamilton ",54,30,8,0,0,96,1,189,385
35036,"Hamilton East--Stoney Creek/Hamilton-Est--Stoney Creek"," 29","Hamilton ",64,37,6,1,0,96,0,204,428
35036,"Hamilton East--Stoney Creek/Hamilton-Est--Stoney Creek"," 30","Hamilton ",65,36,4,0,1,90,1,197,439
35036,"Hamilton East--Stoney Creek/Hamilton-Est--Stoney Creek"," 31","Hamilton ",49,45,3,0,2,88,0,187,450
35036,"Hamilton East--Stoney Creek/Hamilton-Est--Stoney Creek"," 32","Hamilton ",40,25,3,0,4,98,0,170,504
35036,"Hamilton East--Stoney Creek/Hamilton-Est--Stoney Creek"," 33","Hamilton ",43,25,4,0,0,72,1,145,510
35036,"Hamilton East--Stoney Creek/Hamilton-Est--Stoney Creek"," 34","Hamilton ",47,46,4,1,0,97,4,199,424
35036,"Hamilton East--Stoney Creek/Hamilton-Est--Stoney Creek"," 35","Hamilton ",70,37,5,0,1,77,2,192,465
35036,"Hamilton East--Stoney Creek/Hamilton-Est--Stoney Creek"," 36","Hamilton ",58,42,5,0,1,91,1,198,425
35036,"Hamilton East--Stoney Creek/Hamilton-Est--Stoney Creek"," 37","Hamilton ",51,42,10,0,2,65,2,172,385
35036,"Hamilton East--Stoney Creek/Hamilton-Est--Stoney Creek"," 38","Hamilton ",82,30,6,0,1,47,0,166,376
35036,"Hamilton East--Stoney Creek/Hamilton-Est--Stoney Creek"," 39","Hamilton ",78,18,9,0,1,56,0,162,454
35036,"Hamilton East--Stoney Creek/Hamilton-Est--Stoney Creek"," 40","Hamilton ",124,59,6,1,0,85,2,277,452
35036,"Hamilton East--Stoney Creek/Hamilton-Est--Stoney Creek"," 41","Hamilton ",43,17,3,0,2,52,0,117,307
35036,"Hamilton East--Stoney Creek/Hamilton-Est--Stoney Creek"," 42","Hamilton ",148,47,3,0,0,38,0,236,446
35036,"Hamilton East--Stoney Creek/Hamilton-Est--Stoney Creek"," 43","Hamilton ",77,49,3,0,0,71,0,200,470
35036,"Hamilton East--Stoney Creek/Hamilton-Est--Stoney Creek"," 44","Hamilton ",79,49,7,0,1,81,4,221,415
35036,"Hamilton East--Stoney Creek/Hamilton-Est--Stoney Creek"," 45","Hamilton ",119,54,11,0,1,55,2,242,401
35036,"Hamilton East--Stoney Creek/Hamilton-Est--Stoney Creek"," 46","Hamilton ",162,32,2,0,2,49,2,249,429
35036,"Hamilton East--Stoney Creek/Hamilton-Est--Stoney Creek"," 47","Hamilton ",101,45,2,1,2,72,3,226,368
35036,"Hamilton East--Stoney Creek/Hamilton-Est--Stoney Creek"," 48","Stoney Creek",77,71,9,0,0,79,2,238,423
35036,"Hamilton East--Stoney Creek/Hamilton-Est--Stoney Creek"," 49","Stoney Creek",103,103,6,0,0,88,3,303,428
35036,"Hamilton East--Stoney Creek/Hamilton-Est--Stoney Creek"," 50","Stoney Creek",83,64,9,0,0,60,0,216,406
35036,"Hamilton East--Stoney Creek/Hamilton-Est--Stoney Creek"," 51","Stoney Creek",49,81,5,0,0,49,0,184,378
35036,"Hamilton East--Stoney Creek/Hamilton-Est--Stoney Creek"," 52","Stoney Creek",96,51,6,1,1,59,1,215,405
35036,"Hamilton East--Stoney Creek/Hamilton-Est--Stoney Creek"," 53","Stoney Creek",74,48,1,0,0,57,3,183,402
35036,"Hamilton East--Stoney Creek/Hamilton-Est--Stoney Creek"," 54","Stoney Creek",71,50,8,0,0,47,0,176,340
35036,"Hamilton East--Stoney Creek/Hamilton-Est--Stoney Creek"," 55","Stoney Creek",123,62,4,1,2,65,3,260,427
35036,"Hamilton East--Stoney Creek/Hamilton-Est--Stoney Creek"," 56","Stoney Creek",77,44,1,0,1,44,3,170,303
35036,"Hamilton East--Stoney Creek/Hamilton-Est--Stoney Creek"," 57","Stoney Creek",94,72,4,2,0,76,1,249,396
35036,"Hamilton East--Stoney Creek/Hamilton-Est--Stoney Creek"," 58","Stoney Creek",117,100,6,0,1,91,1,316,442
35036,"Hamilton East--Stoney Creek/Hamilton-Est--Stoney Creek"," 59","Stoney Creek",77,51,2,1,0,82,2,215,380
35036,"Hamilton East--Stoney Creek/Hamilton-Est--Stoney Creek"," 60","Stoney Creek",82,40,3,0,0,77,1,203,368
35036,"Hamilton East--Stoney Creek/Hamilton-Est--Stoney Creek"," 61","Stoney Creek",89,40,5,0,0,73,4,211,365
35036,"Hamilton East--Stoney Creek/Hamilton-Est--Stoney Creek"," 62","Stoney Creek",95,72,6,0,1,30,1,205,322
35036,"Hamilton East--Stoney Creek/Hamilton-Est--Stoney Creek"," 63","Stoney Creek",78,48,4,0,2,37,0,169,315
35036,"Hamilton East--Stoney Creek/Hamilton-Est--Stoney Creek"," 64","Stoney Creek",174,73,10,0,2,76,2,337,563
35036,"Hamilton East--Stoney Creek/Hamilton-Est--Stoney Creek"," 65","Stoney Creek",73,54,6,1,0,57,0,191,398
35036,"Hamilton East--Stoney Creek/Hamilton-Est--Stoney Creek"," 66","Stoney Creek",57,45,5,0,1,62,0,170,302
35036,"Hamilton East--Stoney Creek/Hamilton-Est--Stoney Creek"," 67","Stoney Creek",80,59,5,0,0,68,0,212,425
35036,"Hamilton East--Stoney Creek/Hamilton-Est--Stoney Creek"," 68","Stoney Creek",88,69,10,1,1,74,1,244,389
35036,"Hamilton East--Stoney Creek/Hamilton-Est--Stoney Creek"," 69","Stoney Creek",117,41,4,0,0,59,2,223,343
35036,"Hamilton East--Stoney Creek/Hamilton-Est--Stoney Creek"," 70","Stoney Creek",105,52,6,0,1,40,1,205,413
35036,"Hamilton East--Stoney Creek/Hamilton-Est--Stoney Creek"," 71","Stoney Creek",141,51,1,0,0,62,3,258,392
35036,"Hamilton East--Stoney Creek/Hamilton-Est--Stoney Creek"," 72","Stoney Creek",108,78,1,0,1,39,0,227,349
35036,"Hamilton East--Stoney Creek/Hamilton-Est--Stoney Creek"," 73","Stoney Creek",57,79,5,1,0,35,0,177,332
35036,"Hamilton East--Stoney Creek/Hamilton-Est--Stoney Creek"," 74","Stoney Creek",54,69,0,1,0,11,0,135,275
35036,"Hamilton East--Stoney Creek/Hamilton-Est--Stoney Creek"," 75","Stoney Creek",113,96,3,0,0,38,0,250,502
35036,"Hamilton East--Stoney Creek/Hamilton-Est--Stoney Creek"," 76","Stoney Creek",84,59,2,0,0,33,1,179,388
35036,"Hamilton East--Stoney Creek/Hamilton-Est--Stoney Creek"," 77","Stoney Creek",131,91,1,0,1,46,2,272,505
35036,"Hamilton East--Stoney Creek/Hamilton-Est--Stoney Creek"," 78","Stoney Creek",82,67,8,0,0,63,1,221,424
35036,"Hamilton East--Stoney Creek/Hamilton-Est--Stoney Creek"," 79","Stoney Creek",95,78,3,2,3,58,4,243,460
35036,"Hamilton East--Stoney Creek/Hamilton-Est--Stoney Creek"," 80","Stoney Creek",124,66,6,0,0,38,0,234,426
35036,"Hamilton East--Stoney Creek/Hamilton-Est--Stoney Creek"," 81","Stoney Creek",112,48,1,0,2,45,1,209,378
35036,"Hamilton East--Stoney Creek/Hamilton-Est--Stoney Creek"," 82","Stoney Creek",131,46,1,0,1,55,0,234,441
35036,"Hamilton East--Stoney Creek/Hamilton-Est--Stoney Creek"," 83","Stoney Creek",92,86,5,0,0,31,3,217,413
35036,"Hamilton East--Stoney Creek/Hamilton-Est--Stoney Creek"," 84","Stoney Creek",103,78,5,0,0,32,3,221,402
35036,"Hamilton East--Stoney Creek/Hamilton-Est--Stoney Creek"," 85","Stoney Creek",105,80,7,0,0,42,1,235,418
35036,"Hamilton East--Stoney Creek/Hamilton-Est--Stoney Creek"," 86","Stoney Creek",96,65,13,0,1,39,1,215,373
35036,"Hamilton East--Stoney Creek/Hamilton-Est--Stoney Creek"," 87","Stoney Creek",80,67,8,0,0,27,0,182,364
35036,"Hamilton East--Stoney Creek/Hamilton-Est--Stoney Creek"," 88","Stoney Creek",105,99,2,0,0,45,0,251,453
35036,"Hamilton East--Stoney Creek/Hamilton-Est--Stoney Creek"," 89","Stoney Creek",114,84,5,0,0,36,1,240,429
35036,"Hamilton East--Stoney Creek/Hamilton-Est--Stoney Creek"," 90","Stoney Creek",82,66,4,0,0,37,1,190,403
35036,"Hamilton East--Stoney Creek/Hamilton-Est--Stoney Creek"," 91","Stoney Creek",126,87,10,0,0,43,0,266,492
35036,"Hamilton East--Stoney Creek/Hamilton-Est--Stoney Creek"," 92A","Stoney Creek",74,54,5,1,2,47,2,185,367
35036,"Hamilton East--Stoney Creek/Hamilton-Est--Stoney Creek"," 92B","Stoney Creek",57,51,6,0,0,45,2,161,344
35036,"Hamilton East--Stoney Creek/Hamilton-Est--Stoney Creek"," 93","Stoney Creek",107,99,4,0,1,38,1,250,432
35036,"Hamilton East--Stoney Creek/Hamilton-Est--Stoney Creek"," 94","Stoney Creek",81,103,4,1,0,34,0,223,402
35036,"Hamilton East--Stoney Creek/Hamilton-Est--Stoney Creek"," 95","Stoney Creek",148,106,5,0,1,49,0,309,530
35036,"Hamilton East--Stoney Creek/Hamilton-Est--Stoney Creek"," 96","Stoney Creek",88,103,6,0,1,42,1,241,438
35036,"Hamilton East--Stoney Creek/Hamilton-Est--Stoney Creek"," 97","Stoney Creek",114,53,6,0,0,54,3,230,414
35036,"Hamilton East--Stoney Creek/Hamilton-Est--Stoney Creek"," 98","Stoney Creek",122,84,5,0,0,71,2,284,434
35036,"Hamilton East--Stoney Creek/Hamilton-Est--Stoney Creek"," 99","Stoney Creek",136,74,6,0,2,52,2,272,423
35036,"Hamilton East--Stoney Creek/Hamilton-Est--Stoney Creek"," 100","Stoney Creek",81,72,6,0,0,51,0,210,425
35036,"Hamilton East--Stoney Creek/Hamilton-Est--Stoney Creek"," 101","Stoney Creek",112,52,4,0,1,63,2,234,488
35036,"Hamilton East--Stoney Creek/Hamilton-Est--Stoney Creek"," 102","Stoney Creek",128,101,4,0,0,61,6,300,556
35036,"Hamilton East--Stoney Creek/Hamilton-Est--Stoney Creek"," 103","Stoney Creek",89,65,11,0,1,53,1,220,408
35036,"Hamilton East--Stoney Creek/Hamilton-Est--Stoney Creek"," 104","Stoney Creek",97,58,4,0,2,66,0,227,471
35036,"Hamilton East--Stoney Creek/Hamilton-Est--Stoney Creek"," 105","Stoney Creek",125,40,5,1,2,77,1,251,489
35036,"Hamilton East--Stoney Creek/Hamilton-Est--Stoney Creek"," 106","Stoney Creek",128,69,3,1,0,71,6,278,527
35036,"Hamilton East--Stoney Creek/Hamilton-Est--Stoney Creek"," 107","Stoney Creek",112,46,3,0,0,61,0,222,458
35036,"Hamilton East--Stoney Creek/Hamilton-Est--Stoney Creek"," 108","Stoney Creek",109,84,1,0,1,41,1,237,376
35036,"Hamilton East--Stoney Creek/Hamilton-Est--Stoney Creek"," 109","Stoney Creek",116,91,5,0,1,51,4,268,439
35036,"Hamilton East--Stoney Creek/Hamilton-Est--Stoney Creek"," 110","Stoney Creek",90,58,2,0,2,27,1,180,296
35036,"Hamilton East--Stoney Creek/Hamilton-Est--Stoney Creek"," 111","Stoney Creek",123,67,4,0,1,50,1,246,410
35036,"Hamilton East--Stoney Creek/Hamilton-Est--Stoney Creek"," 112","Stoney Creek",160,60,10,1,1,63,4,299,464
35036,"Hamilton East--Stoney Creek/Hamilton-Est--Stoney Creek"," 113","Stoney Creek",117,72,7,0,0,72,2,270,442
35036,"Hamilton East--Stoney Creek/Hamilton-Est--Stoney Creek"," 114","Stoney Creek",86,60,8,0,0,85,0,239,446
35036,"Hamilton East--Stoney Creek/Hamilton-Est--Stoney Creek"," 115","Stoney Creek",77,53,3,1,0,76,1,211,437
35036,"Hamilton East--Stoney Creek/Hamilton-Est--Stoney Creek"," 116","Stoney Creek",108,67,5,0,0,83,1,264,430
35036,"Hamilton East--Stoney Creek/Hamilton-Est--Stoney Creek"," 117","Stoney Creek",48,41,9,0,0,59,0,157,271
35036,"Hamilton East--Stoney Creek/Hamilton-Est--Stoney Creek"," 118","Stoney Creek",46,52,7,0,0,68,0,173,322
35036,"Hamilton East--Stoney Creek/Hamilton-Est--Stoney Creek"," 119","Stoney Creek",41,61,10,0,0,80,2,194,425
35036,"Hamilton East--Stoney Creek/Hamilton-Est--Stoney Creek"," 120","Hamilton ",110,35,3,0,1,80,4,233,499
35036,"Hamilton East--Stoney Creek/Hamilton-Est--Stoney Creek"," 121","Hamilton ",72,33,8,0,1,88,0,202,425
35036,"Hamilton East--Stoney Creek/Hamilton-Est--Stoney Creek"," 122","Hamilton ",59,37,5,0,0,47,2,150,286
35036,"Hamilton East--Stoney Creek/Hamilton-Est--Stoney Creek"," 123","Hamilton ",80,31,3,0,0,55,1,170,313
35036,"Hamilton East--Stoney Creek/Hamilton-Est--Stoney Creek"," 124","Hamilton ",72,34,3,0,1,42,1,153,399
35036,"Hamilton East--Stoney Creek/Hamilton-Est--Stoney Creek"," 125","Hamilton ",65,8,2,0,1,31,2,109,298
35036,"Hamilton East--Stoney Creek/Hamilton-Est--Stoney Creek"," 126","Hamilton ",89,18,6,0,1,52,2,168,364
35036,"Hamilton East--Stoney Creek/Hamilton-Est--Stoney Creek"," 127","Hamilton ",63,15,4,1,4,64,2,153,394
35036,"Hamilton East--Stoney Creek/Hamilton-Est--Stoney Creek"," 128","Stoney Creek",40,15,2,0,0,38,1,96,431
35036,"Hamilton East--Stoney Creek/Hamilton-Est--Stoney Creek"," 129","Stoney Creek",85,88,7,1,0,86,2,269,465
35036,"Hamilton East--Stoney Creek/Hamilton-Est--Stoney Creek"," 130","Stoney Creek",90,72,8,0,0,101,0,271,442
35036,"Hamilton East--Stoney Creek/Hamilton-Est--Stoney Creek"," 131","Stoney Creek",91,84,6,0,1,72,0,254,403
35036,"Hamilton East--Stoney Creek/Hamilton-Est--Stoney Creek"," 132","Stoney Creek",62,64,4,1,2,69,0,202,374
35036,"Hamilton East--Stoney Creek/Hamilton-Est--Stoney Creek"," 133","Stoney Creek",54,70,5,1,1,71,0,202,426
35036,"Hamilton East--Stoney Creek/Hamilton-Est--Stoney Creek"," 134","Stoney Creek",81,56,3,0,0,97,0,237,435
35036,"Hamilton East--Stoney Creek/Hamilton-Est--Stoney Creek"," 135","Stoney Creek",84,69,6,1,0,95,1,256,481
35036,"Hamilton East--Stoney Creek/Hamilton-Est--Stoney Creek"," 136","Stoney Creek",82,79,6,2,0,72,0,241,378
35036,"Hamilton East--Stoney Creek/Hamilton-Est--Stoney Creek"," 137","Hamilton ",94,40,3,1,2,68,4,212,437
35036,"Hamilton East--Stoney Creek/Hamilton-Est--Stoney Creek"," 138","Hamilton ",101,32,4,1,1,107,1,247,446
35036,"Hamilton East--Stoney Creek/Hamilton-Est--Stoney Creek"," 139","Stoney Creek",118,51,6,1,0,95,3,274,459
35036,"Hamilton East--Stoney Creek/Hamilton-Est--Stoney Creek"," 140","Hamilton ",136,55,2,0,1,65,0,259,423
35036,"Hamilton East--Stoney Creek/Hamilton-Est--Stoney Creek"," 141","Hamilton ",79,44,2,0,1,25,1,152,279
35036,"Hamilton East--Stoney Creek/Hamilton-Est--Stoney Creek"," 142","Hamilton ",135,66,7,1,0,52,1,262,452
35036,"Hamilton East--Stoney Creek/Hamilton-Est--Stoney Creek"," 143","Hamilton ",115,54,5,0,2,33,1,210,340
35036,"Hamilton East--Stoney Creek/Hamilton-Est--Stoney Creek"," 144","Hamilton ",96,50,2,0,1,26,0,175,347
35036,"Hamilton East--Stoney Creek/Hamilton-Est--Stoney Creek"," 145","Hamilton ",78,42,5,0,3,68,0,196,416
35036,"Hamilton East--Stoney Creek/Hamilton-Est--Stoney Creek"," 146","Hamilton ",97,39,4,0,0,103,0,243,427
35036,"Hamilton East--Stoney Creek/Hamilton-Est--Stoney Creek"," 147","Hamilton ",76,32,7,1,2,88,2,208,496
35036,"Hamilton East--Stoney Creek/Hamilton-Est--Stoney Creek"," 148","Hamilton ",84,24,6,0,0,69,2,185,430
35036,"Hamilton East--Stoney Creek/Hamilton-Est--Stoney Creek"," 149","Hamilton ",44,38,1,1,0,64,0,148,407
35036,"Hamilton East--Stoney Creek/Hamilton-Est--Stoney Creek"," 150","Hamilton ",117,52,1,0,0,62,1,233,401
35036,"Hamilton East--Stoney Creek/Hamilton-Est--Stoney Creek"," 151","Hamilton ",82,50,3,0,0,79,2,216,422
35036,"Hamilton East--Stoney Creek/Hamilton-Est--Stoney Creek"," 152","Hamilton ",64,45,5,0,2,87,2,205,351
35036,"Hamilton East--Stoney Creek/Hamilton-Est--Stoney Creek"," 153","Hamilton ",75,34,7,1,0,78,3,198,391
35036,"Hamilton East--Stoney Creek/Hamilton-Est--Stoney Creek"," 154","Hamilton ",67,49,12,0,2,75,0,205,409
35036,"Hamilton East--Stoney Creek/Hamilton-Est--Stoney Creek"," 155","Hamilton ",59,63,5,0,1,88,2,218,391
35036,"Hamilton East--Stoney Creek/Hamilton-Est--Stoney Creek"," 156","Hamilton ",81,56,8,0,0,73,0,218,403
35036,"Hamilton East--Stoney Creek/Hamilton-Est--Stoney Creek"," 157","Hamilton ",62,44,4,0,0,87,1,198,381
35036,"Hamilton East--Stoney Creek/Hamilton-Est--Stoney Creek"," 158","Hamilton ",88,41,11,1,1,89,0,231,529
35036,"Hamilton East--Stoney Creek/Hamilton-Est--Stoney Creek"," 159","Hamilton ",85,36,6,1,0,77,1,206,382
35036,"Hamilton East--Stoney Creek/Hamilton-Est--Stoney Creek"," 160","Hamilton ",61,57,10,0,0,97,0,225,398
35036,"Hamilton East--Stoney Creek/Hamilton-Est--Stoney Creek"," 161","Hamilton ",68,42,8,0,1,88,1,208,366
35036,"Hamilton East--Stoney Creek/Hamilton-Est--Stoney Creek"," 162","Hamilton ",64,30,1,0,0,93,1,189,372
35036,"Hamilton East--Stoney Creek/Hamilton-Est--Stoney Creek"," 163","Hamilton ",59,43,6,1,0,88,1,198,390
35036,"Hamilton East--Stoney Creek/Hamilton-Est--Stoney Creek"," 164","Hamilton ",76,50,10,0,1,87,0,224,351
35036,"Hamilton East--Stoney Creek/Hamilton-Est--Stoney Creek"," 165","Hamilton ",61,46,5,1,0,113,0,226,369
35036,"Hamilton East--Stoney Creek/Hamilton-Est--Stoney Creek"," 166","Hamilton ",83,45,8,0,0,99,2,237,369
35036,"Hamilton East--Stoney Creek/Hamilton-Est--Stoney Creek"," 167","Hamilton ",63,57,14,0,0,91,0,225,395
35036,"Hamilton East--Stoney Creek/Hamilton-Est--Stoney Creek"," 168","Hamilton ",63,62,6,0,0,114,0,245,373
35036,"Hamilton East--Stoney Creek/Hamilton-Est--Stoney Creek"," 169","Hamilton ",96,59,11,0,0,65,3,234,403
35036,"Hamilton East--Stoney Creek/Hamilton-Est--Stoney Creek"," 170","Hamilton ",62,33,8,0,0,84,1,188,436
35036,"Hamilton East--Stoney Creek/Hamilton-Est--Stoney Creek"," 171","Hamilton ",90,29,8,0,0,47,0,174,403
35036,"Hamilton East--Stoney Creek/Hamilton-Est--Stoney Creek"," 172","Hamilton ",55,47,2,0,1,58,1,164,368
35036,"Hamilton East--Stoney Creek/Hamilton-Est--Stoney Creek"," 173","Hamilton ",78,43,2,0,1,63,1,188,415
35036,"Hamilton East--Stoney Creek/Hamilton-Est--Stoney Creek"," 174","Hamilton ",64,33,1,0,0,53,2,153,389
35036,"Hamilton East--Stoney Creek/Hamilton-Est--Stoney Creek"," 175","Hamilton ",44,22,4,0,1,67,0,138,360
35036,"Hamilton East--Stoney Creek/Hamilton-Est--Stoney Creek"," 176","Hamilton ",77,62,3,0,0,38,2,182,312
35036,"Hamilton East--Stoney Creek/Hamilton-Est--Stoney Creek"," 177","Hamilton ",69,54,4,0,4,61,1,193,298
35036,"Hamilton East--Stoney Creek/Hamilton-Est--Stoney Creek"," 178","Hamilton ",46,46,3,0,2,38,0,135,288
35036,"Hamilton East--Stoney Creek/Hamilton-Est--Stoney Creek"," 179","Hamilton ",100,47,5,0,0,61,0,213,568
35036,"Hamilton East--Stoney Creek/Hamilton-Est--Stoney Creek"," 180","Hamilton ",70,43,2,0,0,30,0,145,372
35036,"Hamilton East--Stoney Creek/Hamilton-Est--Stoney Creek"," 181","Hamilton ",93,76,6,0,0,58,1,234,445
35036,"Hamilton East--Stoney Creek/Hamilton-Est--Stoney Creek"," 182","Hamilton ",47,30,2,0,0,52,1,132,277
35036,"Hamilton East--Stoney Creek/Hamilton-Est--Stoney Creek"," 183","Hamilton ",75,36,1,0,1,38,1,152,328
35036,"Hamilton East--Stoney Creek/Hamilton-Est--Stoney Creek"," 184","Hamilton ",84,60,1,0,1,62,0,208,396
35036,"Hamilton East--Stoney Creek/Hamilton-Est--Stoney Creek"," 185","Hamilton ",78,34,2,0,1,76,4,195,393
35036,"Hamilton East--Stoney Creek/Hamilton-Est--Stoney Creek"," 186","Hamilton ",100,76,8,0,0,88,1,273,485
35036,"Hamilton East--Stoney Creek/Hamilton-Est--Stoney Creek"," 187","Hamilton ",116,59,2,0,0,49,3,229,388
35036,"Hamilton East--Stoney Creek/Hamilton-Est--Stoney Creek"," 188","Hamilton ",88,40,0,0,2,46,1,177,314
35036,"Hamilton East--Stoney Creek/Hamilton-Est--Stoney Creek"," 189","Hamilton ",101,58,1,0,0,55,2,217,384
35036,"Hamilton East--Stoney Creek/Hamilton-Est--Stoney Creek"," 190","Hamilton ",57,40,3,0,0,48,0,148,276
35036,"Hamilton East--Stoney Creek/Hamilton-Est--Stoney Creek"," 400","Stoney Creek",77,60,3,0,0,42,2,184,241
35036,"Hamilton East--Stoney Creek/Hamilton-Est--Stoney Creek"," 401","Hamilton ",29,9,2,0,0,27,1,68,180
35036,"Hamilton East--Stoney Creek/Hamilton-Est--Stoney Creek"," 402","Hamilton ",39,17,9,0,3,59,0,127,357
35036,"Hamilton East--Stoney Creek/Hamilton-Est--Stoney Creek"," 403","Hamilton ",64,44,2,0,2,97,3,212,388
35036,"Hamilton East--Stoney Creek/Hamilton-Est--Stoney Creek"," 404","Hamilton ",78,31,5,0,1,84,4,203,303
35036,"Hamilton East--Stoney Creek/Hamilton-Est--Stoney Creek"," 405","Hamilton ",65,40,6,0,1,41,0,153,241
35036,"Hamilton East--Stoney Creek/Hamilton-Est--Stoney Creek"," 406","Hamilton ",66,40,9,0,1,77,0,193,273
35036,"Hamilton East--Stoney Creek/Hamilton-Est--Stoney Creek"," 407","Hamilton ",67,25,5,1,5,101,2,206,309
35036,"Hamilton East--Stoney Creek/Hamilton-Est--Stoney Creek"," 408","Hamilton ",60,42,1,0,0,77,0,180,279
35036,"Hamilton East--Stoney Creek/Hamilton-Est--Stoney Creek"," 409","Hamilton ",96,40,7,0,1,77,0,221,436
35036,"Hamilton East--Stoney Creek/Hamilton-Est--Stoney Creek"," 500","Mobile poll/Bureau itinérant",24,9,2,0,0,17,0,52,86
35036,"Hamilton East--Stoney Creek/Hamilton-Est--Stoney Creek"," 501","Mobile poll/Bureau itinérant",36,26,4,1,2,10,2,81,181
35036,"Hamilton East--Stoney Creek/Hamilton-Est--Stoney Creek"," 502","Mobile poll/Bureau itinérant",43,18,3,0,1,11,2,78,177
35036,"Hamilton East--Stoney Creek/Hamilton-Est--Stoney Creek"," 600","Hamilton ",118,108,15,1,0,183,3,428,
35036,"Hamilton East--Stoney Creek/Hamilton-Est--Stoney Creek"," 601","Hamilton ",175,118,9,0,0,186,2,490,
35036,"Hamilton East--Stoney Creek/Hamilton-Est--Stoney Creek"," 602","Hamilton ",159,79,18,1,2,276,2,537,
35036,"Hamilton East--Stoney Creek/Hamilton-Est--Stoney Creek"," 603","Hamilton ",155,104,14,0,2,268,3,546,
35036,"Hamilton East--Stoney Creek/Hamilton-Est--Stoney Creek"," 604","Hamilton ",131,101,17,0,2,212,2,465,
35036,"Hamilton East--Stoney Creek/Hamilton-Est--Stoney Creek"," 605","Hamilton ",211,146,21,2,0,219,2,601,
35036,"Hamilton East--Stoney Creek/Hamilton-Est--Stoney Creek"," 606","Hamilton ",271,211,17,1,1,254,6,761,
35036,"Hamilton East--Stoney Creek/Hamilton-Est--Stoney Creek"," 607","Hamilton ",183,159,21,1,3,254,0,621,
35036,"Hamilton East--Stoney Creek/Hamilton-Est--Stoney Creek"," 608","Stoney Creek",210,181,8,0,1,156,0,556,
35036,"Hamilton East--Stoney Creek/Hamilton-Est--Stoney Creek"," 609","Stoney Creek",200,172,6,0,2,196,3,579,
35036,"Hamilton East--Stoney Creek/Hamilton-Est--Stoney Creek"," 610","Stoney Creek",286,162,10,1,2,179,2,642,
35036,"Hamilton East--Stoney Creek/Hamilton-Est--Stoney Creek"," 611","Stoney Creek",245,206,9,0,0,167,4,631,
35036,"Hamilton East--Stoney Creek/Hamilton-Est--Stoney Creek"," 612","Stoney Creek",300,298,28,0,1,189,1,817,
35036,"Hamilton East--Stoney Creek/Hamilton-Est--Stoney Creek",,"Group 1/Groupe 1",58,27,6,0,0,22,8,121,81
35036,"Hamilton East--Stoney Creek/Hamilton-Est--Stoney Creek",,"Group 2/Groupe 2",300,230,32,1,3,366,11,943,
