﻿Electoral District Number/Numéro de circonscription,Electoral District Name/Nom de circonscription,Polling Station Number/Numéro du bureau de scrutin,Polling Station Name/Nom du bureau de scrutin,Pamela Leslie Bryan,Alexander Dussault,Karen Leibovici,Heather MacKenzie,Kelly McCauley,Peggy Morton,Rejected Ballots/Bulletins rejetés,Total Votes/Total des votes,Electors/Électeurs
48020,"Edmonton West/Edmonton-Ouest"," 1A","Edmonton",11,3,57,40,134,1,0,246,450
48020,"Edmonton West/Edmonton-Ouest"," 1B","Edmonton",6,3,86,38,121,0,0,254,466
48020,"Edmonton West/Edmonton-Ouest"," 1C","Edmonton",6,2,77,33,141,2,0,261,464
48020,"Edmonton West/Edmonton-Ouest"," 1D","Edmonton",9,3,70,43,132,0,0,257,485
48020,"Edmonton West/Edmonton-Ouest"," 2","Edmonton",Void/Supprimé,,,,,,,,
48020,"Edmonton West/Edmonton-Ouest"," 3","Edmonton",Void/Supprimé,,,,,,,,
48020,"Edmonton West/Edmonton-Ouest"," 4","Edmonton",Void/Supprimé,,,,,,,,
48020,"Edmonton West/Edmonton-Ouest"," 5","Edmonton",Void/Supprimé,,,,,,,,
48020,"Edmonton West/Edmonton-Ouest"," 6","Edmonton",6,0,89,26,196,0,2,319,648
48020,"Edmonton West/Edmonton-Ouest"," 7","Edmonton",2,4,118,38,133,1,2,298,602
48020,"Edmonton West/Edmonton-Ouest"," 7-1","Edmonton",10,1,122,42,161,0,1,337,609
48020,"Edmonton West/Edmonton-Ouest"," 8A","Edmonton",3,1,71,25,97,0,0,197,344
48020,"Edmonton West/Edmonton-Ouest"," 8B","Edmonton",5,1,78,15,91,0,4,194,357
48020,"Edmonton West/Edmonton-Ouest"," 8C","Mobile poll/Bureau itinérant",Merged with No./Fusionné avec le n°500,,,,,,,,28
48020,"Edmonton West/Edmonton-Ouest"," 9A","Edmonton",1,3,62,23,117,0,0,206,348
48020,"Edmonton West/Edmonton-Ouest"," 9B","Edmonton",3,2,78,16,112,0,0,211,354
48020,"Edmonton West/Edmonton-Ouest"," 10","Edmonton",6,0,75,21,109,0,0,211,388
48020,"Edmonton West/Edmonton-Ouest"," 11","Edmonton",5,2,98,36,131,1,6,279,479
48020,"Edmonton West/Edmonton-Ouest"," 12","Edmonton",1,0,92,23,153,0,1,270,501
48020,"Edmonton West/Edmonton-Ouest"," 13","Edmonton",1,2,42,13,99,0,0,157,295
48020,"Edmonton West/Edmonton-Ouest"," 14","Edmonton",3,1,98,26,159,1,2,290,529
48020,"Edmonton West/Edmonton-Ouest"," 15","Edmonton",5,1,78,17,136,0,0,237,439
48020,"Edmonton West/Edmonton-Ouest"," 16","Edmonton",0,2,52,16,131,0,0,201,439
48020,"Edmonton West/Edmonton-Ouest"," 17","Edmonton",3,1,82,17,182,0,1,286,482
48020,"Edmonton West/Edmonton-Ouest"," 18","Edmonton",5,2,133,23,223,0,6,392,679
48020,"Edmonton West/Edmonton-Ouest"," 19","Edmonton",6,3,51,41,123,2,0,226,433
48020,"Edmonton West/Edmonton-Ouest"," 20","Edmonton",8,1,80,33,120,1,0,243,440
48020,"Edmonton West/Edmonton-Ouest"," 21","Edmonton",7,2,75,47,110,0,0,241,420
48020,"Edmonton West/Edmonton-Ouest"," 22","Edmonton",6,0,69,45,53,0,3,176,377
48020,"Edmonton West/Edmonton-Ouest"," 23","Edmonton",6,1,51,27,59,0,0,144,428
48020,"Edmonton West/Edmonton-Ouest"," 24","Edmonton",4,2,69,41,100,0,1,217,361
48020,"Edmonton West/Edmonton-Ouest"," 25","Edmonton",8,2,45,28,108,0,0,191,334
48020,"Edmonton West/Edmonton-Ouest"," 26","Edmonton",8,1,63,51,75,1,1,200,381
48020,"Edmonton West/Edmonton-Ouest"," 27","Edmonton",12,0,56,35,66,0,2,171,426
48020,"Edmonton West/Edmonton-Ouest"," 28","Edmonton",9,3,80,54,126,0,1,273,482
48020,"Edmonton West/Edmonton-Ouest"," 29","Edmonton",7,2,61,31,60,2,1,164,416
48020,"Edmonton West/Edmonton-Ouest"," 30","Edmonton",7,1,51,43,54,0,1,157,419
48020,"Edmonton West/Edmonton-Ouest"," 31","Edmonton",6,2,61,31,69,0,1,170,420
48020,"Edmonton West/Edmonton-Ouest"," 32","Edmonton",5,1,91,31,100,1,3,232,426
48020,"Edmonton West/Edmonton-Ouest"," 33","Edmonton",5,1,46,37,82,0,2,173,431
48020,"Edmonton West/Edmonton-Ouest"," 34A","Edmonton",6,1,74,19,138,0,1,239,423
48020,"Edmonton West/Edmonton-Ouest"," 34B","Mobile poll/Bureau itinérant",Merged with No./Fusionné avec le n°503,,,,,,,,100
48020,"Edmonton West/Edmonton-Ouest"," 35","Edmonton",2,1,52,30,75,0,2,162,348
48020,"Edmonton West/Edmonton-Ouest"," 36","Edmonton",5,1,79,34,94,0,2,215,401
48020,"Edmonton West/Edmonton-Ouest"," 37","Edmonton",4,2,84,46,70,0,1,207,401
48020,"Edmonton West/Edmonton-Ouest"," 38","Edmonton",7,0,56,31,100,0,0,194,395
48020,"Edmonton West/Edmonton-Ouest"," 39","Edmonton",8,1,67,27,113,0,3,219,414
48020,"Edmonton West/Edmonton-Ouest"," 40","Edmonton",1,0,84,32,103,0,2,222,419
48020,"Edmonton West/Edmonton-Ouest"," 41","Edmonton",5,3,103,43,87,2,0,243,478
48020,"Edmonton West/Edmonton-Ouest"," 42","Edmonton",10,2,76,65,52,0,3,208,456
48020,"Edmonton West/Edmonton-Ouest"," 43","Edmonton",6,1,84,25,88,0,0,204,447
48020,"Edmonton West/Edmonton-Ouest"," 44","Edmonton",7,0,99,15,137,0,0,258,456
48020,"Edmonton West/Edmonton-Ouest"," 45","Edmonton",8,3,66,29,120,0,2,228,366
48020,"Edmonton West/Edmonton-Ouest"," 46","Edmonton",6,2,42,22,90,0,0,162,355
48020,"Edmonton West/Edmonton-Ouest"," 47","Edmonton",7,3,106,35,106,2,0,259,527
48020,"Edmonton West/Edmonton-Ouest"," 48","Edmonton",4,2,72,18,123,0,2,221,369
48020,"Edmonton West/Edmonton-Ouest"," 49","Edmonton",3,1,61,22,107,1,1,196,403
48020,"Edmonton West/Edmonton-Ouest"," 50","Edmonton",6,0,93,35,106,1,0,241,413
48020,"Edmonton West/Edmonton-Ouest"," 51","Edmonton",7,4,71,31,64,0,3,180,384
48020,"Edmonton West/Edmonton-Ouest"," 52","Edmonton",3,4,69,28,87,0,1,192,382
48020,"Edmonton West/Edmonton-Ouest"," 53","Edmonton",3,0,106,24,124,0,0,257,508
48020,"Edmonton West/Edmonton-Ouest"," 54","Edmonton",6,3,96,34,99,1,1,240,456
48020,"Edmonton West/Edmonton-Ouest"," 55","Edmonton",4,0,95,46,133,3,1,282,526
48020,"Edmonton West/Edmonton-Ouest"," 56","Edmonton",4,1,78,26,81,0,1,191,388
48020,"Edmonton West/Edmonton-Ouest"," 57","Edmonton",6,0,90,30,108,0,1,235,439
48020,"Edmonton West/Edmonton-Ouest"," 58","Edmonton",5,1,83,45,64,0,0,198,452
48020,"Edmonton West/Edmonton-Ouest"," 59","Edmonton",8,3,92,36,124,2,3,268,473
48020,"Edmonton West/Edmonton-Ouest"," 60","Edmonton",5,2,93,35,133,1,1,270,436
48020,"Edmonton West/Edmonton-Ouest"," 61","Edmonton",8,1,76,24,104,0,0,213,444
48020,"Edmonton West/Edmonton-Ouest"," 62","Edmonton",3,1,72,24,88,1,0,189,416
48020,"Edmonton West/Edmonton-Ouest"," 63","Edmonton",2,0,58,27,58,1,0,146,369
48020,"Edmonton West/Edmonton-Ouest"," 64","Edmonton",3,5,104,71,82,0,5,270,483
48020,"Edmonton West/Edmonton-Ouest"," 65","Edmonton",5,1,90,31,95,0,1,223,421
48020,"Edmonton West/Edmonton-Ouest"," 66","Edmonton",2,0,84,15,111,0,0,212,347
48020,"Edmonton West/Edmonton-Ouest"," 67","Edmonton",0,0,49,24,96,0,0,169,283
48020,"Edmonton West/Edmonton-Ouest"," 68","Edmonton",4,1,72,34,98,0,0,209,428
48020,"Edmonton West/Edmonton-Ouest"," 69","Edmonton",2,0,45,16,78,0,0,141,286
48020,"Edmonton West/Edmonton-Ouest"," 70","Edmonton",5,2,76,34,79,1,0,197,523
48020,"Edmonton West/Edmonton-Ouest"," 71","Edmonton",3,0,76,16,83,0,2,180,337
48020,"Edmonton West/Edmonton-Ouest"," 72","Edmonton",5,6,99,23,76,1,0,210,378
48020,"Edmonton West/Edmonton-Ouest"," 73","Edmonton",5,2,74,31,66,0,0,178,359
48020,"Edmonton West/Edmonton-Ouest"," 74A","Edmonton",11,1,64,39,54,0,0,169,345
48020,"Edmonton West/Edmonton-Ouest"," 74B","Edmonton",9,1,60,45,50,0,0,165,347
48020,"Edmonton West/Edmonton-Ouest"," 75","Edmonton",4,0,70,49,56,2,3,184,399
48020,"Edmonton West/Edmonton-Ouest"," 76","Edmonton",9,3,84,33,93,0,1,223,403
48020,"Edmonton West/Edmonton-Ouest"," 77","Edmonton",6,2,69,44,140,1,0,262,416
48020,"Edmonton West/Edmonton-Ouest"," 78","Edmonton",6,2,76,37,85,0,2,208,444
48020,"Edmonton West/Edmonton-Ouest"," 79","Edmonton",6,4,55,28,96,1,0,190,387
48020,"Edmonton West/Edmonton-Ouest"," 80","Edmonton",5,3,68,44,76,0,0,196,399
48020,"Edmonton West/Edmonton-Ouest"," 81","Edmonton",1,1,85,62,86,1,1,237,412
48020,"Edmonton West/Edmonton-Ouest"," 82","Edmonton",9,0,87,45,131,2,0,274,431
48020,"Edmonton West/Edmonton-Ouest"," 83","Edmonton",1,0,88,19,83,0,0,191,342
48020,"Edmonton West/Edmonton-Ouest"," 84","Edmonton",7,2,56,24,119,0,0,208,320
48020,"Edmonton West/Edmonton-Ouest"," 85","Edmonton",8,2,88,39,77,1,1,216,334
48020,"Edmonton West/Edmonton-Ouest"," 86","Edmonton",10,1,135,31,120,1,4,302,444
48020,"Edmonton West/Edmonton-Ouest"," 87","Edmonton",6,0,83,59,93,1,1,243,491
48020,"Edmonton West/Edmonton-Ouest"," 88","Edmonton",12,0,107,43,118,0,0,280,419
48020,"Edmonton West/Edmonton-Ouest"," 89","Edmonton",5,4,81,48,100,1,2,241,425
48020,"Edmonton West/Edmonton-Ouest"," 90","Edmonton",5,1,108,54,146,3,1,318,524
48020,"Edmonton West/Edmonton-Ouest"," 91","Edmonton",5,2,52,17,78,0,1,155,308
48020,"Edmonton West/Edmonton-Ouest"," 92","Edmonton",1,0,63,22,110,0,0,196,376
48020,"Edmonton West/Edmonton-Ouest"," 93","Edmonton",8,3,99,31,77,0,0,218,397
48020,"Edmonton West/Edmonton-Ouest"," 94","Edmonton",6,1,43,32,64,2,0,148,295
48020,"Edmonton West/Edmonton-Ouest"," 95","Edmonton",3,1,84,26,91,0,1,206,346
48020,"Edmonton West/Edmonton-Ouest"," 96","Edmonton",1,1,89,42,94,0,0,227,456
48020,"Edmonton West/Edmonton-Ouest"," 96-1","Edmonton",6,7,77,42,87,0,1,220,404
48020,"Edmonton West/Edmonton-Ouest"," 97","Edmonton",5,1,85,33,75,0,0,199,388
48020,"Edmonton West/Edmonton-Ouest"," 98","Edmonton",4,3,107,27,86,1,0,228,406
48020,"Edmonton West/Edmonton-Ouest"," 99","Edmonton",4,1,81,39,107,1,0,233,420
48020,"Edmonton West/Edmonton-Ouest"," 100","Edmonton",4,3,64,19,67,0,0,157,343
48020,"Edmonton West/Edmonton-Ouest"," 101","Edmonton",2,1,81,22,162,0,1,269,474
48020,"Edmonton West/Edmonton-Ouest"," 102","Edmonton",3,0,67,17,79,0,1,167,365
48020,"Edmonton West/Edmonton-Ouest"," 103","Edmonton",3,4,116,31,119,0,0,273,517
48020,"Edmonton West/Edmonton-Ouest"," 104","Edmonton",4,0,83,23,152,0,2,264,545
48020,"Edmonton West/Edmonton-Ouest"," 105","Edmonton",4,2,92,40,138,2,0,278,512
48020,"Edmonton West/Edmonton-Ouest"," 106","Edmonton",5,2,67,20,78,0,2,174,382
48020,"Edmonton West/Edmonton-Ouest"," 107","Edmonton",0,2,67,20,122,0,1,212,440
48020,"Edmonton West/Edmonton-Ouest"," 108","Edmonton",1,3,83,30,121,0,1,239,382
48020,"Edmonton West/Edmonton-Ouest"," 109","Edmonton",5,0,87,28,110,0,1,231,423
48020,"Edmonton West/Edmonton-Ouest"," 110","Edmonton",9,1,64,39,90,1,1,205,337
48020,"Edmonton West/Edmonton-Ouest"," 111","Edmonton",4,2,98,33,100,0,1,238,387
48020,"Edmonton West/Edmonton-Ouest"," 112","Edmonton",0,3,70,22,72,0,0,167,348
48020,"Edmonton West/Edmonton-Ouest"," 113","Edmonton",3,2,79,33,115,0,1,233,379
48020,"Edmonton West/Edmonton-Ouest"," 114","Edmonton",4,2,46,26,84,0,1,163,348
48020,"Edmonton West/Edmonton-Ouest"," 115","Edmonton",2,0,85,16,125,0,0,228,398
48020,"Edmonton West/Edmonton-Ouest"," 116","Edmonton",0,4,119,23,123,0,0,269,431
48020,"Edmonton West/Edmonton-Ouest"," 117","Edmonton",1,0,91,35,137,0,0,264,504
48020,"Edmonton West/Edmonton-Ouest"," 118","Edmonton",3,0,81,23,105,2,1,215,369
48020,"Edmonton West/Edmonton-Ouest"," 119","Edmonton",9,0,111,75,83,1,0,279,541
48020,"Edmonton West/Edmonton-Ouest"," 120","Edmonton",5,2,99,53,72,1,2,234,542
48020,"Edmonton West/Edmonton-Ouest"," 121","Edmonton",4,1,113,23,129,2,0,272,449
48020,"Edmonton West/Edmonton-Ouest"," 122","Edmonton",4,1,102,35,132,0,1,275,505
48020,"Edmonton West/Edmonton-Ouest"," 123","Edmonton",7,0,102,33,154,0,1,297,523
48020,"Edmonton West/Edmonton-Ouest"," 124","Edmonton",11,4,98,32,115,0,0,260,444
48020,"Edmonton West/Edmonton-Ouest"," 125","Edmonton",6,1,85,21,123,0,0,236,415
48020,"Edmonton West/Edmonton-Ouest"," 126","Edmonton",6,4,53,20,38,2,1,124,413
48020,"Edmonton West/Edmonton-Ouest"," 127","Edmonton",4,3,88,32,78,1,1,207,428
48020,"Edmonton West/Edmonton-Ouest"," 128","Edmonton",2,2,76,30,48,0,4,162,437
48020,"Edmonton West/Edmonton-Ouest"," 129","Edmonton",5,4,78,15,42,0,0,144,409
48020,"Edmonton West/Edmonton-Ouest"," 130","Edmonton",1,0,44,27,70,1,1,144,314
48020,"Edmonton West/Edmonton-Ouest"," 131","Edmonton",2,0,44,28,36,0,1,111,257
48020,"Edmonton West/Edmonton-Ouest"," 132","Edmonton",3,1,42,16,54,0,0,116,291
48020,"Edmonton West/Edmonton-Ouest"," 133","Edmonton",1,1,67,21,55,0,0,145,378
48020,"Edmonton West/Edmonton-Ouest"," 134","Edmonton",3,0,69,30,82,0,0,184,387
48020,"Edmonton West/Edmonton-Ouest"," 135","Edmonton",9,2,98,56,84,2,2,253,533
48020,"Edmonton West/Edmonton-Ouest"," 136","Edmonton",5,3,128,44,122,0,0,302,518
48020,"Edmonton West/Edmonton-Ouest"," 137","Edmonton",4,3,78,13,103,0,0,201,375
48020,"Edmonton West/Edmonton-Ouest"," 138","Edmonton",3,3,106,29,150,3,1,295,470
48020,"Edmonton West/Edmonton-Ouest"," 139","Edmonton",3,0,91,25,176,1,1,297,511
48020,"Edmonton West/Edmonton-Ouest"," 140","Edmonton",0,1,81,10,136,0,0,228,478
48020,"Edmonton West/Edmonton-Ouest"," 141","Edmonton",3,3,64,7,119,0,0,196,392
48020,"Edmonton West/Edmonton-Ouest"," 142","Edmonton",4,0,87,20,125,1,0,237,442
48020,"Edmonton West/Edmonton-Ouest"," 143","Edmonton",0,1,78,6,82,0,0,167,282
48020,"Edmonton West/Edmonton-Ouest"," 144","Edmonton",2,2,95,15,123,0,0,237,405
48020,"Edmonton West/Edmonton-Ouest"," 145","Edmonton",3,2,99,17,140,1,2,264,496
48020,"Edmonton West/Edmonton-Ouest"," 146","Edmonton",5,0,65,12,142,0,0,224,468
48020,"Edmonton West/Edmonton-Ouest"," 147","Edmonton",5,0,67,15,122,0,0,209,394
48020,"Edmonton West/Edmonton-Ouest"," 148","Edmonton",2,2,66,8,141,0,0,219,519
48020,"Edmonton West/Edmonton-Ouest"," 149","Edmonton",3,0,49,6,83,0,1,142,293
48020,"Edmonton West/Edmonton-Ouest"," 150","Edmonton",1,0,59,10,108,0,0,178,396
48020,"Edmonton West/Edmonton-Ouest"," 151","Edmonton",10,2,78,15,115,0,0,220,391
48020,"Edmonton West/Edmonton-Ouest"," 152","Edmonton",4,3,83,35,119,0,1,245,394
48020,"Edmonton West/Edmonton-Ouest"," 153","Edmonton",3,0,129,31,169,1,2,335,526
48020,"Edmonton West/Edmonton-Ouest"," 154","Edmonton",2,1,100,18,99,0,0,220,404
48020,"Edmonton West/Edmonton-Ouest"," 155","Edmonton",4,1,86,9,115,0,0,215,419
48020,"Edmonton West/Edmonton-Ouest"," 156A","Edmonton",2,0,68,21,91,1,0,183,359
48020,"Edmonton West/Edmonton-Ouest"," 156B","Mobile poll/Bureau itinérant",Merged with No./Fusionné avec le n°504,,,,,,,,76
48020,"Edmonton West/Edmonton-Ouest"," 157","Edmonton",2,0,62,18,110,0,0,192,424
48020,"Edmonton West/Edmonton-Ouest"," 158","Edmonton",3,0,53,11,126,0,0,193,413
48020,"Edmonton West/Edmonton-Ouest"," 159","Edmonton",0,2,65,23,83,0,0,173,330
48020,"Edmonton West/Edmonton-Ouest"," 160A","Edmonton",0,0,50,13,78,0,0,141,295
48020,"Edmonton West/Edmonton-Ouest"," 160B","Edmonton",5,2,63,25,110,0,2,207,389
48020,"Edmonton West/Edmonton-Ouest"," 161","Edmonton",8,3,90,30,89,0,4,224,436
48020,"Edmonton West/Edmonton-Ouest"," 162","Edmonton",6,2,119,25,183,0,2,337,557
48020,"Edmonton West/Edmonton-Ouest"," 163","Edmonton",5,1,77,25,179,1,1,289,538
48020,"Edmonton West/Edmonton-Ouest"," 164","Edmonton",2,2,68,18,179,0,2,271,474
48020,"Edmonton West/Edmonton-Ouest"," 165","Edmonton",4,3,77,23,114,0,1,222,368
48020,"Edmonton West/Edmonton-Ouest"," 166","Edmonton",4,2,59,21,73,0,1,160,359
48020,"Edmonton West/Edmonton-Ouest"," 167","Edmonton",6,3,58,17,81,0,0,165,363
48020,"Edmonton West/Edmonton-Ouest"," 168","Edmonton",9,1,74,20,158,0,0,262,508
48020,"Edmonton West/Edmonton-Ouest"," 169","Edmonton",0,2,77,26,143,0,0,248,510
48020,"Edmonton West/Edmonton-Ouest"," 170","Edmonton",4,1,77,34,144,1,6,267,514
48020,"Edmonton West/Edmonton-Ouest"," 171A","Edmonton",6,0,77,25,114,0,1,223,403
48020,"Edmonton West/Edmonton-Ouest"," 171B","Edmonton",3,1,73,20,104,1,0,202,387
48020,"Edmonton West/Edmonton-Ouest"," 172","Edmonton",3,0,99,22,89,0,0,213,516
48020,"Edmonton West/Edmonton-Ouest"," 173","Edmonton",0,1,73,32,123,0,0,229,453
48020,"Edmonton West/Edmonton-Ouest"," 174","Edmonton",1,0,82,22,145,0,0,250,470
48020,"Edmonton West/Edmonton-Ouest"," 175","Edmonton",4,0,47,16,127,0,0,194,355
48020,"Edmonton West/Edmonton-Ouest"," 176","Edmonton",1,3,76,30,121,1,0,232,458
48020,"Edmonton West/Edmonton-Ouest"," 177","Edmonton",7,0,87,24,106,0,0,224,475
48020,"Edmonton West/Edmonton-Ouest"," 178","Edmonton",5,2,107,36,168,0,1,319,627
48020,"Edmonton West/Edmonton-Ouest"," 179","Edmonton",7,2,96,43,198,2,0,348,642
48020,"Edmonton West/Edmonton-Ouest"," 180A","Edmonton",1,0,41,7,98,0,0,147,297
48020,"Edmonton West/Edmonton-Ouest"," 180B","Edmonton",3,0,51,14,114,0,0,182,381
48020,"Edmonton West/Edmonton-Ouest"," 181","Edmonton",5,1,66,8,128,1,1,210,429
48020,"Edmonton West/Edmonton-Ouest"," 500","Mobile poll/Bureau itinérant",7,3,48,31,88,1,7,185,214
48020,"Edmonton West/Edmonton-Ouest"," 501","Mobile poll/Bureau itinérant",3,0,45,20,63,2,1,134,159
48020,"Edmonton West/Edmonton-Ouest"," 502","Mobile poll/Bureau itinérant",3,1,45,19,71,1,0,140,194
48020,"Edmonton West/Edmonton-Ouest"," 503","Mobile poll/Bureau itinérant",3,1,40,28,47,0,1,120,101
48020,"Edmonton West/Edmonton-Ouest"," 504","Mobile poll/Bureau itinérant",3,3,36,13,98,0,5,158,141
48020,"Edmonton West/Edmonton-Ouest"," 505","Mobile poll/Bureau itinérant",2,5,31,12,84,0,6,140,169
48020,"Edmonton West/Edmonton-Ouest"," 506","Mobile poll/Bureau itinérant",5,4,36,20,51,1,0,117,157
48020,"Edmonton West/Edmonton-Ouest"," 600","Edmonton",10,7,256,70,459,2,3,807,
48020,"Edmonton West/Edmonton-Ouest"," 601","Edmonton",9,3,291,128,467,1,1,900,
48020,"Edmonton West/Edmonton-Ouest"," 602","Edmonton",5,1,137,114,239,0,1,497,
48020,"Edmonton West/Edmonton-Ouest"," 603","Edmonton",16,0,161,69,196,0,2,444,
48020,"Edmonton West/Edmonton-Ouest"," 604","Edmonton",10,3,220,110,298,0,1,642,
48020,"Edmonton West/Edmonton-Ouest"," 605","Edmonton",11,5,252,99,367,1,0,735,
48020,"Edmonton West/Edmonton-Ouest"," 606","Edmonton",9,3,260,128,473,2,3,878,
48020,"Edmonton West/Edmonton-Ouest"," 607","Edmonton",17,3,320,119,553,4,4,1020,
48020,"Edmonton West/Edmonton-Ouest"," 608","Edmonton",4,3,269,74,413,0,3,766,
48020,"Edmonton West/Edmonton-Ouest"," 609","Edmonton",12,2,215,94,299,2,1,625,
48020,"Edmonton West/Edmonton-Ouest"," 610","Edmonton",13,5,427,83,793,1,1,1323,
48020,"Edmonton West/Edmonton-Ouest"," 611","Edmonton",9,3,375,83,726,1,1,1198,
48020,"Edmonton West/Edmonton-Ouest",,"Group 1/Groupe 1",2,1,75,41,39,0,12,170,133
48020,"Edmonton West/Edmonton-Ouest",,"Group 2/Groupe 2",22,4,403,166,492,8,23,1118,
