﻿Electoral District Number/Numéro de circonscription,Electoral District Name/Nom de circonscription,Polling Station Number/Numéro du bureau de scrutin,Polling Station Name/Nom du bureau de scrutin,Ian Allen,Lorne Gershuny,Mark Jeftovic,Peggy Nash,Terry Parker,Adam Phipps,Carol Royer,Arif Virani,Rejected Ballots/Bulletins rejetés,Total Votes/Total des votes,Electors/Électeurs
35081,"Parkdale--High Park/Parkdale--High Park"," 1","Toronto",12,0,1,117,0,8,1,61,2,202,357
35081,"Parkdale--High Park/Parkdale--High Park"," 2","Toronto",8,4,1,109,2,6,0,78,0,208,384
35081,"Parkdale--High Park/Parkdale--High Park"," 3","Toronto",19,0,5,99,0,12,0,92,0,227,414
35081,"Parkdale--High Park/Parkdale--High Park"," 4","Toronto",33,0,2,111,4,6,0,87,1,244,498
35081,"Parkdale--High Park/Parkdale--High Park"," 5","Toronto",24,0,0,103,2,3,0,89,0,221,383
35081,"Parkdale--High Park/Parkdale--High Park"," 6A","Toronto",18,0,4,189,2,7,0,141,2,363,511
35081,"Parkdale--High Park/Parkdale--High Park"," 6B","Toronto",Merged with No./Fusionné avec le n°7,,,,,,,,,,38
35081,"Parkdale--High Park/Parkdale--High Park"," 7","Toronto",30,2,1,125,6,10,0,112,0,286,456
35081,"Parkdale--High Park/Parkdale--High Park"," 8A","Toronto",28,0,1,131,0,9,0,113,0,282,408
35081,"Parkdale--High Park/Parkdale--High Park"," 8B","Toronto",Merged with No./Fusionné avec le n°7,,,,,,,,,,56
35081,"Parkdale--High Park/Parkdale--High Park"," 9","Toronto",12,0,3,123,2,13,0,86,1,240,477
35081,"Parkdale--High Park/Parkdale--High Park"," 10","Toronto",23,0,3,113,1,10,0,113,1,264,446
35081,"Parkdale--High Park/Parkdale--High Park"," 11","Toronto",29,0,2,79,0,12,0,92,1,215,417
35081,"Parkdale--High Park/Parkdale--High Park"," 12","Toronto",30,0,4,76,0,5,0,74,0,189,337
35081,"Parkdale--High Park/Parkdale--High Park"," 13","Toronto",39,0,0,98,0,10,0,126,0,273,447
35081,"Parkdale--High Park/Parkdale--High Park"," 14","Toronto",27,0,1,80,0,5,1,73,1,188,340
35081,"Parkdale--High Park/Parkdale--High Park"," 15","Toronto",32,0,4,102,0,9,0,103,0,250,483
35081,"Parkdale--High Park/Parkdale--High Park"," 16","Toronto",37,0,1,103,0,20,0,139,0,300,533
35081,"Parkdale--High Park/Parkdale--High Park"," 17","Toronto",33,0,2,86,0,6,0,94,0,221,382
35081,"Parkdale--High Park/Parkdale--High Park"," 18","Toronto",31,1,3,93,2,13,0,122,0,265,515
35081,"Parkdale--High Park/Parkdale--High Park"," 19","Toronto",25,0,1,136,1,19,0,111,0,293,479
35081,"Parkdale--High Park/Parkdale--High Park"," 20","Toronto",22,1,2,79,0,7,1,96,3,211,335
35081,"Parkdale--High Park/Parkdale--High Park"," 21","Toronto",40,0,0,118,1,11,0,134,0,304,552
35081,"Parkdale--High Park/Parkdale--High Park"," 22","Toronto",19,0,1,75,1,6,1,109,1,213,379
35081,"Parkdale--High Park/Parkdale--High Park"," 23","Toronto",27,0,0,105,0,11,2,98,0,243,449
35081,"Parkdale--High Park/Parkdale--High Park"," 24","Toronto",33,0,5,72,0,1,0,93,0,204,363
35081,"Parkdale--High Park/Parkdale--High Park"," 25","Toronto",25,0,0,53,0,3,0,76,1,158,281
35081,"Parkdale--High Park/Parkdale--High Park"," 26","Toronto",22,0,2,87,0,8,0,76,0,195,403
35081,"Parkdale--High Park/Parkdale--High Park"," 27","Toronto",18,0,3,64,0,4,0,93,0,182,361
35081,"Parkdale--High Park/Parkdale--High Park"," 28","York",55,0,3,116,1,7,1,132,5,320,482
35081,"Parkdale--High Park/Parkdale--High Park"," 29","York",39,0,2,91,1,4,1,125,4,267,438
35081,"Parkdale--High Park/Parkdale--High Park"," 30","York",51,0,1,99,0,9,0,108,0,268,408
35081,"Parkdale--High Park/Parkdale--High Park"," 31","York",50,0,2,71,0,3,0,95,0,221,391
35081,"Parkdale--High Park/Parkdale--High Park"," 32","York",29,0,5,77,1,4,0,113,3,232,417
35081,"Parkdale--High Park/Parkdale--High Park"," 33","Toronto",30,0,1,94,0,7,0,108,0,240,466
35081,"Parkdale--High Park/Parkdale--High Park"," 34","Toronto",19,2,3,117,0,6,0,110,1,258,467
35081,"Parkdale--High Park/Parkdale--High Park"," 35","Toronto",28,0,1,79,0,5,2,114,0,229,440
35081,"Parkdale--High Park/Parkdale--High Park"," 36","Toronto",22,0,2,60,0,7,0,108,1,200,378
35081,"Parkdale--High Park/Parkdale--High Park"," 37","Toronto",37,0,0,38,1,3,0,112,1,192,356
35081,"Parkdale--High Park/Parkdale--High Park"," 38","Toronto",43,0,4,56,0,13,0,107,0,223,369
35081,"Parkdale--High Park/Parkdale--High Park"," 39A","Toronto",Merged with No./Fusionné avec le n°43A,,,,,,,,,,61
35081,"Parkdale--High Park/Parkdale--High Park"," 39B","Toronto",44,1,2,74,0,6,1,137,0,265,348
35081,"Parkdale--High Park/Parkdale--High Park"," 40","Toronto",24,1,1,94,0,4,1,117,0,242,386
35081,"Parkdale--High Park/Parkdale--High Park"," 41","Toronto",81,0,3,93,0,6,0,176,1,360,694
35081,"Parkdale--High Park/Parkdale--High Park"," 42","Toronto",40,1,0,61,0,4,0,61,0,167,310
35081,"Parkdale--High Park/Parkdale--High Park"," 43A","Toronto",17,0,5,78,0,10,0,64,0,174,145
35081,"Parkdale--High Park/Parkdale--High Park"," 43B","Toronto",Merged with No./Fusionné avec le n°39B,,,,,,,,,,56
35081,"Parkdale--High Park/Parkdale--High Park"," 43C","Toronto",Merged with No./Fusionné avec le n°422,,,,,,,,,,142
35081,"Parkdale--High Park/Parkdale--High Park"," 44A","Toronto",Merged with No./Fusionné avec le n°43A,,,,,,,,,,134
35081,"Parkdale--High Park/Parkdale--High Park"," 44B","Toronto",Merged with No./Fusionné avec le n°408,,,,,,,,,,31
35081,"Parkdale--High Park/Parkdale--High Park"," 44C","Toronto",26,1,0,40,0,5,0,66,0,138,217
35081,"Parkdale--High Park/Parkdale--High Park"," 45","Toronto",34,0,2,135,1,9,1,104,1,287,466
35081,"Parkdale--High Park/Parkdale--High Park"," 46","Toronto",31,2,5,147,2,3,2,118,4,314,502
35081,"Parkdale--High Park/Parkdale--High Park"," 47","Toronto",33,0,1,111,1,11,0,114,0,271,489
35081,"Parkdale--High Park/Parkdale--High Park"," 48","Toronto",20,2,1,84,0,11,0,105,3,226,422
35081,"Parkdale--High Park/Parkdale--High Park"," 49","Toronto",29,0,1,132,1,8,0,111,3,285,490
35081,"Parkdale--High Park/Parkdale--High Park"," 50","Toronto",31,0,0,83,1,7,0,101,0,223,374
35081,"Parkdale--High Park/Parkdale--High Park"," 51","Toronto",22,0,0,101,2,12,0,112,0,249,458
35081,"Parkdale--High Park/Parkdale--High Park"," 52","Toronto",25,0,3,105,1,14,0,103,0,251,460
35081,"Parkdale--High Park/Parkdale--High Park"," 53","Toronto",36,0,2,115,0,11,1,128,1,294,538
35081,"Parkdale--High Park/Parkdale--High Park"," 54","Toronto",48,0,2,77,1,11,0,107,0,246,375
35081,"Parkdale--High Park/Parkdale--High Park"," 55","Toronto",16,0,1,87,1,10,0,92,1,208,404
35081,"Parkdale--High Park/Parkdale--High Park"," 56","Toronto",41,0,6,71,1,4,0,91,2,216,373
35081,"Parkdale--High Park/Parkdale--High Park"," 57","Toronto",33,1,4,107,4,8,1,100,4,262,413
35081,"Parkdale--High Park/Parkdale--High Park"," 58A","Toronto",Merged with No./Fusionné avec le n°57,,,,,,,,,,65
35081,"Parkdale--High Park/Parkdale--High Park"," 58B","Toronto",19,0,0,88,0,10,1,64,1,183,302
35081,"Parkdale--High Park/Parkdale--High Park"," 59","Toronto",25,1,2,91,1,3,1,84,2,210,368
35081,"Parkdale--High Park/Parkdale--High Park"," 60","Toronto",23,1,2,111,1,6,0,85,0,229,426
35081,"Parkdale--High Park/Parkdale--High Park"," 61","Toronto",22,0,2,90,0,11,0,110,0,235,376
35081,"Parkdale--High Park/Parkdale--High Park"," 62","Toronto",32,2,2,130,1,6,1,120,1,295,549
35081,"Parkdale--High Park/Parkdale--High Park"," 63","Toronto",17,1,6,78,0,5,0,89,2,198,419
35081,"Parkdale--High Park/Parkdale--High Park"," 64","Toronto",20,2,1,85,0,4,0,123,2,237,429
35081,"Parkdale--High Park/Parkdale--High Park"," 65","Toronto",16,0,1,78,2,6,0,80,2,185,323
35081,"Parkdale--High Park/Parkdale--High Park"," 66","Toronto",16,2,3,135,0,10,0,134,1,301,446
35081,"Parkdale--High Park/Parkdale--High Park"," 67","Toronto",23,0,2,115,0,5,1,104,0,250,420
35081,"Parkdale--High Park/Parkdale--High Park"," 68","Toronto",9,0,1,101,1,6,0,80,1,199,358
35081,"Parkdale--High Park/Parkdale--High Park"," 69","Toronto",17,1,0,97,0,4,0,92,0,211,392
35081,"Parkdale--High Park/Parkdale--High Park"," 70","Toronto",19,1,1,57,2,5,0,75,0,160,291
35081,"Parkdale--High Park/Parkdale--High Park"," 71","Toronto",15,0,0,96,1,16,0,119,2,249,439
35081,"Parkdale--High Park/Parkdale--High Park"," 72","Toronto",25,2,5,125,1,8,1,116,1,284,511
35081,"Parkdale--High Park/Parkdale--High Park"," 73","Toronto",17,0,3,103,0,2,0,52,3,180,359
35081,"Parkdale--High Park/Parkdale--High Park"," 74","Toronto",15,0,2,97,0,7,0,91,1,213,392
35081,"Parkdale--High Park/Parkdale--High Park"," 75","Toronto",21,0,2,81,1,11,0,82,1,199,388
35081,"Parkdale--High Park/Parkdale--High Park"," 76","Toronto",11,0,1,67,0,6,0,53,2,140,337
35081,"Parkdale--High Park/Parkdale--High Park"," 77","Toronto",11,0,3,108,1,10,0,90,0,223,432
35081,"Parkdale--High Park/Parkdale--High Park"," 78","Toronto",19,0,1,111,0,16,0,67,1,215,456
35081,"Parkdale--High Park/Parkdale--High Park"," 79","Toronto",14,0,2,59,1,7,0,37,0,120,259
35081,"Parkdale--High Park/Parkdale--High Park"," 80","Toronto",25,2,9,73,2,1,2,96,7,217,399
35081,"Parkdale--High Park/Parkdale--High Park"," 81","Toronto",44,0,5,109,0,8,1,76,4,247,531
35081,"Parkdale--High Park/Parkdale--High Park"," 82","Toronto",12,0,3,114,3,10,1,70,0,213,402
35081,"Parkdale--High Park/Parkdale--High Park"," 83","Toronto",17,1,5,108,0,4,2,113,1,251,481
35081,"Parkdale--High Park/Parkdale--High Park"," 84","Toronto",18,1,6,103,0,7,0,87,0,222,473
35081,"Parkdale--High Park/Parkdale--High Park"," 85","Toronto",19,0,3,88,3,6,0,86,3,208,440
35081,"Parkdale--High Park/Parkdale--High Park"," 86","Toronto",22,0,4,76,3,2,1,86,1,195,354
35081,"Parkdale--High Park/Parkdale--High Park"," 87","Toronto",19,0,7,70,2,2,0,96,1,197,462
35081,"Parkdale--High Park/Parkdale--High Park"," 88","Toronto",27,1,3,114,2,5,0,121,2,275,580
35081,"Parkdale--High Park/Parkdale--High Park"," 89","Toronto",38,1,6,129,0,10,0,132,2,318,694
35081,"Parkdale--High Park/Parkdale--High Park"," 90","Toronto",9,0,1,118,0,9,1,84,3,225,411
35081,"Parkdale--High Park/Parkdale--High Park"," 91","Toronto",18,0,7,149,2,11,0,108,2,297,569
35081,"Parkdale--High Park/Parkdale--High Park"," 92","Toronto",14,1,8,71,0,7,1,82,0,184,394
35081,"Parkdale--High Park/Parkdale--High Park"," 93","Toronto",23,0,2,96,2,3,0,81,2,209,358
35081,"Parkdale--High Park/Parkdale--High Park"," 94","Toronto",23,1,7,116,2,7,1,87,3,247,479
35081,"Parkdale--High Park/Parkdale--High Park"," 95","Toronto",23,0,3,126,0,3,0,92,0,247,497
35081,"Parkdale--High Park/Parkdale--High Park"," 96","Toronto",31,0,2,156,1,11,0,106,5,312,639
35081,"Parkdale--High Park/Parkdale--High Park"," 97","Toronto",15,1,5,102,2,5,0,65,2,197,401
35081,"Parkdale--High Park/Parkdale--High Park"," 98","Toronto",17,1,3,104,3,15,0,70,1,214,404
35081,"Parkdale--High Park/Parkdale--High Park"," 99","Toronto",11,0,3,87,1,4,0,47,0,153,336
35081,"Parkdale--High Park/Parkdale--High Park"," 100","Toronto",25,0,2,140,0,5,0,81,2,255,529
35081,"Parkdale--High Park/Parkdale--High Park"," 101","Toronto",24,0,3,98,1,2,0,76,1,205,444
35081,"Parkdale--High Park/Parkdale--High Park"," 102","Toronto",16,0,3,88,0,3,1,63,2,176,434
35081,"Parkdale--High Park/Parkdale--High Park"," 103","Toronto",30,0,1,75,0,13,2,56,3,180,430
35081,"Parkdale--High Park/Parkdale--High Park"," 104","Toronto",13,0,1,123,1,5,0,63,0,206,499
35081,"Parkdale--High Park/Parkdale--High Park"," 105","Toronto",18,0,2,146,1,15,2,112,1,297,517
35081,"Parkdale--High Park/Parkdale--High Park"," 106","Toronto",64,1,10,47,2,7,1,87,3,222,472
35081,"Parkdale--High Park/Parkdale--High Park"," 107","Toronto",14,0,3,160,2,7,1,82,1,270,510
35081,"Parkdale--High Park/Parkdale--High Park"," 108","Toronto",13,0,1,80,2,4,1,72,1,174,342
35081,"Parkdale--High Park/Parkdale--High Park"," 109","Toronto",14,2,1,79,4,6,0,61,0,167,324
35081,"Parkdale--High Park/Parkdale--High Park"," 110","Toronto",17,1,2,90,0,8,0,62,1,181,316
35081,"Parkdale--High Park/Parkdale--High Park"," 111","Toronto",35,0,1,119,0,11,0,99,2,267,456
35081,"Parkdale--High Park/Parkdale--High Park"," 112","Toronto",42,0,3,115,0,11,0,134,0,305,513
35081,"Parkdale--High Park/Parkdale--High Park"," 113","Toronto",32,1,0,135,0,14,0,140,0,322,527
35081,"Parkdale--High Park/Parkdale--High Park"," 114","Toronto",33,1,0,128,0,8,1,129,0,300,459
35081,"Parkdale--High Park/Parkdale--High Park"," 115","Toronto",14,0,0,122,0,4,0,90,1,231,392
35081,"Parkdale--High Park/Parkdale--High Park"," 116","Toronto",43,0,0,67,1,4,0,88,2,205,363
35081,"Parkdale--High Park/Parkdale--High Park"," 117","Toronto",38,0,3,89,0,9,1,90,0,230,507
35081,"Parkdale--High Park/Parkdale--High Park"," 118","Toronto",45,2,4,102,0,9,0,110,0,272,671
35081,"Parkdale--High Park/Parkdale--High Park"," 119A","Toronto",37,1,6,49,0,3,1,124,0,221,347
35081,"Parkdale--High Park/Parkdale--High Park"," 119B","Toronto",Merged with No./Fusionné avec le n°119-1,,,,,,,,,,40
35081,"Parkdale--High Park/Parkdale--High Park"," 119-1","Toronto",15,0,3,13,0,2,0,35,0,68,93
35081,"Parkdale--High Park/Parkdale--High Park"," 120","Toronto",36,0,3,33,1,4,0,54,1,132,211
35081,"Parkdale--High Park/Parkdale--High Park"," 121","Toronto",60,0,2,59,0,6,1,154,0,282,493
35081,"Parkdale--High Park/Parkdale--High Park"," 122","Toronto",42,1,4,79,0,12,0,123,1,262,483
35081,"Parkdale--High Park/Parkdale--High Park"," 123","Toronto",46,1,2,95,0,1,1,159,1,306,477
35081,"Parkdale--High Park/Parkdale--High Park"," 124","Toronto",48,0,2,107,0,4,0,126,0,287,466
35081,"Parkdale--High Park/Parkdale--High Park"," 125","Toronto",31,0,3,101,0,7,0,107,0,249,406
35081,"Parkdale--High Park/Parkdale--High Park"," 126","Toronto",36,0,0,83,2,5,0,131,1,258,433
35081,"Parkdale--High Park/Parkdale--High Park"," 127","Toronto",32,0,2,61,0,4,0,65,2,166,302
35081,"Parkdale--High Park/Parkdale--High Park"," 128","Toronto",28,0,0,59,0,9,0,113,2,211,349
35081,"Parkdale--High Park/Parkdale--High Park"," 129","Toronto",25,0,1,65,0,4,2,83,1,181,328
35081,"Parkdale--High Park/Parkdale--High Park"," 130","York",63,1,0,103,0,6,0,106,1,280,481
35081,"Parkdale--High Park/Parkdale--High Park"," 131","York",51,0,3,103,0,11,0,119,1,288,530
35081,"Parkdale--High Park/Parkdale--High Park"," 132","York",45,0,2,91,0,4,0,117,0,259,446
35081,"Parkdale--High Park/Parkdale--High Park"," 133","York",52,1,1,58,3,4,0,89,0,208,360
35081,"Parkdale--High Park/Parkdale--High Park"," 134","York",33,0,2,75,0,5,0,84,0,199,370
35081,"Parkdale--High Park/Parkdale--High Park"," 135","York",42,0,1,73,0,12,0,137,0,265,499
35081,"Parkdale--High Park/Parkdale--High Park"," 136","York",83,0,1,57,1,13,0,103,2,260,544
35081,"Parkdale--High Park/Parkdale--High Park"," 137","York",Void/Supprimé,,,,,,,,,,
35081,"Parkdale--High Park/Parkdale--High Park"," 138A","York",22,0,1,48,0,0,0,44,0,115,157
35081,"Parkdale--High Park/Parkdale--High Park"," 138B","York",Merged with No./Fusionné avec le n°139A,,,,,,,,,,23
35081,"Parkdale--High Park/Parkdale--High Park"," 139A","York",40,0,7,60,1,3,1,80,2,194,273
35081,"Parkdale--High Park/Parkdale--High Park"," 139B","York",Merged with No./Fusionné avec le n°138A,,,,,,,,,,52
35081,"Parkdale--High Park/Parkdale--High Park"," 140","York",55,1,6,104,2,3,0,122,4,297,471
35081,"Parkdale--High Park/Parkdale--High Park"," 141","York",61,0,1,105,2,7,0,120,1,297,458
35081,"Parkdale--High Park/Parkdale--High Park"," 142","York",63,0,5,66,0,2,0,113,6,255,473
35081,"Parkdale--High Park/Parkdale--High Park"," 143","Toronto",31,0,1,63,0,4,2,105,1,207,362
35081,"Parkdale--High Park/Parkdale--High Park"," 144","Toronto",49,0,2,67,0,6,0,117,1,242,438
35081,"Parkdale--High Park/Parkdale--High Park"," 145","Toronto",29,1,0,64,0,5,2,78,0,179,242
35081,"Parkdale--High Park/Parkdale--High Park"," 146","Toronto",54,2,2,86,2,6,0,112,1,265,377
35081,"Parkdale--High Park/Parkdale--High Park"," 147","York",50,0,1,56,0,3,0,78,0,188,332
35081,"Parkdale--High Park/Parkdale--High Park"," 148A","York",52,0,0,45,0,12,0,114,1,224,397
35081,"Parkdale--High Park/Parkdale--High Park"," 148B","York",27,0,1,17,0,1,0,54,0,100,150
35081,"Parkdale--High Park/Parkdale--High Park"," 148C","York",50,0,4,33,1,1,0,99,2,190,274
35081,"Parkdale--High Park/Parkdale--High Park"," 149","Toronto",37,0,0,71,1,6,0,86,0,201,354
35081,"Parkdale--High Park/Parkdale--High Park"," 150","Toronto",49,0,0,65,0,2,0,58,0,174,319
35081,"Parkdale--High Park/Parkdale--High Park"," 151","Toronto",46,0,3,44,0,11,0,81,0,185,379
35081,"Parkdale--High Park/Parkdale--High Park"," 152","Toronto",38,0,2,42,1,2,0,94,0,179,330
35081,"Parkdale--High Park/Parkdale--High Park"," 153","Toronto",63,0,2,48,0,5,0,72,0,190,374
35081,"Parkdale--High Park/Parkdale--High Park"," 154","Toronto",57,0,2,56,1,7,1,88,1,213,425
35081,"Parkdale--High Park/Parkdale--High Park"," 155","Toronto",33,0,0,71,0,7,1,140,0,252,441
35081,"Parkdale--High Park/Parkdale--High Park"," 156","Toronto",69,0,3,99,0,10,0,114,2,297,518
35081,"Parkdale--High Park/Parkdale--High Park"," 157","Toronto",32,1,1,66,1,10,0,119,0,230,462
35081,"Parkdale--High Park/Parkdale--High Park"," 158","Toronto",26,0,0,42,0,2,0,98,1,169,319
35081,"Parkdale--High Park/Parkdale--High Park"," 159","Toronto",28,0,0,63,0,3,0,65,0,159,296
35081,"Parkdale--High Park/Parkdale--High Park"," 160","Toronto",9,0,0,14,0,0,0,8,0,31,48
35081,"Parkdale--High Park/Parkdale--High Park"," 161A","Toronto",50,1,3,58,0,6,0,77,0,195,306
35081,"Parkdale--High Park/Parkdale--High Park"," 161B","Toronto",39,1,0,63,0,5,0,106,0,214,303
35081,"Parkdale--High Park/Parkdale--High Park"," 162","Toronto",22,2,0,109,2,7,0,92,1,235,478
35081,"Parkdale--High Park/Parkdale--High Park"," 400","Toronto",29,0,4,72,2,9,0,84,0,200,287
35081,"Parkdale--High Park/Parkdale--High Park"," 401","Toronto",34,0,4,45,1,7,0,100,0,191,275
35081,"Parkdale--High Park/Parkdale--High Park"," 402","Toronto",15,1,0,92,2,9,1,93,0,213,337
35081,"Parkdale--High Park/Parkdale--High Park"," 403","Toronto",40,2,7,109,0,2,1,108,4,273,454
35081,"Parkdale--High Park/Parkdale--High Park"," 404","Toronto",28,0,7,48,0,3,0,97,0,183,264
35081,"Parkdale--High Park/Parkdale--High Park"," 405","Toronto",19,0,2,70,1,5,0,84,0,181,261
35081,"Parkdale--High Park/Parkdale--High Park"," 406","Toronto",33,0,2,68,3,7,1,132,0,246,351
35081,"Parkdale--High Park/Parkdale--High Park"," 407","Toronto",23,0,3,52,2,7,1,77,0,165,248
35081,"Parkdale--High Park/Parkdale--High Park"," 408","Toronto",46,0,9,97,1,8,0,128,2,291,418
35081,"Parkdale--High Park/Parkdale--High Park"," 409","Toronto",37,2,7,75,3,4,0,109,5,242,438
35081,"Parkdale--High Park/Parkdale--High Park"," 410","Toronto",50,0,13,74,1,9,0,135,2,284,459
35081,"Parkdale--High Park/Parkdale--High Park"," 411","Toronto",17,0,4,81,7,3,0,120,1,233,410
35081,"Parkdale--High Park/Parkdale--High Park"," 412","Toronto",32,2,2,80,1,6,1,111,0,235,436
35081,"Parkdale--High Park/Parkdale--High Park"," 413","Toronto",43,2,4,32,0,3,1,52,0,137,230
35081,"Parkdale--High Park/Parkdale--High Park"," 414","Toronto",45,0,3,58,0,4,0,110,1,221,316
35081,"Parkdale--High Park/Parkdale--High Park"," 415","Toronto",49,1,5,95,0,3,1,124,2,280,397
35081,"Parkdale--High Park/Parkdale--High Park"," 416","Toronto",40,1,1,35,0,2,0,69,0,148,204
35081,"Parkdale--High Park/Parkdale--High Park"," 417","Toronto",68,1,7,58,0,6,0,122,2,264,385
35081,"Parkdale--High Park/Parkdale--High Park"," 418A","Toronto",25,0,5,34,0,4,0,80,2,150,240
35081,"Parkdale--High Park/Parkdale--High Park"," 418B","Toronto",22,0,4,32,0,4,0,99,0,161,240
35081,"Parkdale--High Park/Parkdale--High Park"," 419A","Toronto",20,0,3,30,1,6,0,84,1,145,233
35081,"Parkdale--High Park/Parkdale--High Park"," 419B","Toronto",28,1,2,32,1,5,0,61,0,130,214
35081,"Parkdale--High Park/Parkdale--High Park"," 420","Toronto",6,0,1,7,0,0,0,23,0,37,102
35081,"Parkdale--High Park/Parkdale--High Park"," 421","Toronto",21,1,13,72,1,1,0,116,2,227,402
35081,"Parkdale--High Park/Parkdale--High Park"," 422","Toronto",79,1,3,102,2,9,2,166,1,365,363
35081,"Parkdale--High Park/Parkdale--High Park"," 423","Toronto",49,1,3,85,0,8,0,122,2,270,421
35081,"Parkdale--High Park/Parkdale--High Park"," 424","Toronto",26,0,4,105,1,5,2,123,2,268,376
35081,"Parkdale--High Park/Parkdale--High Park"," 425","Toronto",26,0,6,64,1,9,0,73,1,180,281
35081,"Parkdale--High Park/Parkdale--High Park"," 426","Toronto",26,0,8,83,0,7,0,66,1,191,312
35081,"Parkdale--High Park/Parkdale--High Park"," 427","Toronto",12,1,0,57,1,5,0,58,0,134,198
35081,"Parkdale--High Park/Parkdale--High Park"," 428","Toronto",30,0,3,70,2,12,0,75,2,194,303
35081,"Parkdale--High Park/Parkdale--High Park"," 429","Toronto",33,1,2,59,1,4,2,84,1,187,276
35081,"Parkdale--High Park/Parkdale--High Park"," 430","Toronto",48,1,3,52,2,4,0,84,1,195,281
35081,"Parkdale--High Park/Parkdale--High Park"," 431","Toronto",29,0,4,20,0,0,1,45,2,101,203
35081,"Parkdale--High Park/Parkdale--High Park"," 432","York",17,2,5,56,2,1,1,102,0,186,171
35081,"Parkdale--High Park/Parkdale--High Park"," 433","York",Merged with No./Fusionné avec le n°432,,,,,,,,,,163
35081,"Parkdale--High Park/Parkdale--High Park"," 434","York",6,1,1,28,0,0,4,70,0,110,252
35081,"Parkdale--High Park/Parkdale--High Park"," 500","Mobile poll/Bureau itinérant",10,0,1,10,1,2,0,30,2,56,65
35081,"Parkdale--High Park/Parkdale--High Park"," 501A","Mobile poll/Bureau itinérant",9,0,2,17,3,3,2,16,3,55,135
35081,"Parkdale--High Park/Parkdale--High Park"," 501B","Mobile poll/Bureau itinérant",Merged with No./Fusionné avec le n°500,,,,,,,,,,76
35081,"Parkdale--High Park/Parkdale--High Park"," 600","York",170,0,3,346,1,18,2,516,0,1056,
35081,"Parkdale--High Park/Parkdale--High Park"," 601","York",129,2,6,616,0,49,2,477,4,1285,
35081,"Parkdale--High Park/Parkdale--High Park"," 602","Toronto",57,0,7,537,3,37,3,397,2,1043,
35081,"Parkdale--High Park/Parkdale--High Park"," 603","Toronto",93,0,5,496,1,31,1,340,6,973,
35081,"Parkdale--High Park/Parkdale--High Park"," 604","Toronto",53,0,3,291,1,17,2,242,2,611,
35081,"Parkdale--High Park/Parkdale--High Park"," 605","Toronto",151,0,1,410,1,38,0,525,1,1127,
35081,"Parkdale--High Park/Parkdale--High Park"," 606","Toronto",223,1,4,376,1,32,1,564,4,1206,
35081,"Parkdale--High Park/Parkdale--High Park"," 607","Toronto",59,1,3,124,1,9,0,179,1,377,
35081,"Parkdale--High Park/Parkdale--High Park"," 608","Toronto",77,2,5,613,3,36,0,466,2,1204,
35081,"Parkdale--High Park/Parkdale--High Park"," 609","Toronto",73,1,8,659,5,37,0,441,3,1227,
35081,"Parkdale--High Park/Parkdale--High Park"," 610","Toronto",84,0,9,550,1,26,1,294,3,968,
35081,"Parkdale--High Park/Parkdale--High Park"," 611","Toronto",79,0,11,421,4,23,0,240,5,783,
35081,"Parkdale--High Park/Parkdale--High Park",,"Group 1/Groupe 1",12,0,3,73,1,1,1,48,6,145,166
35081,"Parkdale--High Park/Parkdale--High Park",,"Group 2/Groupe 2",134,7,11,1075,5,56,5,552,20,1865,
