﻿Electoral District Number/Numéro de circonscription,Electoral District Name/Nom de circonscription,Polling Station Number/Numéro du bureau de scrutin,Polling Station Name/Nom du bureau de scrutin,Scott Brison,Megan Brown-Hodges,Will Cooper,Hugh Curry,David Morse,Edd Twohig,Clifford James Williams,Rejected Ballots/Bulletins rejetés,Total Votes/Total des votes,Electors/Électeurs
12007,"Kings--Hants/Kings--Hants"," 1","Maitland",168,2,10,27,46,0,0,1,254,448
12007,"Kings--Hants/Kings--Hants"," 2","Noel",98,0,1,6,26,0,0,0,131,263
12007,"Kings--Hants/Kings--Hants"," 3","East Noel",60,0,0,4,22,0,1,1,88,387
12007,"Kings--Hants/Kings--Hants"," 4","Noel Road",87,0,2,4,28,0,0,1,122,347
12007,"Kings--Hants/Kings--Hants"," 5","Minasville",78,0,3,6,16,1,0,1,105,217
12007,"Kings--Hants/Kings--Hants"," 6","East Walton",70,1,3,4,13,0,0,0,91,161
12007,"Kings--Hants/Kings--Hants"," 7","Latties Brook",93,0,3,16,34,0,0,1,147,367
12007,"Kings--Hants/Kings--Hants"," 8","Kennetcook",93,0,3,11,32,1,0,3,143,294
12007,"Kings--Hants/Kings--Hants"," 9","Shubenacadie",136,0,19,19,50,0,0,4,228,443
12007,"Kings--Hants/Kings--Hants"," 10","Shubenacadie",115,0,6,3,28,0,0,1,153,322
12007,"Kings--Hants/Kings--Hants"," 11","Shubenacadie",74,1,3,9,24,0,0,1,112,244
12007,"Kings--Hants/Kings--Hants"," 12","Shubenacadie",84,0,2,20,19,0,0,1,126,242
12007,"Kings--Hants/Kings--Hants"," 13","Shubenacadie",111,0,6,9,32,0,0,2,160,282
12007,"Kings--Hants/Kings--Hants"," 14","Milford Station",166,0,10,21,36,1,0,0,234,471
12007,"Kings--Hants/Kings--Hants"," 15","Micmac",177,0,4,16,3,0,1,2,203,285
12007,"Kings--Hants/Kings--Hants"," 16","Micmac",238,0,1,18,1,0,1,12,271,453
12007,"Kings--Hants/Kings--Hants"," 17","Nine Mile River",197,1,5,20,48,0,0,1,272,478
12007,"Kings--Hants/Kings--Hants"," 18","Nine Mile River",175,2,11,31,46,1,1,0,267,461
12007,"Kings--Hants/Kings--Hants"," 19","Carrolls Corner",111,2,7,13,24,1,0,0,158,315
12007,"Kings--Hants/Kings--Hants"," 20","Milford Station",179,0,7,16,49,0,1,1,253,464
12007,"Kings--Hants/Kings--Hants"," 21","Lantz",126,0,6,11,32,0,0,0,175,369
12007,"Kings--Hants/Kings--Hants"," 22","Lantz",84,0,4,6,32,2,1,2,131,237
12007,"Kings--Hants/Kings--Hants"," 23","Lantz",75,1,5,10,15,0,1,0,107,212
12007,"Kings--Hants/Kings--Hants"," 24","Lantz",113,0,3,9,31,0,0,2,158,333
12007,"Kings--Hants/Kings--Hants"," 25","Lantz",128,0,4,6,33,0,0,1,172,276
12007,"Kings--Hants/Kings--Hants"," 26","Lantz",132,0,4,4,18,0,1,0,159,275
12007,"Kings--Hants/Kings--Hants"," 27","Lantz",85,1,1,15,34,0,0,1,137,267
12007,"Kings--Hants/Kings--Hants"," 28","Elmsdale",137,0,4,19,33,1,0,0,194,354
12007,"Kings--Hants/Kings--Hants"," 29","Elmsdale",134,1,2,7,23,1,0,1,169,309
12007,"Kings--Hants/Kings--Hants"," 30","Elmsdale",163,0,9,16,24,0,0,2,214,371
12007,"Kings--Hants/Kings--Hants"," 31","Elmsdale",131,0,5,13,25,0,1,0,175,313
12007,"Kings--Hants/Kings--Hants"," 32","Rawdon Gold Mines",97,1,6,7,25,1,0,0,137,247
12007,"Kings--Hants/Kings--Hants"," 33","Rawdon Gold Mines",130,0,7,12,35,0,0,1,185,311
12007,"Kings--Hants/Kings--Hants"," 34","Rawdon Gold Mines",112,0,3,11,24,0,0,0,150,326
12007,"Kings--Hants/Kings--Hants"," 35","Gore",170,3,4,12,43,0,1,1,234,516
12007,"Kings--Hants/Kings--Hants"," 36","Clarksville",98,1,4,5,23,0,1,1,133,262
12007,"Kings--Hants/Kings--Hants"," 37","Pembroke",179,1,5,14,28,0,0,1,228,412
12007,"Kings--Hants/Kings--Hants"," 38","Scots Bay",75,1,6,3,12,0,0,0,97,141
12007,"Kings--Hants/Kings--Hants"," 39","Pereaux",143,2,16,11,35,0,0,2,209,444
12007,"Kings--Hants/Kings--Hants"," 40","Canning",144,1,7,17,35,0,0,2,206,386
12007,"Kings--Hants/Kings--Hants"," 41","Canning",139,0,12,22,26,0,1,1,201,389
12007,"Kings--Hants/Kings--Hants"," 42","Canning",96,1,4,7,15,1,0,0,124,267
12007,"Kings--Hants/Kings--Hants"," 43","Kingsport",133,1,9,11,33,0,2,0,189,337
12007,"Kings--Hants/Kings--Hants"," 44","Hortonville",140,0,2,26,33,2,0,1,204,377
12007,"Kings--Hants/Kings--Hants"," 45","Grand Pré",120,1,3,6,32,2,0,0,164,302
12007,"Kings--Hants/Kings--Hants"," 46","Summerville",116,1,3,2,30,0,1,0,153,253
12007,"Kings--Hants/Kings--Hants"," 47","Summerville",135,2,6,1,27,0,0,0,171,304
12007,"Kings--Hants/Kings--Hants"," 48","Centre Burlington",140,0,8,10,26,0,2,0,186,412
12007,"Kings--Hants/Kings--Hants"," 49","Scotch Village",103,0,5,16,36,0,1,0,161,279
12007,"Kings--Hants/Kings--Hants"," 50","Scotch Village",94,0,4,12,24,0,1,2,137,233
12007,"Kings--Hants/Kings--Hants"," 51","Brooklyn",182,1,7,4,42,0,1,1,238,391
12007,"Kings--Hants/Kings--Hants"," 52","Mantua",128,0,3,3,24,0,0,0,158,269
12007,"Kings--Hants/Kings--Hants"," 53","Newport Corner",105,0,3,4,24,0,0,0,136,272
12007,"Kings--Hants/Kings--Hants"," 54","Ardoise",97,0,5,10,52,1,1,0,166,284
12007,"Kings--Hants/Kings--Hants"," 55","Ardoise",112,0,3,7,10,1,1,1,135,276
12007,"Kings--Hants/Kings--Hants"," 56","Ardoise",143,0,6,8,37,1,0,1,196,309
12007,"Kings--Hants/Kings--Hants"," 57","South Rawdon",145,1,7,18,29,0,1,1,202,371
12007,"Kings--Hants/Kings--Hants"," 58","East Uniacke",120,2,4,21,30,2,0,1,180,381
12007,"Kings--Hants/Kings--Hants"," 59","Mount Uniacke",135,0,4,9,40,0,0,1,189,389
12007,"Kings--Hants/Kings--Hants"," 60","Mount Uniacke",95,2,6,8,8,1,0,0,120,281
12007,"Kings--Hants/Kings--Hants"," 61","Mount Uniacke",114,1,3,7,34,0,0,0,159,323
12007,"Kings--Hants/Kings--Hants"," 62","Mount Uniacke",112,1,8,14,29,0,0,0,164,318
12007,"Kings--Hants/Kings--Hants"," 63","Mount Uniacke",118,0,11,14,41,2,0,0,186,397
12007,"Kings--Hants/Kings--Hants"," 64","Etter Settlement",67,0,7,16,33,0,0,0,123,287
12007,"Kings--Hants/Kings--Hants"," 65","South Uniacke",173,1,6,19,23,1,0,2,225,441
12007,"Kings--Hants/Kings--Hants"," 66","Ellershouse",84,0,4,9,33,0,0,2,132,256
12007,"Kings--Hants/Kings--Hants"," 67","Ellershouse",133,0,4,10,38,0,2,0,187,336
12007,"Kings--Hants/Kings--Hants"," 68","Sainte-Croix",184,0,11,18,35,0,1,0,249,360
12007,"Kings--Hants/Kings--Hants"," 69","Three Mile Plains",119,0,2,4,38,0,0,1,164,345
12007,"Kings--Hants/Kings--Hants"," 70","Three Mile Plains",128,2,2,7,29,0,0,0,168,331
12007,"Kings--Hants/Kings--Hants"," 71","Three Mile Plains",106,0,1,3,12,0,0,0,122,296
12007,"Kings--Hants/Kings--Hants"," 72","Three Mile Plains",131,1,7,16,29,0,0,0,184,332
12007,"Kings--Hants/Kings--Hants"," 73","Three Mile Plains",100,0,2,5,18,0,0,29,154,310
12007,"Kings--Hants/Kings--Hants"," 74","Newport Station",152,0,4,8,25,0,0,0,189,405
12007,"Kings--Hants/Kings--Hants"," 75","Windsor Forks",153,1,5,9,49,0,0,0,217,392
12007,"Kings--Hants/Kings--Hants"," 76","Windsor Forks",99,0,7,2,16,0,2,0,126,277
12007,"Kings--Hants/Kings--Hants"," 77","Sweets Corners",159,0,5,11,45,2,0,2,224,416
12007,"Kings--Hants/Kings--Hants"," 78","Avondale",159,2,14,14,43,0,0,1,233,375
12007,"Kings--Hants/Kings--Hants"," 79","Mount Denson",98,1,5,8,14,0,0,1,127,238
12007,"Kings--Hants/Kings--Hants"," 80","Hants Border",119,1,2,13,18,2,1,1,157,339
12007,"Kings--Hants/Kings--Hants"," 81","Hantsport",109,1,1,11,18,0,1,1,142,304
12007,"Kings--Hants/Kings--Hants"," 82","Hants Border",133,3,8,16,31,0,1,0,192,405
12007,"Kings--Hants/Kings--Hants"," 83","Hants Border",132,1,11,17,25,1,3,0,190,381
12007,"Kings--Hants/Kings--Hants"," 84","Hantsport",156,0,3,12,31,1,1,0,204,374
12007,"Kings--Hants/Kings--Hants"," 85","Hants Border",79,0,2,10,14,0,0,0,105,220
12007,"Kings--Hants/Kings--Hants"," 86","Avonport",156,1,4,21,36,1,0,0,219,345
12007,"Kings--Hants/Kings--Hants"," 87","Avonport",125,0,3,17,37,0,1,0,183,322
12007,"Kings--Hants/Kings--Hants"," 88","Gaspereau",112,1,11,12,45,0,0,2,183,410
12007,"Kings--Hants/Kings--Hants"," 89","Falmouth",149,1,8,12,25,0,0,1,196,295
12007,"Kings--Hants/Kings--Hants"," 90","Falmouth",109,0,4,3,20,0,0,0,136,236
12007,"Kings--Hants/Kings--Hants"," 91","Falmouth",192,1,4,11,43,0,0,2,253,447
12007,"Kings--Hants/Kings--Hants"," 92","Falmouth",126,0,4,5,36,1,0,1,173,338
12007,"Kings--Hants/Kings--Hants"," 93","Falmouth",163,1,4,6,41,1,0,1,217,351
12007,"Kings--Hants/Kings--Hants"," 94","Falmouth",136,1,7,11,35,0,0,1,191,311
12007,"Kings--Hants/Kings--Hants"," 95","Upper Falmouth",103,0,6,10,27,1,0,1,148,251
12007,"Kings--Hants/Kings--Hants"," 96","Windsor",84,0,1,6,15,0,1,0,107,248
12007,"Kings--Hants/Kings--Hants"," 97","Windsor",121,0,3,13,26,0,1,1,165,380
12007,"Kings--Hants/Kings--Hants"," 98","Windsor",132,0,3,5,23,0,1,4,168,383
12007,"Kings--Hants/Kings--Hants"," 99","Windsor",132,2,6,9,21,0,0,0,170,349
12007,"Kings--Hants/Kings--Hants"," 100","Windsor",121,0,2,7,26,0,0,0,156,347
12007,"Kings--Hants/Kings--Hants"," 101A","Windsor",102,0,4,14,30,0,0,0,150,267
12007,"Kings--Hants/Kings--Hants"," 101B","Windsor",68,0,4,2,14,0,0,0,88,113
12007,"Kings--Hants/Kings--Hants"," 102","Windsor",115,1,7,11,24,1,0,0,159,359
12007,"Kings--Hants/Kings--Hants"," 103","Windsor",118,0,2,7,20,0,0,0,147,316
12007,"Kings--Hants/Kings--Hants"," 104","White Rock",139,0,10,16,34,0,1,0,200,347
12007,"Kings--Hants/Kings--Hants"," 105","White Rock",102,2,11,28,57,0,1,1,202,351
12007,"Kings--Hants/Kings--Hants"," 106","White Rock",129,2,1,12,42,0,1,0,187,340
12007,"Kings--Hants/Kings--Hants"," 107","White Rock",139,1,10,13,22,1,2,1,189,307
12007,"Kings--Hants/Kings--Hants"," 108","Greenwich",184,1,6,19,33,0,0,2,245,392
12007,"Kings--Hants/Kings--Hants"," 109","Gaspereau",104,0,7,13,43,0,0,0,167,324
12007,"Kings--Hants/Kings--Hants"," 110","Port Williams",119,0,14,7,49,0,0,0,189,310
12007,"Kings--Hants/Kings--Hants"," 111","Port Williams",181,3,9,8,47,0,0,0,248,402
12007,"Kings--Hants/Kings--Hants"," 112","Port Williams",152,2,10,7,41,0,1,0,213,339
12007,"Kings--Hants/Kings--Hants"," 113","Port Williams",144,1,8,6,29,0,0,0,188,302
12007,"Kings--Hants/Kings--Hants"," 114","Glenmont",82,1,13,8,33,0,0,0,137,328
12007,"Kings--Hants/Kings--Hants"," 115","Sheffield Mills",121,3,7,11,35,3,2,0,182,352
12007,"Kings--Hants/Kings--Hants"," 116","Canard",80,0,8,10,32,0,0,1,131,224
12007,"Kings--Hants/Kings--Hants"," 117","Halls Harbour",104,1,5,9,27,0,0,0,146,270
12007,"Kings--Hants/Kings--Hants"," 118","Centreville",101,2,5,8,45,0,0,0,161,318
12007,"Kings--Hants/Kings--Hants"," 119","Centreville",126,0,12,16,63,2,1,0,220,456
12007,"Kings--Hants/Kings--Hants"," 120","Aldershot",138,3,9,20,53,0,0,0,223,435
12007,"Kings--Hants/Kings--Hants"," 121","Aldershot",102,3,8,17,54,0,0,1,185,356
12007,"Kings--Hants/Kings--Hants"," 122","Centreville",100,0,3,17,36,1,0,0,157,284
12007,"Kings--Hants/Kings--Hants"," 123","Centreville",138,1,10,14,37,0,0,0,200,354
12007,"Kings--Hants/Kings--Hants"," 124","Centreville",128,0,6,16,40,0,0,0,190,423
12007,"Kings--Hants/Kings--Hants"," 125","Kentville",88,0,7,14,26,0,0,0,135,313
12007,"Kings--Hants/Kings--Hants"," 126","Kentville",131,1,8,25,28,1,1,0,195,508
12007,"Kings--Hants/Kings--Hants"," 127","Kentville",73,1,3,13,28,0,0,1,119,300
12007,"Kings--Hants/Kings--Hants"," 128","Kentville",111,1,8,16,38,0,0,0,174,338
12007,"Kings--Hants/Kings--Hants"," 129","Kentville",92,0,8,17,32,0,0,0,149,290
12007,"Kings--Hants/Kings--Hants"," 130","Kentville",88,0,7,10,39,0,1,0,145,285
12007,"Kings--Hants/Kings--Hants"," 131","Kentville",120,0,6,3,44,0,0,1,174,309
12007,"Kings--Hants/Kings--Hants"," 132","New Minas",114,1,5,8,42,0,0,0,170,364
12007,"Kings--Hants/Kings--Hants"," 133","New Minas",106,0,4,9,17,0,1,0,137,312
12007,"Kings--Hants/Kings--Hants"," 134","New Minas",77,0,1,11,26,0,0,0,115,275
12007,"Kings--Hants/Kings--Hants"," 135","New Minas",64,0,2,5,27,0,0,0,98,295
12007,"Kings--Hants/Kings--Hants"," 136","New Minas",69,1,5,6,30,3,0,0,114,275
12007,"Kings--Hants/Kings--Hants"," 137","New Minas",95,2,3,13,25,0,0,0,138,318
12007,"Kings--Hants/Kings--Hants"," 138","New Minas",123,0,8,10,31,1,1,0,174,376
12007,"Kings--Hants/Kings--Hants"," 139","New Minas",58,0,1,2,33,1,1,0,96,251
12007,"Kings--Hants/Kings--Hants"," 140","New Minas",112,0,1,10,39,0,0,0,162,332
12007,"Kings--Hants/Kings--Hants"," 141","New Minas",70,0,2,12,30,0,0,1,115,303
12007,"Kings--Hants/Kings--Hants"," 142","New Minas",105,0,6,19,36,0,0,0,166,374
12007,"Kings--Hants/Kings--Hants"," 143","Kentville",146,2,2,15,36,0,2,2,205,404
12007,"Kings--Hants/Kings--Hants"," 144","Kentville",90,0,7,8,27,1,0,0,133,313
12007,"Kings--Hants/Kings--Hants"," 145","Kentville",168,1,4,11,31,1,0,0,216,476
12007,"Kings--Hants/Kings--Hants"," 146","Kentville",140,0,10,10,25,0,0,0,185,364
12007,"Kings--Hants/Kings--Hants"," 147","Kentville",104,0,8,19,24,0,0,0,155,370
12007,"Kings--Hants/Kings--Hants"," 148","Kentville",127,1,9,7,27,1,0,0,172,342
12007,"Kings--Hants/Kings--Hants"," 149","Kentville",134,0,4,12,31,9,0,0,190,403
12007,"Kings--Hants/Kings--Hants"," 150","Kentville",125,3,5,22,44,3,0,0,202,410
12007,"Kings--Hants/Kings--Hants"," 151","Kentville",176,0,13,22,58,4,1,0,274,539
12007,"Kings--Hants/Kings--Hants"," 152","Kentville",189,1,11,14,58,0,0,1,274,423
12007,"Kings--Hants/Kings--Hants"," 153","Kentville",170,0,5,7,54,1,0,0,237,405
12007,"Kings--Hants/Kings--Hants"," 154","Kentville",143,0,1,17,48,1,1,0,211,425
12007,"Kings--Hants/Kings--Hants"," 155","Coldbrook",144,0,4,11,25,0,1,0,185,361
12007,"Kings--Hants/Kings--Hants"," 156","Coldbrook",127,1,11,15,36,1,0,1,192,392
12007,"Kings--Hants/Kings--Hants"," 157","Coldbrook",139,0,8,12,55,0,2,0,216,359
12007,"Kings--Hants/Kings--Hants"," 158","Coldbrook",134,1,5,8,45,0,0,2,195,310
12007,"Kings--Hants/Kings--Hants"," 159","Coldbrook",109,1,3,8,36,1,0,1,159,280
12007,"Kings--Hants/Kings--Hants"," 160","Coldbrook",145,2,1,11,44,1,1,0,205,373
12007,"Kings--Hants/Kings--Hants"," 161","Lakeville",133,2,7,11,51,3,0,0,207,357
12007,"Kings--Hants/Kings--Hants"," 162","Lakeville",160,0,10,18,47,1,0,0,236,393
12007,"Kings--Hants/Kings--Hants"," 163","Kinsmans Corner",149,0,5,22,53,0,0,0,229,397
12007,"Kings--Hants/Kings--Hants"," 164","Kinsmans Corner",162,2,7,10,43,0,0,0,224,406
12007,"Kings--Hants/Kings--Hants"," 165","Canada Creek",98,1,8,9,47,0,1,0,164,244
12007,"Kings--Hants/Kings--Hants"," 166","Cambridge",173,0,7,13,58,0,0,1,252,445
12007,"Kings--Hants/Kings--Hants"," 167","Cambridge",71,1,5,10,19,0,0,3,109,236
12007,"Kings--Hants/Kings--Hants"," 168","Cambridge",112,1,4,9,38,1,3,2,170,295
12007,"Kings--Hants/Kings--Hants"," 169","North Alton",152,3,10,8,40,0,1,1,215,327
12007,"Kings--Hants/Kings--Hants"," 170","North Alton",143,1,4,10,65,3,1,1,228,424
12007,"Kings--Hants/Kings--Hants"," 171","North Alton",116,3,6,10,56,1,0,0,192,316
12007,"Kings--Hants/Kings--Hants"," 172","North Alton",147,0,4,13,52,0,0,0,216,387
12007,"Kings--Hants/Kings--Hants"," 173","South Alton",120,2,5,13,53,0,0,2,195,366
12007,"Kings--Hants/Kings--Hants"," 174","Upper Vaughan",166,2,6,9,46,0,0,0,229,386
12007,"Kings--Hants/Kings--Hants"," 175","Upper Vaughan",100,0,3,6,45,0,0,0,154,318
12007,"Kings--Hants/Kings--Hants"," 176","Wolfville",129,1,12,13,27,1,0,0,183,374
12007,"Kings--Hants/Kings--Hants"," 177","Wolfville",155,1,10,15,26,1,0,0,208,344
12007,"Kings--Hants/Kings--Hants"," 178","Wolfville",138,2,13,19,35,0,0,2,209,389
12007,"Kings--Hants/Kings--Hants"," 179","Wolfville",128,1,12,21,41,1,0,1,205,365
12007,"Kings--Hants/Kings--Hants"," 180","Wolfville",121,0,16,20,13,1,0,1,172,409
12007,"Kings--Hants/Kings--Hants"," 181","Wolfville",193,1,19,11,35,2,0,0,261,400
12007,"Kings--Hants/Kings--Hants"," 182","Wolfville",152,0,12,8,17,2,1,1,193,409
12007,"Kings--Hants/Kings--Hants"," 183","Wolfville",118,1,7,20,22,0,1,0,169,365
12007,"Kings--Hants/Kings--Hants"," 184","Wolfville",165,4,14,34,17,1,1,2,238,474
12007,"Kings--Hants/Kings--Hants"," 185","Wolfville",151,0,15,15,20,0,0,0,201,232
12007,"Kings--Hants/Kings--Hants"," 186","Enfield",142,0,8,17,30,1,0,1,199,409
12007,"Kings--Hants/Kings--Hants"," 187","Elmsdale",167,0,4,16,38,0,0,0,225,437
12007,"Kings--Hants/Kings--Hants"," 188","Enfield",149,1,4,14,30,0,1,1,200,369
12007,"Kings--Hants/Kings--Hants"," 189","Enfield",129,0,5,6,26,0,0,0,166,311
12007,"Kings--Hants/Kings--Hants"," 190","Enfield",145,0,9,8,17,1,1,0,181,375
12007,"Kings--Hants/Kings--Hants"," 191","Enfield",138,0,7,21,34,1,2,1,204,403
12007,"Kings--Hants/Kings--Hants"," 192","Enfield",102,1,3,9,30,0,0,0,145,278
12007,"Kings--Hants/Kings--Hants"," 193","Enfield",160,0,10,14,30,0,1,0,215,426
12007,"Kings--Hants/Kings--Hants"," 194","Enfield",99,2,9,11,55,0,0,0,176,316
12007,"Kings--Hants/Kings--Hants"," 500","Mobile poll/Bureau itinérant",63,0,0,5,21,1,0,1,91,245
12007,"Kings--Hants/Kings--Hants"," 501","Mobile poll/Bureau itinérant",Void/Supprimé,,,,,,,,,
12007,"Kings--Hants/Kings--Hants"," 502","Mobile poll/Bureau itinérant",43,2,1,5,23,0,0,1,75,171
12007,"Kings--Hants/Kings--Hants"," 503","Mobile poll/Bureau itinérant",46,0,3,4,24,2,1,6,86,139
12007,"Kings--Hants/Kings--Hants"," 600","Canada Creek",204,0,13,19,87,1,0,0,324,
12007,"Kings--Hants/Kings--Hants"," 601","Canning",281,4,29,22,76,0,1,3,416,
12007,"Kings--Hants/Kings--Hants"," 602","Wolfville",435,2,18,49,66,1,2,0,573,
12007,"Kings--Hants/Kings--Hants"," 603","Wolfville",438,4,28,43,91,4,0,0,608,
12007,"Kings--Hants/Kings--Hants"," 604","Centreville",273,1,12,23,70,0,0,2,381,
12007,"Kings--Hants/Kings--Hants"," 605","New Minas",481,2,18,29,158,3,0,1,692,
12007,"Kings--Hants/Kings--Hants"," 606","Kentville",586,4,27,44,172,2,1,0,836,
12007,"Kings--Hants/Kings--Hants"," 607","Centreville",184,1,6,19,87,1,0,0,298,
12007,"Kings--Hants/Kings--Hants"," 608","Kentville",332,0,14,21,107,2,0,1,477,
12007,"Kings--Hants/Kings--Hants"," 609","New Minas",206,0,4,20,71,1,1,1,304,
12007,"Kings--Hants/Kings--Hants"," 610","Upper Vaughan",205,3,9,10,65,1,0,0,293,
12007,"Kings--Hants/Kings--Hants"," 611","Falmouth",260,0,12,15,62,0,2,0,351,
12007,"Kings--Hants/Kings--Hants"," 612","Hantsport",347,2,16,8,84,2,9,0,468,
12007,"Kings--Hants/Kings--Hants"," 613","Windsor",289,2,10,16,76,2,0,2,397,
12007,"Kings--Hants/Kings--Hants"," 614","Summerville",334,1,18,18,74,0,0,0,445,
12007,"Kings--Hants/Kings--Hants"," 615","Mount Uniacke",400,0,16,45,124,3,1,1,590,
12007,"Kings--Hants/Kings--Hants"," 616","Kennetcook",340,1,28,30,76,0,1,0,476,
12007,"Kings--Hants/Kings--Hants"," 617","Shubenacadie",254,1,11,21,59,1,0,0,347,
12007,"Kings--Hants/Kings--Hants"," 618","Elmsdale",558,5,24,42,141,1,1,1,773,
12007,"Kings--Hants/Kings--Hants"," 619","Elmsdale",434,0,14,27,93,1,3,2,574,
12007,"Kings--Hants/Kings--Hants",,"Group 1/Groupe 1",165,2,8,17,75,1,0,5,273,88
12007,"Kings--Hants/Kings--Hants",,"Group 2/Groupe 2",1441,9,45,135,332,9,2,25,1998,
