﻿Electoral District Number/Numéro de circonscription,Electoral District Name/Nom de circonscription,Polling Station Number/Numéro du bureau de scrutin,Polling Station Name/Nom du bureau de scrutin,Sukh Dhaliwal,Pamela Sangha,Jinny Sims,Harpreet Singh,Rejected Ballots/Bulletins rejetés,Total Votes/Total des votes,Electors/Électeurs
59033,"Surrey--Newton/Surrey--Newton"," 1","Surrey",112,7,56,33,5,213,363
59033,"Surrey--Newton/Surrey--Newton"," 2","Surrey",140,3,76,55,6,280,436
59033,"Surrey--Newton/Surrey--Newton"," 3","Surrey",125,1,18,7,0,151,303
59033,"Surrey--Newton/Surrey--Newton"," 4","Surrey",111,9,89,66,1,276,456
59033,"Surrey--Newton/Surrey--Newton"," 5","Surrey",128,7,65,35,0,235,477
59033,"Surrey--Newton/Surrey--Newton"," 6","Surrey",140,3,76,55,5,279,483
59033,"Surrey--Newton/Surrey--Newton"," 7","Surrey",112,11,59,55,1,238,500
59033,"Surrey--Newton/Surrey--Newton"," 8","Surrey",84,5,53,35,2,179,365
59033,"Surrey--Newton/Surrey--Newton"," 9","Surrey",62,1,11,4,1,79,226
59033,"Surrey--Newton/Surrey--Newton"," 10","Surrey",98,2,30,12,1,143,331
59033,"Surrey--Newton/Surrey--Newton"," 11","Surrey",140,3,45,15,0,203,388
59033,"Surrey--Newton/Surrey--Newton"," 12","Surrey",147,2,55,9,1,214,393
59033,"Surrey--Newton/Surrey--Newton"," 13","Surrey",120,7,73,52,2,254,532
59033,"Surrey--Newton/Surrey--Newton"," 14","Surrey",90,6,58,45,0,199,425
59033,"Surrey--Newton/Surrey--Newton"," 15","Surrey",131,8,56,38,0,233,460
59033,"Surrey--Newton/Surrey--Newton"," 16","Surrey",91,3,33,19,1,147,371
59033,"Surrey--Newton/Surrey--Newton"," 17","Surrey",117,2,40,12,2,173,415
59033,"Surrey--Newton/Surrey--Newton"," 18","Surrey",67,12,59,42,2,182,395
59033,"Surrey--Newton/Surrey--Newton"," 19","Surrey",127,2,40,9,0,178,410
59033,"Surrey--Newton/Surrey--Newton"," 20","Surrey",94,6,22,16,1,139,359
59033,"Surrey--Newton/Surrey--Newton"," 21","Surrey",127,6,46,21,2,202,528
59033,"Surrey--Newton/Surrey--Newton"," 22","Surrey",130,7,49,16,1,203,543
59033,"Surrey--Newton/Surrey--Newton"," 23","Surrey",137,5,52,49,1,244,485
59033,"Surrey--Newton/Surrey--Newton"," 24","Surrey",130,6,92,48,3,279,486
59033,"Surrey--Newton/Surrey--Newton"," 25","Surrey",130,6,76,44,0,256,500
59033,"Surrey--Newton/Surrey--Newton"," 26","Surrey",123,2,45,44,2,216,359
59033,"Surrey--Newton/Surrey--Newton"," 27","Surrey",134,8,40,47,1,230,421
59033,"Surrey--Newton/Surrey--Newton"," 28","Surrey",143,4,63,68,0,278,524
59033,"Surrey--Newton/Surrey--Newton"," 29A","Surrey",97,8,65,48,2,220,534
59033,"Surrey--Newton/Surrey--Newton"," 29B","Surrey",76,7,54,36,0,173,433
59033,"Surrey--Newton/Surrey--Newton"," 30","Surrey",106,1,48,5,3,163,340
59033,"Surrey--Newton/Surrey--Newton"," 31","Surrey",102,4,36,20,5,167,308
59033,"Surrey--Newton/Surrey--Newton"," 32","Surrey",165,6,62,22,1,256,546
59033,"Surrey--Newton/Surrey--Newton"," 33","Surrey",126,1,33,5,2,167,374
59033,"Surrey--Newton/Surrey--Newton"," 34","Surrey",178,6,69,15,4,272,522
59033,"Surrey--Newton/Surrey--Newton"," 35","Surrey",83,0,34,0,5,122,317
59033,"Surrey--Newton/Surrey--Newton"," 36","Surrey",130,7,69,63,2,271,499
59033,"Surrey--Newton/Surrey--Newton"," 37","Surrey",125,10,65,81,0,281,546
59033,"Surrey--Newton/Surrey--Newton"," 38","Surrey",48,8,46,21,1,124,302
59033,"Surrey--Newton/Surrey--Newton"," 39","Surrey",129,4,41,12,0,186,434
59033,"Surrey--Newton/Surrey--Newton"," 40","Surrey",106,0,40,29,3,178,379
59033,"Surrey--Newton/Surrey--Newton"," 41","Surrey",79,2,29,21,0,131,342
59033,"Surrey--Newton/Surrey--Newton"," 42","Surrey",103,1,53,16,0,173,426
59033,"Surrey--Newton/Surrey--Newton"," 43","Surrey",128,2,52,12,3,197,514
59033,"Surrey--Newton/Surrey--Newton"," 44","Surrey",142,2,34,10,2,190,503
59033,"Surrey--Newton/Surrey--Newton"," 45","Surrey",100,1,44,7,1,153,357
59033,"Surrey--Newton/Surrey--Newton"," 46","Surrey",147,4,63,16,5,235,539
59033,"Surrey--Newton/Surrey--Newton"," 47","Surrey",96,3,26,16,0,141,419
59033,"Surrey--Newton/Surrey--Newton"," 48","Surrey",109,1,64,29,1,204,433
59033,"Surrey--Newton/Surrey--Newton"," 49","Surrey",131,4,40,29,3,207,382
59033,"Surrey--Newton/Surrey--Newton"," 50","Surrey",118,1,45,23,0,187,459
59033,"Surrey--Newton/Surrey--Newton"," 51","Surrey",115,3,41,11,1,171,422
59033,"Surrey--Newton/Surrey--Newton"," 52","Surrey",114,3,58,26,0,201,564
59033,"Surrey--Newton/Surrey--Newton"," 53","Surrey",71,4,37,35,0,147,357
59033,"Surrey--Newton/Surrey--Newton"," 54","Surrey",59,3,43,17,1,123,281
59033,"Surrey--Newton/Surrey--Newton"," 55","Surrey",147,11,72,33,1,264,338
59033,"Surrey--Newton/Surrey--Newton"," 56","Surrey",98,3,27,35,2,165,381
59033,"Surrey--Newton/Surrey--Newton"," 57","Surrey",116,2,45,38,1,202,392
59033,"Surrey--Newton/Surrey--Newton"," 58","Surrey",108,7,56,25,1,197,461
59033,"Surrey--Newton/Surrey--Newton"," 59","Surrey",53,2,37,24,0,116,348
59033,"Surrey--Newton/Surrey--Newton"," 60","Surrey",82,5,26,29,1,143,335
59033,"Surrey--Newton/Surrey--Newton"," 61","Surrey",57,1,20,18,0,96,314
59033,"Surrey--Newton/Surrey--Newton"," 62","Surrey",113,5,52,33,1,204,448
59033,"Surrey--Newton/Surrey--Newton"," 63","Surrey",79,8,45,58,0,190,485
59033,"Surrey--Newton/Surrey--Newton"," 64","Surrey",114,10,113,62,0,299,575
59033,"Surrey--Newton/Surrey--Newton"," 65","Surrey",62,12,34,33,0,141,320
59033,"Surrey--Newton/Surrey--Newton"," 66","Surrey",91,7,54,55,0,207,545
59033,"Surrey--Newton/Surrey--Newton"," 67","Surrey",69,8,57,48,1,183,423
59033,"Surrey--Newton/Surrey--Newton"," 68","Surrey",93,4,66,31,1,195,454
59033,"Surrey--Newton/Surrey--Newton"," 69","Surrey",115,6,50,38,1,210,515
59033,"Surrey--Newton/Surrey--Newton"," 70","Surrey",88,14,72,31,1,206,503
59033,"Surrey--Newton/Surrey--Newton"," 71","Surrey",114,4,47,13,1,179,378
59033,"Surrey--Newton/Surrey--Newton"," 72","Surrey",108,4,46,37,3,198,444
59033,"Surrey--Newton/Surrey--Newton"," 73","Surrey",90,7,66,37,0,200,496
59033,"Surrey--Newton/Surrey--Newton"," 74","Surrey",84,1,26,13,0,124,514
59033,"Surrey--Newton/Surrey--Newton"," 75","Surrey",169,5,64,9,1,248,469
59033,"Surrey--Newton/Surrey--Newton"," 76","Surrey",147,5,55,33,1,241,536
59033,"Surrey--Newton/Surrey--Newton"," 77","Surrey",117,3,55,13,0,188,413
59033,"Surrey--Newton/Surrey--Newton"," 78","Surrey",94,0,37,7,1,139,348
59033,"Surrey--Newton/Surrey--Newton"," 79","Surrey",133,1,48,17,3,202,423
59033,"Surrey--Newton/Surrey--Newton"," 80","Surrey",122,0,34,20,0,176,539
59033,"Surrey--Newton/Surrey--Newton"," 81","Surrey",154,2,38,22,3,219,551
59033,"Surrey--Newton/Surrey--Newton"," 82","Surrey",115,2,37,13,2,169,412
59033,"Surrey--Newton/Surrey--Newton"," 83","Surrey",133,4,48,46,0,231,500
59033,"Surrey--Newton/Surrey--Newton"," 84","Surrey",136,5,64,43,1,249,538
59033,"Surrey--Newton/Surrey--Newton"," 85","Surrey",139,5,52,19,1,216,465
59033,"Surrey--Newton/Surrey--Newton"," 86","Surrey",48,1,13,6,0,68,171
59033,"Surrey--Newton/Surrey--Newton"," 87","Surrey",126,5,41,42,0,214,415
59033,"Surrey--Newton/Surrey--Newton"," 88A","Surrey",110,2,31,29,1,173,402
59033,"Surrey--Newton/Surrey--Newton"," 88B","Surrey",93,3,25,18,2,141,284
59033,"Surrey--Newton/Surrey--Newton"," 89","Surrey",110,5,34,7,2,158,408
59033,"Surrey--Newton/Surrey--Newton"," 90","Surrey",132,9,69,46,3,259,568
59033,"Surrey--Newton/Surrey--Newton"," 91","Surrey",81,6,42,30,2,161,461
59033,"Surrey--Newton/Surrey--Newton"," 92","Surrey",120,5,26,34,2,187,432
59033,"Surrey--Newton/Surrey--Newton"," 93","Surrey",109,4,49,21,0,183,452
59033,"Surrey--Newton/Surrey--Newton"," 94","Surrey",120,6,58,17,0,201,515
59033,"Surrey--Newton/Surrey--Newton"," 95","Surrey",106,3,21,8,5,143,474
59033,"Surrey--Newton/Surrey--Newton"," 96","Surrey",138,2,47,35,1,223,584
59033,"Surrey--Newton/Surrey--Newton"," 97","Surrey",74,5,38,18,2,137,370
59033,"Surrey--Newton/Surrey--Newton"," 98","Surrey",142,4,66,33,0,245,571
59033,"Surrey--Newton/Surrey--Newton"," 99","Surrey",118,2,28,10,2,160,437
59033,"Surrey--Newton/Surrey--Newton"," 100","Surrey",146,7,49,43,4,249,558
59033,"Surrey--Newton/Surrey--Newton"," 101","Surrey",82,4,50,104,2,242,419
59033,"Surrey--Newton/Surrey--Newton"," 102","Surrey",161,13,67,98,3,342,556
59033,"Surrey--Newton/Surrey--Newton"," 103","Surrey",84,9,46,86,1,226,371
59033,"Surrey--Newton/Surrey--Newton"," 104","Surrey",106,13,62,90,0,271,458
59033,"Surrey--Newton/Surrey--Newton"," 105","Surrey",102,6,53,69,0,230,396
59033,"Surrey--Newton/Surrey--Newton"," 106","Surrey",77,12,37,57,1,184,296
59033,"Surrey--Newton/Surrey--Newton"," 107","Surrey",79,13,39,94,1,226,356
59033,"Surrey--Newton/Surrey--Newton"," 108","Surrey",90,4,42,43,1,180,428
59033,"Surrey--Newton/Surrey--Newton"," 109","Surrey",88,2,39,43,1,173,360
59033,"Surrey--Newton/Surrey--Newton"," 110","Surrey",114,1,48,14,5,182,445
59033,"Surrey--Newton/Surrey--Newton"," 111","Surrey",105,10,76,41,0,232,502
59033,"Surrey--Newton/Surrey--Newton"," 112","Surrey",87,17,69,46,1,220,492
59033,"Surrey--Newton/Surrey--Newton"," 113","Surrey",123,4,65,27,3,222,414
59033,"Surrey--Newton/Surrey--Newton"," 114A","Surrey",70,6,53,50,1,180,380
59033,"Surrey--Newton/Surrey--Newton"," 114B","Surrey",72,4,40,22,0,138,256
59033,"Surrey--Newton/Surrey--Newton"," 115","Surrey",69,8,46,116,2,241,478
59033,"Surrey--Newton/Surrey--Newton"," 116","Surrey",129,10,47,38,1,225,447
59033,"Surrey--Newton/Surrey--Newton"," 117","Surrey",112,5,56,39,1,213,547
59033,"Surrey--Newton/Surrey--Newton"," 118","Surrey",75,5,57,43,1,181,455
59033,"Surrey--Newton/Surrey--Newton"," 119","Surrey",146,2,45,39,0,232,525
59033,"Surrey--Newton/Surrey--Newton"," 120","Surrey",108,4,39,32,1,184,406
59033,"Surrey--Newton/Surrey--Newton"," 121","Surrey",119,5,64,37,1,226,523
59033,"Surrey--Newton/Surrey--Newton"," 122","Surrey",106,13,74,74,0,267,578
59033,"Surrey--Newton/Surrey--Newton"," 123A","Surrey",125,3,26,18,0,172,377
59033,"Surrey--Newton/Surrey--Newton"," 123B","Surrey",89,2,35,14,1,141,264
59033,"Surrey--Newton/Surrey--Newton"," 124","Surrey",162,1,31,15,1,210,458
59033,"Surrey--Newton/Surrey--Newton"," 125","Surrey",94,2,43,21,3,163,360
59033,"Surrey--Newton/Surrey--Newton"," 126","Surrey",117,6,58,43,1,225,418
59033,"Surrey--Newton/Surrey--Newton"," 127A","Surrey",94,2,31,16,0,143,319
59033,"Surrey--Newton/Surrey--Newton"," 127B","Surrey",68,2,21,25,0,116,292
59033,"Surrey--Newton/Surrey--Newton"," 128","Surrey",160,6,32,13,4,215,418
59033,"Surrey--Newton/Surrey--Newton"," 129","Surrey",127,2,49,18,0,196,440
59033,"Surrey--Newton/Surrey--Newton"," 130","Surrey",183,5,41,23,1,253,557
59033,"Surrey--Newton/Surrey--Newton"," 131","Surrey",108,9,58,46,0,221,398
59033,"Surrey--Newton/Surrey--Newton"," 132","Surrey",90,3,39,29,1,162,354
59033,"Surrey--Newton/Surrey--Newton"," 133","Surrey",109,5,54,36,1,205,472
59033,"Surrey--Newton/Surrey--Newton"," 134","Surrey",97,2,45,31,0,175,384
59033,"Surrey--Newton/Surrey--Newton"," 135","Surrey",96,3,46,45,0,190,416
59033,"Surrey--Newton/Surrey--Newton"," 136","Surrey",91,3,60,34,0,188,388
59033,"Surrey--Newton/Surrey--Newton"," 137","Surrey",102,1,49,38,0,190,494
59033,"Surrey--Newton/Surrey--Newton"," 138","Surrey",110,3,43,19,1,176,465
59033,"Surrey--Newton/Surrey--Newton"," 139","Surrey",78,4,43,40,0,165,401
59033,"Surrey--Newton/Surrey--Newton"," 140","Surrey",79,4,32,41,0,156,357
59033,"Surrey--Newton/Surrey--Newton"," 141A","Surrey",111,13,45,52,0,221,500
59033,"Surrey--Newton/Surrey--Newton"," 141B","Surrey",109,3,35,46,1,194,442
59033,"Surrey--Newton/Surrey--Newton"," 142A","Surrey",143,6,44,45,4,242,456
59033,"Surrey--Newton/Surrey--Newton"," 142B","Surrey",117,0,31,35,3,186,388
59033,"Surrey--Newton/Surrey--Newton"," 143","Surrey",96,7,41,38,1,183,466
59033,"Surrey--Newton/Surrey--Newton"," 144A","Surrey",124,2,49,34,3,212,416
59033,"Surrey--Newton/Surrey--Newton"," 144B","Surrey",90,3,36,23,0,152,281
59033,"Surrey--Newton/Surrey--Newton"," 500","Mobile poll/Bureau itinérant",63,8,26,28,3,128,215
59033,"Surrey--Newton/Surrey--Newton"," 501","Mobile poll/Bureau itinérant",15,3,29,25,4,76,131
59033,"Surrey--Newton/Surrey--Newton"," 600","Surrey",476,10,261,83,12,842,
59033,"Surrey--Newton/Surrey--Newton"," 601","Surrey",693,24,358,137,14,1226,
59033,"Surrey--Newton/Surrey--Newton"," 602","Surrey",625,34,390,258,12,1319,
59033,"Surrey--Newton/Surrey--Newton"," 603","Surrey",651,17,377,105,7,1157,
59033,"Surrey--Newton/Surrey--Newton"," 604","Surrey",765,10,419,83,8,1285,
59033,"Surrey--Newton/Surrey--Newton"," 605","Surrey",716,14,378,129,10,1247,
59033,"Surrey--Newton/Surrey--Newton"," 606","Surrey",662,19,329,232,7,1249,
59033,"Surrey--Newton/Surrey--Newton"," 607","Surrey",912,26,457,156,15,1566,
59033,"Surrey--Newton/Surrey--Newton"," 608","Surrey",509,23,310,193,12,1047,
59033,"Surrey--Newton/Surrey--Newton"," 609","Surrey",784,22,473,203,2,1484,
59033,"Surrey--Newton/Surrey--Newton",,"Group 1/Groupe 1",58,1,28,11,10,108,108
59033,"Surrey--Newton/Surrey--Newton",,"Group 2/Groupe 2",1281,30,488,289,19,2107,
