﻿Electoral District Number/Numéro de circonscription,Electoral District Name/Nom de circonscription,Polling Station Number/Numéro du bureau de scrutin,Polling Station Name/Nom du bureau de scrutin,Kevin Brandt,Rob Ferguson,Marc Laferriere,Phil McColeman,Danielle Takacs,The Engineer Turmel,Rejected Ballots/Bulletins rejetés,Total Votes/Total des votes,Electors/Électeurs
35013,"Brantford--Brant/Brantford--Brant"," 1","Brant",7,3,46,200,88,1,1,346,548
35013,"Brantford--Brant/Brantford--Brant"," 2","Brant",7,3,29,137,50,0,1,227,398
35013,"Brantford--Brant/Brantford--Brant"," 3","Brant",8,2,26,119,69,1,0,225,427
35013,"Brantford--Brant/Brantford--Brant"," 4","Brant",8,2,29,147,86,2,2,276,494
35013,"Brantford--Brant/Brantford--Brant"," 5","Brant",12,2,25,147,65,0,0,251,427
35013,"Brantford--Brant/Brantford--Brant"," 6","Brant",7,3,33,151,76,0,1,271,431
35013,"Brantford--Brant/Brantford--Brant"," 7","Brant",7,6,35,129,73,1,0,251,420
35013,"Brantford--Brant/Brantford--Brant"," 8","Brant",4,1,34,140,65,0,2,246,476
35013,"Brantford--Brant/Brantford--Brant"," 9","Brant",3,2,22,165,54,1,1,248,448
35013,"Brantford--Brant/Brantford--Brant"," 10","Brant",9,3,23,107,58,0,0,200,379
35013,"Brantford--Brant/Brantford--Brant"," 11","Brant",10,3,57,168,86,1,2,327,538
35013,"Brantford--Brant/Brantford--Brant"," 12","Brantford",1,1,31,93,74,1,0,201,358
35013,"Brantford--Brant/Brantford--Brant"," 13","Brantford",1,1,56,73,53,0,2,186,324
35013,"Brantford--Brant/Brantford--Brant"," 14","Brantford",2,2,42,92,59,0,2,199,329
35013,"Brantford--Brant/Brantford--Brant"," 15","Brantford",7,2,88,77,69,1,2,246,429
35013,"Brantford--Brant/Brantford--Brant"," 16","Brantford",6,7,86,77,72,0,3,251,433
35013,"Brantford--Brant/Brantford--Brant"," 17","Brantford",5,0,61,70,51,0,0,187,347
35013,"Brantford--Brant/Brantford--Brant"," 18","Brantford",7,0,64,65,56,0,1,193,341
35013,"Brantford--Brant/Brantford--Brant"," 19","Brantford",4,1,39,74,57,0,0,175,320
35013,"Brantford--Brant/Brantford--Brant"," 20","Brantford",4,3,102,79,68,1,1,258,478
35013,"Brantford--Brant/Brantford--Brant"," 21","Brantford",3,2,57,83,52,0,1,198,335
35013,"Brantford--Brant/Brantford--Brant"," 22","Brantford",5,2,55,141,102,2,2,309,499
35013,"Brantford--Brant/Brantford--Brant"," 23","Brantford",4,3,43,99,88,1,0,238,416
35013,"Brantford--Brant/Brantford--Brant"," 24","Brantford",3,3,56,74,68,0,1,205,424
35013,"Brantford--Brant/Brantford--Brant"," 25","Brantford",5,1,61,134,42,1,1,245,438
35013,"Brantford--Brant/Brantford--Brant"," 26","Brantford",4,0,38,81,82,1,0,206,386
35013,"Brantford--Brant/Brantford--Brant"," 27","Brantford",9,1,58,85,58,1,1,213,394
35013,"Brantford--Brant/Brantford--Brant"," 28","Brantford",7,1,36,96,75,0,0,215,373
35013,"Brantford--Brant/Brantford--Brant"," 29","Brantford",0,0,51,52,50,1,2,156,314
35013,"Brantford--Brant/Brantford--Brant"," 30","Brantford",2,1,52,105,71,0,1,232,409
35013,"Brantford--Brant/Brantford--Brant"," 31","Brantford",5,3,47,57,54,0,1,167,353
35013,"Brantford--Brant/Brantford--Brant"," 32","Brantford",2,2,52,89,86,2,0,233,411
35013,"Brantford--Brant/Brantford--Brant"," 33","Brantford",3,0,38,95,73,0,0,209,404
35013,"Brantford--Brant/Brantford--Brant"," 34","Brant",4,0,50,138,54,0,3,249,459
35013,"Brantford--Brant/Brantford--Brant"," 35","Brant",4,2,64,113,78,1,0,262,431
35013,"Brantford--Brant/Brantford--Brant"," 36","Brantford",5,2,73,111,77,0,0,268,464
35013,"Brantford--Brant/Brantford--Brant"," 37","Brantford",7,1,70,98,74,1,2,253,444
35013,"Brantford--Brant/Brantford--Brant"," 38","Brant",8,0,49,94,72,0,0,223,412
35013,"Brantford--Brant/Brantford--Brant"," 39","Brant",14,1,60,82,99,0,1,257,436
35013,"Brantford--Brant/Brantford--Brant"," 40","Brant",9,1,68,149,60,2,0,289,447
35013,"Brantford--Brant/Brantford--Brant"," 41","Brant",7,2,42,118,72,0,0,241,440
35013,"Brantford--Brant/Brantford--Brant"," 42","Brant",10,4,58,122,82,1,2,279,446
35013,"Brantford--Brant/Brantford--Brant"," 43","Brant",14,1,74,82,80,0,1,252,413
35013,"Brantford--Brant/Brantford--Brant"," 44","Brant",6,3,61,88,67,2,0,227,366
35013,"Brantford--Brant/Brantford--Brant"," 45","Brant",10,3,58,86,79,0,0,236,394
35013,"Brantford--Brant/Brantford--Brant"," 46","Brant",9,0,58,91,75,0,2,235,455
35013,"Brantford--Brant/Brantford--Brant"," 47","Brant",14,2,60,117,93,0,0,286,518
35013,"Brantford--Brant/Brantford--Brant"," 48","Brant",6,1,72,106,84,0,2,271,481
35013,"Brantford--Brant/Brantford--Brant"," 49","Brant",5,2,83,38,67,0,3,198,383
35013,"Brantford--Brant/Brantford--Brant"," 50","Brant",8,3,42,70,63,0,1,187,372
35013,"Brantford--Brant/Brantford--Brant"," 51","Brant",1,0,60,107,78,0,0,246,439
35013,"Brantford--Brant/Brantford--Brant"," 52","Brant",9,1,72,66,76,0,1,225,413
35013,"Brantford--Brant/Brantford--Brant"," 53","Brant",8,2,45,76,62,0,0,193,354
35013,"Brantford--Brant/Brantford--Brant"," 54","Brant",8,0,31,111,66,0,0,216,342
35013,"Brantford--Brant/Brantford--Brant"," 55","Brant",7,1,65,103,79,0,1,256,425
35013,"Brantford--Brant/Brantford--Brant"," 56","Brant",8,1,45,188,90,0,0,332,527
35013,"Brantford--Brant/Brantford--Brant"," 57","Brant",11,0,53,152,96,1,0,313,507
35013,"Brantford--Brant/Brantford--Brant"," 58","Brant",2,3,34,123,89,0,0,251,437
35013,"Brantford--Brant/Brantford--Brant"," 59","Brant",8,1,53,144,81,1,2,290,480
35013,"Brantford--Brant/Brantford--Brant"," 60","Brantford",2,2,40,102,73,1,2,222,451
35013,"Brantford--Brant/Brantford--Brant"," 61","Brantford",8,2,23,110,89,1,0,233,447
35013,"Brantford--Brant/Brantford--Brant"," 62","Brantford",8,0,52,82,101,0,0,243,444
35013,"Brantford--Brant/Brantford--Brant"," 63","Brantford",3,1,67,97,96,0,1,265,466
35013,"Brantford--Brant/Brantford--Brant"," 64","Brantford",8,3,63,91,80,0,0,245,468
35013,"Brantford--Brant/Brantford--Brant"," 65","Brantford",0,3,39,59,78,1,0,180,374
35013,"Brantford--Brant/Brantford--Brant"," 66","Brantford",4,0,71,45,50,0,0,170,376
35013,"Brantford--Brant/Brantford--Brant"," 67","Brantford",3,0,63,77,68,0,0,211,368
35013,"Brantford--Brant/Brantford--Brant"," 68","Brantford",0,0,38,144,96,1,0,279,441
35013,"Brantford--Brant/Brantford--Brant"," 69","Brantford",4,3,52,97,82,1,0,239,426
35013,"Brantford--Brant/Brantford--Brant"," 70","Brantford",4,0,37,131,75,1,1,249,474
35013,"Brantford--Brant/Brantford--Brant"," 71","Brantford",7,0,34,97,77,0,0,215,417
35013,"Brantford--Brant/Brantford--Brant"," 72","Brantford",5,1,68,105,77,0,0,256,464
35013,"Brantford--Brant/Brantford--Brant"," 73","Brantford",5,4,67,96,68,0,0,240,441
35013,"Brantford--Brant/Brantford--Brant"," 74","Brantford",1,0,12,35,30,0,0,78,164
35013,"Brantford--Brant/Brantford--Brant"," 75","Brantford",4,2,33,87,52,1,0,179,292
35013,"Brantford--Brant/Brantford--Brant"," 76","Brantford",4,1,34,121,73,0,2,235,406
35013,"Brantford--Brant/Brantford--Brant"," 77","Brantford",9,0,67,109,71,4,0,260,420
35013,"Brantford--Brant/Brantford--Brant"," 78","Brantford",3,0,50,113,81,1,0,248,396
35013,"Brantford--Brant/Brantford--Brant"," 79","Brantford",6,1,44,97,74,1,0,223,370
35013,"Brantford--Brant/Brantford--Brant"," 80","Brantford",4,2,49,93,50,0,1,199,352
35013,"Brantford--Brant/Brantford--Brant"," 81","Brantford",6,0,53,89,56,2,1,207,337
35013,"Brantford--Brant/Brantford--Brant"," 82","Brantford",11,3,51,98,64,1,1,229,378
35013,"Brantford--Brant/Brantford--Brant"," 83","Brantford",8,3,45,95,74,2,2,229,512
35013,"Brantford--Brant/Brantford--Brant"," 84","Brantford",3,3,36,85,45,1,1,174,332
35013,"Brantford--Brant/Brantford--Brant"," 85","Brantford",1,1,24,78,47,0,0,151,308
35013,"Brantford--Brant/Brantford--Brant"," 86","Brantford",4,1,60,67,47,0,1,180,354
35013,"Brantford--Brant/Brantford--Brant"," 87","Brantford",3,0,53,80,83,1,0,220,436
35013,"Brantford--Brant/Brantford--Brant"," 88","Brantford",5,1,37,77,68,0,1,189,373
35013,"Brantford--Brant/Brantford--Brant"," 89","Brantford",2,1,35,79,51,1,1,170,342
35013,"Brantford--Brant/Brantford--Brant"," 90","Brantford",0,1,42,87,67,0,1,198,361
35013,"Brantford--Brant/Brantford--Brant"," 91","Brantford",7,3,73,119,98,1,0,301,658
35013,"Brantford--Brant/Brantford--Brant"," 92","Brantford",1,0,8,24,18,0,0,51,86
35013,"Brantford--Brant/Brantford--Brant"," 93","Brant",14,1,39,147,86,0,3,290,507
35013,"Brantford--Brant/Brantford--Brant"," 94","Brant",7,3,32,121,59,0,2,224,471
35013,"Brantford--Brant/Brantford--Brant"," 95","Brantford",3,3,53,104,89,1,1,254,580
35013,"Brantford--Brant/Brantford--Brant"," 96","Brantford",4,2,42,95,68,0,1,212,460
35013,"Brantford--Brant/Brantford--Brant"," 97","Brantford",5,1,58,62,65,0,2,193,469
35013,"Brantford--Brant/Brantford--Brant"," 98","Brantford",6,3,69,85,82,0,1,246,510
35013,"Brantford--Brant/Brantford--Brant"," 99","Brantford",6,2,93,91,91,4,2,289,529
35013,"Brantford--Brant/Brantford--Brant"," 100","Brantford",2,0,52,92,63,1,1,211,427
35013,"Brantford--Brant/Brantford--Brant"," 101","Brantford",3,3,38,86,90,0,1,221,465
35013,"Brantford--Brant/Brantford--Brant"," 102","Brantford",7,6,41,121,79,1,1,256,400
35013,"Brantford--Brant/Brantford--Brant"," 103","Brantford",1,2,53,99,69,0,0,224,359
35013,"Brantford--Brant/Brantford--Brant"," 104","Brantford",3,1,43,94,56,1,0,198,349
35013,"Brantford--Brant/Brantford--Brant"," 105","Brantford",5,2,71,82,66,1,6,233,424
35013,"Brantford--Brant/Brantford--Brant"," 106","Brantford",3,4,45,28,40,0,0,120,302
35013,"Brantford--Brant/Brantford--Brant"," 107","Brantford",2,4,62,79,63,1,1,212,423
35013,"Brantford--Brant/Brantford--Brant"," 108","Brantford",8,1,52,64,56,1,1,183,409
35013,"Brantford--Brant/Brantford--Brant"," 109","Brantford",4,1,69,74,75,1,4,228,420
35013,"Brantford--Brant/Brantford--Brant"," 110","Brantford",2,1,45,116,81,0,1,246,446
35013,"Brantford--Brant/Brantford--Brant"," 111","Brantford",4,1,45,142,97,0,2,291,520
35013,"Brantford--Brant/Brantford--Brant"," 112","Brantford",7,2,70,118,112,2,0,311,624
35013,"Brantford--Brant/Brantford--Brant"," 113","Brantford",6,2,58,89,51,0,0,206,382
35013,"Brantford--Brant/Brantford--Brant"," 114","Brantford",6,1,53,92,70,0,0,222,364
35013,"Brantford--Brant/Brantford--Brant"," 115","Brantford",3,0,41,94,59,0,0,197,351
35013,"Brantford--Brant/Brantford--Brant"," 116","Brantford",2,0,61,53,42,0,0,158,369
35013,"Brantford--Brant/Brantford--Brant"," 117","Brantford",9,3,81,88,62,1,0,244,429
35013,"Brantford--Brant/Brantford--Brant"," 118","Brantford",7,4,47,108,93,0,1,260,437
35013,"Brantford--Brant/Brantford--Brant"," 119","Brantford",7,0,55,116,103,0,0,281,444
35013,"Brantford--Brant/Brantford--Brant"," 120","Brantford",3,0,57,100,93,1,1,255,398
35013,"Brantford--Brant/Brantford--Brant"," 121","Brantford",3,0,63,78,80,1,0,225,450
35013,"Brantford--Brant/Brantford--Brant"," 122","Brantford",3,0,62,96,79,0,0,240,405
35013,"Brantford--Brant/Brantford--Brant"," 123","Brantford",4,0,47,74,71,2,0,198,302
35013,"Brantford--Brant/Brantford--Brant"," 124","Brantford",5,0,75,62,60,0,2,204,425
35013,"Brantford--Brant/Brantford--Brant"," 125","Brantford",1,0,47,57,44,0,1,150,315
35013,"Brantford--Brant/Brantford--Brant"," 126","Brantford",6,1,81,72,56,0,1,217,423
35013,"Brantford--Brant/Brantford--Brant"," 127","Brantford",14,2,58,70,71,0,1,216,441
35013,"Brantford--Brant/Brantford--Brant"," 128","Brantford",9,0,64,60,64,0,0,197,436
35013,"Brantford--Brant/Brantford--Brant"," 129","Brantford",3,1,49,65,60,0,2,180,361
35013,"Brantford--Brant/Brantford--Brant"," 130","Brantford",5,4,50,23,37,0,0,119,273
35013,"Brantford--Brant/Brantford--Brant"," 131","Brantford",2,2,68,56,56,1,0,185,397
35013,"Brantford--Brant/Brantford--Brant"," 132","Brantford",6,2,47,50,45,0,0,150,360
35013,"Brantford--Brant/Brantford--Brant"," 133","Brantford",7,3,86,52,54,1,0,203,450
35013,"Brantford--Brant/Brantford--Brant"," 134","Brantford",8,1,70,49,49,0,0,177,378
35013,"Brantford--Brant/Brantford--Brant"," 135","Brantford",5,1,63,54,35,0,1,159,364
35013,"Brantford--Brant/Brantford--Brant"," 136","Brantford",2,1,56,55,42,1,1,158,352
35013,"Brantford--Brant/Brantford--Brant"," 137","Brantford",5,2,60,50,38,0,0,155,347
35013,"Brantford--Brant/Brantford--Brant"," 138","Brantford",4,4,52,41,32,0,0,133,340
35013,"Brantford--Brant/Brantford--Brant"," 139","Brantford",5,1,36,79,57,0,4,182,338
35013,"Brantford--Brant/Brantford--Brant"," 140","Brantford",8,3,42,39,44,1,0,137,378
35013,"Brantford--Brant/Brantford--Brant"," 141","Brantford",7,2,61,76,74,1,1,222,371
35013,"Brantford--Brant/Brantford--Brant"," 142","Brantford",0,3,38,91,45,0,0,177,363
35013,"Brantford--Brant/Brantford--Brant"," 143","Brantford",3,0,38,74,53,0,2,170,356
35013,"Brantford--Brant/Brantford--Brant"," 144","Brantford",11,2,52,128,96,0,3,292,468
35013,"Brantford--Brant/Brantford--Brant"," 145","Brantford",7,1,72,86,78,0,1,245,548
35013,"Brantford--Brant/Brantford--Brant"," 146","Brantford",4,1,66,60,66,1,2,200,435
35013,"Brantford--Brant/Brantford--Brant"," 147","Brantford",7,2,68,59,49,1,0,186,463
35013,"Brantford--Brant/Brantford--Brant"," 148","Brantford",7,2,77,42,58,0,1,187,448
35013,"Brantford--Brant/Brantford--Brant"," 149","Brantford",3,2,49,46,33,1,1,135,345
35013,"Brantford--Brant/Brantford--Brant"," 150","Brantford",6,1,45,50,57,2,0,161,370
35013,"Brantford--Brant/Brantford--Brant"," 151","Brantford",10,4,68,41,69,0,1,193,404
35013,"Brantford--Brant/Brantford--Brant"," 152","Brantford",4,0,53,24,16,0,0,97,276
35013,"Brantford--Brant/Brantford--Brant"," 153","Brantford",8,5,64,50,51,0,1,179,411
35013,"Brantford--Brant/Brantford--Brant"," 154","Brantford",4,1,62,53,28,1,2,151,371
35013,"Brantford--Brant/Brantford--Brant"," 155","Brantford",6,3,47,25,69,0,4,154,382
35013,"Brantford--Brant/Brantford--Brant"," 156","Brantford",3,1,32,18,61,0,0,115,276
35013,"Brantford--Brant/Brantford--Brant"," 157","Brantford",3,5,80,39,62,0,1,190,419
35013,"Brantford--Brant/Brantford--Brant"," 158","Brantford",15,2,71,56,61,1,0,206,427
35013,"Brantford--Brant/Brantford--Brant"," 159","Brantford",5,2,67,37,56,0,0,167,420
35013,"Brantford--Brant/Brantford--Brant"," 160","Brantford",7,4,80,70,66,1,0,228,429
35013,"Brantford--Brant/Brantford--Brant"," 161","Brantford",6,0,64,41,55,1,2,169,455
35013,"Brantford--Brant/Brantford--Brant"," 162","Brantford",3,3,33,14,37,0,0,90,236
35013,"Brantford--Brant/Brantford--Brant"," 163","Brantford",11,4,91,44,100,2,0,252,514
35013,"Brantford--Brant/Brantford--Brant"," 164","Brantford",4,3,49,33,38,0,3,130,392
35013,"Brantford--Brant/Brantford--Brant"," 165","Brantford",7,1,81,39,50,0,0,178,450
35013,"Brantford--Brant/Brantford--Brant"," 166","Brantford",9,4,98,72,89,0,0,272,470
35013,"Brantford--Brant/Brantford--Brant"," 167","Brantford",4,3,89,54,60,0,0,210,455
35013,"Brantford--Brant/Brantford--Brant"," 168","Brantford",8,1,93,74,94,6,3,279,444
35013,"Brantford--Brant/Brantford--Brant"," 169","Brantford",5,1,60,48,58,1,0,173,436
35013,"Brantford--Brant/Brantford--Brant"," 170","Brantford",6,2,70,43,51,0,1,173,333
35013,"Brantford--Brant/Brantford--Brant"," 171","Brantford",10,2,82,73,59,0,0,226,448
35013,"Brantford--Brant/Brantford--Brant"," 172","Brantford",7,4,84,74,71,2,1,243,442
35013,"Brantford--Brant/Brantford--Brant"," 173","Brantford",7,2,77,98,72,0,1,257,535
35013,"Brantford--Brant/Brantford--Brant"," 174","Brantford",5,2,63,112,65,0,0,247,408
35013,"Brantford--Brant/Brantford--Brant"," 175","Brant",8,2,39,144,82,0,1,276,445
35013,"Brantford--Brant/Brantford--Brant"," 176","Brantford",6,2,62,85,55,1,3,214,457
35013,"Brantford--Brant/Brantford--Brant"," 177","Brant",4,2,67,147,79,0,0,299,433
35013,"Brantford--Brant/Brantford--Brant"," 178","Brant",5,6,25,128,82,0,0,246,450
35013,"Brantford--Brant/Brantford--Brant"," 179","Brantford",3,0,52,79,80,0,0,214,391
35013,"Brantford--Brant/Brantford--Brant"," 180","Brantford",2,1,44,66,47,1,2,163,297
35013,"Brantford--Brant/Brantford--Brant"," 181","Brantford",6,2,60,52,54,0,1,175,312
35013,"Brantford--Brant/Brantford--Brant"," 182","Brantford",2,1,46,73,48,0,0,170,303
35013,"Brantford--Brant/Brantford--Brant"," 183","Brantford",7,0,40,53,43,0,1,144,336
35013,"Brantford--Brant/Brantford--Brant"," 184","Brantford",12,0,45,48,45,0,1,151,328
35013,"Brantford--Brant/Brantford--Brant"," 185","Brantford",2,3,65,32,70,0,0,172,499
35013,"Brantford--Brant/Brantford--Brant"," 186","Brantford",1,3,74,61,56,1,1,197,374
35013,"Brantford--Brant/Brantford--Brant"," 187","Brantford",8,1,48,83,68,2,1,211,405
35013,"Brantford--Brant/Brantford--Brant"," 188","Brantford",1,2,64,116,77,1,2,263,469
35013,"Brantford--Brant/Brantford--Brant"," 189","Brant",6,1,38,161,103,0,1,310,505
35013,"Brantford--Brant/Brantford--Brant"," 190","Six Nations (Part) 40",1,0,65,36,27,0,0,129,293
35013,"Brantford--Brant/Brantford--Brant"," 191","Six Nations (Part) 40",4,1,51,27,27,1,0,111,274
35013,"Brantford--Brant/Brantford--Brant"," 192","Brantford",4,3,78,57,42,0,1,185,382
35013,"Brantford--Brant/Brantford--Brant"," 193","Brantford",6,1,88,46,49,0,1,191,415
35013,"Brantford--Brant/Brantford--Brant"," 194","Brantford",1,0,62,38,46,0,0,147,338
35013,"Brantford--Brant/Brantford--Brant"," 195","Brantford",7,2,74,83,44,0,0,210,378
35013,"Brantford--Brant/Brantford--Brant"," 196","Brantford",3,0,77,71,30,1,4,186,355
35013,"Brantford--Brant/Brantford--Brant"," 197","Brantford",6,1,99,54,58,0,0,218,373
35013,"Brantford--Brant/Brantford--Brant"," 198","Brantford",7,1,61,55,50,1,0,175,380
35013,"Brantford--Brant/Brantford--Brant"," 199","Brantford",4,1,88,78,46,0,0,217,376
35013,"Brantford--Brant/Brantford--Brant"," 200","Brant",7,1,22,98,47,0,0,175,293
35013,"Brantford--Brant/Brantford--Brant"," 201","Brant",11,2,38,143,54,1,0,249,450
35013,"Brantford--Brant/Brantford--Brant"," 202","Brant",12,6,28,152,65,0,3,266,460
35013,"Brantford--Brant/Brantford--Brant"," 203","Brant",9,2,25,139,62,1,0,238,420
35013,"Brantford--Brant/Brantford--Brant"," 204","Six Nations 40",2,0,57,4,53,4,0,120,374
35013,"Brantford--Brant/Brantford--Brant"," 205","Six Nations 40",3,4,61,10,102,0,0,180,513
35013,"Brantford--Brant/Brantford--Brant"," 206","Six Nations 40",3,0,67,7,68,2,0,147,395
35013,"Brantford--Brant/Brantford--Brant"," 207","Six Nations 40",4,6,88,11,87,0,0,196,616
35013,"Brantford--Brant/Brantford--Brant"," 208","Brant",2,1,36,92,106,0,1,238,405
35013,"Brantford--Brant/Brantford--Brant"," 209","Brant",9,2,53,105,70,0,3,242,358
35013,"Brantford--Brant/Brantford--Brant"," 210","Brant",7,2,47,91,64,0,2,213,355
35013,"Brantford--Brant/Brantford--Brant"," 211","Brantford",6,2,54,110,90,1,0,263,489
35013,"Brantford--Brant/Brantford--Brant"," 212","Brantford",4,3,37,123,62,0,0,229,433
35013,"Brantford--Brant/Brantford--Brant"," 213","Brantford",6,4,76,135,137,1,2,361,716
35013,"Brantford--Brant/Brantford--Brant"," 214","Brantford",2,5,30,89,74,0,2,202,396
35013,"Brantford--Brant/Brantford--Brant"," 215","Brantford",2,1,51,75,66,0,2,197,376
35013,"Brantford--Brant/Brantford--Brant"," 216","Brantford",4,3,19,75,62,0,0,163,355
35013,"Brantford--Brant/Brantford--Brant"," 217","Brantford",3,1,49,72,54,0,3,182,358
35013,"Brantford--Brant/Brantford--Brant"," 218","Brantford",0,2,32,60,51,1,1,147,352
35013,"Brantford--Brant/Brantford--Brant"," 219","Brantford",4,4,53,87,69,1,4,222,434
35013,"Brantford--Brant/Brantford--Brant"," 220","Brantford",9,5,59,108,73,2,0,256,465
35013,"Brantford--Brant/Brantford--Brant"," 221","Brantford",3,4,67,113,105,0,2,294,471
35013,"Brantford--Brant/Brantford--Brant"," 222","Brantford",10,0,62,124,65,0,1,262,483
35013,"Brantford--Brant/Brantford--Brant"," 223","Brant",7,0,36,115,63,0,3,224,376
35013,"Brantford--Brant/Brantford--Brant"," 224","Brant",20,1,33,125,79,0,1,259,399
35013,"Brantford--Brant/Brantford--Brant"," 225","Brant",6,1,47,124,62,1,0,241,403
35013,"Brantford--Brant/Brantford--Brant"," 226","Brant",5,5,76,112,67,0,0,265,404
35013,"Brantford--Brant/Brantford--Brant"," 227","Brant",13,0,60,128,57,1,1,260,410
35013,"Brantford--Brant/Brantford--Brant"," 228","Brant",2,2,28,104,78,1,2,217,416
35013,"Brantford--Brant/Brantford--Brant"," 229","Brant",6,4,34,114,74,0,0,232,402
35013,"Brantford--Brant/Brantford--Brant"," 230","Brant",6,2,55,105,61,0,0,229,383
35013,"Brantford--Brant/Brantford--Brant"," 231","Brant",4,1,49,101,61,2,3,221,387
35013,"Brantford--Brant/Brantford--Brant"," 232","Brant",5,2,37,117,58,1,2,222,392
35013,"Brantford--Brant/Brantford--Brant"," 233","New Credit 40A",1,0,52,7,51,1,0,112,277
35013,"Brantford--Brant/Brantford--Brant"," 400","Brant",4,5,21,79,32,2,1,144,237
35013,"Brantford--Brant/Brantford--Brant"," 401","Brantford",1,2,8,26,31,0,0,68,212
35013,"Brantford--Brant/Brantford--Brant"," 402","Brantford",2,2,9,61,38,1,1,114,180
35013,"Brantford--Brant/Brantford--Brant"," 500","Mobile poll/Bureau itinérant",5,3,7,19,11,1,2,48,146
35013,"Brantford--Brant/Brantford--Brant"," 501","Mobile poll/Bureau itinérant",4,5,11,44,27,2,2,95,192
35013,"Brantford--Brant/Brantford--Brant"," 502","Mobile poll/Bureau itinérant",1,1,14,23,21,1,0,61,166
35013,"Brantford--Brant/Brantford--Brant"," 503","Mobile poll/Bureau itinérant",4,1,20,62,52,0,3,142,258
35013,"Brantford--Brant/Brantford--Brant"," 504","Mobile poll/Bureau itinérant",3,6,11,41,30,3,1,95,168
35013,"Brantford--Brant/Brantford--Brant"," 505","Mobile poll/Bureau itinérant",7,3,10,32,22,0,0,74,214
35013,"Brantford--Brant/Brantford--Brant"," 506","Mobile poll/Bureau itinérant",0,2,21,64,35,3,0,125,197
35013,"Brantford--Brant/Brantford--Brant"," 600","Brant",25,2,187,347,274,0,2,837,
35013,"Brantford--Brant/Brantford--Brant"," 601","Brant",20,5,150,476,235,0,3,889,
35013,"Brantford--Brant/Brantford--Brant"," 602","Brant",11,3,109,367,166,2,3,661,
35013,"Brantford--Brant/Brantford--Brant"," 603","Brantford",9,1,210,350,250,3,0,823,
35013,"Brantford--Brant/Brantford--Brant"," 604","Brantford",11,1,130,320,231,0,1,694,
35013,"Brantford--Brant/Brantford--Brant"," 605","Brantford",12,5,161,443,247,1,4,873,
35013,"Brantford--Brant/Brantford--Brant"," 606","Brantford",11,3,188,313,228,4,5,752,
35013,"Brantford--Brant/Brantford--Brant"," 607","Brantford",14,5,145,320,203,0,6,693,
35013,"Brantford--Brant/Brantford--Brant"," 608","Brantford",19,4,132,299,210,1,5,670,
35013,"Brantford--Brant/Brantford--Brant"," 609","Brantford",14,2,135,195,162,1,2,511,
35013,"Brantford--Brant/Brantford--Brant"," 610","Brantford",24,2,238,168,132,3,3,570,
35013,"Brantford--Brant/Brantford--Brant"," 611","Brantford",10,3,227,315,212,1,1,769,
35013,"Brantford--Brant/Brantford--Brant"," 612","Brantford",8,3,160,156,114,0,1,442,
35013,"Brantford--Brant/Brantford--Brant"," 613","Brantford",9,5,182,299,204,0,3,702,
35013,"Brantford--Brant/Brantford--Brant"," 614","Brant",16,10,107,406,208,1,2,750,
35013,"Brantford--Brant/Brantford--Brant"," 615","Six Nations--New Credit",2,0,51,9,58,0,0,120,
35013,"Brantford--Brant/Brantford--Brant",,"Group 1/Groupe 1",5,6,39,57,79,1,8,195,132
35013,"Brantford--Brant/Brantford--Brant",,"Group 2/Groupe 2",46,10,385,529,442,9,11,1432,
