﻿Electoral District Number/Numéro de circonscription,Electoral District Name/Nom de circonscription,Polling Station Number/Numéro du bureau de scrutin,Polling Station Name/Nom du bureau de scrutin,Daniel Blaikie,Kim Parke,Andrea Richardson-Lipon,Lawrence Toet,Rejected Ballots/Bulletins rejetés,Total Votes/Total des votes,Electors/Électeurs
46005,"Elmwood--Transcona/Elmwood--Transcona"," 1A","Winnipeg",52,4,55,54,1,166,274
46005,"Elmwood--Transcona/Elmwood--Transcona"," 1B","Winnipeg",67,9,65,99,3,243,373
46005,"Elmwood--Transcona/Elmwood--Transcona"," 2","Winnipeg",109,9,52,74,0,244,423
46005,"Elmwood--Transcona/Elmwood--Transcona"," 3","Winnipeg",51,7,73,54,0,185,460
46005,"Elmwood--Transcona/Elmwood--Transcona"," 4","Winnipeg",92,6,60,103,1,262,399
46005,"Elmwood--Transcona/Elmwood--Transcona"," 5","Winnipeg",139,5,107,59,1,311,450
46005,"Elmwood--Transcona/Elmwood--Transcona"," 6","Winnipeg",64,7,63,76,1,211,383
46005,"Elmwood--Transcona/Elmwood--Transcona"," 7","Winnipeg",72,5,60,58,0,195,375
46005,"Elmwood--Transcona/Elmwood--Transcona"," 8","Winnipeg",66,11,46,57,2,182,356
46005,"Elmwood--Transcona/Elmwood--Transcona"," 9","Winnipeg",69,4,67,85,0,225,428
46005,"Elmwood--Transcona/Elmwood--Transcona"," 10","Winnipeg",79,5,82,63,4,233,439
46005,"Elmwood--Transcona/Elmwood--Transcona"," 11","Winnipeg",74,3,61,85,0,223,373
46005,"Elmwood--Transcona/Elmwood--Transcona"," 12","Winnipeg",74,4,61,78,1,218,392
46005,"Elmwood--Transcona/Elmwood--Transcona"," 13","Winnipeg",82,7,52,70,0,211,412
46005,"Elmwood--Transcona/Elmwood--Transcona"," 14","Winnipeg",103,7,68,64,1,243,460
46005,"Elmwood--Transcona/Elmwood--Transcona"," 15","Winnipeg",63,6,66,52,0,187,367
46005,"Elmwood--Transcona/Elmwood--Transcona"," 16","Winnipeg",75,4,59,67,1,206,362
46005,"Elmwood--Transcona/Elmwood--Transcona"," 17","Winnipeg",84,8,72,59,0,223,473
46005,"Elmwood--Transcona/Elmwood--Transcona"," 18","Winnipeg",73,7,57,72,1,210,443
46005,"Elmwood--Transcona/Elmwood--Transcona"," 19","Winnipeg",80,9,74,57,1,221,393
46005,"Elmwood--Transcona/Elmwood--Transcona"," 20","Winnipeg",66,3,76,62,1,208,423
46005,"Elmwood--Transcona/Elmwood--Transcona"," 21","Winnipeg",74,6,74,59,2,215,473
46005,"Elmwood--Transcona/Elmwood--Transcona"," 22","Winnipeg",63,3,55,54,1,176,349
46005,"Elmwood--Transcona/Elmwood--Transcona"," 23","Winnipeg",45,5,78,48,1,177,375
46005,"Elmwood--Transcona/Elmwood--Transcona"," 24","Winnipeg",46,4,57,40,0,147,375
46005,"Elmwood--Transcona/Elmwood--Transcona"," 25","Winnipeg",57,6,75,28,0,166,406
46005,"Elmwood--Transcona/Elmwood--Transcona"," 26","Winnipeg",72,8,69,113,0,262,454
46005,"Elmwood--Transcona/Elmwood--Transcona"," 27","Winnipeg",86,7,60,54,0,207,349
46005,"Elmwood--Transcona/Elmwood--Transcona"," 28","Winnipeg",102,5,56,74,0,237,459
46005,"Elmwood--Transcona/Elmwood--Transcona"," 29","Winnipeg",61,5,65,85,0,216,397
46005,"Elmwood--Transcona/Elmwood--Transcona"," 30","Winnipeg",53,2,60,79,0,194,346
46005,"Elmwood--Transcona/Elmwood--Transcona"," 31","Winnipeg",52,1,61,86,0,200,384
46005,"Elmwood--Transcona/Elmwood--Transcona"," 32","Winnipeg",42,3,61,68,2,176,311
46005,"Elmwood--Transcona/Elmwood--Transcona"," 33","Winnipeg",75,6,84,86,2,253,389
46005,"Elmwood--Transcona/Elmwood--Transcona"," 34","Winnipeg",64,1,60,83,1,209,318
46005,"Elmwood--Transcona/Elmwood--Transcona"," 35A","Winnipeg",59,4,66,88,2,219,384
46005,"Elmwood--Transcona/Elmwood--Transcona"," 35B","Mobile poll/Bureau itinérant",Merged with No./Fusionné avec le n°500A,,,,,,46
46005,"Elmwood--Transcona/Elmwood--Transcona"," 36","Winnipeg",62,4,67,80,1,214,410
46005,"Elmwood--Transcona/Elmwood--Transcona"," 37","Winnipeg",61,3,77,82,0,223,420
46005,"Elmwood--Transcona/Elmwood--Transcona"," 38","Winnipeg",63,2,66,83,0,214,416
46005,"Elmwood--Transcona/Elmwood--Transcona"," 39","Winnipeg",46,6,60,72,0,184,383
46005,"Elmwood--Transcona/Elmwood--Transcona"," 40","Winnipeg",71,8,100,74,1,254,498
46005,"Elmwood--Transcona/Elmwood--Transcona"," 41","Winnipeg",70,2,60,69,2,203,352
46005,"Elmwood--Transcona/Elmwood--Transcona"," 42","Winnipeg",73,6,66,58,1,204,481
46005,"Elmwood--Transcona/Elmwood--Transcona"," 43","Winnipeg",88,3,67,59,3,220,434
46005,"Elmwood--Transcona/Elmwood--Transcona"," 44","Winnipeg",82,7,66,43,0,198,407
46005,"Elmwood--Transcona/Elmwood--Transcona"," 45A","Winnipeg",64,3,66,83,0,216,417
46005,"Elmwood--Transcona/Elmwood--Transcona"," 45B","Winnipeg",Merged with No./Fusionné avec le n°400,,,,,,144
46005,"Elmwood--Transcona/Elmwood--Transcona"," 46","Winnipeg",53,8,75,86,1,223,450
46005,"Elmwood--Transcona/Elmwood--Transcona"," 47A","Winnipeg",29,4,43,26,0,102,218
46005,"Elmwood--Transcona/Elmwood--Transcona"," 47B","Winnipeg",17,0,33,67,3,120,58
46005,"Elmwood--Transcona/Elmwood--Transcona"," 48","Winnipeg",50,2,45,60,0,157,300
46005,"Elmwood--Transcona/Elmwood--Transcona"," 49","Winnipeg",38,5,74,62,0,179,363
46005,"Elmwood--Transcona/Elmwood--Transcona"," 50","Winnipeg",75,1,82,56,0,214,457
46005,"Elmwood--Transcona/Elmwood--Transcona"," 51","Winnipeg",90,2,74,74,1,241,426
46005,"Elmwood--Transcona/Elmwood--Transcona"," 52","Winnipeg",67,9,64,66,0,206,372
46005,"Elmwood--Transcona/Elmwood--Transcona"," 53","Winnipeg",91,6,56,93,0,246,390
46005,"Elmwood--Transcona/Elmwood--Transcona"," 54","Winnipeg",62,4,64,63,0,193,418
46005,"Elmwood--Transcona/Elmwood--Transcona"," 55","Winnipeg",65,4,51,58,1,179,348
46005,"Elmwood--Transcona/Elmwood--Transcona"," 56","Winnipeg",64,8,55,46,0,173,416
46005,"Elmwood--Transcona/Elmwood--Transcona"," 57","Winnipeg",37,3,46,45,0,131,285
46005,"Elmwood--Transcona/Elmwood--Transcona"," 58","Winnipeg",56,4,61,51,2,174,382
46005,"Elmwood--Transcona/Elmwood--Transcona"," 59","Winnipeg",82,1,91,63,0,237,462
46005,"Elmwood--Transcona/Elmwood--Transcona"," 60","Winnipeg",67,10,73,69,2,221,397
46005,"Elmwood--Transcona/Elmwood--Transcona"," 61","Winnipeg",75,11,74,47,5,212,473
46005,"Elmwood--Transcona/Elmwood--Transcona"," 62","Winnipeg",64,9,76,55,3,207,447
46005,"Elmwood--Transcona/Elmwood--Transcona"," 63","Winnipeg",69,8,74,38,2,191,500
46005,"Elmwood--Transcona/Elmwood--Transcona"," 64","Winnipeg",44,7,53,24,0,128,286
46005,"Elmwood--Transcona/Elmwood--Transcona"," 65","Winnipeg",45,4,61,35,0,145,410
46005,"Elmwood--Transcona/Elmwood--Transcona"," 66","Winnipeg",71,1,74,20,3,169,369
46005,"Elmwood--Transcona/Elmwood--Transcona"," 67","Winnipeg",48,6,55,30,0,139,349
46005,"Elmwood--Transcona/Elmwood--Transcona"," 68","Winnipeg",65,2,65,42,1,175,400
46005,"Elmwood--Transcona/Elmwood--Transcona"," 69","Winnipeg",88,3,71,46,0,208,447
46005,"Elmwood--Transcona/Elmwood--Transcona"," 70","Winnipeg",67,3,73,47,2,192,449
46005,"Elmwood--Transcona/Elmwood--Transcona"," 71","Winnipeg",46,3,68,33,0,150,404
46005,"Elmwood--Transcona/Elmwood--Transcona"," 72","Winnipeg",46,5,48,36,1,136,395
46005,"Elmwood--Transcona/Elmwood--Transcona"," 73","Winnipeg",75,9,66,46,0,196,393
46005,"Elmwood--Transcona/Elmwood--Transcona"," 74","Winnipeg",70,6,65,57,0,198,405
46005,"Elmwood--Transcona/Elmwood--Transcona"," 75","Winnipeg",144,12,54,54,2,266,413
46005,"Elmwood--Transcona/Elmwood--Transcona"," 76","Winnipeg",100,14,55,56,1,226,394
46005,"Elmwood--Transcona/Elmwood--Transcona"," 77","Winnipeg",93,6,65,65,2,231,422
46005,"Elmwood--Transcona/Elmwood--Transcona"," 78","Winnipeg",99,7,51,58,1,216,425
46005,"Elmwood--Transcona/Elmwood--Transcona"," 79","Winnipeg",27,4,41,21,0,93,294
46005,"Elmwood--Transcona/Elmwood--Transcona"," 80","Winnipeg",74,10,64,70,3,221,414
46005,"Elmwood--Transcona/Elmwood--Transcona"," 81","Winnipeg",66,4,71,71,1,213,375
46005,"Elmwood--Transcona/Elmwood--Transcona"," 82","Winnipeg",47,10,49,80,1,187,343
46005,"Elmwood--Transcona/Elmwood--Transcona"," 83","Winnipeg",68,6,56,24,0,154,410
46005,"Elmwood--Transcona/Elmwood--Transcona"," 84","Winnipeg",32,4,54,25,0,115,310
46005,"Elmwood--Transcona/Elmwood--Transcona"," 85","Winnipeg",46,5,47,22,0,120,319
46005,"Elmwood--Transcona/Elmwood--Transcona"," 86","Winnipeg",65,1,50,51,0,167,375
46005,"Elmwood--Transcona/Elmwood--Transcona"," 87","Winnipeg",69,7,76,71,3,226,383
46005,"Elmwood--Transcona/Elmwood--Transcona"," 88","Winnipeg",65,11,74,39,1,190,394
46005,"Elmwood--Transcona/Elmwood--Transcona"," 89","Winnipeg",73,10,82,66,2,233,419
46005,"Elmwood--Transcona/Elmwood--Transcona"," 90","Winnipeg",73,6,61,61,1,202,403
46005,"Elmwood--Transcona/Elmwood--Transcona"," 91","Winnipeg",48,4,56,32,1,141,359
46005,"Elmwood--Transcona/Elmwood--Transcona"," 92","Winnipeg",53,6,53,48,2,162,366
46005,"Elmwood--Transcona/Elmwood--Transcona"," 93","Winnipeg",66,10,78,106,1,261,452
46005,"Elmwood--Transcona/Elmwood--Transcona"," 94","Winnipeg",59,7,85,83,2,236,415
46005,"Elmwood--Transcona/Elmwood--Transcona"," 95","Winnipeg",82,5,77,66,1,231,476
46005,"Elmwood--Transcona/Elmwood--Transcona"," 96","Winnipeg",41,2,43,53,0,139,308
46005,"Elmwood--Transcona/Elmwood--Transcona"," 97","Winnipeg",77,4,65,83,0,229,408
46005,"Elmwood--Transcona/Elmwood--Transcona"," 98","Winnipeg",68,3,57,67,2,197,337
46005,"Elmwood--Transcona/Elmwood--Transcona"," 99","Winnipeg",55,4,59,84,0,202,386
46005,"Elmwood--Transcona/Elmwood--Transcona"," 100","Winnipeg",58,2,58,57,0,175,371
46005,"Elmwood--Transcona/Elmwood--Transcona"," 101A","Winnipeg",34,6,82,58,0,180,440
46005,"Elmwood--Transcona/Elmwood--Transcona"," 101B","Winnipeg",40,1,45,82,2,170,450
46005,"Elmwood--Transcona/Elmwood--Transcona"," 102A","Winnipeg",37,2,32,76,0,147,273
46005,"Elmwood--Transcona/Elmwood--Transcona"," 102B","Winnipeg",29,2,24,41,0,96,205
46005,"Elmwood--Transcona/Elmwood--Transcona"," 103","Winnipeg",55,1,71,87,0,214,402
46005,"Elmwood--Transcona/Elmwood--Transcona"," 104A","Winnipeg",28,4,33,64,0,129,289
46005,"Elmwood--Transcona/Elmwood--Transcona"," 104B","Mobile poll/Bureau itinérant",71,2,54,68,1,196,90
46005,"Elmwood--Transcona/Elmwood--Transcona"," 104C","Mobile poll/Bureau itinérant",Merged with No./Fusionné avec le n°104B,,,,,,85
46005,"Elmwood--Transcona/Elmwood--Transcona"," 105A","Winnipeg",36,4,39,62,2,143,289
46005,"Elmwood--Transcona/Elmwood--Transcona"," 105B","Winnipeg",22,5,53,55,0,135,318
46005,"Elmwood--Transcona/Elmwood--Transcona"," 106","Winnipeg",70,4,60,106,0,240,467
46005,"Elmwood--Transcona/Elmwood--Transcona"," 107","Winnipeg",80,1,61,84,0,226,387
46005,"Elmwood--Transcona/Elmwood--Transcona"," 108","Winnipeg",50,3,48,61,0,162,335
46005,"Elmwood--Transcona/Elmwood--Transcona"," 109","Winnipeg",61,4,65,66,1,197,419
46005,"Elmwood--Transcona/Elmwood--Transcona"," 110","Winnipeg",75,6,66,51,0,198,383
46005,"Elmwood--Transcona/Elmwood--Transcona"," 111","Winnipeg",68,7,58,52,1,186,345
46005,"Elmwood--Transcona/Elmwood--Transcona"," 112","Winnipeg",54,4,39,53,1,151,306
46005,"Elmwood--Transcona/Elmwood--Transcona"," 113","Winnipeg",73,4,69,74,0,220,414
46005,"Elmwood--Transcona/Elmwood--Transcona"," 114A","Winnipeg",50,5,78,105,2,240,498
46005,"Elmwood--Transcona/Elmwood--Transcona"," 114B","Winnipeg",54,1,96,68,0,219,499
46005,"Elmwood--Transcona/Elmwood--Transcona"," 115","Winnipeg",72,3,62,85,0,222,438
46005,"Elmwood--Transcona/Elmwood--Transcona"," 116","Winnipeg",80,5,79,67,0,231,442
46005,"Elmwood--Transcona/Elmwood--Transcona"," 117","Winnipeg",107,6,69,58,0,240,412
46005,"Elmwood--Transcona/Elmwood--Transcona"," 118","Winnipeg",74,8,69,83,2,236,449
46005,"Elmwood--Transcona/Elmwood--Transcona"," 119","Winnipeg",91,3,67,102,1,264,439
46005,"Elmwood--Transcona/Elmwood--Transcona"," 120A","Winnipeg",56,3,50,44,0,153,269
46005,"Elmwood--Transcona/Elmwood--Transcona"," 120B","Winnipeg",51,3,46,43,2,145,257
46005,"Elmwood--Transcona/Elmwood--Transcona"," 121","Winnipeg",94,12,90,61,3,260,433
46005,"Elmwood--Transcona/Elmwood--Transcona"," 122","Winnipeg",60,3,52,53,1,169,353
46005,"Elmwood--Transcona/Elmwood--Transcona"," 123","Winnipeg",77,2,87,72,0,238,430
46005,"Elmwood--Transcona/Elmwood--Transcona"," 124","Winnipeg",46,6,68,79,0,199,359
46005,"Elmwood--Transcona/Elmwood--Transcona"," 125","Winnipeg",64,4,53,54,0,175,392
46005,"Elmwood--Transcona/Elmwood--Transcona"," 126","Winnipeg",53,8,56,50,2,169,324
46005,"Elmwood--Transcona/Elmwood--Transcona"," 127","Winnipeg",68,6,64,65,0,203,385
46005,"Elmwood--Transcona/Elmwood--Transcona"," 128","Winnipeg",61,1,60,69,0,191,355
46005,"Elmwood--Transcona/Elmwood--Transcona"," 129","Winnipeg",60,3,52,63,0,178,353
46005,"Elmwood--Transcona/Elmwood--Transcona"," 130A","Winnipeg",49,3,55,58,0,165,310
46005,"Elmwood--Transcona/Elmwood--Transcona"," 130B","Winnipeg",47,5,52,55,0,159,299
46005,"Elmwood--Transcona/Elmwood--Transcona"," 131","Winnipeg",54,3,72,74,0,203,363
46005,"Elmwood--Transcona/Elmwood--Transcona"," 132","Winnipeg",71,5,86,62,0,224,403
46005,"Elmwood--Transcona/Elmwood--Transcona"," 133","Winnipeg",74,7,82,79,0,242,438
46005,"Elmwood--Transcona/Elmwood--Transcona"," 134","Winnipeg",102,2,51,72,3,230,449
46005,"Elmwood--Transcona/Elmwood--Transcona"," 135","Winnipeg",84,5,57,59,0,205,391
46005,"Elmwood--Transcona/Elmwood--Transcona"," 136","Winnipeg",71,11,70,65,0,217,443
46005,"Elmwood--Transcona/Elmwood--Transcona"," 137","Winnipeg",66,6,52,51,1,176,357
46005,"Elmwood--Transcona/Elmwood--Transcona"," 138","Winnipeg",89,5,71,43,0,208,410
46005,"Elmwood--Transcona/Elmwood--Transcona"," 139","Winnipeg",77,7,69,60,0,213,464
46005,"Elmwood--Transcona/Elmwood--Transcona"," 140","Winnipeg",60,5,48,41,1,155,375
46005,"Elmwood--Transcona/Elmwood--Transcona"," 141","Winnipeg",74,6,60,62,0,202,422
46005,"Elmwood--Transcona/Elmwood--Transcona"," 142","Winnipeg",58,8,62,122,1,251,425
46005,"Elmwood--Transcona/Elmwood--Transcona"," 143","Winnipeg",69,6,68,100,0,243,415
46005,"Elmwood--Transcona/Elmwood--Transcona"," 144","Winnipeg",88,4,74,56,0,222,384
46005,"Elmwood--Transcona/Elmwood--Transcona"," 145","Winnipeg",86,2,74,73,1,236,458
46005,"Elmwood--Transcona/Elmwood--Transcona"," 146","Winnipeg",69,6,67,57,0,199,404
46005,"Elmwood--Transcona/Elmwood--Transcona"," 147","Winnipeg",88,6,65,83,0,242,470
46005,"Elmwood--Transcona/Elmwood--Transcona"," 148","Winnipeg",63,2,73,61,1,200,398
46005,"Elmwood--Transcona/Elmwood--Transcona"," 149","Winnipeg",70,5,69,80,2,226,441
46005,"Elmwood--Transcona/Elmwood--Transcona"," 150A","Winnipeg",36,5,36,54,0,131,225
46005,"Elmwood--Transcona/Elmwood--Transcona"," 150B","Winnipeg",43,2,39,39,1,124,242
46005,"Elmwood--Transcona/Elmwood--Transcona"," 151","Winnipeg",46,1,70,76,2,195,424
46005,"Elmwood--Transcona/Elmwood--Transcona"," 152A","Winnipeg",36,1,44,53,0,134,213
46005,"Elmwood--Transcona/Elmwood--Transcona"," 152B","Winnipeg",31,1,51,67,0,150,275
46005,"Elmwood--Transcona/Elmwood--Transcona"," 153A","Winnipeg",49,2,46,69,2,168,342
46005,"Elmwood--Transcona/Elmwood--Transcona"," 153B","Winnipeg",49,2,45,68,0,164,320
46005,"Elmwood--Transcona/Elmwood--Transcona"," 154A","Winnipeg",23,0,24,33,0,80,208
46005,"Elmwood--Transcona/Elmwood--Transcona"," 154B","Winnipeg",44,1,46,63,1,155,301
46005,"Elmwood--Transcona/Elmwood--Transcona"," 155","Winnipeg",33,2,31,60,1,127,301
46005,"Elmwood--Transcona/Elmwood--Transcona"," 156","Winnipeg",47,4,43,65,1,160,302
46005,"Elmwood--Transcona/Elmwood--Transcona"," 400","Winnipeg",53,8,41,77,1,180,110
46005,"Elmwood--Transcona/Elmwood--Transcona"," 401","Winnipeg",35,1,28,44,0,108,132
46005,"Elmwood--Transcona/Elmwood--Transcona"," 402","Winnipeg",Merged with No./Fusionné avec le n°47B,,,,,,113
46005,"Elmwood--Transcona/Elmwood--Transcona"," 500A","Mobile poll/Bureau itinérant",66,3,49,48,1,167,121
46005,"Elmwood--Transcona/Elmwood--Transcona"," 500B","Mobile poll/Bureau itinérant",Merged with No./Fusionné avec le n°500A,,,,,,82
46005,"Elmwood--Transcona/Elmwood--Transcona"," 500C","Mobile poll/Bureau itinérant",Merged with No./Fusionné avec le n°501A,,,,,,25
46005,"Elmwood--Transcona/Elmwood--Transcona"," 500D","Mobile poll/Bureau itinérant",Merged with No./Fusionné avec le n°501A,,,,,,44
46005,"Elmwood--Transcona/Elmwood--Transcona"," 501A","Mobile poll/Bureau itinérant",31,2,29,16,0,78,80
46005,"Elmwood--Transcona/Elmwood--Transcona"," 501B","Mobile poll/Bureau itinérant",Merged with No./Fusionné avec le n°502A,,,,,,66
46005,"Elmwood--Transcona/Elmwood--Transcona"," 501C","Mobile poll/Bureau itinérant",Merged with No./Fusionné avec le n°502A,,,,,,83
46005,"Elmwood--Transcona/Elmwood--Transcona"," 502A","Mobile poll/Bureau itinérant",77,7,23,60,4,171,68
46005,"Elmwood--Transcona/Elmwood--Transcona"," 502B","Mobile poll/Bureau itinérant",Merged with No./Fusionné avec le n°500A,,,,,,69
46005,"Elmwood--Transcona/Elmwood--Transcona"," 502C","Mobile poll/Bureau itinérant",Merged with No./Fusionné avec le n°104B,,,,,,92
46005,"Elmwood--Transcona/Elmwood--Transcona"," 600","Winnipeg",352,15,158,353,5,883,
46005,"Elmwood--Transcona/Elmwood--Transcona"," 601","Winnipeg",348,18,157,279,4,806,
46005,"Elmwood--Transcona/Elmwood--Transcona"," 602","Winnipeg",311,12,153,157,0,633,
46005,"Elmwood--Transcona/Elmwood--Transcona"," 603","Winnipeg",211,8,111,194,1,525,
46005,"Elmwood--Transcona/Elmwood--Transcona"," 604","Winnipeg",229,9,134,241,1,614,
46005,"Elmwood--Transcona/Elmwood--Transcona"," 605","Winnipeg",271,21,207,361,6,866,
46005,"Elmwood--Transcona/Elmwood--Transcona"," 606","Winnipeg",366,19,227,518,4,1134,
46005,"Elmwood--Transcona/Elmwood--Transcona"," 607","Winnipeg",302,11,160,261,1,735,
46005,"Elmwood--Transcona/Elmwood--Transcona"," 608","Winnipeg",248,4,136,318,1,707,
46005,"Elmwood--Transcona/Elmwood--Transcona"," 609","Winnipeg",286,21,162,276,2,747,
46005,"Elmwood--Transcona/Elmwood--Transcona"," 610","Winnipeg",240,10,176,354,2,782,
46005,"Elmwood--Transcona/Elmwood--Transcona",,"Group 1/Groupe 1",25,2,107,40,3,177,145
46005,"Elmwood--Transcona/Elmwood--Transcona",,"Group 2/Groupe 2",382,21,163,380,15,961,
