﻿Electoral District Number/Numéro de circonscription,Electoral District Name/Nom de circonscription,Polling Station Number/Numéro du bureau de scrutin,Polling Station Name/Nom du bureau de scrutin,Ahmed Hussen,John Johnson,Stephen Lepone,James Robinson,Mike Sullivan,Rejected Ballots/Bulletins rejetés,Total Votes/Total des votes,Electors/Électeurs
35120,"York South--Weston/York-Sud--Weston"," 1","North York",113,1,8,47,75,1,245,360
35120,"York South--Weston/York-Sud--Weston"," 2","North York",149,13,6,72,46,1,287,452
35120,"York South--Weston/York-Sud--Weston"," 3","North York",93,4,5,34,39,0,175,401
35120,"York South--Weston/York-Sud--Weston"," 4","North York",103,5,3,73,40,0,224,446
35120,"York South--Weston/York-Sud--Weston"," 5","North York",156,2,10,58,77,3,306,490
35120,"York South--Weston/York-Sud--Weston"," 6","North York",60,4,0,30,41,2,137,276
35120,"York South--Weston/York-Sud--Weston"," 7","North York",101,3,6,64,47,2,223,393
35120,"York South--Weston/York-Sud--Weston"," 8","North York",122,6,8,74,49,2,261,448
35120,"York South--Weston/York-Sud--Weston"," 9","North York",103,1,7,53,45,0,209,370
35120,"York South--Weston/York-Sud--Weston"," 10","North York",72,9,4,53,51,1,190,322
35120,"York South--Weston/York-Sud--Weston"," 11","North York",110,5,8,68,60,3,254,480
35120,"York South--Weston/York-Sud--Weston"," 12","North York",159,6,6,46,43,2,262,459
35120,"York South--Weston/York-Sud--Weston"," 13","North York",99,9,9,57,72,2,248,473
35120,"York South--Weston/York-Sud--Weston"," 14","North York",94,8,6,69,50,3,230,465
35120,"York South--Weston/York-Sud--Weston"," 15","North York",108,2,5,58,58,4,235,386
35120,"York South--Weston/York-Sud--Weston"," 16A","North York",60,5,3,33,36,0,137,269
35120,"York South--Weston/York-Sud--Weston"," 16B","North York",Merged with No./Fusionné avec le n°12,,,,,,,80
35120,"York South--Weston/York-Sud--Weston"," 17","North York",103,2,7,74,62,1,249,390
35120,"York South--Weston/York-Sud--Weston"," 18","North York",99,6,3,50,37,3,198,392
35120,"York South--Weston/York-Sud--Weston"," 19","North York",74,5,7,51,52,4,193,421
35120,"York South--Weston/York-Sud--Weston"," 20","North York",104,5,2,26,61,0,198,445
35120,"York South--Weston/York-Sud--Weston"," 21","North York",97,3,10,36,42,0,188,427
35120,"York South--Weston/York-Sud--Weston"," 22","North York",61,1,3,22,31,0,118,308
35120,"York South--Weston/York-Sud--Weston"," 23","North York",104,1,3,69,40,4,221,463
35120,"York South--Weston/York-Sud--Weston"," 24","North York",85,3,9,52,44,1,194,463
35120,"York South--Weston/York-Sud--Weston"," 25","North York",99,2,5,56,85,2,249,436
35120,"York South--Weston/York-Sud--Weston"," 26","North York",97,3,1,57,56,3,217,422
35120,"York South--Weston/York-Sud--Weston"," 27","North York",91,3,4,69,45,1,213,484
35120,"York South--Weston/York-Sud--Weston"," 28","North York",65,4,6,45,44,3,167,337
35120,"York South--Weston/York-Sud--Weston"," 29","North York",91,3,5,28,39,1,167,330
35120,"York South--Weston/York-Sud--Weston"," 30","North York",112,1,5,16,49,1,184,468
35120,"York South--Weston/York-Sud--Weston"," 31","North York",159,6,19,86,75,5,350,524
35120,"York South--Weston/York-Sud--Weston"," 32","North York",161,2,12,16,83,0,274,525
35120,"York South--Weston/York-Sud--Weston"," 33","North York",54,1,3,5,21,0,84,301
35120,"York South--Weston/York-Sud--Weston"," 34","North York",63,0,1,9,32,1,106,395
35120,"York South--Weston/York-Sud--Weston"," 35","York",83,3,4,41,108,3,242,441
35120,"York South--Weston/York-Sud--Weston"," 36","York",124,27,2,5,138,0,296,480
35120,"York South--Weston/York-Sud--Weston"," 37","York",73,4,2,62,133,0,274,449
35120,"York South--Weston/York-Sud--Weston"," 38","York",85,6,3,37,55,0,186,409
35120,"York South--Weston/York-Sud--Weston"," 39","York",83,4,9,37,41,0,174,373
35120,"York South--Weston/York-Sud--Weston"," 40","North York",96,8,8,80,90,1,283,467
35120,"York South--Weston/York-Sud--Weston"," 41","North York",93,9,4,49,71,1,227,363
35120,"York South--Weston/York-Sud--Weston"," 42","North York",81,7,8,67,80,2,245,448
35120,"York South--Weston/York-Sud--Weston"," 43","North York",85,3,2,58,106,3,257,422
35120,"York South--Weston/York-Sud--Weston"," 44","North York",84,7,3,49,109,0,252,414
35120,"York South--Weston/York-Sud--Weston"," 45","North York",98,2,7,39,74,0,220,415
35120,"York South--Weston/York-Sud--Weston"," 46","North York",104,3,6,57,66,1,237,533
35120,"York South--Weston/York-Sud--Weston"," 47","York",74,3,5,47,69,2,200,477
35120,"York South--Weston/York-Sud--Weston"," 48","York",76,3,6,23,53,1,162,475
35120,"York South--Weston/York-Sud--Weston"," 49","York",100,0,6,41,60,5,212,445
35120,"York South--Weston/York-Sud--Weston"," 50","York",89,3,4,35,54,0,185,532
35120,"York South--Weston/York-Sud--Weston"," 51","York",82,10,3,53,90,0,238,445
35120,"York South--Weston/York-Sud--Weston"," 52","York",70,3,2,31,108,1,215,457
35120,"York South--Weston/York-Sud--Weston"," 53","York",64,10,1,61,118,2,256,449
35120,"York South--Weston/York-Sud--Weston"," 54","York",74,7,3,41,84,3,212,400
35120,"York South--Weston/York-Sud--Weston"," 55","York",87,2,2,24,53,0,168,411
35120,"York South--Weston/York-Sud--Weston"," 56","North York",88,4,3,43,48,1,187,378
35120,"York South--Weston/York-Sud--Weston"," 57","North York",87,2,3,60,54,1,207,327
35120,"York South--Weston/York-Sud--Weston"," 58","North York",115,4,7,58,57,1,242,370
35120,"York South--Weston/York-Sud--Weston"," 59","North York",98,5,10,43,48,2,206,417
35120,"York South--Weston/York-Sud--Weston"," 60","North York",102,8,0,51,79,1,241,400
35120,"York South--Weston/York-Sud--Weston"," 61","North York",109,3,7,39,51,0,209,589
35120,"York South--Weston/York-Sud--Weston"," 62","North York",127,2,3,12,35,1,180,484
35120,"York South--Weston/York-Sud--Weston"," 63","North York",87,4,7,70,63,5,236,464
35120,"York South--Weston/York-Sud--Weston"," 64","North York",76,7,8,64,35,2,192,410
35120,"York South--Weston/York-Sud--Weston"," 65","North York",119,3,5,66,59,3,255,532
35120,"York South--Weston/York-Sud--Weston"," 66","York",117,5,7,41,81,4,255,505
35120,"York South--Weston/York-Sud--Weston"," 67","York",96,4,2,58,103,1,264,420
35120,"York South--Weston/York-Sud--Weston"," 68","York",65,6,8,45,46,0,170,308
35120,"York South--Weston/York-Sud--Weston"," 69","York",74,7,2,34,45,2,164,311
35120,"York South--Weston/York-Sud--Weston"," 70","York",143,3,3,39,53,2,243,524
35120,"York South--Weston/York-Sud--Weston"," 71","York",114,7,11,40,67,0,239,474
35120,"York South--Weston/York-Sud--Weston"," 72","York",96,6,7,40,58,0,207,434
35120,"York South--Weston/York-Sud--Weston"," 73","York",95,2,4,52,52,0,205,449
35120,"York South--Weston/York-Sud--Weston"," 74","York",89,3,7,56,65,2,222,465
35120,"York South--Weston/York-Sud--Weston"," 75","North York",68,6,1,38,58,1,172,318
35120,"York South--Weston/York-Sud--Weston"," 76","North York",96,7,3,45,48,0,199,406
35120,"York South--Weston/York-Sud--Weston"," 77","North York",104,2,4,31,45,2,188,327
35120,"York South--Weston/York-Sud--Weston"," 78","North York",172,2,8,47,73,6,308,591
35120,"York South--Weston/York-Sud--Weston"," 79","York",88,5,7,16,51,2,169,311
35120,"York South--Weston/York-Sud--Weston"," 80","York",154,3,5,36,46,1,245,480
35120,"York South--Weston/York-Sud--Weston"," 81","York",130,2,6,27,54,3,222,443
35120,"York South--Weston/York-Sud--Weston"," 82","York",137,9,5,42,66,4,263,448
35120,"York South--Weston/York-Sud--Weston"," 83","York",135,4,7,57,64,4,271,426
35120,"York South--Weston/York-Sud--Weston"," 84","York",132,2,5,44,70,3,256,423
35120,"York South--Weston/York-Sud--Weston"," 85","York",106,10,9,35,53,1,214,438
35120,"York South--Weston/York-Sud--Weston"," 86","York",89,4,6,52,90,3,244,478
35120,"York South--Weston/York-Sud--Weston"," 87","York",100,5,27,10,57,4,203,424
35120,"York South--Weston/York-Sud--Weston"," 88","York",115,5,2,41,38,0,201,366
35120,"York South--Weston/York-Sud--Weston"," 89","York",91,2,9,35,58,0,195,407
35120,"York South--Weston/York-Sud--Weston"," 90","York",93,2,6,33,48,2,184,402
35120,"York South--Weston/York-Sud--Weston"," 91","York",100,4,2,49,49,5,209,386
35120,"York South--Weston/York-Sud--Weston"," 92","York",103,2,6,34,69,7,221,444
35120,"York South--Weston/York-Sud--Weston"," 93","York",125,4,11,43,53,1,237,404
35120,"York South--Weston/York-Sud--Weston"," 94","York",71,2,12,39,77,1,202,394
35120,"York South--Weston/York-Sud--Weston"," 95","York",94,3,5,40,103,2,247,482
35120,"York South--Weston/York-Sud--Weston"," 96","York",95,11,7,43,95,1,252,500
35120,"York South--Weston/York-Sud--Weston"," 97","York",127,5,3,18,85,8,246,539
35120,"York South--Weston/York-Sud--Weston"," 98","York",76,4,4,47,62,3,196,487
35120,"York South--Weston/York-Sud--Weston"," 99","York",90,5,6,38,67,4,210,482
35120,"York South--Weston/York-Sud--Weston"," 100","Toronto",65,5,7,41,52,4,174,451
35120,"York South--Weston/York-Sud--Weston"," 101","York",74,2,8,28,68,3,183,412
35120,"York South--Weston/York-Sud--Weston"," 102","York",63,5,3,32,64,1,168,385
35120,"York South--Weston/York-Sud--Weston"," 103","York",83,5,5,31,47,0,171,367
35120,"York South--Weston/York-Sud--Weston"," 104","York",56,2,6,18,42,3,127,306
35120,"York South--Weston/York-Sud--Weston"," 105","York",43,1,0,19,22,3,88,171
35120,"York South--Weston/York-Sud--Weston"," 106","York",88,2,7,23,53,0,173,490
35120,"York South--Weston/York-Sud--Weston"," 107","York",55,2,7,38,48,0,150,340
35120,"York South--Weston/York-Sud--Weston"," 108","York",58,3,2,46,49,2,160,369
35120,"York South--Weston/York-Sud--Weston"," 109","York",104,8,7,55,75,0,249,515
35120,"York South--Weston/York-Sud--Weston"," 110","York",163,1,8,45,85,0,302,541
35120,"York South--Weston/York-Sud--Weston"," 111","York",162,2,8,42,63,2,279,510
35120,"York South--Weston/York-Sud--Weston"," 112","York",100,6,6,43,40,1,196,291
35120,"York South--Weston/York-Sud--Weston"," 113A","York",Merged with No./Fusionné avec le n°67,,,,,,,87
35120,"York South--Weston/York-Sud--Weston"," 113B","York",52,6,4,31,49,0,142,253
35120,"York South--Weston/York-Sud--Weston"," 114","York",100,6,7,46,98,0,257,531
35120,"York South--Weston/York-Sud--Weston"," 115","York",112,3,2,15,41,3,176,500
35120,"York South--Weston/York-Sud--Weston"," 116","York",111,2,1,27,57,0,198,443
35120,"York South--Weston/York-Sud--Weston"," 117","York",73,0,3,27,37,4,144,338
35120,"York South--Weston/York-Sud--Weston"," 118","York",107,4,6,29,68,1,215,331
35120,"York South--Weston/York-Sud--Weston"," 119","York",50,2,2,32,57,0,143,321
35120,"York South--Weston/York-Sud--Weston"," 120","York",48,6,3,21,45,1,124,316
35120,"York South--Weston/York-Sud--Weston"," 121","York",75,2,1,20,47,1,146,343
35120,"York South--Weston/York-Sud--Weston"," 122","York",124,3,8,45,57,3,240,368
35120,"York South--Weston/York-Sud--Weston"," 123","York",90,0,8,44,59,3,204,448
35120,"York South--Weston/York-Sud--Weston"," 124","York",114,1,6,69,101,4,295,488
35120,"York South--Weston/York-Sud--Weston"," 125","York",131,9,7,66,87,0,300,543
35120,"York South--Weston/York-Sud--Weston"," 126","York",88,11,3,59,62,0,223,466
35120,"York South--Weston/York-Sud--Weston"," 127","York",98,8,7,49,82,2,246,462
35120,"York South--Weston/York-Sud--Weston"," 128","York",129,6,2,68,81,7,293,534
35120,"York South--Weston/York-Sud--Weston"," 129","York",63,2,2,25,61,1,154,290
35120,"York South--Weston/York-Sud--Weston"," 130","Toronto",58,2,2,29,55,1,147,358
35120,"York South--Weston/York-Sud--Weston"," 131","Toronto",67,0,5,35,43,1,151,362
35120,"York South--Weston/York-Sud--Weston"," 132","Toronto",93,6,4,43,58,1,205,457
35120,"York South--Weston/York-Sud--Weston"," 133","Toronto",81,9,8,58,51,2,209,458
35120,"York South--Weston/York-Sud--Weston"," 134","Toronto",58,5,7,27,42,0,139,351
35120,"York South--Weston/York-Sud--Weston"," 135","Toronto",53,5,3,25,57,2,145,391
35120,"York South--Weston/York-Sud--Weston"," 136","York",118,1,3,6,51,3,182,398
35120,"York South--Weston/York-Sud--Weston"," 137","York",85,1,10,12,32,1,141,353
35120,"York South--Weston/York-Sud--Weston"," 138","York",76,3,5,27,52,1,164,351
35120,"York South--Weston/York-Sud--Weston"," 139","York",90,5,8,46,48,1,198,518
35120,"York South--Weston/York-Sud--Weston"," 140","York",86,9,6,45,75,2,223,387
35120,"York South--Weston/York-Sud--Weston"," 141","York",76,15,6,42,100,0,239,450
35120,"York South--Weston/York-Sud--Weston"," 142","York",82,5,12,43,63,2,207,397
35120,"York South--Weston/York-Sud--Weston"," 143","York",92,3,8,35,85,0,223,349
35120,"York South--Weston/York-Sud--Weston"," 144","York",68,11,1,62,71,3,216,420
35120,"York South--Weston/York-Sud--Weston"," 145","York",91,4,5,49,74,0,223,390
35120,"York South--Weston/York-Sud--Weston"," 146","York",77,4,3,32,82,0,198,377
35120,"York South--Weston/York-Sud--Weston"," 147","York",73,9,6,50,83,2,223,416
35120,"York South--Weston/York-Sud--Weston"," 148","York",67,6,0,34,93,2,202,344
35120,"York South--Weston/York-Sud--Weston"," 149","York",86,5,6,42,90,1,230,393
35120,"York South--Weston/York-Sud--Weston"," 150","York",106,2,8,35,62,2,215,459
35120,"York South--Weston/York-Sud--Weston"," 400","North York",124,0,3,8,29,5,169,292
35120,"York South--Weston/York-Sud--Weston"," 401","North York",112,2,2,14,23,0,153,290
35120,"York South--Weston/York-Sud--Weston"," 402","North York",27,0,1,23,35,2,88,260
35120,"York South--Weston/York-Sud--Weston"," 403","North York",71,5,2,27,27,0,132,165
35120,"York South--Weston/York-Sud--Weston"," 404","York",80,2,4,15,24,0,125,229
35120,"York South--Weston/York-Sud--Weston"," 405","York",74,4,6,10,45,1,140,240
35120,"York South--Weston/York-Sud--Weston"," 406","North York",201,3,8,36,52,0,300,479
35120,"York South--Weston/York-Sud--Weston"," 407","North York",140,1,4,18,31,3,197,396
35120,"York South--Weston/York-Sud--Weston"," 408","North York",179,5,13,65,81,7,350,603
35120,"York South--Weston/York-Sud--Weston"," 409","York",142,2,8,31,61,3,247,389
35120,"York South--Weston/York-Sud--Weston"," 410","York",116,8,4,33,81,2,244,402
35120,"York South--Weston/York-Sud--Weston"," 411","York",98,4,3,10,81,2,198,329
35120,"York South--Weston/York-Sud--Weston"," 412","York",135,4,6,17,43,3,208,370
35120,"York South--Weston/York-Sud--Weston"," 413","York",81,1,5,19,43,0,149,372
35120,"York South--Weston/York-Sud--Weston"," 414","York",85,0,3,31,69,4,192,531
35120,"York South--Weston/York-Sud--Weston"," 415","York",161,2,2,58,118,1,342,719
35120,"York South--Weston/York-Sud--Weston"," 416","York",133,4,8,53,68,3,269,471
35120,"York South--Weston/York-Sud--Weston"," 417","York",70,2,8,24,44,1,149,245
35120,"York South--Weston/York-Sud--Weston"," 418","York",110,3,3,74,75,1,266,353
35120,"York South--Weston/York-Sud--Weston"," 419","York",81,6,6,71,77,7,248,325
35120,"York South--Weston/York-Sud--Weston"," 420","York",106,9,7,79,76,4,281,359
35120,"York South--Weston/York-Sud--Weston"," 421","York",91,5,4,85,59,1,245,356
35120,"York South--Weston/York-Sud--Weston"," 422","York",18,3,4,10,12,3,50,82
35120,"York South--Weston/York-Sud--Weston"," 423","York",29,3,5,12,8,3,60,155
35120,"York South--Weston/York-Sud--Weston"," 424","York",124,3,2,10,29,2,170,281
35120,"York South--Weston/York-Sud--Weston"," 425A","York",17,1,1,6,3,0,28,94
35120,"York South--Weston/York-Sud--Weston"," 425B","York",26,5,0,10,9,0,50,63
35120,"York South--Weston/York-Sud--Weston"," 425C","Mobile poll/Bureau itinérant",Merged with No./Fusionné avec le n°500,,,,,,,8
35120,"York South--Weston/York-Sud--Weston"," 500","Mobile poll/Bureau itinérant",39,0,0,13,11,1,64,65
35120,"York South--Weston/York-Sud--Weston"," 600","York",260,8,13,127,320,2,730,
35120,"York South--Weston/York-Sud--Weston"," 601","North York",288,7,9,136,139,5,584,
35120,"York South--Weston/York-Sud--Weston"," 602","North York",386,12,16,187,259,2,862,
35120,"York South--Weston/York-Sud--Weston"," 603","York",195,7,8,74,112,3,399,
35120,"York South--Weston/York-Sud--Weston"," 604","York",305,6,6,90,325,3,735,
35120,"York South--Weston/York-Sud--Weston"," 605","York",201,8,5,75,193,0,482,
35120,"York South--Weston/York-Sud--Weston"," 606","York",148,11,5,106,120,3,393,
35120,"York South--Weston/York-Sud--Weston"," 607","York",227,13,8,89,255,1,593,
35120,"York South--Weston/York-Sud--Weston"," 608","York",120,11,0,43,119,2,295,
35120,"York South--Weston/York-Sud--Weston"," 609","York",235,23,16,110,322,0,706,
35120,"York South--Weston/York-Sud--Weston"," 610","York",172,6,4,40,160,1,383,
35120,"York South--Weston/York-Sud--Weston",,"Group 1/Groupe 1",75,2,3,9,18,11,118,112
35120,"York South--Weston/York-Sud--Weston",,"Group 2/Groupe 2",635,13,5,96,296,17,1062,
