﻿Electoral District Number/Numéro de circonscription,Electoral District Name/Nom de circonscription,Polling Station Number/Numéro du bureau de scrutin,Polling Station Name/Nom du bureau de scrutin,Andrew Foulds,Patty Hajdu,Richard Harvey,Bruce Hyer,Robert Skaf,Rejected Ballots/Bulletins rejetés,Total Votes/Total des votes,Electors/Électeurs
35106,"Thunder Bay--Superior North/Thunder Bay--Supérieur-Nord"," 1","Armstrong",31,71,11,29,1,1,144,333
35106,"Thunder Bay--Superior North/Thunder Bay--Supérieur-Nord"," 2","Collins",4,4,0,2,0,0,10,11
35106,"Thunder Bay--Superior North/Thunder Bay--Supérieur-Nord"," 3","Aroland",37,52,1,5,0,0,95,212
35106,"Thunder Bay--Superior North/Thunder Bay--Supérieur-Nord"," 4","Jellicoe",5,8,11,11,0,0,35,64
35106,"Thunder Bay--Superior North/Thunder Bay--Supérieur-Nord"," 5","Greenstone-Nakina",35,50,19,19,0,0,123,331
35106,"Thunder Bay--Superior North/Thunder Bay--Supérieur-Nord"," 6","Greenstone-Longlac",27,69,39,10,2,1,148,350
35106,"Thunder Bay--Superior North/Thunder Bay--Supérieur-Nord"," 7","Greenstone-Longlac",32,82,38,25,0,1,178,413
35106,"Thunder Bay--Superior North/Thunder Bay--Supérieur-Nord"," 8","Long Lake 58",47,53,2,20,0,0,122,221
35106,"Thunder Bay--Superior North/Thunder Bay--Supérieur-Nord"," 9","Greenstone-Longlac",30,61,38,18,2,0,149,370
35106,"Thunder Bay--Superior North/Thunder Bay--Supérieur-Nord"," 10","Ginoogaming First Nation 77",16,32,1,14,0,2,65,115
35106,"Thunder Bay--Superior North/Thunder Bay--Supérieur-Nord"," 11","Greenstone-Geraldton",42,86,37,36,3,2,206,457
35106,"Thunder Bay--Superior North/Thunder Bay--Supérieur-Nord"," 12","Greenstone-Geraldton",55,72,30,29,2,0,188,491
35106,"Thunder Bay--Superior North/Thunder Bay--Supérieur-Nord"," 13","Greenstone-Geraldton",55,58,16,12,0,2,143,357
35106,"Thunder Bay--Superior North/Thunder Bay--Supérieur-Nord"," 14","Greenstone-Geraldton",40,58,22,32,1,0,153,319
35106,"Thunder Bay--Superior North/Thunder Bay--Supérieur-Nord"," 15A","Manitouwadge--Hillsport",33,55,35,8,0,1,132,346
35106,"Thunder Bay--Superior North/Thunder Bay--Supérieur-Nord"," 15B","Mobile poll/Bureau itinérant",Merged with No./Fusionné avec le n°502B,,,,,,,13
35106,"Thunder Bay--Superior North/Thunder Bay--Supérieur-Nord"," 16","Manitouwadge",21,49,19,5,0,0,94,222
35106,"Thunder Bay--Superior North/Thunder Bay--Supérieur-Nord"," 17","Manitouwadge",26,59,21,12,0,0,118,272
35106,"Thunder Bay--Superior North/Thunder Bay--Supérieur-Nord"," 18","Manitouwadge",21,49,26,19,0,2,117,255
35106,"Thunder Bay--Superior North/Thunder Bay--Supérieur-Nord"," 19","Manitouwadge",17,40,13,4,1,1,76,222
35106,"Thunder Bay--Superior North/Thunder Bay--Supérieur-Nord"," 20","Manitouwadge",23,42,19,5,1,0,90,244
35106,"Thunder Bay--Superior North/Thunder Bay--Supérieur-Nord"," 21","Pic Mobert North",Void/Supprimé,,,,,,,
35106,"Thunder Bay--Superior North/Thunder Bay--Supérieur-Nord"," 22","Terrace Bay",42,66,23,24,1,0,156,308
35106,"Thunder Bay--Superior North/Thunder Bay--Supérieur-Nord"," 23","Schreiber",30,48,25,7,1,2,113,255
35106,"Thunder Bay--Superior North/Thunder Bay--Supérieur-Nord"," 24A","Schreiber",58,73,27,15,1,0,174,363
35106,"Thunder Bay--Superior North/Thunder Bay--Supérieur-Nord"," 24B","Mobile poll/Bureau itinérant",Merged with No./Fusionné avec le n°502A,,,,,,,24
35106,"Thunder Bay--Superior North/Thunder Bay--Supérieur-Nord"," 25","Schreiber",31,64,28,13,0,0,136,290
35106,"Thunder Bay--Superior North/Thunder Bay--Supérieur-Nord"," 26","Rossport",17,42,12,16,0,0,87,137
35106,"Thunder Bay--Superior North/Thunder Bay--Supérieur-Nord"," 27","Nipigon",64,68,67,43,0,2,244,512
35106,"Thunder Bay--Superior North/Thunder Bay--Supérieur-Nord"," 28","Beardmore",23,28,24,12,1,0,88,231
35106,"Thunder Bay--Superior North/Thunder Bay--Supérieur-Nord"," 29","Macdiarmid",26,32,2,4,0,1,65,141
35106,"Thunder Bay--Superior North/Thunder Bay--Supérieur-Nord"," 30","Nipigon",15,13,21,18,0,1,68,177
35106,"Thunder Bay--Superior North/Thunder Bay--Supérieur-Nord"," 31","Lake Helen 53A",45,29,4,14,0,0,92,200
35106,"Thunder Bay--Superior North/Thunder Bay--Supérieur-Nord"," 32","Nipigon",51,33,37,16,1,0,138,336
35106,"Thunder Bay--Superior North/Thunder Bay--Supérieur-Nord"," 33","Nipigon",27,34,34,27,0,1,123,245
35106,"Thunder Bay--Superior North/Thunder Bay--Supérieur-Nord"," 34","Gull River 55",17,76,1,2,0,1,97,154
35106,"Thunder Bay--Superior North/Thunder Bay--Supérieur-Nord"," 35","Dorion",40,41,39,28,2,0,150,274
35106,"Thunder Bay--Superior North/Thunder Bay--Supérieur-Nord"," 36","Hurkett",27,28,29,38,0,0,122,210
35106,"Thunder Bay--Superior North/Thunder Bay--Supérieur-Nord"," 37","Red Rock",50,64,23,38,0,0,175,378
35106,"Thunder Bay--Superior North/Thunder Bay--Supérieur-Nord"," 38","Red Rock",33,52,30,32,2,0,149,290
35106,"Thunder Bay--Superior North/Thunder Bay--Supérieur-Nord"," 39","Pass Lake",40,93,34,45,2,1,215,339
35106,"Thunder Bay--Superior North/Thunder Bay--Supérieur-Nord"," 40","Amethyst Harbour",39,90,77,36,4,0,246,520
35106,"Thunder Bay--Superior North/Thunder Bay--Supérieur-Nord"," 41","MacGregor",38,88,30,14,5,0,175,339
35106,"Thunder Bay--Superior North/Thunder Bay--Supérieur-Nord"," 42","MacGregor",38,86,41,21,3,1,190,339
35106,"Thunder Bay--Superior North/Thunder Bay--Supérieur-Nord"," 43","Gorham",64,110,71,44,0,0,289,489
35106,"Thunder Bay--Superior North/Thunder Bay--Supérieur-Nord"," 44A","Toimela",25,60,40,29,0,0,154,284
35106,"Thunder Bay--Superior North/Thunder Bay--Supérieur-Nord"," 44B","Toimela",26,93,39,28,0,0,186,296
35106,"Thunder Bay--Superior North/Thunder Bay--Supérieur-Nord"," 45","Kaministiquia",65,91,38,46,1,0,241,429
35106,"Thunder Bay--Superior North/Thunder Bay--Supérieur-Nord"," 46","Gorham",53,83,46,65,1,0,248,466
35106,"Thunder Bay--Superior North/Thunder Bay--Supérieur-Nord"," 47","Thunder Bay",55,105,47,39,3,1,250,462
35106,"Thunder Bay--Superior North/Thunder Bay--Supérieur-Nord"," 48","Thunder Bay",40,142,70,37,0,1,290,518
35106,"Thunder Bay--Superior North/Thunder Bay--Supérieur-Nord"," 49","Gorham",48,76,18,36,7,1,186,375
35106,"Thunder Bay--Superior North/Thunder Bay--Supérieur-Nord"," 50","Thunder Bay",42,114,80,36,2,0,274,458
35106,"Thunder Bay--Superior North/Thunder Bay--Supérieur-Nord"," 51","Thunder Bay",46,81,22,20,1,1,171,497
35106,"Thunder Bay--Superior North/Thunder Bay--Supérieur-Nord"," 52","Thunder Bay",49,80,44,14,10,0,197,375
35106,"Thunder Bay--Superior North/Thunder Bay--Supérieur-Nord"," 53","Thunder Bay",48,68,31,24,4,0,175,364
35106,"Thunder Bay--Superior North/Thunder Bay--Supérieur-Nord"," 54","Thunder Bay",51,63,25,30,0,2,171,376
35106,"Thunder Bay--Superior North/Thunder Bay--Supérieur-Nord"," 55","Thunder Bay",56,77,17,17,4,2,173,399
35106,"Thunder Bay--Superior North/Thunder Bay--Supérieur-Nord"," 56","MacGregor",39,67,21,27,3,0,157,366
35106,"Thunder Bay--Superior North/Thunder Bay--Supérieur-Nord"," 57","Thunder Bay",43,86,20,26,5,0,180,366
35106,"Thunder Bay--Superior North/Thunder Bay--Supérieur-Nord"," 58","Thunder Bay",54,82,24,24,6,0,190,372
35106,"Thunder Bay--Superior North/Thunder Bay--Supérieur-Nord"," 59","Thunder Bay",54,84,40,25,4,1,208,372
35106,"Thunder Bay--Superior North/Thunder Bay--Supérieur-Nord"," 60","Thunder Bay",63,97,35,19,1,2,217,379
35106,"Thunder Bay--Superior North/Thunder Bay--Supérieur-Nord"," 61","Thunder Bay",71,106,14,18,3,0,212,400
35106,"Thunder Bay--Superior North/Thunder Bay--Supérieur-Nord"," 62","Thunder Bay",60,89,32,43,1,1,226,380
35106,"Thunder Bay--Superior North/Thunder Bay--Supérieur-Nord"," 63","Thunder Bay",36,108,35,26,3,1,209,359
35106,"Thunder Bay--Superior North/Thunder Bay--Supérieur-Nord"," 64","Thunder Bay",45,76,30,26,3,0,180,358
35106,"Thunder Bay--Superior North/Thunder Bay--Supérieur-Nord"," 65","Thunder Bay",61,127,23,29,0,0,240,470
35106,"Thunder Bay--Superior North/Thunder Bay--Supérieur-Nord"," 66","Thunder Bay",64,126,36,39,0,0,265,433
35106,"Thunder Bay--Superior North/Thunder Bay--Supérieur-Nord"," 67","Thunder Bay",48,116,37,33,1,0,235,442
35106,"Thunder Bay--Superior North/Thunder Bay--Supérieur-Nord"," 68","Thunder Bay",63,90,26,30,3,1,213,393
35106,"Thunder Bay--Superior North/Thunder Bay--Supérieur-Nord"," 69","Thunder Bay",58,109,30,22,1,0,220,439
35106,"Thunder Bay--Superior North/Thunder Bay--Supérieur-Nord"," 70","Thunder Bay",65,73,20,22,1,7,188,376
35106,"Thunder Bay--Superior North/Thunder Bay--Supérieur-Nord"," 71","Thunder Bay",84,122,29,26,0,0,261,445
35106,"Thunder Bay--Superior North/Thunder Bay--Supérieur-Nord"," 72","Thunder Bay",58,99,21,33,0,1,212,431
35106,"Thunder Bay--Superior North/Thunder Bay--Supérieur-Nord"," 73","Thunder Bay",69,135,35,37,1,1,278,429
35106,"Thunder Bay--Superior North/Thunder Bay--Supérieur-Nord"," 74","Thunder Bay",47,87,47,40,0,0,221,473
35106,"Thunder Bay--Superior North/Thunder Bay--Supérieur-Nord"," 75","Thunder Bay",71,84,18,48,1,0,222,359
35106,"Thunder Bay--Superior North/Thunder Bay--Supérieur-Nord"," 76","Thunder Bay",45,83,25,28,0,2,183,340
35106,"Thunder Bay--Superior North/Thunder Bay--Supérieur-Nord"," 77","Thunder Bay",40,95,16,29,1,2,183,366
35106,"Thunder Bay--Superior North/Thunder Bay--Supérieur-Nord"," 78A","Thunder Bay",45,94,15,13,1,0,168,322
35106,"Thunder Bay--Superior North/Thunder Bay--Supérieur-Nord"," 78B","Thunder Bay",Merged with No./Fusionné avec le n°79,,,,,,,121
35106,"Thunder Bay--Superior North/Thunder Bay--Supérieur-Nord"," 79","Thunder Bay",57,103,59,34,2,3,258,391
35106,"Thunder Bay--Superior North/Thunder Bay--Supérieur-Nord"," 80","Thunder Bay",29,110,35,30,1,1,206,419
35106,"Thunder Bay--Superior North/Thunder Bay--Supérieur-Nord"," 81","Thunder Bay",44,126,44,22,0,0,236,417
35106,"Thunder Bay--Superior North/Thunder Bay--Supérieur-Nord"," 82","Thunder Bay",38,71,24,17,0,0,150,307
35106,"Thunder Bay--Superior North/Thunder Bay--Supérieur-Nord"," 83","Thunder Bay",37,140,63,24,0,0,264,472
35106,"Thunder Bay--Superior North/Thunder Bay--Supérieur-Nord"," 84","Thunder Bay",58,105,22,17,1,1,204,444
35106,"Thunder Bay--Superior North/Thunder Bay--Supérieur-Nord"," 85","Thunder Bay",43,102,36,27,1,0,209,436
35106,"Thunder Bay--Superior North/Thunder Bay--Supérieur-Nord"," 86","Thunder Bay",64,112,28,15,0,0,219,408
35106,"Thunder Bay--Superior North/Thunder Bay--Supérieur-Nord"," 87","Thunder Bay",34,138,65,36,0,3,276,445
35106,"Thunder Bay--Superior North/Thunder Bay--Supérieur-Nord"," 88","Thunder Bay",39,130,55,30,1,0,255,443
35106,"Thunder Bay--Superior North/Thunder Bay--Supérieur-Nord"," 89","Thunder Bay",28,102,37,27,0,1,195,377
35106,"Thunder Bay--Superior North/Thunder Bay--Supérieur-Nord"," 90","Thunder Bay",36,158,43,30,1,3,271,454
35106,"Thunder Bay--Superior North/Thunder Bay--Supérieur-Nord"," 91","Thunder Bay",54,138,57,32,0,2,283,486
35106,"Thunder Bay--Superior North/Thunder Bay--Supérieur-Nord"," 92","Thunder Bay",34,155,45,15,1,2,252,383
35106,"Thunder Bay--Superior North/Thunder Bay--Supérieur-Nord"," 93A","Thunder Bay",24,85,45,11,0,0,165,340
35106,"Thunder Bay--Superior North/Thunder Bay--Supérieur-Nord"," 93B","Thunder Bay",28,97,32,15,0,1,173,333
35106,"Thunder Bay--Superior North/Thunder Bay--Supérieur-Nord"," 94","Thunder Bay",33,114,58,31,1,0,237,451
35106,"Thunder Bay--Superior North/Thunder Bay--Supérieur-Nord"," 95","Thunder Bay",50,104,60,21,2,2,239,406
35106,"Thunder Bay--Superior North/Thunder Bay--Supérieur-Nord"," 96","Thunder Bay",56,129,75,33,1,0,294,462
35106,"Thunder Bay--Superior North/Thunder Bay--Supérieur-Nord"," 97","Thunder Bay",34,88,35,18,0,1,176,341
35106,"Thunder Bay--Superior North/Thunder Bay--Supérieur-Nord"," 98","Thunder Bay",59,116,79,35,1,0,290,535
35106,"Thunder Bay--Superior North/Thunder Bay--Supérieur-Nord"," 99","Thunder Bay",40,100,57,26,0,1,224,363
35106,"Thunder Bay--Superior North/Thunder Bay--Supérieur-Nord"," 100","Thunder Bay",35,129,54,11,2,0,231,447
35106,"Thunder Bay--Superior North/Thunder Bay--Supérieur-Nord"," 101A","Thunder Bay",28,125,46,16,0,0,215,383
35106,"Thunder Bay--Superior North/Thunder Bay--Supérieur-Nord"," 101B","Mobile poll/Bureau itinérant",Merged with No./Fusionné avec le n°507,,,,,,,37
35106,"Thunder Bay--Superior North/Thunder Bay--Supérieur-Nord"," 102","Thunder Bay",26,93,46,12,0,0,177,335
35106,"Thunder Bay--Superior North/Thunder Bay--Supérieur-Nord"," 103","Thunder Bay",24,98,30,11,0,0,163,319
35106,"Thunder Bay--Superior North/Thunder Bay--Supérieur-Nord"," 104","Thunder Bay",43,107,44,25,1,0,220,443
35106,"Thunder Bay--Superior North/Thunder Bay--Supérieur-Nord"," 105","Thunder Bay",73,66,12,26,0,0,177,420
35106,"Thunder Bay--Superior North/Thunder Bay--Supérieur-Nord"," 106","Thunder Bay",41,71,19,15,0,1,147,349
35106,"Thunder Bay--Superior North/Thunder Bay--Supérieur-Nord"," 107","Thunder Bay",39,62,19,16,1,1,138,338
35106,"Thunder Bay--Superior North/Thunder Bay--Supérieur-Nord"," 108","Thunder Bay",32,114,29,25,0,0,200,345
35106,"Thunder Bay--Superior North/Thunder Bay--Supérieur-Nord"," 109","Thunder Bay",31,90,26,31,0,0,178,353
35106,"Thunder Bay--Superior North/Thunder Bay--Supérieur-Nord"," 110","Thunder Bay",31,79,19,38,0,2,169,364
35106,"Thunder Bay--Superior North/Thunder Bay--Supérieur-Nord"," 111","Thunder Bay",52,121,45,33,0,0,251,496
35106,"Thunder Bay--Superior North/Thunder Bay--Supérieur-Nord"," 112","Thunder Bay",43,104,15,39,1,0,202,366
35106,"Thunder Bay--Superior North/Thunder Bay--Supérieur-Nord"," 113","Thunder Bay",41,114,46,16,0,0,217,361
35106,"Thunder Bay--Superior North/Thunder Bay--Supérieur-Nord"," 114","Thunder Bay",67,141,38,33,2,0,281,443
35106,"Thunder Bay--Superior North/Thunder Bay--Supérieur-Nord"," 115","Thunder Bay",65,109,14,21,0,0,209,380
35106,"Thunder Bay--Superior North/Thunder Bay--Supérieur-Nord"," 116","Thunder Bay",47,87,19,22,0,0,175,381
35106,"Thunder Bay--Superior North/Thunder Bay--Supérieur-Nord"," 117","Thunder Bay",32,68,25,19,0,0,144,316
35106,"Thunder Bay--Superior North/Thunder Bay--Supérieur-Nord"," 118","Thunder Bay",27,67,18,14,1,0,127,271
35106,"Thunder Bay--Superior North/Thunder Bay--Supérieur-Nord"," 119","Thunder Bay",34,94,14,25,3,1,171,369
35106,"Thunder Bay--Superior North/Thunder Bay--Supérieur-Nord"," 120","Thunder Bay",44,112,49,20,2,0,227,429
35106,"Thunder Bay--Superior North/Thunder Bay--Supérieur-Nord"," 121","Thunder Bay",28,80,28,14,1,0,151,290
35106,"Thunder Bay--Superior North/Thunder Bay--Supérieur-Nord"," 122","Thunder Bay",42,115,41,22,3,0,223,414
35106,"Thunder Bay--Superior North/Thunder Bay--Supérieur-Nord"," 123","Thunder Bay",34,73,23,20,0,0,150,317
35106,"Thunder Bay--Superior North/Thunder Bay--Supérieur-Nord"," 124","Thunder Bay",30,132,30,20,0,0,212,370
35106,"Thunder Bay--Superior North/Thunder Bay--Supérieur-Nord"," 125","Thunder Bay",25,99,50,13,1,0,188,379
35106,"Thunder Bay--Superior North/Thunder Bay--Supérieur-Nord"," 126","Thunder Bay",26,127,54,16,1,1,225,421
35106,"Thunder Bay--Superior North/Thunder Bay--Supérieur-Nord"," 127","Thunder Bay",27,158,63,11,1,0,260,475
35106,"Thunder Bay--Superior North/Thunder Bay--Supérieur-Nord"," 128","Thunder Bay",42,93,17,32,0,0,184,365
35106,"Thunder Bay--Superior North/Thunder Bay--Supérieur-Nord"," 129","Thunder Bay",56,109,33,22,0,0,220,411
35106,"Thunder Bay--Superior North/Thunder Bay--Supérieur-Nord"," 130","Thunder Bay",40,139,45,54,1,1,280,482
35106,"Thunder Bay--Superior North/Thunder Bay--Supérieur-Nord"," 131","Thunder Bay",57,94,30,39,0,1,221,384
35106,"Thunder Bay--Superior North/Thunder Bay--Supérieur-Nord"," 132","Thunder Bay",51,104,28,31,0,1,215,368
35106,"Thunder Bay--Superior North/Thunder Bay--Supérieur-Nord"," 133","Thunder Bay",66,127,25,39,0,2,259,412
35106,"Thunder Bay--Superior North/Thunder Bay--Supérieur-Nord"," 134","Thunder Bay",46,99,11,27,0,0,183,376
35106,"Thunder Bay--Superior North/Thunder Bay--Supérieur-Nord"," 135","Thunder Bay",50,69,17,31,3,1,171,439
35106,"Thunder Bay--Superior North/Thunder Bay--Supérieur-Nord"," 136","Thunder Bay",36,75,17,27,0,1,156,285
35106,"Thunder Bay--Superior North/Thunder Bay--Supérieur-Nord"," 137","Thunder Bay",57,94,21,36,1,0,209,432
35106,"Thunder Bay--Superior North/Thunder Bay--Supérieur-Nord"," 138","Thunder Bay",62,84,17,29,1,0,193,418
35106,"Thunder Bay--Superior North/Thunder Bay--Supérieur-Nord"," 139","MacGregor",42,102,52,32,7,0,235,426
35106,"Thunder Bay--Superior North/Thunder Bay--Supérieur-Nord"," 140","MacGregor",31,102,32,28,1,0,194,440
35106,"Thunder Bay--Superior North/Thunder Bay--Supérieur-Nord"," 141","Thunder Bay",26,98,30,25,0,0,179,386
35106,"Thunder Bay--Superior North/Thunder Bay--Supérieur-Nord"," 142","Thunder Bay",Void/Supprimé,,,,,,,
35106,"Thunder Bay--Superior North/Thunder Bay--Supérieur-Nord"," 143","Thunder Bay",45,96,15,29,3,2,190,523
35106,"Thunder Bay--Superior North/Thunder Bay--Supérieur-Nord"," 144","Thunder Bay",63,99,19,52,0,1,234,432
35106,"Thunder Bay--Superior North/Thunder Bay--Supérieur-Nord"," 145","Thunder Bay",43,88,17,20,2,0,170,359
35106,"Thunder Bay--Superior North/Thunder Bay--Supérieur-Nord"," 146","Thunder Bay",53,109,35,59,0,0,256,459
35106,"Thunder Bay--Superior North/Thunder Bay--Supérieur-Nord"," 147","Thunder Bay",49,104,22,31,0,0,206,393
35106,"Thunder Bay--Superior North/Thunder Bay--Supérieur-Nord"," 148","Thunder Bay",71,103,10,35,0,0,219,391
35106,"Thunder Bay--Superior North/Thunder Bay--Supérieur-Nord"," 149","Thunder Bay",58,124,22,39,1,0,244,397
35106,"Thunder Bay--Superior North/Thunder Bay--Supérieur-Nord"," 150","Thunder Bay",54,92,16,28,1,1,192,312
35106,"Thunder Bay--Superior North/Thunder Bay--Supérieur-Nord"," 151","Thunder Bay",47,96,34,23,1,0,201,403
35106,"Thunder Bay--Superior North/Thunder Bay--Supérieur-Nord"," 152","Thunder Bay",50,98,24,42,3,2,219,382
35106,"Thunder Bay--Superior North/Thunder Bay--Supérieur-Nord"," 153","Thunder Bay",50,106,16,16,0,0,188,324
35106,"Thunder Bay--Superior North/Thunder Bay--Supérieur-Nord"," 154A","Thunder Bay",22,38,24,17,0,0,101,260
35106,"Thunder Bay--Superior North/Thunder Bay--Supérieur-Nord"," 154B","Mobile poll/Bureau itinérant",Merged with No./Fusionné avec le n°506,,,,,,,20
35106,"Thunder Bay--Superior North/Thunder Bay--Supérieur-Nord"," 155","Thunder Bay",48,119,63,34,0,0,264,449
35106,"Thunder Bay--Superior North/Thunder Bay--Supérieur-Nord"," 156","Thunder Bay",68,94,13,28,0,3,206,436
35106,"Thunder Bay--Superior North/Thunder Bay--Supérieur-Nord"," 157","Thunder Bay",45,92,28,29,5,1,200,392
35106,"Thunder Bay--Superior North/Thunder Bay--Supérieur-Nord"," 158","Thunder Bay",65,93,27,24,5,1,215,425
35106,"Thunder Bay--Superior North/Thunder Bay--Supérieur-Nord"," 159","Thunder Bay",39,69,32,20,7,0,167,274
35106,"Thunder Bay--Superior North/Thunder Bay--Supérieur-Nord"," 160","Thunder Bay",53,87,38,21,0,0,199,497
35106,"Thunder Bay--Superior North/Thunder Bay--Supérieur-Nord"," 161","Pays Plat 51",27,11,1,3,1,0,43,71
35106,"Thunder Bay--Superior North/Thunder Bay--Supérieur-Nord"," 162","Terrace Bay",45,70,32,32,2,2,183,346
35106,"Thunder Bay--Superior North/Thunder Bay--Supérieur-Nord"," 163","Terrace Bay",48,81,31,18,1,0,179,367
35106,"Thunder Bay--Superior North/Thunder Bay--Supérieur-Nord"," 164","Terrace Bay",28,35,15,14,0,0,92,224
35106,"Thunder Bay--Superior North/Thunder Bay--Supérieur-Nord"," 165","Heron Bay",35,43,26,15,0,1,120,278
35106,"Thunder Bay--Superior North/Thunder Bay--Supérieur-Nord"," 166","Marathon",67,44,14,26,0,2,153,308
35106,"Thunder Bay--Superior North/Thunder Bay--Supérieur-Nord"," 167","Marathon",48,51,30,24,1,0,154,338
35106,"Thunder Bay--Superior North/Thunder Bay--Supérieur-Nord"," 168","Marathon",62,74,23,33,0,0,192,393
35106,"Thunder Bay--Superior North/Thunder Bay--Supérieur-Nord"," 169","Marathon",44,64,38,22,0,0,168,390
35106,"Thunder Bay--Superior North/Thunder Bay--Supérieur-Nord"," 170","Marathon",64,61,27,20,2,1,175,388
35106,"Thunder Bay--Superior North/Thunder Bay--Supérieur-Nord"," 171","Marathon",64,76,19,28,1,0,188,463
35106,"Thunder Bay--Superior North/Thunder Bay--Supérieur-Nord"," 172","Pic River",85,94,1,33,1,0,214,304
35106,"Thunder Bay--Superior North/Thunder Bay--Supérieur-Nord"," 173","Greenstone-Caramat",3,20,11,9,1,0,44,71
35106,"Thunder Bay--Superior North/Thunder Bay--Supérieur-Nord"," 400","Thunder Bay",35,70,24,10,0,0,139,225
35106,"Thunder Bay--Superior North/Thunder Bay--Supérieur-Nord"," 401","Thunder Bay",13,74,35,16,1,1,140,188
35106,"Thunder Bay--Superior North/Thunder Bay--Supérieur-Nord"," 402","Thunder Bay",23,55,31,20,3,0,132,197
35106,"Thunder Bay--Superior North/Thunder Bay--Supérieur-Nord"," 403","Thunder Bay",91,176,39,93,0,5,404,440
35106,"Thunder Bay--Superior North/Thunder Bay--Supérieur-Nord"," 404","Thunder Bay",24,48,5,14,2,0,93,87
35106,"Thunder Bay--Superior North/Thunder Bay--Supérieur-Nord"," 500","Mobile poll/Bureau itinérant",17,29,5,0,1,3,55,80
35106,"Thunder Bay--Superior North/Thunder Bay--Supérieur-Nord"," 501","Mobile poll/Bureau itinérant",10,10,8,5,0,0,33,51
35106,"Thunder Bay--Superior North/Thunder Bay--Supérieur-Nord"," 502A","Mobile poll/Bureau itinérant",7,11,6,2,1,0,27,25
35106,"Thunder Bay--Superior North/Thunder Bay--Supérieur-Nord"," 502B","Mobile poll/Bureau itinérant",2,6,2,1,0,0,11,14
35106,"Thunder Bay--Superior North/Thunder Bay--Supérieur-Nord"," 503","Mobile poll/Bureau itinérant",29,49,25,14,0,2,119,160
35106,"Thunder Bay--Superior North/Thunder Bay--Supérieur-Nord"," 504","Mobile poll/Bureau itinérant",16,40,23,13,0,2,94,210
35106,"Thunder Bay--Superior North/Thunder Bay--Supérieur-Nord"," 505","Mobile poll/Bureau itinérant",16,25,18,7,1,4,71,84
35106,"Thunder Bay--Superior North/Thunder Bay--Supérieur-Nord"," 506","Mobile poll/Bureau itinérant",24,30,12,11,1,1,79,112
35106,"Thunder Bay--Superior North/Thunder Bay--Supérieur-Nord"," 507","Mobile poll/Bureau itinérant",22,47,52,12,0,1,134,158
35106,"Thunder Bay--Superior North/Thunder Bay--Supérieur-Nord"," 600","Armstrong",3,14,7,10,0,0,34,
35106,"Thunder Bay--Superior North/Thunder Bay--Supérieur-Nord"," 601","Nipigon",80,70,56,32,1,1,240,
35106,"Thunder Bay--Superior North/Thunder Bay--Supérieur-Nord"," 602","Beardmore--Nakina",24,39,11,12,0,0,86,
35106,"Thunder Bay--Superior North/Thunder Bay--Supérieur-Nord"," 603","Geraldton",8,12,14,11,0,0,45,
35106,"Thunder Bay--Superior North/Thunder Bay--Supérieur-Nord"," 604","Geraldton",68,106,57,49,1,0,281,
35106,"Thunder Bay--Superior North/Thunder Bay--Supérieur-Nord"," 605","Longlac",47,84,58,20,2,0,211,
35106,"Thunder Bay--Superior North/Thunder Bay--Supérieur-Nord"," 606","Manitouwadge",69,151,65,17,0,1,303,
35106,"Thunder Bay--Superior North/Thunder Bay--Supérieur-Nord"," 607","Marathon",103,132,67,60,0,0,362,
35106,"Thunder Bay--Superior North/Thunder Bay--Supérieur-Nord"," 608","Terrace Bay",48,90,70,34,1,0,243,
35106,"Thunder Bay--Superior North/Thunder Bay--Supérieur-Nord"," 609","Schreiber",59,97,65,20,1,3,245,
35106,"Thunder Bay--Superior North/Thunder Bay--Supérieur-Nord"," 610","Red Rock",45,50,33,37,1,1,167,
35106,"Thunder Bay--Superior North/Thunder Bay--Supérieur-Nord"," 611","Thunder Bay",63,157,95,59,12,1,387,
35106,"Thunder Bay--Superior North/Thunder Bay--Supérieur-Nord"," 612","Thunder Bay",47,66,32,29,2,0,176,
35106,"Thunder Bay--Superior North/Thunder Bay--Supérieur-Nord"," 613","Thunder Bay",212,424,167,139,2,3,947,
35106,"Thunder Bay--Superior North/Thunder Bay--Supérieur-Nord"," 614","Thunder Bay",252,368,145,126,25,3,919,
35106,"Thunder Bay--Superior North/Thunder Bay--Supérieur-Nord"," 615","Thunder Bay",207,376,107,133,2,1,826,
35106,"Thunder Bay--Superior North/Thunder Bay--Supérieur-Nord"," 616","Thunder Bay",150,246,117,116,1,3,633,
35106,"Thunder Bay--Superior North/Thunder Bay--Supérieur-Nord"," 617","Thunder Bay",216,548,240,141,5,2,1152,
35106,"Thunder Bay--Superior North/Thunder Bay--Supérieur-Nord"," 618","Thunder Bay",284,430,233,178,4,8,1137,
35106,"Thunder Bay--Superior North/Thunder Bay--Supérieur-Nord"," 619","Thunder Bay",129,383,213,97,2,0,824,
35106,"Thunder Bay--Superior North/Thunder Bay--Supérieur-Nord",,"Group 1/Groupe 1",14,63,29,18,0,5,129,88
35106,"Thunder Bay--Superior North/Thunder Bay--Supérieur-Nord",,"Group 2/Groupe 2",392,639,318,287,5,26,1667,
