﻿Electoral District Number/Numéro de circonscription,Electoral District Name/Nom de circonscription,Polling Station Number/Numéro du bureau de scrutin,Polling Station Name/Nom du bureau de scrutin,Matt Badura,Jason Devine,Judson Hansell,Deepak Obhrai,Abdou Souraya,Cam Stewart,Max Veress,Rejected Ballots/Bulletins rejetés,Total Votes/Total des votes,Electors/Électeurs
48006,"Calgary Forest Lawn/Calgary Forest Lawn"," 1","Calgary",2,0,6,54,11,110,0,1,184,441
48006,"Calgary Forest Lawn/Calgary Forest Lawn"," 2","Calgary",1,1,3,53,16,89,0,2,165,391
48006,"Calgary Forest Lawn/Calgary Forest Lawn"," 3","Calgary",1,0,1,59,7,96,1,1,166,379
48006,"Calgary Forest Lawn/Calgary Forest Lawn"," 4","Calgary",4,0,1,62,5,153,0,3,228,458
48006,"Calgary Forest Lawn/Calgary Forest Lawn"," 5","Calgary",0,1,1,49,7,80,0,0,138,322
48006,"Calgary Forest Lawn/Calgary Forest Lawn"," 6","Calgary",2,2,2,56,2,137,0,2,203,465
48006,"Calgary Forest Lawn/Calgary Forest Lawn"," 7","Calgary",0,1,3,69,0,96,0,1,170,387
48006,"Calgary Forest Lawn/Calgary Forest Lawn"," 8","Calgary",3,2,1,48,6,131,2,1,194,406
48006,"Calgary Forest Lawn/Calgary Forest Lawn"," 9","Calgary",0,0,1,71,5,129,0,2,208,432
48006,"Calgary Forest Lawn/Calgary Forest Lawn"," 10","Calgary",3,0,0,62,2,89,0,0,156,343
48006,"Calgary Forest Lawn/Calgary Forest Lawn"," 11","Calgary",3,0,1,48,3,91,1,2,149,330
48006,"Calgary Forest Lawn/Calgary Forest Lawn"," 12","Calgary",5,1,3,80,18,89,0,2,198,458
48006,"Calgary Forest Lawn/Calgary Forest Lawn"," 13","Calgary",1,2,4,82,4,74,1,5,173,442
48006,"Calgary Forest Lawn/Calgary Forest Lawn"," 14","Calgary",2,0,6,79,13,86,3,1,190,481
48006,"Calgary Forest Lawn/Calgary Forest Lawn"," 15","Calgary",1,3,2,71,3,74,0,6,160,435
48006,"Calgary Forest Lawn/Calgary Forest Lawn"," 16","Calgary",5,3,2,67,16,98,1,3,195,470
48006,"Calgary Forest Lawn/Calgary Forest Lawn"," 17","Calgary",6,2,3,60,22,95,0,3,191,471
48006,"Calgary Forest Lawn/Calgary Forest Lawn"," 18","Calgary",1,2,5,57,10,82,0,1,158,428
48006,"Calgary Forest Lawn/Calgary Forest Lawn"," 19","Calgary",3,2,2,79,3,73,0,1,163,446
48006,"Calgary Forest Lawn/Calgary Forest Lawn"," 20","Calgary",2,0,1,131,10,68,0,4,216,431
48006,"Calgary Forest Lawn/Calgary Forest Lawn"," 21","Calgary",1,1,5,155,10,58,1,1,232,424
48006,"Calgary Forest Lawn/Calgary Forest Lawn"," 22","Calgary",2,1,6,115,14,86,3,1,228,456
48006,"Calgary Forest Lawn/Calgary Forest Lawn"," 23","Calgary",7,6,1,107,11,122,3,5,262,478
48006,"Calgary Forest Lawn/Calgary Forest Lawn"," 24","Calgary",5,1,5,57,10,129,0,1,208,465
48006,"Calgary Forest Lawn/Calgary Forest Lawn"," 25","Calgary",1,0,3,99,11,123,1,0,238,456
48006,"Calgary Forest Lawn/Calgary Forest Lawn"," 26","Calgary",4,1,4,86,22,116,0,1,234,465
48006,"Calgary Forest Lawn/Calgary Forest Lawn"," 27","Calgary",8,2,2,95,10,126,0,2,245,493
48006,"Calgary Forest Lawn/Calgary Forest Lawn"," 28","Calgary",2,0,8,82,13,60,2,1,168,371
48006,"Calgary Forest Lawn/Calgary Forest Lawn"," 29","Calgary",0,1,5,82,19,64,1,1,173,347
48006,"Calgary Forest Lawn/Calgary Forest Lawn"," 30","Calgary",1,0,8,83,11,70,1,2,176,372
48006,"Calgary Forest Lawn/Calgary Forest Lawn"," 31","Calgary",1,0,4,72,3,57,0,3,140,313
48006,"Calgary Forest Lawn/Calgary Forest Lawn"," 32","Calgary",3,4,6,85,10,68,0,2,178,372
48006,"Calgary Forest Lawn/Calgary Forest Lawn"," 33","Calgary",3,1,6,46,20,81,0,2,159,395
48006,"Calgary Forest Lawn/Calgary Forest Lawn"," 34","Calgary",4,1,7,53,26,108,1,0,200,450
48006,"Calgary Forest Lawn/Calgary Forest Lawn"," 35","Calgary",2,4,3,60,27,66,1,0,163,405
48006,"Calgary Forest Lawn/Calgary Forest Lawn"," 36","Calgary",0,4,12,89,18,59,2,1,185,471
48006,"Calgary Forest Lawn/Calgary Forest Lawn"," 37","Calgary",4,1,11,72,39,67,4,2,200,438
48006,"Calgary Forest Lawn/Calgary Forest Lawn"," 38","Calgary",2,3,3,108,21,84,1,0,222,482
48006,"Calgary Forest Lawn/Calgary Forest Lawn"," 39","Calgary",3,0,0,96,20,72,0,1,192,367
48006,"Calgary Forest Lawn/Calgary Forest Lawn"," 40","Calgary",0,1,5,102,17,98,0,2,225,383
48006,"Calgary Forest Lawn/Calgary Forest Lawn"," 41","Calgary",4,2,8,86,15,61,0,4,180,385
48006,"Calgary Forest Lawn/Calgary Forest Lawn"," 42","Calgary",3,0,7,53,12,81,0,1,157,393
48006,"Calgary Forest Lawn/Calgary Forest Lawn"," 43","Calgary",1,3,6,101,10,71,0,1,193,352
48006,"Calgary Forest Lawn/Calgary Forest Lawn"," 44","Calgary",1,0,2,108,17,60,1,0,189,419
48006,"Calgary Forest Lawn/Calgary Forest Lawn"," 45","Calgary",2,2,4,76,16,66,0,4,170,366
48006,"Calgary Forest Lawn/Calgary Forest Lawn"," 46","Calgary",6,1,4,66,17,79,0,0,173,389
48006,"Calgary Forest Lawn/Calgary Forest Lawn"," 47","Calgary",3,0,16,147,21,62,0,3,252,349
48006,"Calgary Forest Lawn/Calgary Forest Lawn"," 48","Calgary",2,2,8,78,19,77,2,1,189,391
48006,"Calgary Forest Lawn/Calgary Forest Lawn"," 49","Calgary",4,1,7,89,25,64,0,0,190,382
48006,"Calgary Forest Lawn/Calgary Forest Lawn"," 50","Calgary",7,0,2,53,17,39,0,2,120,264
48006,"Calgary Forest Lawn/Calgary Forest Lawn"," 51","Calgary",6,0,6,56,14,87,0,1,170,381
48006,"Calgary Forest Lawn/Calgary Forest Lawn"," 52","Calgary",6,0,2,61,13,68,0,1,151,345
48006,"Calgary Forest Lawn/Calgary Forest Lawn"," 53","Calgary",3,1,2,103,25,106,0,3,243,471
48006,"Calgary Forest Lawn/Calgary Forest Lawn"," 54","Calgary",2,0,7,88,29,86,0,1,213,431
48006,"Calgary Forest Lawn/Calgary Forest Lawn"," 55","Calgary",2,1,7,106,27,120,0,1,264,466
48006,"Calgary Forest Lawn/Calgary Forest Lawn"," 56","Calgary",0,0,10,83,18,47,0,4,162,369
48006,"Calgary Forest Lawn/Calgary Forest Lawn"," 57","Calgary",6,3,7,91,27,85,2,4,225,427
48006,"Calgary Forest Lawn/Calgary Forest Lawn"," 58","Calgary",2,0,9,69,33,82,1,2,198,389
48006,"Calgary Forest Lawn/Calgary Forest Lawn"," 59","Calgary",4,1,4,74,18,46,0,5,152,360
48006,"Calgary Forest Lawn/Calgary Forest Lawn"," 60","Calgary",0,0,2,86,12,58,0,6,164,369
48006,"Calgary Forest Lawn/Calgary Forest Lawn"," 61A","Calgary",1,1,3,48,16,45,0,2,116,283
48006,"Calgary Forest Lawn/Calgary Forest Lawn"," 61B","Calgary",2,0,4,62,14,55,0,0,137,291
48006,"Calgary Forest Lawn/Calgary Forest Lawn"," 62","Calgary",5,0,1,140,17,62,1,2,228,475
48006,"Calgary Forest Lawn/Calgary Forest Lawn"," 63","Calgary",5,2,7,134,27,51,2,0,228,465
48006,"Calgary Forest Lawn/Calgary Forest Lawn"," 64","Calgary",2,1,3,98,15,61,0,2,182,368
48006,"Calgary Forest Lawn/Calgary Forest Lawn"," 65","Calgary",2,1,9,114,26,96,2,2,252,488
48006,"Calgary Forest Lawn/Calgary Forest Lawn"," 66","Calgary",5,0,5,77,25,75,2,0,189,387
48006,"Calgary Forest Lawn/Calgary Forest Lawn"," 67","Calgary",2,2,10,164,27,73,0,0,278,425
48006,"Calgary Forest Lawn/Calgary Forest Lawn"," 68","Calgary",3,3,8,159,24,56,2,0,255,426
48006,"Calgary Forest Lawn/Calgary Forest Lawn"," 69","Calgary",7,3,12,151,14,80,0,0,267,429
48006,"Calgary Forest Lawn/Calgary Forest Lawn"," 70","Calgary",2,0,10,152,21,92,3,2,282,416
48006,"Calgary Forest Lawn/Calgary Forest Lawn"," 71","Calgary",4,0,7,145,27,102,0,0,285,516
48006,"Calgary Forest Lawn/Calgary Forest Lawn"," 72","Calgary",9,1,6,99,23,66,0,1,205,357
48006,"Calgary Forest Lawn/Calgary Forest Lawn"," 73","Calgary",6,1,8,109,19,58,1,2,204,362
48006,"Calgary Forest Lawn/Calgary Forest Lawn"," 74","Calgary",2,0,5,113,15,47,0,3,185,352
48006,"Calgary Forest Lawn/Calgary Forest Lawn"," 75","Calgary",4,11,10,67,14,73,0,2,181,355
48006,"Calgary Forest Lawn/Calgary Forest Lawn"," 76","Calgary",2,0,8,115,12,78,1,1,217,438
48006,"Calgary Forest Lawn/Calgary Forest Lawn"," 77","Calgary",3,0,9,72,23,68,0,2,177,424
48006,"Calgary Forest Lawn/Calgary Forest Lawn"," 78","Calgary",4,1,7,62,22,61,0,5,162,422
48006,"Calgary Forest Lawn/Calgary Forest Lawn"," 79A","Calgary",5,1,3,49,16,53,0,0,127,269
48006,"Calgary Forest Lawn/Calgary Forest Lawn"," 79B","Calgary",5,1,7,51,12,52,0,1,129,295
48006,"Calgary Forest Lawn/Calgary Forest Lawn"," 80","Calgary",1,0,9,91,22,61,1,0,185,439
48006,"Calgary Forest Lawn/Calgary Forest Lawn"," 81","Calgary",7,0,1,66,8,46,0,4,132,376
48006,"Calgary Forest Lawn/Calgary Forest Lawn"," 82A","Calgary",5,0,5,59,24,78,1,1,173,388
48006,"Calgary Forest Lawn/Calgary Forest Lawn"," 82B","Calgary",3,0,8,48,18,79,0,3,159,370
48006,"Calgary Forest Lawn/Calgary Forest Lawn"," 83","Calgary",2,1,3,28,5,18,1,1,59,197
48006,"Calgary Forest Lawn/Calgary Forest Lawn"," 84","Calgary",4,1,9,85,29,58,0,0,186,380
48006,"Calgary Forest Lawn/Calgary Forest Lawn"," 85","Calgary",1,0,9,78,14,50,0,0,152,352
48006,"Calgary Forest Lawn/Calgary Forest Lawn"," 86","Calgary",3,0,9,58,13,42,0,2,127,365
48006,"Calgary Forest Lawn/Calgary Forest Lawn"," 87","Calgary",2,0,2,59,15,61,0,2,141,413
48006,"Calgary Forest Lawn/Calgary Forest Lawn"," 88","Calgary",6,25,7,96,27,53,0,1,215,428
48006,"Calgary Forest Lawn/Calgary Forest Lawn"," 89","Calgary",2,0,4,140,15,63,1,0,225,446
48006,"Calgary Forest Lawn/Calgary Forest Lawn"," 90","Calgary",1,2,1,97,19,46,2,0,168,344
48006,"Calgary Forest Lawn/Calgary Forest Lawn"," 91","Calgary",7,1,6,120,21,54,1,1,211,400
48006,"Calgary Forest Lawn/Calgary Forest Lawn"," 92","Calgary",1,1,9,141,13,45,1,1,212,404
48006,"Calgary Forest Lawn/Calgary Forest Lawn"," 93","Calgary",1,0,5,100,12,44,0,2,164,354
48006,"Calgary Forest Lawn/Calgary Forest Lawn"," 94","Calgary",5,0,5,103,21,66,1,3,204,415
48006,"Calgary Forest Lawn/Calgary Forest Lawn"," 95","Calgary",1,1,0,133,24,61,0,2,222,438
48006,"Calgary Forest Lawn/Calgary Forest Lawn"," 96","Calgary",5,0,3,116,32,77,1,0,234,464
48006,"Calgary Forest Lawn/Calgary Forest Lawn"," 97","Calgary",1,2,5,107,22,83,0,3,223,407
48006,"Calgary Forest Lawn/Calgary Forest Lawn"," 98","Calgary",2,1,5,133,39,72,0,0,252,476
48006,"Calgary Forest Lawn/Calgary Forest Lawn"," 99","Calgary",3,2,1,110,14,53,0,2,185,401
48006,"Calgary Forest Lawn/Calgary Forest Lawn"," 100","Calgary",1,0,6,113,19,77,0,1,217,444
48006,"Calgary Forest Lawn/Calgary Forest Lawn"," 101","Calgary",4,1,7,107,25,84,1,1,230,439
48006,"Calgary Forest Lawn/Calgary Forest Lawn"," 102","Calgary",1,3,8,107,20,56,1,0,196,378
48006,"Calgary Forest Lawn/Calgary Forest Lawn"," 103","Calgary",1,0,8,99,22,56,1,3,190,368
48006,"Calgary Forest Lawn/Calgary Forest Lawn"," 104","Calgary",0,0,2,115,21,57,2,1,198,375
48006,"Calgary Forest Lawn/Calgary Forest Lawn"," 105","Calgary",4,1,9,105,9,39,0,0,167,325
48006,"Calgary Forest Lawn/Calgary Forest Lawn"," 106","Calgary",2,1,8,91,32,87,1,1,223,429
48006,"Calgary Forest Lawn/Calgary Forest Lawn"," 107","Calgary",3,2,2,92,30,67,0,0,196,377
48006,"Calgary Forest Lawn/Calgary Forest Lawn"," 108","Calgary",6,1,7,93,22,59,1,2,191,441
48006,"Calgary Forest Lawn/Calgary Forest Lawn"," 109","Calgary",2,2,8,85,21,84,0,0,202,430
48006,"Calgary Forest Lawn/Calgary Forest Lawn"," 110","Calgary",3,1,7,58,30,61,3,2,165,425
48006,"Calgary Forest Lawn/Calgary Forest Lawn"," 111","Calgary",4,0,8,103,23,100,1,4,243,463
48006,"Calgary Forest Lawn/Calgary Forest Lawn"," 112","Calgary",6,0,8,99,14,64,0,1,192,363
48006,"Calgary Forest Lawn/Calgary Forest Lawn"," 113","Calgary",7,1,8,102,16,77,2,1,214,386
48006,"Calgary Forest Lawn/Calgary Forest Lawn"," 114","Calgary",2,1,6,96,16,52,0,3,176,340
48006,"Calgary Forest Lawn/Calgary Forest Lawn"," 115","Calgary",5,0,8,150,12,65,1,1,242,409
48006,"Calgary Forest Lawn/Calgary Forest Lawn"," 116","Calgary",2,4,6,102,7,56,0,1,178,365
48006,"Calgary Forest Lawn/Calgary Forest Lawn"," 117","Calgary",2,0,6,134,22,68,0,2,234,437
48006,"Calgary Forest Lawn/Calgary Forest Lawn"," 118","Calgary",4,1,9,134,13,88,0,1,250,473
48006,"Calgary Forest Lawn/Calgary Forest Lawn"," 119","Calgary",2,0,3,120,16,69,0,1,211,429
48006,"Calgary Forest Lawn/Calgary Forest Lawn"," 120","Calgary",1,0,7,125,22,83,0,3,241,378
48006,"Calgary Forest Lawn/Calgary Forest Lawn"," 121","Calgary",4,4,7,113,25,41,1,0,195,511
48006,"Calgary Forest Lawn/Calgary Forest Lawn"," 122","Calgary",1,0,7,79,16,55,0,1,159,332
48006,"Calgary Forest Lawn/Calgary Forest Lawn"," 123","Calgary",0,1,8,114,14,68,3,5,213,461
48006,"Calgary Forest Lawn/Calgary Forest Lawn"," 124","Calgary",1,2,12,97,14,66,0,0,192,387
48006,"Calgary Forest Lawn/Calgary Forest Lawn"," 125","Calgary",5,0,5,85,15,79,0,0,189,382
48006,"Calgary Forest Lawn/Calgary Forest Lawn"," 126","Calgary",1,0,4,94,12,71,2,0,184,405
48006,"Calgary Forest Lawn/Calgary Forest Lawn"," 127","Calgary",3,1,8,114,19,73,0,1,219,401
48006,"Calgary Forest Lawn/Calgary Forest Lawn"," 128","Calgary",5,0,0,90,8,31,0,2,136,314
48006,"Calgary Forest Lawn/Calgary Forest Lawn"," 129","Rocky View No. 44",6,0,3,65,17,47,0,1,139,347
48006,"Calgary Forest Lawn/Calgary Forest Lawn"," 130","Calgary",1,3,5,121,22,57,0,1,210,454
48006,"Calgary Forest Lawn/Calgary Forest Lawn"," 131","Calgary",5,2,6,116,26,72,0,1,228,487
48006,"Calgary Forest Lawn/Calgary Forest Lawn"," 132","Calgary",5,2,8,124,18,37,0,2,196,423
48006,"Calgary Forest Lawn/Calgary Forest Lawn"," 133","Calgary",1,2,9,66,21,50,3,2,154,365
48006,"Calgary Forest Lawn/Calgary Forest Lawn"," 134","Calgary",3,2,5,54,7,39,0,2,112,371
48006,"Calgary Forest Lawn/Calgary Forest Lawn"," 135","Calgary",2,1,0,79,20,71,2,2,177,404
48006,"Calgary Forest Lawn/Calgary Forest Lawn"," 136","Calgary",3,0,7,100,19,71,0,0,200,433
48006,"Calgary Forest Lawn/Calgary Forest Lawn"," 137","Calgary",1,0,5,83,19,46,1,1,156,370
48006,"Calgary Forest Lawn/Calgary Forest Lawn"," 138","Calgary",1,0,7,78,20,50,0,0,156,387
48006,"Calgary Forest Lawn/Calgary Forest Lawn"," 139","Calgary",0,4,4,115,16,43,0,2,184,410
48006,"Calgary Forest Lawn/Calgary Forest Lawn"," 140","Calgary",0,3,3,91,23,65,0,3,188,467
48006,"Calgary Forest Lawn/Calgary Forest Lawn"," 141","Calgary",1,1,9,102,16,47,0,2,178,374
48006,"Calgary Forest Lawn/Calgary Forest Lawn"," 142","Calgary",4,2,7,103,17,44,0,1,178,357
48006,"Calgary Forest Lawn/Calgary Forest Lawn"," 143","Calgary",1,3,12,149,14,63,0,1,243,452
48006,"Calgary Forest Lawn/Calgary Forest Lawn"," 144","Calgary",6,3,5,88,7,49,0,1,159,345
48006,"Calgary Forest Lawn/Calgary Forest Lawn"," 145","Calgary",4,2,7,116,16,47,0,2,194,339
48006,"Calgary Forest Lawn/Calgary Forest Lawn"," 146","Calgary",1,0,1,58,27,68,0,1,156,423
48006,"Calgary Forest Lawn/Calgary Forest Lawn"," 147","Calgary",3,3,5,74,21,52,0,1,159,408
48006,"Calgary Forest Lawn/Calgary Forest Lawn"," 148","Calgary",2,0,6,86,27,52,1,2,176,447
48006,"Calgary Forest Lawn/Calgary Forest Lawn"," 149","Calgary",1,0,9,73,17,36,2,0,138,371
48006,"Calgary Forest Lawn/Calgary Forest Lawn"," 150","Calgary",5,1,8,100,16,68,0,2,200,461
48006,"Calgary Forest Lawn/Calgary Forest Lawn"," 151","Calgary",0,0,8,71,18,54,0,2,153,458
48006,"Calgary Forest Lawn/Calgary Forest Lawn"," 152","Calgary",4,2,7,78,21,55,0,4,171,443
48006,"Calgary Forest Lawn/Calgary Forest Lawn"," 153","Calgary",0,0,0,65,21,31,0,1,118,432
48006,"Calgary Forest Lawn/Calgary Forest Lawn"," 154","Calgary",1,0,6,51,11,52,0,2,123,421
48006,"Calgary Forest Lawn/Calgary Forest Lawn"," 155","Calgary",1,0,9,75,12,52,1,4,154,448
48006,"Calgary Forest Lawn/Calgary Forest Lawn"," 156","Calgary",2,0,7,34,25,49,1,1,119,434
48006,"Calgary Forest Lawn/Calgary Forest Lawn"," 157","Calgary",4,2,2,83,26,64,0,0,181,448
48006,"Calgary Forest Lawn/Calgary Forest Lawn"," 158","Calgary",3,0,15,56,12,39,0,0,125,401
48006,"Calgary Forest Lawn/Calgary Forest Lawn"," 159","Calgary",1,1,8,132,20,42,0,1,205,425
48006,"Calgary Forest Lawn/Calgary Forest Lawn"," 160","Calgary",5,2,2,107,20,47,2,0,185,439
48006,"Calgary Forest Lawn/Calgary Forest Lawn"," 161","Calgary",1,2,15,97,19,46,0,1,181,469
48006,"Calgary Forest Lawn/Calgary Forest Lawn"," 162","Calgary",1,1,3,74,18,47,1,2,147,383
48006,"Calgary Forest Lawn/Calgary Forest Lawn"," 163","Calgary",0,2,11,108,18,62,1,1,203,406
48006,"Calgary Forest Lawn/Calgary Forest Lawn"," 164","Calgary",0,1,4,87,17,46,0,1,156,431
48006,"Calgary Forest Lawn/Calgary Forest Lawn"," 165","Calgary",0,0,5,73,7,35,1,0,121,337
48006,"Calgary Forest Lawn/Calgary Forest Lawn"," 166","Calgary",2,1,3,105,9,51,0,2,173,339
48006,"Calgary Forest Lawn/Calgary Forest Lawn"," 167","Calgary",1,0,9,70,22,61,0,1,164,478
48006,"Calgary Forest Lawn/Calgary Forest Lawn"," 168","Calgary",0,0,9,112,23,54,1,1,200,460
48006,"Calgary Forest Lawn/Calgary Forest Lawn"," 169","Calgary",0,0,9,112,23,54,1,1,200,451
48006,"Calgary Forest Lawn/Calgary Forest Lawn"," 170","Calgary",0,0,5,31,7,16,0,0,59,206
48006,"Calgary Forest Lawn/Calgary Forest Lawn"," 171A","Calgary",3,1,6,58,5,30,1,1,105,282
48006,"Calgary Forest Lawn/Calgary Forest Lawn"," 171B","Calgary",1,1,4,62,5,26,0,0,99,281
48006,"Calgary Forest Lawn/Calgary Forest Lawn"," 172","Calgary",3,1,5,45,7,23,0,0,84,268
48006,"Calgary Forest Lawn/Calgary Forest Lawn"," 173","Calgary",4,0,8,115,14,32,3,0,176,417
48006,"Calgary Forest Lawn/Calgary Forest Lawn"," 174A","Calgary",0,1,2,32,9,27,0,0,71,251
48006,"Calgary Forest Lawn/Calgary Forest Lawn"," 174B","Calgary",1,3,2,46,11,33,1,4,101,278
48006,"Calgary Forest Lawn/Calgary Forest Lawn"," 175","Calgary",5,0,2,94,12,63,1,0,177,404
48006,"Calgary Forest Lawn/Calgary Forest Lawn"," 176","Calgary",6,3,5,97,8,57,0,1,177,439
48006,"Calgary Forest Lawn/Calgary Forest Lawn"," 177","Calgary",5,3,2,118,12,62,0,2,204,487
48006,"Calgary Forest Lawn/Calgary Forest Lawn"," 178","Calgary",4,1,2,114,14,50,1,2,188,399
48006,"Calgary Forest Lawn/Calgary Forest Lawn"," 179","Calgary",2,0,5,80,14,70,0,0,171,455
48006,"Calgary Forest Lawn/Calgary Forest Lawn"," 180","Calgary",8,0,5,67,12,43,1,2,138,361
48006,"Calgary Forest Lawn/Calgary Forest Lawn"," 181","Calgary",8,1,2,149,12,67,0,0,239,480
48006,"Calgary Forest Lawn/Calgary Forest Lawn"," 500","Mobile poll/Bureau itinérant",1,1,0,49,4,23,2,1,81,86
48006,"Calgary Forest Lawn/Calgary Forest Lawn"," 501","Mobile poll/Bureau itinérant",2,2,6,62,9,37,0,1,119,181
48006,"Calgary Forest Lawn/Calgary Forest Lawn"," 502A","Mobile poll/Bureau itinérant",Merged with No./Fusionné avec le n°500,,,,,,,,,48
48006,"Calgary Forest Lawn/Calgary Forest Lawn"," 502B","Calgary",2,3,0,32,3,14,0,1,55,204
48006,"Calgary Forest Lawn/Calgary Forest Lawn"," 600","Calgary",4,2,8,315,61,469,1,6,866,
48006,"Calgary Forest Lawn/Calgary Forest Lawn"," 601","Calgary",5,2,8,201,48,111,1,3,379,
48006,"Calgary Forest Lawn/Calgary Forest Lawn"," 602","Calgary",1,5,14,56,143,159,0,0,378,
48006,"Calgary Forest Lawn/Calgary Forest Lawn"," 603","Calgary",1,0,4,173,53,144,3,0,378,
48006,"Calgary Forest Lawn/Calgary Forest Lawn"," 604","Calgary",3,2,3,241,58,228,0,3,538,
48006,"Calgary Forest Lawn/Calgary Forest Lawn"," 605","Calgary",5,1,13,216,40,114,1,6,396,
48006,"Calgary Forest Lawn/Calgary Forest Lawn"," 606","Calgary",2,2,9,187,54,102,0,3,359,
48006,"Calgary Forest Lawn/Calgary Forest Lawn"," 607","Calgary",13,5,9,233,49,129,2,1,441,
48006,"Calgary Forest Lawn/Calgary Forest Lawn"," 608","Calgary",2,4,13,343,89,215,3,7,676,
48006,"Calgary Forest Lawn/Calgary Forest Lawn"," 609","Calgary",4,3,12,266,70,156,2,3,516,
48006,"Calgary Forest Lawn/Calgary Forest Lawn"," 610","Calgary",245,120,64,6,1,13,1,3,453,
48006,"Calgary Forest Lawn/Calgary Forest Lawn"," 611","Calgary",4,2,13,323,57,158,2,6,565,
48006,"Calgary Forest Lawn/Calgary Forest Lawn",,"Group 1/Groupe 1",8,3,4,30,15,75,4,13,152,127
48006,"Calgary Forest Lawn/Calgary Forest Lawn",,"Group 2/Groupe 2",11,6,19,302,131,255,6,15,745,
