﻿Electoral District Number/Numéro de circonscription,Electoral District Name/Nom de circonscription,Polling Station Number/Numéro du bureau de scrutin,Polling Station Name/Nom du bureau de scrutin,John Barlow,Tanya MacPherson,Cory Morgan,Marc Slingerland,Alison Thompson,Romy S. Tittel,Rejected Ballots/Bulletins rejetés,Total Votes/Total des votes,Electors/Électeurs
48022,"Foothills/Foothills"," 1","Jumping Pound",72,5,0,0,3,1,0,81,144
48022,"Foothills/Foothills"," 2","Rocky View No. 44",110,33,5,0,15,8,0,171,319
48022,"Foothills/Foothills"," 3","Jumping Pound",141,28,2,0,5,5,1,182,362
48022,"Foothills/Foothills"," 4","Rocky View No. 44",190,38,2,0,12,9,0,251,422
48022,"Foothills/Foothills"," 5","Rocky View No. 44",154,34,4,0,5,2,0,199,385
48022,"Foothills/Foothills"," 6","Rocky View No. 44",122,19,3,0,3,4,0,151,270
48022,"Foothills/Foothills"," 7","Rocky View No. 44",121,30,0,0,13,5,1,170,329
48022,"Foothills/Foothills"," 8","Rocky View No. 44",122,29,4,0,4,1,0,160,325
48022,"Foothills/Foothills"," 9","Rocky View No. 44",161,25,0,1,8,2,0,197,374
48022,"Foothills/Foothills"," 10","Jumping Pound",30,49,2,0,19,10,1,111,137
48022,"Foothills/Foothills"," 11","Elbow Valley",180,36,2,0,8,12,0,238,424
48022,"Foothills/Foothills"," 12","Elbow Valley",110,25,2,0,2,4,0,143,241
48022,"Foothills/Foothills"," 13","Elbow Valley",179,23,2,1,1,3,1,210,372
48022,"Foothills/Foothills"," 14","Rocky View No. 44",144,24,0,0,9,8,1,186,319
48022,"Foothills/Foothills"," 15","Rocky View No. 44",168,28,1,0,1,4,0,202,328
48022,"Foothills/Foothills"," 16","Pirmez Creek",196,22,0,1,4,6,0,229,394
48022,"Foothills/Foothills"," 17","Elbow Valley",237,42,0,0,8,3,1,291,512
48022,"Foothills/Foothills"," 18","Pirmez Creek",164,30,0,0,3,4,0,201,346
48022,"Foothills/Foothills"," 19","Sarcee",121,80,0,1,13,14,0,229,344
48022,"Foothills/Foothills"," 20","Sarcee",137,77,2,0,17,17,0,250,390
48022,"Foothills/Foothills"," 21","Sarcee",4,105,4,0,284,8,2,407,687
48022,"Foothills/Foothills"," 22","Foothills No. 31",135,34,0,0,8,14,0,191,392
48022,"Foothills/Foothills"," 23","Foothills No. 31",298,57,3,5,10,18,0,391,473
48022,"Foothills/Foothills"," 24","Foothills No. 31",352,69,5,0,15,9,0,450,733
48022,"Foothills/Foothills"," 25","Bragg Creek",100,37,0,0,5,8,0,150,269
48022,"Foothills/Foothills"," 26","Bragg Creek",68,25,2,0,13,11,0,119,225
48022,"Foothills/Foothills"," 27","Bragg Creek",122,50,0,0,21,19,0,212,374
48022,"Foothills/Foothills"," 28","Bragg Creek",95,38,0,1,5,7,1,147,278
48022,"Foothills/Foothills"," 29","Bragg Creek",165,49,2,0,32,18,1,267,429
48022,"Foothills/Foothills"," 30","Bragg Creek",180,43,6,2,12,10,0,253,398
48022,"Foothills/Foothills"," 31","Millarville",245,31,1,2,9,14,0,302,420
48022,"Foothills/Foothills"," 32","Millarville",156,27,0,0,12,12,0,207,291
48022,"Foothills/Foothills"," 33","Millarville",168,20,0,0,5,5,0,198,317
48022,"Foothills/Foothills"," 34","Priddis",260,37,8,0,5,10,3,323,426
48022,"Foothills/Foothills"," 35","Priddis",138,19,1,0,2,4,0,164,242
48022,"Foothills/Foothills"," 36","Academy",238,16,4,1,8,11,0,278,433
48022,"Foothills/Foothills"," 37","De Winton",209,31,1,0,2,2,0,245,414
48022,"Foothills/Foothills"," 38","De Winton",169,19,0,0,2,3,0,193,331
48022,"Foothills/Foothills"," 39","De Winton",149,28,1,0,5,1,0,184,292
48022,"Foothills/Foothills"," 40","De Winton",177,33,1,0,2,1,0,214,324
48022,"Foothills/Foothills"," 41","De Winton",332,57,2,0,9,2,1,403,697
48022,"Foothills/Foothills"," 42","De Winton",400,55,4,0,13,10,1,483,745
48022,"Foothills/Foothills"," 43","De Winton",156,16,0,1,7,5,0,185,457
48022,"Foothills/Foothills"," 44","De Winton",159,21,1,0,2,5,0,188,360
48022,"Foothills/Foothills"," 45","De Winton",159,25,0,0,7,5,0,196,368
48022,"Foothills/Foothills"," 46","Foothills No. 31",210,17,3,0,8,3,1,242,414
48022,"Foothills/Foothills"," 47","De Winton",198,17,0,1,6,6,0,228,402
48022,"Foothills/Foothills"," 48","De Winton",206,18,0,0,6,7,0,237,415
48022,"Foothills/Foothills"," 49","Okotoks",265,31,2,1,13,8,1,321,656
48022,"Foothills/Foothills"," 50","Okotoks",88,20,4,1,5,1,0,119,219
48022,"Foothills/Foothills"," 51","Okotoks",193,40,1,0,13,6,0,253,488
48022,"Foothills/Foothills"," 52","Okotoks",151,51,1,2,15,14,0,234,422
48022,"Foothills/Foothills"," 53","Okotoks",235,38,3,1,13,13,1,304,583
48022,"Foothills/Foothills"," 54","Okotoks",177,35,1,0,13,6,0,232,466
48022,"Foothills/Foothills"," 55","Okotoks",150,30,1,1,19,13,1,215,454
48022,"Foothills/Foothills"," 56","Okotoks",223,42,1,1,10,6,0,283,543
48022,"Foothills/Foothills"," 57","Okotoks",217,34,1,1,6,4,0,263,508
48022,"Foothills/Foothills"," 58","Okotoks",166,30,3,1,11,8,1,220,419
48022,"Foothills/Foothills"," 59","Okotoks",225,40,3,1,17,14,1,301,504
48022,"Foothills/Foothills"," 60","Okotoks",145,31,2,2,16,12,4,212,424
48022,"Foothills/Foothills"," 61","Okotoks",182,34,4,1,13,11,0,245,501
48022,"Foothills/Foothills"," 62","Okotoks",149,42,2,0,22,10,3,228,501
48022,"Foothills/Foothills"," 63","Okotoks",190,33,2,1,12,1,0,239,488
48022,"Foothills/Foothills"," 64","Okotoks",114,22,2,1,8,4,0,151,372
48022,"Foothills/Foothills"," 65","Okotoks",219,49,2,0,18,10,1,299,567
48022,"Foothills/Foothills"," 66","Okotoks",172,41,1,0,16,7,0,237,427
48022,"Foothills/Foothills"," 67","Okotoks",234,33,4,0,6,6,0,283,463
48022,"Foothills/Foothills"," 68A","Okotoks",172,22,0,0,8,4,0,206,382
48022,"Foothills/Foothills"," 68B","Okotoks",182,14,1,0,8,2,0,207,388
48022,"Foothills/Foothills"," 69","Okotoks",226,38,3,1,14,9,0,291,529
48022,"Foothills/Foothills"," 70A","Okotoks",145,31,0,0,6,2,0,184,348
48022,"Foothills/Foothills"," 70B","Okotoks",166,21,0,0,13,1,0,201,351
48022,"Foothills/Foothills"," 71","Okotoks",199,9,1,0,10,2,0,221,474
48022,"Foothills/Foothills"," 72","Okotoks",183,23,0,0,8,15,1,230,420
48022,"Foothills/Foothills"," 73","Okotoks",180,17,1,0,1,7,0,206,407
48022,"Foothills/Foothills"," 74","Okotoks",212,28,4,1,16,12,0,273,505
48022,"Foothills/Foothills"," 75","Okotoks",149,24,0,2,7,6,0,188,338
48022,"Foothills/Foothills"," 76","Okotoks",184,52,1,0,13,13,0,263,511
48022,"Foothills/Foothills"," 77","Okotoks",145,47,2,0,10,5,0,209,456
48022,"Foothills/Foothills"," 78","Okotoks",169,36,1,0,14,12,0,232,451
48022,"Foothills/Foothills"," 79","Okotoks",157,24,2,0,7,1,2,193,363
48022,"Foothills/Foothills"," 80","Okotoks",186,44,1,6,4,4,1,246,478
48022,"Foothills/Foothills"," 81","Okotoks",157,23,3,0,7,4,0,194,422
48022,"Foothills/Foothills"," 82","Okotoks",188,37,4,2,9,8,0,248,453
48022,"Foothills/Foothills"," 83","Okotoks",159,45,2,0,15,9,0,230,462
48022,"Foothills/Foothills"," 84","Okotoks",229,60,0,0,15,4,1,309,554
48022,"Foothills/Foothills"," 85","Okotoks",245,42,2,0,17,9,0,315,575
48022,"Foothills/Foothills"," 86","Okotoks",188,35,1,0,8,4,0,236,425
48022,"Foothills/Foothills"," 87","Okotoks",195,31,1,0,7,4,2,240,421
48022,"Foothills/Foothills"," 88","Okotoks",167,55,3,0,6,9,0,240,504
48022,"Foothills/Foothills"," 89","Okotoks",190,42,3,0,9,5,0,249,494
48022,"Foothills/Foothills"," 90","Okotoks",228,50,5,1,6,5,0,295,576
48022,"Foothills/Foothills"," 91A","Okotoks",197,44,2,2,12,9,0,266,474
48022,"Foothills/Foothills"," 91B","Okotoks",188,30,1,0,7,7,0,233,478
48022,"Foothills/Foothills"," 92","Okotoks",282,40,2,0,6,10,0,340,591
48022,"Foothills/Foothills"," 93","Black Diamond",102,19,2,0,5,7,0,135,211
48022,"Foothills/Foothills"," 94","Black Diamond",223,44,0,0,21,18,0,306,492
48022,"Foothills/Foothills"," 95","Black Diamond",228,25,3,2,18,15,1,292,509
48022,"Foothills/Foothills"," 96","Black Diamond",299,56,2,2,23,13,0,395,665
48022,"Foothills/Foothills"," 97","Black Diamond",314,43,2,0,18,14,0,391,674
48022,"Foothills/Foothills"," 98","Turner Valley",207,21,0,0,8,12,0,248,409
48022,"Foothills/Foothills"," 99","Turner Valley",221,26,2,0,13,14,0,276,506
48022,"Foothills/Foothills"," 100","Turner Valley",123,40,1,3,20,20,0,207,403
48022,"Foothills/Foothills"," 101A","Turner Valley",148,19,3,3,14,8,0,195,377
48022,"Foothills/Foothills"," 101B","Turner Valley",129,26,2,2,18,10,0,187,360
48022,"Foothills/Foothills"," 102","Turner Valley",81,22,0,0,9,4,1,117,236
48022,"Foothills/Foothills"," 103","Longview",282,40,2,1,17,20,0,362,568
48022,"Foothills/Foothills"," 104","High River",215,18,0,0,15,6,1,255,495
48022,"Foothills/Foothills"," 105","High River",154,13,2,0,6,4,0,179,357
48022,"Foothills/Foothills"," 106","High River",129,22,1,4,6,10,1,173,378
48022,"Foothills/Foothills"," 107","High River",63,26,1,3,19,6,1,119,279
48022,"Foothills/Foothills"," 108","High River",140,27,1,0,7,7,0,182,399
48022,"Foothills/Foothills"," 109","High River",174,14,2,4,18,9,1,222,452
48022,"Foothills/Foothills"," 110","High River",120,29,2,1,19,11,0,182,416
48022,"Foothills/Foothills"," 111","High River",107,31,1,0,10,9,0,158,360
48022,"Foothills/Foothills"," 112","High River",132,41,3,0,16,13,0,205,382
48022,"Foothills/Foothills"," 113","High River",152,26,3,3,9,15,0,208,361
48022,"Foothills/Foothills"," 114","High River",129,28,3,6,10,11,0,187,410
48022,"Foothills/Foothills"," 115","High River",136,33,5,1,12,12,0,199,377
48022,"Foothills/Foothills"," 116","High River",116,23,1,4,10,11,0,165,358
48022,"Foothills/Foothills"," 117","High River",132,34,1,1,7,8,0,183,353
48022,"Foothills/Foothills"," 118","High River",157,51,2,1,11,8,0,230,468
48022,"Foothills/Foothills"," 119","High River",139,41,3,0,6,6,0,195,422
48022,"Foothills/Foothills"," 120","High River",125,18,0,0,4,5,0,152,321
48022,"Foothills/Foothills"," 121","High River",162,29,1,4,7,9,1,213,403
48022,"Foothills/Foothills"," 122","High River",220,12,4,7,6,8,0,257,446
48022,"Foothills/Foothills"," 123","High River",215,22,0,3,18,12,0,270,450
48022,"Foothills/Foothills"," 124","High River",205,26,2,0,13,9,0,255,502
48022,"Foothills/Foothills"," 125","High River",220,23,2,1,7,3,1,257,512
48022,"Foothills/Foothills"," 126","High River",184,18,1,1,5,2,0,211,464
48022,"Foothills/Foothills"," 127","High River",161,21,2,0,9,8,0,201,343
48022,"Foothills/Foothills"," 128","High River",116,10,1,2,4,2,0,135,315
48022,"Foothills/Foothills"," 129","High River",137,22,1,0,5,1,1,167,320
48022,"Foothills/Foothills"," 130","High River",197,49,3,2,14,7,0,272,520
48022,"Foothills/Foothills"," 131","High River",147,19,1,1,4,3,0,175,308
48022,"Foothills/Foothills"," 132","Gladys",121,13,1,1,5,7,0,148,283
48022,"Foothills/Foothills"," 133","Gladys",170,6,0,2,1,3,0,182,278
48022,"Foothills/Foothills"," 134","Blackie",266,28,3,4,13,11,0,325,509
48022,"Foothills/Foothills"," 135","Cayley",224,20,2,2,16,8,1,273,440
48022,"Foothills/Foothills"," 136","Cayley",185,25,0,1,5,5,0,221,428
48022,"Foothills/Foothills"," 137","Nanton",141,23,2,0,16,11,1,194,394
48022,"Foothills/Foothills"," 138","Nanton",204,22,2,0,15,9,0,252,497
48022,"Foothills/Foothills"," 139","Nanton",147,28,1,0,9,12,1,198,414
48022,"Foothills/Foothills"," 140","Nanton",203,21,0,1,6,5,0,236,419
48022,"Foothills/Foothills"," 141","Nanton",247,13,0,2,10,7,0,279,426
48022,"Foothills/Foothills"," 142","Parkland",158,3,2,0,12,4,0,179,313
48022,"Foothills/Foothills"," 143","Stavely",224,12,0,1,8,5,0,250,411
48022,"Foothills/Foothills"," 144","Stavely",206,37,4,1,21,5,0,274,462
48022,"Foothills/Foothills"," 145","Claresholm",190,18,0,4,7,9,1,229,392
48022,"Foothills/Foothills"," 146","Claresholm",120,12,1,1,10,4,1,149,403
48022,"Foothills/Foothills"," 147","Claresholm",153,22,3,1,17,6,0,202,366
48022,"Foothills/Foothills"," 148","Claresholm",153,18,1,0,24,12,0,208,329
48022,"Foothills/Foothills"," 149","Claresholm",146,24,0,1,5,6,1,183,334
48022,"Foothills/Foothills"," 150","Claresholm",140,18,2,2,19,11,0,192,321
48022,"Foothills/Foothills"," 151","Claresholm",155,25,1,1,9,6,0,197,371
48022,"Foothills/Foothills"," 152","Claresholm",165,25,2,0,18,4,0,214,430
48022,"Foothills/Foothills"," 153","Claresholm",131,24,2,2,10,5,0,174,372
48022,"Foothills/Foothills"," 154","Claresholm",137,26,0,0,12,5,1,181,339
48022,"Foothills/Foothills"," 155","Lundbreck",41,6,2,0,8,5,0,62,62
48022,"Foothills/Foothills"," 156","Lundbreck",199,42,3,1,21,14,1,281,494
48022,"Foothills/Foothills"," 157","Granum",196,15,0,0,16,2,1,230,444
48022,"Foothills/Foothills"," 158","Granum",241,28,4,7,18,14,1,313,517
48022,"Foothills/Foothills"," 159","Cowley",145,33,0,2,22,8,0,210,478
48022,"Foothills/Foothills"," 160","Cowley",95,9,1,0,9,3,0,117,280
48022,"Foothills/Foothills"," 161","Fort Macleod",109,10,0,10,8,3,0,140,235
48022,"Foothills/Foothills"," 162","Fort Macleod",126,23,0,5,29,6,0,189,367
48022,"Foothills/Foothills"," 163","Fort Macleod",157,24,2,9,24,8,0,224,371
48022,"Foothills/Foothills"," 164","Fort Macleod",134,45,0,6,34,10,1,230,492
48022,"Foothills/Foothills"," 165","Fort Macleod",122,25,1,2,35,8,1,194,378
48022,"Foothills/Foothills"," 166","Fort Macleod",147,22,2,9,24,8,1,213,376
48022,"Foothills/Foothills"," 167","Fort Macleod",69,17,0,7,14,2,0,109,233
48022,"Foothills/Foothills"," 168","Fort Macleod",79,30,0,1,19,0,0,129,266
48022,"Foothills/Foothills"," 169","Fort Macleod",182,6,0,17,12,3,1,221,304
48022,"Foothills/Foothills"," 170","Fort Macleod",193,17,3,17,6,7,0,243,333
48022,"Foothills/Foothills"," 171","Fort Macleod",55,3,0,0,6,1,0,65,346
48022,"Foothills/Foothills"," 172","Peigan",11,86,1,0,102,4,0,204,401
48022,"Foothills/Foothills"," 173","Peigan",5,99,4,2,105,3,0,218,452
48022,"Foothills/Foothills"," 174","Pincher Creek",17,7,0,0,8,1,0,33,146
48022,"Foothills/Foothills"," 175","Pincher Creek",113,22,0,1,9,5,0,150,371
48022,"Foothills/Foothills"," 176","Pincher Creek",111,22,2,0,12,8,1,156,346
48022,"Foothills/Foothills"," 177","Pincher Creek",125,24,0,2,14,5,0,170,356
48022,"Foothills/Foothills"," 178","Pincher Creek",150,24,2,3,20,10,0,209,508
48022,"Foothills/Foothills"," 179","Pincher Creek",91,27,0,2,15,5,0,140,292
48022,"Foothills/Foothills"," 180","Pincher Creek",106,24,1,0,15,6,0,152,368
48022,"Foothills/Foothills"," 181","Pincher Creek",98,20,1,1,14,6,1,141,285
48022,"Foothills/Foothills"," 182","Pincher Creek",62,13,0,2,9,4,0,90,176
48022,"Foothills/Foothills"," 183","Pincher Creek",176,22,1,4,18,6,1,228,473
48022,"Foothills/Foothills"," 184","Beaver Mines",119,27,2,1,30,6,0,185,391
48022,"Foothills/Foothills"," 185","Crowsnest Pass",94,14,3,2,20,9,0,142,358
48022,"Foothills/Foothills"," 186","Crowsnest Pass",70,21,4,0,10,4,0,109,255
48022,"Foothills/Foothills"," 187","Crowsnest Pass",129,21,1,1,16,4,0,172,324
48022,"Foothills/Foothills"," 188","Crowsnest Pass",99,26,0,1,15,7,0,148,341
48022,"Foothills/Foothills"," 189","Crowsnest Pass",108,28,4,1,9,7,0,157,370
48022,"Foothills/Foothills"," 190","Crowsnest Pass",122,26,2,1,17,4,0,172,432
48022,"Foothills/Foothills"," 191","Crowsnest Pass",136,35,1,1,26,8,0,207,397
48022,"Foothills/Foothills"," 192","Crowsnest Pass",147,37,0,3,27,7,0,221,553
48022,"Foothills/Foothills"," 193","Crowsnest Pass",113,37,2,1,10,7,0,170,349
48022,"Foothills/Foothills"," 194","Crowsnest Pass",157,40,1,2,26,12,0,238,464
48022,"Foothills/Foothills"," 195","Crowsnest Pass",199,27,0,1,21,9,0,257,481
48022,"Foothills/Foothills"," 196","Crowsnest Pass",155,25,2,0,19,5,0,206,428
48022,"Foothills/Foothills"," 197","Hill Spring",122,8,0,0,2,2,0,134,284
48022,"Foothills/Foothills"," 198","Hill Spring",139,17,1,3,13,0,1,174,353
48022,"Foothills/Foothills"," 199","Glenwood",170,12,1,6,11,6,0,206,371
48022,"Foothills/Foothills"," 200","Twin Butte",100,9,1,2,19,7,0,138,172
48022,"Foothills/Foothills"," 201","Waterton Park",22,20,0,0,4,7,1,54,96
48022,"Foothills/Foothills"," 202","Eden Valley",7,135,10,1,19,0,2,174,240
48022,"Foothills/Foothills"," 500","Mobile poll/Bureau itinérant",71,13,2,0,8,0,0,94,162
48022,"Foothills/Foothills"," 501","Mobile poll/Bureau itinérant",69,15,1,1,4,2,1,93,134
48022,"Foothills/Foothills"," 502","Mobile poll/Bureau itinérant",39,4,4,0,3,2,0,52,77
48022,"Foothills/Foothills"," 503","Mobile poll/Bureau itinérant",23,2,0,0,2,1,0,28,47
48022,"Foothills/Foothills"," 504","Mobile poll/Bureau itinérant",76,10,0,2,2,1,3,94,147
48022,"Foothills/Foothills"," 505","Mobile poll/Bureau itinérant",38,4,0,0,1,1,0,44,58
48022,"Foothills/Foothills"," 506","Mobile poll/Bureau itinérant",103,18,4,3,12,0,2,142,185
48022,"Foothills/Foothills"," 507","Mobile poll/Bureau itinérant",26,7,0,0,1,1,0,35,63
48022,"Foothills/Foothills"," 508","Mobile poll/Bureau itinérant",83,10,1,0,15,2,2,113,143
48022,"Foothills/Foothills"," 509","Mobile poll/Bureau itinérant",35,8,1,1,10,0,1,56,89
48022,"Foothills/Foothills"," 600","Springbank",896,130,4,3,27,21,2,1083,
48022,"Foothills/Foothills"," 601","Bragg Creek",477,126,2,1,42,40,1,689,
48022,"Foothills/Foothills"," 602","Turner Valley",632,89,1,2,53,63,2,842,
48022,"Foothills/Foothills"," 603","De Winton",444,51,5,0,24,10,1,535,
48022,"Foothills/Foothills"," 604","Okotoks",882,121,6,4,40,21,2,1076,
48022,"Foothills/Foothills"," 605","Okotoks",1083,181,5,5,94,30,1,1399,
48022,"Foothills/Foothills"," 606","Okotoks",886,152,8,6,46,15,0,1113,
48022,"Foothills/Foothills"," 607","Highwood",723,89,3,2,27,18,2,864,
48022,"Foothills/Foothills"," 608","High River",913,129,8,1,61,36,4,1152,
48022,"Foothills/Foothills"," 609","High River",1038,122,6,3,64,24,6,1263,
48022,"Foothills/Foothills"," 610","Nanton",501,49,3,0,26,19,0,598,
48022,"Foothills/Foothills"," 611","Claresholm",509,53,6,3,41,24,0,636,
48022,"Foothills/Foothills"," 612","Blairmore",674,98,3,8,87,27,0,897,
48022,"Foothills/Foothills"," 613","Pincher Creek",379,76,2,1,54,21,1,534,
48022,"Foothills/Foothills"," 614","Fort Macleod",368,60,0,14,46,11,2,501,
48022,"Foothills/Foothills"," 615","Pincher Creek",446,65,0,2,71,15,2,601,
48022,"Foothills/Foothills",,"Group 1/Groupe 1",38,25,4,0,11,8,6,92,71
48022,"Foothills/Foothills",,"Group 2/Groupe 2",1654,251,17,10,181,78,34,2225,
