﻿Electoral District Number/Numéro de circonscription,Electoral District Name/Nom de circonscription,Polling Station Number/Numéro du bureau de scrutin,Polling Station Name/Nom du bureau de scrutin,Vincent Chiu,Jack Trovato,Alice Wong,Lawrence Woo,Rejected Ballots/Bulletins rejetés,Total Votes/Total des votes,Electors/Électeurs
59025,"Richmond Centre/Richmond-Centre"," 1","Greater Vancouver A",16,37,36,80,0,169,301
59025,"Richmond Centre/Richmond-Centre"," 2","Richmond",3,35,44,111,0,193,310
59025,"Richmond Centre/Richmond-Centre"," 3","Greater Vancouver A",3,11,111,82,1,208,426
59025,"Richmond Centre/Richmond-Centre"," 4","Richmond",9,20,161,91,2,283,490
59025,"Richmond Centre/Richmond-Centre"," 5","Richmond",2,13,101,83,0,199,400
59025,"Richmond Centre/Richmond-Centre"," 6","Richmond",1,12,89,61,0,163,362
59025,"Richmond Centre/Richmond-Centre"," 7","Richmond",1,15,76,50,1,143,362
59025,"Richmond Centre/Richmond-Centre"," 8","Richmond",7,28,76,77,0,188,355
59025,"Richmond Centre/Richmond-Centre"," 9","Richmond",1,6,68,47,1,123,328
59025,"Richmond Centre/Richmond-Centre"," 10","Richmond",5,20,63,103,1,192,353
59025,"Richmond Centre/Richmond-Centre"," 11","Richmond",1,31,112,142,0,286,513
59025,"Richmond Centre/Richmond-Centre"," 12","Richmond",1,33,90,85,1,210,485
59025,"Richmond Centre/Richmond-Centre"," 13","Richmond",21,74,100,131,1,327,532
59025,"Richmond Centre/Richmond-Centre"," 14","Richmond",8,27,62,66,2,165,280
59025,"Richmond Centre/Richmond-Centre"," 15","Richmond",9,20,73,87,2,191,433
59025,"Richmond Centre/Richmond-Centre"," 16","Greater Vancouver A",7,36,80,87,0,210,374
59025,"Richmond Centre/Richmond-Centre"," 17","Richmond",12,46,77,96,1,232,396
59025,"Richmond Centre/Richmond-Centre"," 18","Richmond",3,22,66,78,1,170,364
59025,"Richmond Centre/Richmond-Centre"," 19","Richmond",7,34,68,110,1,220,395
59025,"Richmond Centre/Richmond-Centre"," 20","Richmond",6,25,60,78,0,169,324
59025,"Richmond Centre/Richmond-Centre"," 21","Greater Vancouver A",4,18,70,88,2,182,359
59025,"Richmond Centre/Richmond-Centre"," 22","Greater Vancouver A",21,50,70,169,2,312,460
59025,"Richmond Centre/Richmond-Centre"," 23","Richmond",2,33,71,109,1,216,383
59025,"Richmond Centre/Richmond-Centre"," 24","Richmond",6,30,61,86,1,184,364
59025,"Richmond Centre/Richmond-Centre"," 25","Greater Vancouver A",9,37,94,122,0,262,416
59025,"Richmond Centre/Richmond-Centre"," 26","Richmond",17,60,135,165,0,377,600
59025,"Richmond Centre/Richmond-Centre"," 27","Richmond",21,56,80,157,1,315,525
59025,"Richmond Centre/Richmond-Centre"," 28","Richmond",7,29,90,118,0,244,369
59025,"Richmond Centre/Richmond-Centre"," 29","Richmond",13,46,123,161,1,344,577
59025,"Richmond Centre/Richmond-Centre"," 30","Richmond",6,32,86,115,0,239,441
59025,"Richmond Centre/Richmond-Centre"," 31","Richmond",6,18,112,96,0,232,430
59025,"Richmond Centre/Richmond-Centre"," 32","Richmond",9,26,49,91,1,176,337
59025,"Richmond Centre/Richmond-Centre"," 33","Richmond",6,33,74,80,0,193,350
59025,"Richmond Centre/Richmond-Centre"," 34","Richmond",5,11,65,48,0,129,281
59025,"Richmond Centre/Richmond-Centre"," 35","Richmond",5,18,68,76,1,168,383
59025,"Richmond Centre/Richmond-Centre"," 36","Richmond",6,14,112,76,1,209,439
59025,"Richmond Centre/Richmond-Centre"," 37","Richmond",2,13,160,81,1,257,517
59025,"Richmond Centre/Richmond-Centre"," 38","Richmond",3,21,122,86,0,232,464
59025,"Richmond Centre/Richmond-Centre"," 39","Richmond",7,21,68,69,1,166,333
59025,"Richmond Centre/Richmond-Centre"," 40","Richmond",6,32,112,83,0,233,464
59025,"Richmond Centre/Richmond-Centre"," 41","Richmond",7,37,59,75,2,180,352
59025,"Richmond Centre/Richmond-Centre"," 42","Richmond",13,31,81,86,0,211,403
59025,"Richmond Centre/Richmond-Centre"," 43","Richmond",7,18,55,78,2,160,307
59025,"Richmond Centre/Richmond-Centre"," 44","Richmond",8,35,83,117,0,243,386
59025,"Richmond Centre/Richmond-Centre"," 45","Richmond",3,21,94,59,0,177,296
59025,"Richmond Centre/Richmond-Centre"," 46","Richmond",4,19,102,73,0,198,355
59025,"Richmond Centre/Richmond-Centre"," 47","Richmond",4,26,98,104,1,233,495
59025,"Richmond Centre/Richmond-Centre"," 48","Richmond",2,24,81,69,0,176,468
59025,"Richmond Centre/Richmond-Centre"," 49","Richmond",3,26,95,103,1,228,510
59025,"Richmond Centre/Richmond-Centre"," 50","Richmond",6,27,94,99,0,226,471
59025,"Richmond Centre/Richmond-Centre"," 51","Richmond",7,28,58,80,1,174,440
59025,"Richmond Centre/Richmond-Centre"," 52A","Richmond",4,39,95,90,2,230,492
59025,"Richmond Centre/Richmond-Centre"," 52B","Richmond",8,31,84,97,1,221,443
59025,"Richmond Centre/Richmond-Centre"," 53","Richmond",8,16,102,78,0,204,531
59025,"Richmond Centre/Richmond-Centre"," 54","Richmond",4,18,63,94,3,182,355
59025,"Richmond Centre/Richmond-Centre"," 55","Richmond",2,22,105,100,2,231,429
59025,"Richmond Centre/Richmond-Centre"," 56","Richmond",7,22,75,88,0,192,429
59025,"Richmond Centre/Richmond-Centre"," 57","Richmond",2,4,106,89,0,201,519
59025,"Richmond Centre/Richmond-Centre"," 58","Richmond",5,8,101,79,2,195,516
59025,"Richmond Centre/Richmond-Centre"," 59A","Richmond",4,20,72,107,1,204,563
59025,"Richmond Centre/Richmond-Centre"," 59B","Richmond",7,17,68,84,1,177,455
59025,"Richmond Centre/Richmond-Centre"," 60","Richmond",Merged with No./Fusionné avec le n°63,,,,,,248
59025,"Richmond Centre/Richmond-Centre"," 61","Richmond",4,12,68,44,2,130,319
59025,"Richmond Centre/Richmond-Centre"," 62","Richmond",Void/Supprimé,,,,,,
59025,"Richmond Centre/Richmond-Centre"," 63","Richmond",11,31,96,107,1,246,276
59025,"Richmond Centre/Richmond-Centre"," 64","Richmond",3,18,78,73,2,174,402
59025,"Richmond Centre/Richmond-Centre"," 65","Richmond",3,31,68,72,0,174,433
59025,"Richmond Centre/Richmond-Centre"," 66","Richmond",6,16,81,73,1,177,368
59025,"Richmond Centre/Richmond-Centre"," 67","Richmond",5,22,72,98,1,198,380
59025,"Richmond Centre/Richmond-Centre"," 68","Richmond",9,21,34,92,0,156,170
59025,"Richmond Centre/Richmond-Centre"," 69","Richmond",Merged with No./Fusionné avec le n°61,,,,,,2
59025,"Richmond Centre/Richmond-Centre"," 70","Richmond",0,12,43,47,3,105,359
59025,"Richmond Centre/Richmond-Centre"," 71","Richmond",6,11,50,57,0,124,430
59025,"Richmond Centre/Richmond-Centre"," 72","Richmond",3,5,37,37,0,82,346
59025,"Richmond Centre/Richmond-Centre"," 73","Richmond",6,11,83,70,0,170,615
59025,"Richmond Centre/Richmond-Centre"," 74","Richmond",12,23,99,108,2,244,429
59025,"Richmond Centre/Richmond-Centre"," 75","Richmond",4,15,88,77,1,185,370
59025,"Richmond Centre/Richmond-Centre"," 76","Richmond",5,17,113,87,0,222,447
59025,"Richmond Centre/Richmond-Centre"," 77","Richmond",2,13,74,56,0,145,365
59025,"Richmond Centre/Richmond-Centre"," 78","Richmond",7,14,118,70,4,213,431
59025,"Richmond Centre/Richmond-Centre"," 79","Richmond",10,20,77,74,0,181,415
59025,"Richmond Centre/Richmond-Centre"," 80","Richmond",2,21,43,77,0,143,379
59025,"Richmond Centre/Richmond-Centre"," 81","Richmond",0,3,20,37,1,61,251
59025,"Richmond Centre/Richmond-Centre"," 82","Richmond",3,2,35,27,0,67,260
59025,"Richmond Centre/Richmond-Centre"," 83","Richmond",4,4,64,55,0,127,536
59025,"Richmond Centre/Richmond-Centre"," 84","Richmond",6,31,79,66,1,183,583
59025,"Richmond Centre/Richmond-Centre"," 85","Richmond",2,16,64,71,1,154,442
59025,"Richmond Centre/Richmond-Centre"," 86","Richmond",2,7,28,33,1,71,285
59025,"Richmond Centre/Richmond-Centre"," 87","Richmond",3,10,51,40,0,104,342
59025,"Richmond Centre/Richmond-Centre"," 88","Richmond",1,11,47,65,1,125,437
59025,"Richmond Centre/Richmond-Centre"," 89","Richmond",7,13,42,65,0,127,404
59025,"Richmond Centre/Richmond-Centre"," 90","Richmond",12,26,46,89,3,176,570
59025,"Richmond Centre/Richmond-Centre"," 91","Richmond",8,28,56,68,2,162,507
59025,"Richmond Centre/Richmond-Centre"," 92","Richmond",2,21,127,142,2,294,820
59025,"Richmond Centre/Richmond-Centre"," 93","Richmond",2,12,72,77,3,166,482
59025,"Richmond Centre/Richmond-Centre"," 94","Richmond",6,20,103,78,1,208,525
59025,"Richmond Centre/Richmond-Centre"," 95","Richmond",1,8,95,41,2,147,463
59025,"Richmond Centre/Richmond-Centre"," 96A","Richmond",8,34,105,93,2,242,568
59025,"Richmond Centre/Richmond-Centre"," 96B","Richmond",14,19,85,77,0,195,442
59025,"Richmond Centre/Richmond-Centre"," 97","Richmond",6,18,87,91,2,204,286
59025,"Richmond Centre/Richmond-Centre"," 98","Richmond",0,9,71,46,0,126,323
59025,"Richmond Centre/Richmond-Centre"," 99","Richmond",1,13,90,72,0,176,435
59025,"Richmond Centre/Richmond-Centre"," 100","Richmond",16,63,140,175,5,399,804
59025,"Richmond Centre/Richmond-Centre"," 101","Richmond",5,23,87,78,4,197,414
59025,"Richmond Centre/Richmond-Centre"," 102","Richmond",7,21,73,79,3,183,410
59025,"Richmond Centre/Richmond-Centre"," 103","Richmond",6,12,26,27,0,71,147
59025,"Richmond Centre/Richmond-Centre"," 104","Richmond",4,10,84,63,2,163,493
59025,"Richmond Centre/Richmond-Centre"," 105","Richmond",5,29,63,62,1,160,387
59025,"Richmond Centre/Richmond-Centre"," 106","Richmond",3,19,87,71,1,181,503
59025,"Richmond Centre/Richmond-Centre"," 107","Richmond",4,23,99,73,1,200,419
59025,"Richmond Centre/Richmond-Centre"," 108","Richmond",11,32,128,85,2,258,570
59025,"Richmond Centre/Richmond-Centre"," 109","Richmond",7,29,67,54,0,157,319
59025,"Richmond Centre/Richmond-Centre"," 110","Richmond",5,21,95,69,1,191,362
59025,"Richmond Centre/Richmond-Centre"," 111","Richmond",5,16,76,93,0,190,477
59025,"Richmond Centre/Richmond-Centre"," 112","Richmond",7,15,53,63,0,138,336
59025,"Richmond Centre/Richmond-Centre"," 113","Richmond",10,19,71,77,0,177,397
59025,"Richmond Centre/Richmond-Centre"," 114","Richmond",13,20,59,78,0,170,313
59025,"Richmond Centre/Richmond-Centre"," 115","Richmond",8,18,98,40,2,166,321
59025,"Richmond Centre/Richmond-Centre"," 116","Richmond",6,19,114,81,3,223,485
59025,"Richmond Centre/Richmond-Centre"," 117","Richmond",6,34,141,119,6,306,575
59025,"Richmond Centre/Richmond-Centre"," 118","Richmond",12,32,138,103,1,286,677
59025,"Richmond Centre/Richmond-Centre"," 119","Richmond",18,41,110,138,1,308,574
59025,"Richmond Centre/Richmond-Centre"," 120","Richmond",8,25,44,61,0,138,328
59025,"Richmond Centre/Richmond-Centre"," 121","Richmond",9,45,81,94,0,229,453
59025,"Richmond Centre/Richmond-Centre"," 122","Richmond",6,25,103,78,0,212,430
59025,"Richmond Centre/Richmond-Centre"," 123","Richmond",5,12,85,60,1,163,342
59025,"Richmond Centre/Richmond-Centre"," 124","Richmond",2,34,111,73,3,223,478
59025,"Richmond Centre/Richmond-Centre"," 125","Richmond",2,11,70,50,3,136,338
59025,"Richmond Centre/Richmond-Centre"," 126","Richmond",3,20,102,74,2,201,391
59025,"Richmond Centre/Richmond-Centre"," 127","Richmond",1,34,40,68,1,144,323
59025,"Richmond Centre/Richmond-Centre"," 128","Richmond",4,7,109,75,0,195,400
59025,"Richmond Centre/Richmond-Centre"," 129","Richmond",4,27,99,101,0,231,481
59025,"Richmond Centre/Richmond-Centre"," 130","Richmond",3,9,93,73,1,179,437
59025,"Richmond Centre/Richmond-Centre"," 131","Richmond",3,12,103,77,0,195,553
59025,"Richmond Centre/Richmond-Centre"," 132","Richmond",5,6,60,47,0,118,374
59025,"Richmond Centre/Richmond-Centre"," 133","Richmond",6,14,117,63,2,202,574
59025,"Richmond Centre/Richmond-Centre"," 134","Richmond",6,15,71,63,0,155,417
59025,"Richmond Centre/Richmond-Centre"," 135","Richmond",8,29,81,105,2,225,543
59025,"Richmond Centre/Richmond-Centre"," 136","Richmond",2,13,90,68,1,174,453
59025,"Richmond Centre/Richmond-Centre"," 137","Richmond",3,6,60,66,1,136,329
59025,"Richmond Centre/Richmond-Centre"," 138","Richmond",1,9,66,50,0,126,343
59025,"Richmond Centre/Richmond-Centre"," 139","Richmond",4,22,103,89,0,218,472
59025,"Richmond Centre/Richmond-Centre"," 140","Richmond",3,21,99,103,1,227,446
59025,"Richmond Centre/Richmond-Centre"," 141","Richmond",3,15,64,70,1,153,282
59025,"Richmond Centre/Richmond-Centre"," 142","Richmond",4,19,94,62,1,180,408
59025,"Richmond Centre/Richmond-Centre"," 143","Richmond",7,33,106,100,1,247,572
59025,"Richmond Centre/Richmond-Centre"," 144","Richmond",7,12,79,68,0,166,366
59025,"Richmond Centre/Richmond-Centre"," 145","Richmond",4,28,121,126,1,280,535
59025,"Richmond Centre/Richmond-Centre"," 146","Richmond",4,34,91,66,1,196,472
59025,"Richmond Centre/Richmond-Centre"," 147","Richmond",1,14,118,75,1,209,386
59025,"Richmond Centre/Richmond-Centre"," 148","Richmond",3,10,86,55,2,156,306
59025,"Richmond Centre/Richmond-Centre"," 149","Richmond",6,32,99,94,1,232,440
59025,"Richmond Centre/Richmond-Centre"," 150","Richmond",2,27,129,116,0,274,488
59025,"Richmond Centre/Richmond-Centre"," 151","Richmond",5,25,89,63,0,182,309
59025,"Richmond Centre/Richmond-Centre"," 152","Richmond",11,28,90,67,2,198,326
59025,"Richmond Centre/Richmond-Centre"," 153","Richmond",8,34,125,107,0,274,497
59025,"Richmond Centre/Richmond-Centre"," 154","Richmond",5,17,102,92,0,216,441
59025,"Richmond Centre/Richmond-Centre"," 155","Richmond",6,16,105,100,1,228,491
59025,"Richmond Centre/Richmond-Centre"," 156","Richmond",11,30,119,126,0,286,582
59025,"Richmond Centre/Richmond-Centre"," 157","Richmond",7,12,116,108,4,247,486
59025,"Richmond Centre/Richmond-Centre"," 158","Richmond",4,28,105,62,0,199,400
59025,"Richmond Centre/Richmond-Centre"," 159","Richmond",6,26,59,79,0,170,310
59025,"Richmond Centre/Richmond-Centre"," 400","Richmond",Merged with No./Fusionné avec le n°402,,,,,,44
59025,"Richmond Centre/Richmond-Centre"," 401","Richmond",Merged with No./Fusionné avec le n°402,,,,,,42
59025,"Richmond Centre/Richmond-Centre"," 402","Richmond",1,2,45,20,0,68,69
59025,"Richmond Centre/Richmond-Centre"," 403","Richmond",Merged with No./Fusionné avec le n°63,,,,,,47
59025,"Richmond Centre/Richmond-Centre"," 404","Richmond",Merged with No./Fusionné avec le n°68,,,,,,113
59025,"Richmond Centre/Richmond-Centre"," 405","Richmond",Merged with No./Fusionné avec le n°68,,,,,,104
59025,"Richmond Centre/Richmond-Centre"," 406","Richmond",Void/Supprimé,,,,,,
59025,"Richmond Centre/Richmond-Centre"," 407","Richmond",Merged with No./Fusionné avec le n°97,,,,,,49
59025,"Richmond Centre/Richmond-Centre"," 408","Richmond",Merged with No./Fusionné avec le n°97,,,,,,105
59025,"Richmond Centre/Richmond-Centre"," 409","Richmond",Merged with No./Fusionné avec le n°413,,,,,,120
59025,"Richmond Centre/Richmond-Centre"," 410","Richmond",Merged with No./Fusionné avec le n°103,,,,,,59
59025,"Richmond Centre/Richmond-Centre"," 411","Richmond",Void/Supprimé,,,,,,
59025,"Richmond Centre/Richmond-Centre"," 412","Richmond",Merged with No./Fusionné avec le n°413,,,,,,81
59025,"Richmond Centre/Richmond-Centre"," 413","Richmond",3,11,62,86,1,163,257
59025,"Richmond Centre/Richmond-Centre"," 500","Mobile poll/Bureau itinérant",1,10,69,32,0,112,420
59025,"Richmond Centre/Richmond-Centre"," 501","Mobile poll/Bureau itinérant",3,16,66,26,2,113,197
59025,"Richmond Centre/Richmond-Centre"," 502","Mobile poll/Bureau itinérant",8,14,59,40,3,124,286
59025,"Richmond Centre/Richmond-Centre"," 600","Richmond",18,46,269,273,1,607,
59025,"Richmond Centre/Richmond-Centre"," 601","Richmond",26,93,436,364,4,923,
59025,"Richmond Centre/Richmond-Centre"," 602","Richmond",13,60,346,254,4,677,
59025,"Richmond Centre/Richmond-Centre"," 603","Richmond",23,72,318,212,3,628,
59025,"Richmond Centre/Richmond-Centre"," 604","Richmond",16,63,283,245,1,608,
59025,"Richmond Centre/Richmond-Centre"," 605","Richmond",12,69,296,175,1,553,
59025,"Richmond Centre/Richmond-Centre"," 606","Richmond",15,72,331,211,3,632,
59025,"Richmond Centre/Richmond-Centre"," 607","Richmond",8,81,256,204,0,549,
59025,"Richmond Centre/Richmond-Centre"," 608","Richmond",9,86,267,236,2,600,
59025,"Richmond Centre/Richmond-Centre"," 609","Richmond",9,75,330,226,1,641,
59025,"Richmond Centre/Richmond-Centre"," 610","Richmond",15,59,292,211,3,580,
59025,"Richmond Centre/Richmond-Centre",,"Group 1/Groupe 1",6,9,19,38,2,74,65
59025,"Richmond Centre/Richmond-Centre",,"Group 2/Groupe 2",31,182,490,509,43,1255,
