﻿Electoral District Number/Numéro de circonscription,Electoral District Name/Nom de circonscription,Polling Station Number/Numéro du bureau de scrutin,Polling Station Name/Nom du bureau de scrutin,Shaun Chen,Aasia Khatoon,Eleni MacDonald,Ravinder Malhi,Raphael Rosch,Rathika Sitsabaiesan,Rejected Ballots/Bulletins rejetés,Total Votes/Total des votes,Electors/Électeurs
35096,"Scarborough North/Scarborough-Nord"," 1","Scarborough",61,1,5,26,1,93,0,187,448
35096,"Scarborough North/Scarborough-Nord"," 2","Scarborough",68,0,3,21,1,61,0,154,352
35096,"Scarborough North/Scarborough-Nord"," 3","Scarborough",80,0,0,33,1,100,1,215,528
35096,"Scarborough North/Scarborough-Nord"," 4","Scarborough",101,0,1,23,0,74,1,200,450
35096,"Scarborough North/Scarborough-Nord"," 5","Scarborough",67,1,3,36,0,38,0,145,346
35096,"Scarborough North/Scarborough-Nord"," 6","Scarborough",98,0,1,40,0,97,1,237,567
35096,"Scarborough North/Scarborough-Nord"," 7","Scarborough",98,1,3,42,0,122,2,268,582
35096,"Scarborough North/Scarborough-Nord"," 8","Scarborough",119,0,2,41,1,122,0,285,575
35096,"Scarborough North/Scarborough-Nord"," 9","Scarborough",90,0,5,20,0,82,0,197,560
35096,"Scarborough North/Scarborough-Nord"," 10","Scarborough",87,1,2,40,0,13,5,148,462
35096,"Scarborough North/Scarborough-Nord"," 11","Scarborough",63,0,3,76,2,21,4,169,340
35096,"Scarborough North/Scarborough-Nord"," 12","Scarborough",103,0,1,39,0,16,1,160,326
35096,"Scarborough North/Scarborough-Nord"," 13","Scarborough",74,1,4,58,1,33,1,172,381
35096,"Scarborough North/Scarborough-Nord"," 14","Scarborough",73,0,0,65,2,44,2,186,370
35096,"Scarborough North/Scarborough-Nord"," 15","Scarborough",61,0,1,41,0,29,2,134,298
35096,"Scarborough North/Scarborough-Nord"," 16","Scarborough",84,1,3,47,1,25,1,162,406
35096,"Scarborough North/Scarborough-Nord"," 17","Scarborough",94,0,0,41,0,32,4,171,440
35096,"Scarborough North/Scarborough-Nord"," 18","Scarborough",91,0,3,49,0,54,1,198,461
35096,"Scarborough North/Scarborough-Nord"," 19","Scarborough",45,0,1,26,0,32,1,105,279
35096,"Scarborough North/Scarborough-Nord"," 20","Scarborough",60,1,3,50,1,23,0,138,320
35096,"Scarborough North/Scarborough-Nord"," 21","Scarborough",121,0,6,62,0,36,2,227,556
35096,"Scarborough North/Scarborough-Nord"," 22","Scarborough",63,0,7,70,0,17,0,157,319
35096,"Scarborough North/Scarborough-Nord"," 23","Scarborough",92,2,3,81,0,28,0,206,421
35096,"Scarborough North/Scarborough-Nord"," 24","Scarborough",126,0,3,73,2,42,0,246,453
35096,"Scarborough North/Scarborough-Nord"," 25","Scarborough",81,0,5,40,2,25,0,153,384
35096,"Scarborough North/Scarborough-Nord"," 26","Scarborough",82,0,1,48,1,24,2,158,331
35096,"Scarborough North/Scarborough-Nord"," 27","Scarborough",80,2,1,71,1,27,1,183,464
35096,"Scarborough North/Scarborough-Nord"," 28","Scarborough",53,0,10,52,0,8,0,123,307
35096,"Scarborough North/Scarborough-Nord"," 29","Scarborough",102,0,1,32,1,18,0,154,376
35096,"Scarborough North/Scarborough-Nord"," 30","Scarborough",94,3,5,53,1,14,0,170,431
35096,"Scarborough North/Scarborough-Nord"," 31","Scarborough",91,0,2,57,3,17,0,170,406
35096,"Scarborough North/Scarborough-Nord"," 32","Scarborough",69,0,0,59,3,18,0,149,430
35096,"Scarborough North/Scarborough-Nord"," 33","Scarborough",68,1,3,82,0,20,2,176,451
35096,"Scarborough North/Scarborough-Nord"," 34","Scarborough",68,2,0,75,0,17,2,164,353
35096,"Scarborough North/Scarborough-Nord"," 35","Scarborough",63,0,3,49,0,7,1,123,296
35096,"Scarborough North/Scarborough-Nord"," 36","Scarborough",92,1,5,89,1,19,1,208,374
35096,"Scarborough North/Scarborough-Nord"," 37","Scarborough",94,0,1,47,0,24,1,167,362
35096,"Scarborough North/Scarborough-Nord"," 38","Scarborough",57,0,4,54,5,9,1,130,342
35096,"Scarborough North/Scarborough-Nord"," 39","Scarborough",71,2,3,47,0,19,0,142,371
35096,"Scarborough North/Scarborough-Nord"," 40","Scarborough",55,0,5,73,1,22,1,157,372
35096,"Scarborough North/Scarborough-Nord"," 41","Scarborough",81,0,2,55,0,23,0,161,404
35096,"Scarborough North/Scarborough-Nord"," 42","Scarborough",62,0,4,44,1,19,1,131,366
35096,"Scarborough North/Scarborough-Nord"," 43","Scarborough",78,0,5,40,1,20,0,144,410
35096,"Scarborough North/Scarborough-Nord"," 44","Scarborough",75,0,3,74,2,37,1,192,434
35096,"Scarborough North/Scarborough-Nord"," 45","Scarborough",96,2,4,57,3,36,3,201,467
35096,"Scarborough North/Scarborough-Nord"," 46","Scarborough",56,1,1,48,0,10,1,117,356
35096,"Scarborough North/Scarborough-Nord"," 47","Scarborough",74,3,1,57,0,19,4,158,362
35096,"Scarborough North/Scarborough-Nord"," 48","Scarborough",59,1,4,44,1,22,3,134,269
35096,"Scarborough North/Scarborough-Nord"," 49","Scarborough",90,1,3,84,0,37,2,217,544
35096,"Scarborough North/Scarborough-Nord"," 50","Scarborough",91,2,1,53,0,26,2,175,340
35096,"Scarborough North/Scarborough-Nord"," 51","Scarborough",65,2,5,45,2,22,0,141,318
35096,"Scarborough North/Scarborough-Nord"," 52","Scarborough",72,1,3,43,0,24,0,143,333
35096,"Scarborough North/Scarborough-Nord"," 53","Scarborough",71,1,0,41,1,21,3,138,295
35096,"Scarborough North/Scarborough-Nord"," 54","Scarborough",76,0,4,50,0,21,1,152,401
35096,"Scarborough North/Scarborough-Nord"," 55","Scarborough",80,0,0,62,1,34,1,178,455
35096,"Scarborough North/Scarborough-Nord"," 56","Scarborough",88,0,3,74,3,44,1,213,432
35096,"Scarborough North/Scarborough-Nord"," 57","Scarborough",84,0,3,51,1,42,2,183,432
35096,"Scarborough North/Scarborough-Nord"," 58","Scarborough",76,0,3,41,0,57,0,177,385
35096,"Scarborough North/Scarborough-Nord"," 59","Scarborough",86,1,2,31,0,50,0,170,346
35096,"Scarborough North/Scarborough-Nord"," 60","Scarborough",63,1,1,41,0,58,1,165,367
35096,"Scarborough North/Scarborough-Nord"," 61","Scarborough",111,2,2,55,2,69,4,245,468
35096,"Scarborough North/Scarborough-Nord"," 62","Scarborough",98,0,1,58,0,32,0,189,440
35096,"Scarborough North/Scarborough-Nord"," 63","Scarborough",80,1,1,45,0,51,1,179,381
35096,"Scarborough North/Scarborough-Nord"," 64","Scarborough",65,1,1,42,2,35,0,146,271
35096,"Scarborough North/Scarborough-Nord"," 65","Scarborough",68,0,2,44,2,38,1,155,406
35096,"Scarborough North/Scarborough-Nord"," 66","Scarborough",51,1,1,30,0,69,2,154,358
35096,"Scarborough North/Scarborough-Nord"," 67","Scarborough",57,0,1,17,1,66,2,144,331
35096,"Scarborough North/Scarborough-Nord"," 68","Scarborough",50,0,2,49,0,41,0,142,354
35096,"Scarborough North/Scarborough-Nord"," 69","Scarborough",Merged with No./Fusionné avec le n°68,,,,,,,,64
35096,"Scarborough North/Scarborough-Nord"," 70","Scarborough",Void/Supprimé,,,,,,,,
35096,"Scarborough North/Scarborough-Nord"," 71","Scarborough",73,0,1,62,1,29,0,166,401
35096,"Scarborough North/Scarborough-Nord"," 72","Scarborough",87,0,3,50,1,37,1,179,528
35096,"Scarborough North/Scarborough-Nord"," 73","Scarborough",81,2,5,27,2,21,0,138,325
35096,"Scarborough North/Scarborough-Nord"," 74","Scarborough",79,2,6,52,0,14,0,153,389
35096,"Scarborough North/Scarborough-Nord"," 75","Scarborough",84,0,2,32,0,9,0,127,430
35096,"Scarborough North/Scarborough-Nord"," 76","Scarborough",98,0,1,53,2,39,2,195,349
35096,"Scarborough North/Scarborough-Nord"," 77","Scarborough",146,1,3,56,0,63,2,271,544
35096,"Scarborough North/Scarborough-Nord"," 78","Scarborough",115,0,1,42,1,62,0,221,420
35096,"Scarborough North/Scarborough-Nord"," 79","Scarborough",92,0,4,41,0,52,1,190,349
35096,"Scarborough North/Scarborough-Nord"," 80","Scarborough",178,10,4,43,1,75,0,311,532
35096,"Scarborough North/Scarborough-Nord"," 81","Scarborough",114,1,0,44,0,51,0,210,435
35096,"Scarborough North/Scarborough-Nord"," 82","Scarborough",68,0,1,25,0,82,0,176,485
35096,"Scarborough North/Scarborough-Nord"," 83","Scarborough",76,1,2,3,1,54,2,139,328
35096,"Scarborough North/Scarborough-Nord"," 84","Scarborough",89,1,1,45,2,95,2,235,507
35096,"Scarborough North/Scarborough-Nord"," 85","Scarborough",87,2,2,31,1,58,0,181,360
35096,"Scarborough North/Scarborough-Nord"," 86","Scarborough",145,2,6,47,0,86,1,287,558
35096,"Scarborough North/Scarborough-Nord"," 87","Scarborough",162,3,2,52,1,82,0,302,533
35096,"Scarborough North/Scarborough-Nord"," 88","Scarborough",84,2,0,21,0,34,0,141,334
35096,"Scarborough North/Scarborough-Nord"," 89","Scarborough",109,1,0,53,0,61,0,224,459
35096,"Scarborough North/Scarborough-Nord"," 90","Scarborough",131,3,0,49,1,52,0,236,511
35096,"Scarborough North/Scarborough-Nord"," 91","Scarborough",123,1,2,38,0,56,1,221,495
35096,"Scarborough North/Scarborough-Nord"," 92","Scarborough",127,0,4,46,1,78,0,256,523
35096,"Scarborough North/Scarborough-Nord"," 93","Scarborough",114,0,2,37,1,65,1,220,418
35096,"Scarborough North/Scarborough-Nord"," 94","Scarborough",162,0,3,20,0,35,1,221,475
35096,"Scarborough North/Scarborough-Nord"," 95","Scarborough",106,2,1,8,0,34,3,154,343
35096,"Scarborough North/Scarborough-Nord"," 96","Scarborough",129,2,1,26,0,58,0,216,377
35096,"Scarborough North/Scarborough-Nord"," 97","Scarborough",112,1,2,21,0,55,1,192,407
35096,"Scarborough North/Scarborough-Nord"," 98","Scarborough",94,0,3,38,0,53,0,188,438
35096,"Scarborough North/Scarborough-Nord"," 99","Scarborough",115,0,2,39,3,39,0,198,376
35096,"Scarborough North/Scarborough-Nord"," 100","Scarborough",83,0,2,44,0,53,1,183,361
35096,"Scarborough North/Scarborough-Nord"," 101","Scarborough",104,0,2,51,0,41,3,201,438
35096,"Scarborough North/Scarborough-Nord"," 102","Scarborough",110,2,6,36,0,33,0,187,381
35096,"Scarborough North/Scarborough-Nord"," 103","Scarborough",49,0,0,39,0,22,0,110,314
35096,"Scarborough North/Scarborough-Nord"," 104","Scarborough",96,0,2,34,1,62,3,198,528
35096,"Scarborough North/Scarborough-Nord"," 105","Scarborough",57,2,2,25,0,21,1,108,311
35096,"Scarborough North/Scarborough-Nord"," 106","Scarborough",58,0,0,52,1,26,0,137,353
35096,"Scarborough North/Scarborough-Nord"," 107","Scarborough",61,0,2,33,0,35,0,131,365
35096,"Scarborough North/Scarborough-Nord"," 108","Scarborough",92,1,3,42,2,43,0,183,392
35096,"Scarborough North/Scarborough-Nord"," 109","Scarborough",104,1,1,20,1,69,0,196,514
35096,"Scarborough North/Scarborough-Nord"," 110","Scarborough",125,0,2,59,1,48,1,236,444
35096,"Scarborough North/Scarborough-Nord"," 111","Scarborough",75,0,3,41,2,54,0,175,334
35096,"Scarborough North/Scarborough-Nord"," 112","Scarborough",109,0,2,72,0,31,2,216,495
35096,"Scarborough North/Scarborough-Nord"," 113","Scarborough",103,0,3,83,2,29,0,220,406
35096,"Scarborough North/Scarborough-Nord"," 114","Scarborough",114,1,0,28,1,38,0,182,356
35096,"Scarborough North/Scarborough-Nord"," 115","Scarborough",70,0,2,53,0,47,0,172,348
35096,"Scarborough North/Scarborough-Nord"," 116","Scarborough",119,2,4,69,0,45,0,239,451
35096,"Scarborough North/Scarborough-Nord"," 117","Scarborough",68,0,4,24,0,44,0,140,421
35096,"Scarborough North/Scarborough-Nord"," 118","Scarborough",76,0,3,46,1,26,0,152,363
35096,"Scarborough North/Scarborough-Nord"," 119","Scarborough",83,0,4,53,1,11,1,153,359
35096,"Scarborough North/Scarborough-Nord"," 120","Scarborough",126,0,1,45,1,32,0,205,477
35096,"Scarborough North/Scarborough-Nord"," 121","Scarborough",83,0,2,44,2,19,0,150,361
35096,"Scarborough North/Scarborough-Nord"," 122","Scarborough",45,1,1,75,0,22,2,146,522
35096,"Scarborough North/Scarborough-Nord"," 123","Scarborough",83,1,3,49,1,22,0,159,538
35096,"Scarborough North/Scarborough-Nord"," 124","Scarborough",84,0,7,56,1,13,0,161,392
35096,"Scarborough North/Scarborough-Nord"," 125","Scarborough",80,2,3,41,0,32,1,159,386
35096,"Scarborough North/Scarborough-Nord"," 126","Scarborough",102,1,1,58,0,16,1,179,456
35096,"Scarborough North/Scarborough-Nord"," 127","Scarborough",82,0,3,54,1,21,0,161,406
35096,"Scarborough North/Scarborough-Nord"," 128","Scarborough",72,0,6,45,0,37,1,161,388
35096,"Scarborough North/Scarborough-Nord"," 129","Scarborough",113,0,3,45,1,20,0,182,422
35096,"Scarborough North/Scarborough-Nord"," 130","Scarborough",89,0,4,65,0,13,0,171,370
35096,"Scarborough North/Scarborough-Nord"," 131","Scarborough",51,0,2,57,1,11,1,123,365
35096,"Scarborough North/Scarborough-Nord"," 132","Scarborough",72,1,4,58,2,12,0,149,363
35096,"Scarborough North/Scarborough-Nord"," 133","Scarborough",91,0,4,55,2,31,4,187,403
35096,"Scarborough North/Scarborough-Nord"," 134","Scarborough",77,0,9,72,2,38,3,201,383
35096,"Scarborough North/Scarborough-Nord"," 135","Scarborough",117,2,1,76,2,29,1,228,494
35096,"Scarborough North/Scarborough-Nord"," 136","Scarborough",90,0,5,73,1,25,1,195,430
35096,"Scarborough North/Scarborough-Nord"," 137","Scarborough",117,1,4,71,0,30,0,223,493
35096,"Scarborough North/Scarborough-Nord"," 138","Scarborough",127,0,3,75,0,28,2,235,465
35096,"Scarborough North/Scarborough-Nord"," 139","Scarborough",130,0,8,50,0,11,2,201,414
35096,"Scarborough North/Scarborough-Nord"," 140","Scarborough",92,2,5,96,1,9,1,206,450
35096,"Scarborough North/Scarborough-Nord"," 141","Scarborough",82,0,3,74,0,10,1,170,444
35096,"Scarborough North/Scarborough-Nord"," 142","Scarborough",120,1,3,70,2,18,4,218,538
35096,"Scarborough North/Scarborough-Nord"," 143","Scarborough",93,0,2,48,0,19,1,163,398
35096,"Scarborough North/Scarborough-Nord"," 144","Scarborough",124,0,1,63,1,20,0,209,461
35096,"Scarborough North/Scarborough-Nord"," 400","Scarborough",72,1,4,101,2,24,1,205,405
35096,"Scarborough North/Scarborough-Nord"," 401","Scarborough",72,2,5,87,1,44,1,212,426
35096,"Scarborough North/Scarborough-Nord"," 402","Scarborough",113,0,2,56,1,81,4,257,482
35096,"Scarborough North/Scarborough-Nord"," 403","Scarborough",113,2,9,118,3,33,0,278,503
35096,"Scarborough North/Scarborough-Nord"," 404","Scarborough",125,1,1,92,1,30,0,250,487
35096,"Scarborough North/Scarborough-Nord"," 405","Scarborough",93,2,4,101,2,39,5,246,461
35096,"Scarborough North/Scarborough-Nord"," 406","Scarborough",124,1,1,53,1,62,4,246,399
35096,"Scarborough North/Scarborough-Nord"," 407","Scarborough",104,1,4,100,1,45,2,257,427
35096,"Scarborough North/Scarborough-Nord"," 408","Scarborough",76,3,2,10,1,105,0,197,409
35096,"Scarborough North/Scarborough-Nord"," 409","Scarborough",161,2,1,99,0,49,1,313,543
35096,"Scarborough North/Scarborough-Nord"," 410","Scarborough",93,2,1,29,1,96,1,223,375
35096,"Scarborough North/Scarborough-Nord"," 411","Scarborough",103,2,5,27,0,50,1,188,363
35096,"Scarborough North/Scarborough-Nord"," 412","Scarborough",61,2,2,78,1,26,0,170,341
35096,"Scarborough North/Scarborough-Nord"," 413","Scarborough",76,0,7,140,2,41,0,266,503
35096,"Scarborough North/Scarborough-Nord"," 500","Mobile poll/Bureau itinérant",103,4,5,122,3,6,1,244,345
35096,"Scarborough North/Scarborough-Nord"," 501","Mobile poll/Bureau itinérant",62,0,5,82,2,16,4,171,414
35096,"Scarborough North/Scarborough-Nord"," 502","Mobile poll/Bureau itinérant",48,9,11,77,2,1,0,148,264
35096,"Scarborough North/Scarborough-Nord"," 600","Scarborough",429,2,13,230,9,516,7,1206,
35096,"Scarborough North/Scarborough-Nord"," 601","Scarborough",463,0,8,198,3,208,3,883,
35096,"Scarborough North/Scarborough-Nord"," 602","Scarborough",374,1,5,189,1,99,3,672,
35096,"Scarborough North/Scarborough-Nord"," 603","Scarborough",343,0,15,275,3,77,4,717,
35096,"Scarborough North/Scarborough-Nord"," 604","Scarborough",302,1,10,153,0,157,6,629,
35096,"Scarborough North/Scarborough-Nord"," 605","Scarborough",471,2,17,266,2,114,6,878,
35096,"Scarborough North/Scarborough-Nord"," 606","Scarborough",397,2,12,239,3,216,2,871,
35096,"Scarborough North/Scarborough-Nord"," 607","Scarborough",475,6,8,114,1,392,1,997,
35096,"Scarborough North/Scarborough-Nord"," 608","Scarborough",377,1,12,176,1,218,3,788,
35096,"Scarborough North/Scarborough-Nord"," 609","Scarborough",386,3,14,206,2,109,4,724,
35096,"Scarborough North/Scarborough-Nord",,"Group 1/Groupe 1",27,0,1,12,0,7,7,54,43
35096,"Scarborough North/Scarborough-Nord",,"Group 2/Groupe 2",641,5,21,384,7,397,12,1467,
