﻿Electoral District Number/Numéro de circonscription,Electoral District Name/Nom de circonscription,Polling Station Number/Numéro du bureau de scrutin,Polling Station Name/Nom du bureau de scrutin,Scott Andrews,Jeannie Baldwin,Lorraine E. Barnett,Krista Byrne-Puumala,Jennifer McCreath,Ken McDonald,Rejected Ballots/Bulletins rejetés,Total Votes/Total des votes,Electors/Électeurs
10001,"Avalon/Avalon"," 1","Freshwater",39,9,4,0,0,55,0,107,133
10001,"Avalon/Avalon"," 2","Salmon Cove--Perry's Cove",Void/Supprimé,,,,,,,,
10001,"Avalon/Avalon"," 3","Victoria",71,16,17,1,1,86,1,193,337
10001,"Avalon/Avalon"," 4","Victoria",59,29,38,1,0,87,4,218,444
10001,"Avalon/Avalon"," 5","Victoria",61,22,14,0,1,85,0,183,459
10001,"Avalon/Avalon"," 6","Victoria",59,9,13,0,0,45,0,126,269
10001,"Avalon/Avalon"," 7","Carbonear",45,31,11,0,0,74,2,163,343
10001,"Avalon/Avalon"," 8","Carbonear",43,31,17,0,0,97,0,188,426
10001,"Avalon/Avalon"," 9","Carbonear",55,18,13,1,0,103,0,190,381
10001,"Avalon/Avalon"," 10","Carbonear",48,15,15,0,0,78,3,159,365
10001,"Avalon/Avalon"," 11","Carbonear",33,9,18,0,0,84,1,145,306
10001,"Avalon/Avalon"," 12","Carbonear",43,20,16,0,0,120,0,199,421
10001,"Avalon/Avalon"," 13","Harbour Grace--Bristol's Hope",54,25,33,0,0,128,0,240,481
10001,"Avalon/Avalon"," 14","Harbour Grace",44,15,16,2,0,99,1,177,417
10001,"Avalon/Avalon"," 15","Harbour Grace",40,14,6,0,0,50,0,110,210
10001,"Avalon/Avalon"," 16","Carbonear",49,8,19,0,1,83,0,160,339
10001,"Avalon/Avalon"," 17","Carbonear",43,14,18,0,0,73,0,148,366
10001,"Avalon/Avalon"," 18","Carbonear",28,11,11,0,0,96,0,146,299
10001,"Avalon/Avalon"," 19","Carbonear",27,17,19,0,0,86,0,149,320
10001,"Avalon/Avalon"," 20","Carbonear",25,17,12,0,1,99,1,155,373
10001,"Avalon/Avalon"," 21","Bryant's Cove",15,12,8,0,0,133,0,168,280
10001,"Avalon/Avalon"," 22","Upper Island Cove",63,12,13,0,0,142,0,230,489
10001,"Avalon/Avalon"," 23","Upper Island Cove",35,12,10,0,0,75,3,135,289
10001,"Avalon/Avalon"," 24","Upper Island Cove",30,9,7,1,0,70,0,117,234
10001,"Avalon/Avalon"," 25","Upper Island Cove",47,23,11,2,0,101,0,184,351
10001,"Avalon/Avalon"," 26","Harbour Grace South",29,13,9,1,0,62,1,115,205
10001,"Avalon/Avalon"," 27","Harbour Grace South",32,10,17,1,0,70,1,131,288
10001,"Avalon/Avalon"," 28","Riverhead--Harbour Grace",19,22,9,1,0,42,0,93,246
10001,"Avalon/Avalon"," 29","Harbour Grace",27,14,18,3,2,84,1,149,377
10001,"Avalon/Avalon"," 30","Harbour Grace",65,13,27,1,1,81,1,189,378
10001,"Avalon/Avalon"," 31","Harbour Grace",47,17,7,0,0,68,0,139,303
10001,"Avalon/Avalon"," 32","Spaniard's Bay",46,16,11,0,0,69,5,147,382
10001,"Avalon/Avalon"," 33","Spaniard's Bay",55,18,20,0,0,121,1,215,301
10001,"Avalon/Avalon"," 34A","Spaniard's Bay",45,24,15,2,0,110,2,198,404
10001,"Avalon/Avalon"," 34B","Spaniard's Bay",Merged with No./Fusionné avec le n°33,,,,,,,,126
10001,"Avalon/Avalon"," 35","Spaniard's Bay",34,10,12,1,0,135,1,193,397
10001,"Avalon/Avalon"," 36","Tilton",37,20,6,1,0,104,1,169,309
10001,"Avalon/Avalon"," 37","Spaniard's Bay",19,9,16,0,0,53,0,97,267
10001,"Avalon/Avalon"," 38","Bay Roberts",47,28,37,4,0,135,1,252,550
10001,"Avalon/Avalon"," 39","Bay Roberts",45,21,33,0,0,129,3,231,503
10001,"Avalon/Avalon"," 40","Bay Roberts",49,17,39,0,0,147,3,255,510
10001,"Avalon/Avalon"," 41","Bay Roberts",46,17,35,2,0,143,2,245,477
10001,"Avalon/Avalon"," 42","Blow Me Down--Port de Grave",20,5,29,0,0,41,0,95,150
10001,"Avalon/Avalon"," 43","Port de Grave",31,2,31,0,0,54,0,118,230
10001,"Avalon/Avalon"," 44","Cupids",53,15,3,1,0,54,0,126,238
10001,"Avalon/Avalon"," 45","Cupids",49,20,28,0,1,114,0,212,313
10001,"Avalon/Avalon"," 46","Conception Bay South",52,50,24,2,1,121,1,251,472
10001,"Avalon/Avalon"," 47A","Conception Bay South",43,31,25,1,0,146,0,246,478
10001,"Avalon/Avalon"," 47B","Conception Bay South",38,36,34,2,0,139,2,251,476
10001,"Avalon/Avalon"," 48","Conception Bay South",47,39,35,0,1,182,0,304,549
10001,"Avalon/Avalon"," 49","Conception Bay South",36,49,16,0,1,148,0,250,437
10001,"Avalon/Avalon"," 50","Conception Bay South",32,30,11,0,0,108,1,182,391
10001,"Avalon/Avalon"," 51","Conception Bay South",26,44,7,1,0,181,1,260,527
10001,"Avalon/Avalon"," 52","Conception Bay South",25,36,24,1,0,141,0,227,436
10001,"Avalon/Avalon"," 53A","Conception Bay South",19,14,12,1,0,102,0,148,284
10001,"Avalon/Avalon"," 53B","Conception Bay South",22,22,11,0,0,73,0,128,274
10001,"Avalon/Avalon"," 54A","Conception Bay South",35,34,12,2,0,116,0,199,430
10001,"Avalon/Avalon"," 54B","Conception Bay South",25,47,16,2,0,131,2,223,454
10001,"Avalon/Avalon"," 55","Conception Bay South",36,41,8,1,0,112,2,200,439
10001,"Avalon/Avalon"," 56","Conception Bay South",22,26,9,1,0,90,0,148,334
10001,"Avalon/Avalon"," 57","Conception Bay South",24,37,26,1,0,117,3,208,444
10001,"Avalon/Avalon"," 58","Conception Bay South",39,35,27,3,1,132,0,237,458
10001,"Avalon/Avalon"," 59","Conception Bay South",46,49,23,1,2,153,0,274,519
10001,"Avalon/Avalon"," 60","Conception Bay South",53,41,24,2,1,143,1,265,541
10001,"Avalon/Avalon"," 61","Conception Bay South",49,32,13,1,1,134,0,230,445
10001,"Avalon/Avalon"," 62A","Conception Bay South",20,28,7,0,0,79,1,135,294
10001,"Avalon/Avalon"," 62B","Conception Bay South",25,24,5,2,0,88,0,144,277
10001,"Avalon/Avalon"," 63","Conception Bay South",65,12,38,1,0,152,0,268,517
10001,"Avalon/Avalon"," 64","Conception Bay South",46,37,21,2,0,124,0,230,470
10001,"Avalon/Avalon"," 65","Conception Bay South",27,53,20,0,0,129,0,229,477
10001,"Avalon/Avalon"," 66","Conception Bay South",41,22,19,2,1,123,1,209,405
10001,"Avalon/Avalon"," 67","Conception Bay South",35,46,17,1,0,122,0,221,494
10001,"Avalon/Avalon"," 68","Conception Bay South",30,72,20,3,0,172,2,299,538
10001,"Avalon/Avalon"," 69","Conception Bay South",27,58,21,4,1,141,1,253,444
10001,"Avalon/Avalon"," 70","Conception Bay South",28,35,15,1,0,136,1,216,408
10001,"Avalon/Avalon"," 71A","Conception Bay South",18,18,21,1,1,94,2,155,302
10001,"Avalon/Avalon"," 71B","Conception Bay South",15,27,9,2,1,100,0,154,313
10001,"Avalon/Avalon"," 72","Conception Bay South",31,42,16,2,0,154,0,245,525
10001,"Avalon/Avalon"," 73","Conception Bay South",32,52,25,0,0,121,2,232,522
10001,"Avalon/Avalon"," 74A","Conception Bay South",16,27,15,2,0,98,0,158,307
10001,"Avalon/Avalon"," 74B","Conception Bay South",20,39,11,0,0,91,0,161,310
10001,"Avalon/Avalon"," 75","Conception Bay South",20,39,31,2,2,169,0,263,464
10001,"Avalon/Avalon"," 76","Conception Bay South",18,41,22,1,0,154,1,237,449
10001,"Avalon/Avalon"," 77","Conception Bay South",20,60,14,1,0,170,3,268,488
10001,"Avalon/Avalon"," 78","Conception Bay South",38,51,31,1,0,162,1,284,512
10001,"Avalon/Avalon"," 79","Conception Bay South",21,25,11,0,0,90,0,147,331
10001,"Avalon/Avalon"," 80","Conception Bay South",11,51,25,3,0,135,0,225,466
10001,"Avalon/Avalon"," 81A","Paradise",12,31,14,0,1,88,0,146,324
10001,"Avalon/Avalon"," 81B","Paradise",9,34,14,0,1,101,0,159,313
10001,"Avalon/Avalon"," 82A","Paradise",15,60,15,2,0,177,0,269,515
10001,"Avalon/Avalon"," 82B","Paradise",Merged with No./Fusionné avec le n°83,,,,,,,,178
10001,"Avalon/Avalon"," 83","Paradise",13,44,22,0,0,139,2,220,318
10001,"Avalon/Avalon"," 84","Paradise",8,40,21,3,0,139,0,211,438
10001,"Avalon/Avalon"," 85A","Paradise",10,30,12,0,0,94,0,146,300
10001,"Avalon/Avalon"," 85B","Paradise",7,32,12,1,0,98,0,150,298
10001,"Avalon/Avalon"," 86A","Paradise",7,26,21,0,0,118,0,172,333
10001,"Avalon/Avalon"," 86B","Paradise",9,20,34,2,0,73,0,138,320
10001,"Avalon/Avalon"," 87A","Paradise",9,24,7,2,0,95,0,137,302
10001,"Avalon/Avalon"," 87B","Paradise",5,26,16,2,0,114,0,163,277
10001,"Avalon/Avalon"," 88","Paradise",11,32,24,0,0,133,0,200,451
10001,"Avalon/Avalon"," 89","Paradise",16,34,19,0,0,159,0,228,461
10001,"Avalon/Avalon"," 90","Paradise",19,57,27,1,0,181,1,286,535
10001,"Avalon/Avalon"," 91","Paradise",15,41,37,1,1,176,0,271,537
10001,"Avalon/Avalon"," 92","Paradise",11,42,16,2,0,141,1,213,368
10001,"Avalon/Avalon"," 93","Paradise",17,37,31,0,0,121,0,206,408
10001,"Avalon/Avalon"," 94","Paradise",14,45,27,0,0,158,0,244,487
10001,"Avalon/Avalon"," 95A","Paradise",21,35,27,0,1,156,0,240,421
10001,"Avalon/Avalon"," 95B","Paradise",25,38,30,1,0,162,0,256,417
10001,"Avalon/Avalon"," 96","Paradise",17,55,22,1,0,167,1,263,509
10001,"Avalon/Avalon"," 97A","Paradise",7,22,23,3,0,123,1,179,328
10001,"Avalon/Avalon"," 97B","Paradise",7,21,33,2,0,121,2,186,332
10001,"Avalon/Avalon"," 98","Paradise",22,35,13,2,0,145,1,218,383
10001,"Avalon/Avalon"," 99","Paradise",21,29,21,0,0,151,0,222,379
10001,"Avalon/Avalon"," 100","Paradise",8,24,13,2,0,124,0,171,360
10001,"Avalon/Avalon"," 101","Conception Bay South",39,35,31,1,0,130,1,237,462
10001,"Avalon/Avalon"," 102","Conception Bay South",23,27,11,2,1,77,1,142,289
10001,"Avalon/Avalon"," 103","Conception Bay South",27,43,15,1,1,109,0,196,353
10001,"Avalon/Avalon"," 104","Conception Bay South",32,33,12,1,0,147,0,225,380
10001,"Avalon/Avalon"," 105A","Conception Bay South",31,33,19,2,0,142,0,227,446
10001,"Avalon/Avalon"," 105B","Conception Bay South",26,41,17,0,0,137,0,221,414
10001,"Avalon/Avalon"," 106","Brigus",60,20,15,1,1,126,1,224,462
10001,"Avalon/Avalon"," 107","Georgetown",34,16,6,0,0,63,0,119,265
10001,"Avalon/Avalon"," 108A","South River",16,18,21,1,1,85,0,142,282
10001,"Avalon/Avalon"," 108B","South River",30,15,21,0,0,61,0,127,289
10001,"Avalon/Avalon"," 109","Bareneed--The Dock--Black Duck",33,12,45,0,0,85,0,175,321
10001,"Avalon/Avalon"," 110","Bay Roberts",84,22,38,2,0,143,2,291,548
10001,"Avalon/Avalon"," 111A","Bay Roberts",27,10,11,0,0,94,0,142,293
10001,"Avalon/Avalon"," 111B","Bay Roberts",43,9,20,0,0,105,0,177,311
10001,"Avalon/Avalon"," 112","North River--Otterbury--Birch Hills",16,6,17,1,0,47,1,88,172
10001,"Avalon/Avalon"," 113","Clarke's Beach",64,31,46,1,0,120,1,263,520
10001,"Avalon/Avalon"," 114","Clarke's Beach",36,18,29,1,0,104,1,189,502
10001,"Avalon/Avalon"," 115","Clarke's Beach",22,24,17,1,0,57,1,122,330
10001,"Avalon/Avalon"," 116","North River",42,29,24,4,1,112,0,212,370
10001,"Avalon/Avalon"," 117","Bay Roberts",102,10,19,3,1,137,1,273,525
10001,"Avalon/Avalon"," 118","Butlerville",57,9,15,1,0,115,3,200,465
10001,"Avalon/Avalon"," 119","Butlerville",36,14,7,0,0,73,1,131,305
10001,"Avalon/Avalon"," 120","Makinsons",70,33,21,0,0,124,0,248,535
10001,"Avalon/Avalon"," 121","Marysvale",33,25,16,1,0,115,0,190,364
10001,"Avalon/Avalon"," 122","Marysvale",31,25,6,0,0,88,0,150,278
10001,"Avalon/Avalon"," 123","Colliers",16,14,14,2,0,65,3,114,176
10001,"Avalon/Avalon"," 124A","Conception Harbour",25,30,20,1,1,86,0,163,267
10001,"Avalon/Avalon"," 124B","Conception Harbour",28,24,20,1,0,60,0,133,147
10001,"Avalon/Avalon"," 125","Conception Harbour",Merged with No./Fusionné avec le n°124B,,,,,,,,125
10001,"Avalon/Avalon"," 126","Harbour Main-Chapel Cove-Lakeview",38,30,38,2,2,106,0,216,376
10001,"Avalon/Avalon"," 127","Harbour Main-Chapel Cove-Lakeview",44,65,46,1,1,107,1,265,407
10001,"Avalon/Avalon"," 128","Holyrood",45,39,24,2,0,155,0,265,496
10001,"Avalon/Avalon"," 129","Holyrood",39,45,22,3,0,164,0,273,507
10001,"Avalon/Avalon"," 130","Holyrood",28,35,24,1,0,151,0,239,429
10001,"Avalon/Avalon"," 131","Holyrood",31,45,42,4,0,94,1,217,419
10001,"Avalon/Avalon"," 132","Avalon",13,24,11,0,1,53,0,102,211
10001,"Avalon/Avalon"," 133","Tors Cove",33,50,35,5,1,123,0,247,409
10001,"Avalon/Avalon"," 134","Bauline East",22,30,5,2,1,99,0,159,168
10001,"Avalon/Avalon"," 135","Cape Broyle",24,14,7,1,0,45,0,91,154
10001,"Avalon/Avalon"," 136","Cape Broyle",66,36,18,1,1,141,0,263,493
10001,"Avalon/Avalon"," 137","Calvert",23,39,11,0,1,54,1,129,216
10001,"Avalon/Avalon"," 138","Ferryland",42,32,15,3,0,126,1,219,397
10001,"Avalon/Avalon"," 139","Fermeuse--Port Kirwan",44,43,17,0,2,94,2,202,360
10001,"Avalon/Avalon"," 140","Riverhead",20,8,17,0,0,65,0,110,144
10001,"Avalon/Avalon"," 141","St. Catherine's",10,15,5,0,0,38,0,68,225
10001,"Avalon/Avalon"," 142","Mount Carmel",38,21,14,2,0,128,0,203,357
10001,"Avalon/Avalon"," 143","Avondale",21,18,13,0,0,61,1,114,232
10001,"Avalon/Avalon"," 144","Harbour Main-Chapel Cove-Lakeview",7,7,20,1,0,45,0,80,139
10001,"Avalon/Avalon"," 145","Avondale",34,25,17,0,1,100,0,177,318
10001,"Avalon/Avalon"," 146","Brigus Junction",9,13,12,0,0,57,0,91,123
10001,"Avalon/Avalon"," 147","Colliers",40,28,25,1,0,118,0,212,359
10001,"Avalon/Avalon"," 148","Markland",28,11,4,0,0,56,0,99,157
10001,"Avalon/Avalon"," 149","Dunville",49,9,18,0,0,92,0,168,371
10001,"Avalon/Avalon"," 150","Dunville",55,25,19,0,1,130,1,231,476
10001,"Avalon/Avalon"," 151","Dunville",24,10,7,0,0,53,0,94,148
10001,"Avalon/Avalon"," 152","Dunville",Merged with No./Fusionné avec le n°151,,,,,,,,31
10001,"Avalon/Avalon"," 153","Long Harbour",50,21,18,0,2,86,0,177,255
10001,"Avalon/Avalon"," 154","Ship Harbour",15,8,7,0,2,27,0,59,103
10001,"Avalon/Avalon"," 155","Fox Harbour",26,15,19,0,1,46,0,107,217
10001,"Avalon/Avalon"," 156","Colinet",22,14,4,0,1,52,0,93,141
10001,"Avalon/Avalon"," 157","Jerseyside",30,8,18,1,0,58,1,116,316
10001,"Avalon/Avalon"," 158","Southeast Placentia",38,17,31,1,0,120,2,209,433
10001,"Avalon/Avalon"," 159","Placentia",27,13,24,0,0,59,0,123,217
10001,"Avalon/Avalon"," 160","Placentia",20,3,8,1,0,47,1,80,182
10001,"Avalon/Avalon"," 161A","Placentia",48,15,25,0,0,89,1,178,436
10001,"Avalon/Avalon"," 161B","Mobile poll/Bureau itinérant",Merged with No./Fusionné avec le n°506,,,,,,,,30
10001,"Avalon/Avalon"," 162","Point Verde",6,1,3,0,1,28,0,39,55
10001,"Avalon/Avalon"," 163","Freshwater",29,20,17,0,1,73,0,140,315
10001,"Avalon/Avalon"," 164","Freshwater",21,12,8,0,0,47,0,88,182
10001,"Avalon/Avalon"," 165","Patrick's Cove",5,1,11,0,0,15,0,32,65
10001,"Avalon/Avalon"," 166","North Harbour",14,4,5,0,1,30,0,54,65
10001,"Avalon/Avalon"," 167","St. Joseph's",21,16,15,0,1,83,0,136,212
10001,"Avalon/Avalon"," 168","Admirals Beach",12,4,6,0,0,55,0,77,144
10001,"Avalon/Avalon"," 169","Gaskiers-Point La Haye",66,12,24,0,2,65,0,169,318
10001,"Avalon/Avalon"," 170","St. Marys",43,14,27,4,0,92,1,181,322
10001,"Avalon/Avalon"," 171","Gaskiers-Point La Haye",29,8,25,1,1,60,0,124,274
10001,"Avalon/Avalon"," 172","Portugal Cove South",22,12,10,0,0,49,0,93,138
10001,"Avalon/Avalon"," 173","Renews",39,20,25,2,0,94,0,180,297
10001,"Avalon/Avalon"," 174","Trepassey",18,6,7,1,1,60,1,94,199
10001,"Avalon/Avalon"," 175","Trepassey",27,20,13,0,2,61,0,123,332
10001,"Avalon/Avalon"," 176","St. Shotts",6,4,13,0,1,25,0,49,66
10001,"Avalon/Avalon"," 177","Branch",34,4,49,1,2,57,0,147,189
10001,"Avalon/Avalon"," 178","St. Bride's",45,3,50,2,0,49,0,149,304
10001,"Avalon/Avalon"," 179","Point Lance",18,1,34,0,0,9,0,62,124
10001,"Avalon/Avalon"," 180","Bishop's Cove",11,3,6,0,0,18,0,38,74
10001,"Avalon/Avalon"," 500","Mobile poll/Bureau itinérant",26,7,7,2,0,28,1,71,150
10001,"Avalon/Avalon"," 501","Mobile poll/Bureau itinérant",Merged with No./Fusionné avec le n°505,,,,,,,,51
10001,"Avalon/Avalon"," 502A","Mobile poll/Bureau itinérant",Merged with No./Fusionné avec le n°504B,,,,,,,,57
10001,"Avalon/Avalon"," 502B","Mobile poll/Bureau itinérant",18,17,27,2,4,32,2,102,129
10001,"Avalon/Avalon"," 503A","Mobile poll/Bureau itinérant",8,1,5,2,2,19,1,38,56
10001,"Avalon/Avalon"," 503B","Mobile poll/Bureau itinérant",Merged with No./Fusionné avec le n°502B,,,,,,,,27
10001,"Avalon/Avalon"," 504A","Mobile poll/Bureau itinérant",13,22,15,1,1,35,2,89,141
10001,"Avalon/Avalon"," 504B","Mobile poll/Bureau itinérant",18,11,24,1,3,42,3,102,73
10001,"Avalon/Avalon"," 505","Mobile poll/Bureau itinérant",21,12,13,1,3,63,3,116,129
10001,"Avalon/Avalon"," 506","Mobile poll/Bureau itinérant",11,2,14,0,0,23,0,50,39
10001,"Avalon/Avalon"," 600","Victoria",39,11,9,0,0,31,1,91,
10001,"Avalon/Avalon"," 601","Carbonear",121,57,42,1,0,246,5,472,
10001,"Avalon/Avalon"," 602","Harbour Grace--Bristol's Hope",62,26,42,0,0,161,1,292,
10001,"Avalon/Avalon"," 603","Upper Island Cove",43,11,7,1,0,51,0,113,
10001,"Avalon/Avalon"," 604","Spaniard's Bay",32,18,16,0,0,93,1,160,
10001,"Avalon/Avalon"," 605","Bay Roberts",90,44,73,2,3,188,1,401,
10001,"Avalon/Avalon"," 606","Clarke's Beach",66,35,43,2,0,137,0,283,
10001,"Avalon/Avalon"," 607","Conception Bay South",93,90,59,2,0,282,0,526,
10001,"Avalon/Avalon"," 608","Upper Gullies",85,87,25,1,1,222,0,421,
10001,"Avalon/Avalon"," 609","Conception Bay South",85,135,60,6,1,351,4,642,
10001,"Avalon/Avalon"," 610","Conception Bay South",81,123,101,4,0,408,0,717,
10001,"Avalon/Avalon"," 611","Paradise",30,163,79,5,1,408,0,686,
10001,"Avalon/Avalon"," 612","Avondale",39,21,29,2,1,99,0,191,
10001,"Avalon/Avalon"," 613","Holyrood",27,39,21,1,0,61,1,150,
10001,"Avalon/Avalon"," 614","Tors Cove",9,16,6,0,0,23,0,54,
10001,"Avalon/Avalon"," 615","Placentia",48,18,35,1,0,103,1,206,
10001,"Avalon/Avalon"," 616","St. Bride's",20,2,24,0,0,13,0,59,
10001,"Avalon/Avalon"," 617","St. Joseph's",10,17,7,0,0,44,0,78,
10001,"Avalon/Avalon"," 618","Ferryland",22,23,17,1,0,44,0,107,
10001,"Avalon/Avalon"," 619","Trepassey",16,13,7,0,0,27,1,64,
10001,"Avalon/Avalon",,"Group 1/Groupe 1",22,13,49,0,0,54,7,145,33
10001,"Avalon/Avalon",,"Group 2/Groupe 2",235,244,190,13,0,732,19,1433,
